time,longitude,latitude,pressure,height,temperature,dewpoint,ice_point_temperature,relative_humidity,humidity_wrt_ice,mixing_ratio,direction,speed,u_wind,v_wind,station
2026-04-01 11:06:01,-95.6292,39.0736,982.2,272.0,9.4,7.7,7.7,89,89,6.71,50,5.1,-3.9068266599067876,-3.2782168094013504,72456
2026-04-01 11:06:02,-95.6293,39.0735,980.9,283.0,9.6,8.1,8.1,90,90,6.91,50,5.1,-3.9068266599067876,-3.2782168094013504,72456
2026-04-01 11:06:03,-95.6294,39.0735,980.2,289.0,9.5,8.1,8.1,91,91,6.92,50,5.1,-3.9068266599067876,-3.2782168094013504,72456
2026-04-01 11:06:04,-95.6295,39.0734,979.4,296.0,9.4,8.1,8.1,91,91,6.91,50,5.3,-4.060035548530584,-3.4067743313386587,72456
2026-04-01 11:06:05,-95.6296,39.0734,978.5,303.0,9.4,8.0,8.0,91,91,6.9,50,5.4,-4.136639992842482,-3.471053092307313,72456
2026-04-01 11:06:06,-95.6297,39.0734,977.6,311.0,9.3,7.9,7.9,91,91,6.87,50,5.6,-4.289848881466277,-3.5996106142446203,72456
2026-04-01 11:06:07,-95.6297,39.0734,976.7,318.0,9.2,7.8,7.8,91,91,6.83,50,5.8,-4.443057770090072,-3.728168136181928,72456
2026-04-01 11:06:08,-95.6298,39.0733,975.9,326.0,9.1,7.8,7.8,91,91,6.79,50,5.9,-4.51966221440197,-3.7924468971505823,72456
2026-04-01 11:06:09,-95.6298,39.0733,975.1,332.0,9.1,7.7,7.7,91,91,6.78,51,6.1,-4.740590364887522,-3.838854385404008,72456
2026-04-01 11:06:10,-95.6298,39.0732,974.4,338.0,9.0,7.7,7.7,91,91,6.78,51,6.2,-4.81830496103322,-3.901786424508992,72456
2026-04-01 11:06:11,-95.6298,39.0731,973.8,343.0,9.0,7.7,7.7,92,92,6.78,51,6.4,-4.973734153324614,-4.027650502718959,72456
2026-04-01 11:06:12,-95.6299,39.0731,973.3,347.0,8.9,7.7,7.7,92,92,6.8,52,6.5,-5.122069898443693,-4.001799589616779,72456
2026-04-01 11:06:13,-95.6299,39.073,972.9,351.0,8.9,7.7,7.7,92,92,6.8,52,6.7,-5.279672049165038,-4.124931884681911,72456
2026-04-01 11:06:14,-95.63,39.0729,972.4,355.0,8.9,7.7,7.7,92,92,6.79,52,6.8,-5.35847312452571,-4.186498032214477,72456
2026-04-01 11:06:15,-95.63,39.0729,971.9,360.0,8.8,7.7,7.7,93,93,6.79,53,7.0,-5.59044857033105,-4.212705162064338,72456
2026-04-01 11:06:16,-95.6301,39.0728,971.3,365.0,8.8,7.7,7.7,93,93,6.79,53,7.2,-5.750175672340508,-4.333068166694748,72456
2026-04-01 11:06:17,-95.6302,39.0728,970.7,370.0,8.7,7.7,7.7,93,93,6.8,54,7.3,-5.9058240589371165,-4.290832341735054,72456
2026-04-01 11:06:18,-95.6303,39.0728,970.1,375.0,8.7,7.7,7.7,93,93,6.8,54,7.5,-6.067627457812106,-4.408389392193548,72456
2026-04-01 11:06:19,-95.6304,39.0728,969.5,380.0,8.7,7.7,7.7,94,94,6.8,55,7.7,-6.307470741025237,-4.416538559903055,72456
2026-04-01 11:06:20,-95.6305,39.0728,968.9,385.0,8.6,7.7,7.7,94,94,6.8,56,7.8,-6.466493065929326,-4.361704647071825,72456
2026-04-01 11:06:21,-95.6305,39.0728,968.1,392.0,8.5,7.6,7.6,94,94,6.79,56,8.0,-6.632300580440334,-4.473543227765974,72456
2026-04-01 11:06:22,-95.6305,39.0728,967.2,400.0,8.4,7.6,7.6,94,94,6.78,57,8.2,-6.877098657152477,-4.466040087123222,72456
2026-04-01 11:06:23,-95.6306,39.0728,966.3,408.0,8.4,7.5,7.5,95,95,6.76,57,8.4,-7.0448327707415626,-4.574967894126227,72456
2026-04-01 11:06:24,-95.6307,39.0727,965.3,416.0,8.3,7.5,7.5,95,95,6.75,58,8.6,-7.2932136269452625,-4.557305672405562,72456
2026-04-01 11:06:25,-95.6308,39.0727,964.4,424.0,8.2,7.5,7.5,95,95,6.76,58,8.8,-7.462823246176549,-4.663289525252203,72456
2026-04-01 11:06:26,-95.6309,39.0727,963.5,432.0,8.2,7.5,7.5,96,96,6.77,59,9.0,-7.714505706319011,-4.635342674190487,72456
2026-04-01 11:06:27,-95.631,39.0726,962.6,439.0,8.1,7.5,7.5,96,96,6.78,59,9.2,-7.8859391664594325,-4.738350289172498,72456
2026-04-01 11:06:28,-95.631,39.0725,961.9,445.0,8.1,7.5,7.5,97,97,6.79,60,9.4,-8.140638795573723,-4.700000000000001,72456
2026-04-01 11:06:29,-95.6311,39.0725,961.2,451.0,8.0,7.5,7.5,97,97,6.78,60,9.6,-8.31384387633061,-4.800000000000001,72456
2026-04-01 11:06:30,-95.6312,39.0724,960.5,457.0,7.9,7.4,7.4,97,97,6.74,61,9.8,-8.571273129966078,-4.751134278414104,72456
2026-04-01 11:06:31,-95.6313,39.0723,959.9,462.0,7.9,7.3,7.3,96,96,6.71,61,10.0,-8.746197071393958,-4.848096202463371,72456
2026-04-01 11:06:32,-95.6315,39.0722,959.4,467.0,7.9,7.4,7.4,96,96,6.72,61,10.2,-8.921121012821835,-4.945058126512638,72456
2026-04-01 11:06:33,-95.6316,39.0722,959.0,470.0,7.9,7.4,7.4,97,97,6.74,62,10.4,-9.18265496573284,-4.882504252973265,72456
2026-04-01 11:06:34,-95.6318,39.0721,958.5,474.0,7.8,7.4,7.4,97,97,6.75,62,10.6,-9.359244484304625,-4.976398565530443,72456
2026-04-01 11:06:35,-95.6319,39.0721,958.0,479.0,7.8,7.4,7.4,98,98,6.75,62,10.7,-9.447539243590517,-5.023345721809032,72456
2026-04-01 11:06:36,-95.6321,39.0721,957.4,484.0,7.8,7.4,7.4,98,98,6.77,62,10.9,-9.624128762162304,-5.117240034366211,72456
2026-04-01 11:06:37,-95.6322,39.0721,956.8,489.0,7.8,7.4,7.4,98,98,6.76,63,11.0,-9.801071766072047,-4.993895497135015,72456
2026-04-01 11:06:38,-95.6323,39.072,956.1,495.0,7.7,7.4,7.4,98,98,6.74,63,11.1,-9.890172418490883,-5.03929454710897,72456
2026-04-01 11:06:39,-95.6324,39.072,955.5,500.0,7.7,7.3,7.3,98,98,6.73,63,11.2,-9.97927307090972,-5.084693597082924,72456
2026-04-01 11:06:40,-95.6325,39.072,954.8,506.0,7.6,7.3,7.3,98,98,6.73,63,11.3,-10.068373723328557,-5.1300926470568795,72456
2026-04-01 11:06:41,-95.6326,39.0719,954.2,511.0,7.6,7.3,7.3,98,98,6.72,64,11.4,-10.246252127810504,-4.997431073395483,72456
2026-04-01 11:06:42,-95.6328,39.0718,953.6,517.0,7.5,7.3,7.3,98,98,6.72,64,11.5,-10.336131532440419,-5.04126818807439,72456
2026-04-01 11:06:43,-95.6329,39.0717,953.0,522.0,7.5,7.3,7.3,99,99,6.72,64,11.5,-10.336131532440419,-5.04126818807439,72456
2026-04-01 11:06:44,-95.6331,39.0716,952.4,528.0,7.4,7.2,7.2,99,99,6.7,64,11.5,-10.336131532440419,-5.04126818807439,72456
2026-04-01 11:06:45,-95.6332,39.0716,951.7,533.0,7.4,7.2,7.2,99,99,6.69,64,11.6,-10.426010937070336,-5.085105302753298,72456
2026-04-01 11:06:46,-95.6334,39.0715,951.1,538.0,7.3,7.2,7.2,99,99,6.69,65,11.6,-10.513170329625138,-4.902371836192113,72456
2026-04-01 11:06:47,-95.6335,39.0715,950.5,543.0,7.3,7.1,7.1,99,99,6.68,65,11.6,-10.513170329625138,-4.902371836192113,72456
2026-04-01 11:06:48,-95.6337,39.0715,949.9,548.0,7.2,7.2,7.2,100,100,6.69,65,11.6,-10.513170329625138,-4.902371836192113,72456
2026-04-01 11:06:49,-95.6338,39.0715,949.4,553.0,7.2,7.2,7.2,100,100,6.7,65,11.6,-10.513170329625138,-4.902371836192113,72456
2026-04-01 11:06:50,-95.6338,39.0714,948.8,558.0,7.2,7.2,7.2,100,100,6.71,65,11.6,-10.513170329625138,-4.902371836192113,72456
2026-04-01 11:06:51,-95.6339,39.0714,948.2,564.0,7.2,7.2,7.2,100,100,6.71,65,11.6,-10.513170329625138,-4.902371836192113,72456
2026-04-01 11:06:52,-95.634,39.0713,947.5,570.0,7.1,7.1,7.1,100,100,6.7,66,11.6,-10.59712730865417,-4.718145059679283,72456
2026-04-01 11:06:53,-95.6341,39.0713,946.8,576.0,7.1,7.1,7.1,100,100,6.68,66,11.6,-10.59712730865417,-4.718145059679283,72456
2026-04-01 11:06:54,-95.6342,39.0712,946.0,583.0,7.1,7.1,7.1,100,100,6.67,66,11.6,-10.59712730865417,-4.718145059679283,72456
2026-04-01 11:06:55,-95.6344,39.0712,945.2,589.0,7.0,7.0,7.0,100,100,6.67,66,11.6,-10.59712730865417,-4.718145059679283,72456
2026-04-01 11:06:56,-95.6345,39.0712,944.4,597.0,7.0,7.0,7.0,100,100,6.66,67,11.6,-10.677856300048308,-4.532481090475575,72456
2026-04-01 11:06:57,-95.6346,39.0712,943.5,604.0,6.9,6.9,6.9,100,100,6.64,67,11.6,-10.677856300048308,-4.532481090475575,72456
2026-04-01 11:06:58,-95.6347,39.0712,942.7,612.0,6.9,6.9,6.9,100,100,6.62,67,11.6,-10.677856300048308,-4.532481090475575,72456
2026-04-01 11:06:59,-95.6348,39.0711,941.9,619.0,6.8,6.8,6.8,100,100,6.61,67,11.7,-10.769906785393552,-4.571554203324502,72456
2026-04-01 11:07:00,-95.6348,39.0711,941.1,625.0,6.8,6.8,6.8,100,100,6.6,68,11.7,-10.848051098431412,-4.382897142966169,72456
2026-04-01 11:07:01,-95.6349,39.071,940.4,631.0,6.8,6.8,6.8,100,100,6.59,68,11.8,-10.940769483888092,-4.420357802307762,72456
2026-04-01 11:07:02,-95.6351,39.071,939.8,637.0,6.7,6.7,6.7,100,100,6.58,68,11.9,-11.033487869344771,-4.457818461649352,72456
2026-04-01 11:07:03,-95.6352,39.0709,939.2,642.0,6.7,6.7,6.7,100,100,6.57,68,11.9,-11.033487869344771,-4.457818461649352,72456
2026-04-01 11:07:04,-95.6354,39.0709,938.7,646.0,6.7,6.7,6.7,100,100,6.56,69,12.0,-11.202965117966421,-4.300415394543604,72456
2026-04-01 11:07:05,-95.6356,39.0708,938.3,650.0,6.7,6.7,6.7,100,100,6.56,69,12.1,-11.29632316061614,-4.3362521894981345,72456
2026-04-01 11:07:06,-95.6358,39.0708,937.8,654.0,6.7,6.7,6.7,100,100,6.57,69,12.2,-11.38968120326586,-4.372088984452664,72456
2026-04-01 11:07:07,-95.6359,39.0708,937.4,658.0,6.7,6.7,6.7,100,100,6.55,70,12.2,-11.46424997358808,-4.172645748573159,72456
2026-04-01 11:07:08,-95.636,39.0707,936.9,662.0,6.6,6.6,6.6,100,100,6.54,70,12.3,-11.558219235666673,-4.206847762905727,72456
2026-04-01 11:07:09,-95.6361,39.0707,936.4,667.0,6.6,6.6,6.6,100,100,6.52,70,12.4,-11.652188497745264,-4.241049777238294,72456
2026-04-01 11:07:10,-95.6362,39.0706,935.7,673.0,6.6,6.6,6.6,100,100,6.53,70,12.5,-11.746157759823854,-4.27525179157086,72456
2026-04-01 11:07:11,-95.6363,39.0706,935.0,678.0,6.6,6.6,6.6,100,100,6.53,71,12.6,-11.913534052551391,-4.102158746160175,72456
2026-04-01 11:07:12,-95.6365,39.0705,934.4,684.0,6.5,6.5,6.5,100,100,6.52,71,12.7,-12.008085910111323,-4.134715561605891,72456
2026-04-01 11:07:13,-95.6366,39.0704,933.9,689.0,6.5,6.5,6.5,100,100,6.51,71,12.7,-12.008085910111323,-4.134715561605891,72456
2026-04-01 11:07:14,-95.6368,39.0704,933.3,694.0,6.5,6.5,6.5,100,100,6.51,72,12.8,-12.173523408577966,-3.9554175279993276,72456
2026-04-01 11:07:15,-95.637,39.0704,932.7,699.0,6.5,6.5,6.5,100,100,6.51,72,12.9,-12.26862906020748,-3.986319227436822,72456
2026-04-01 11:07:16,-95.6372,39.0703,932.2,703.0,6.5,6.5,6.5,100,100,6.51,72,13.0,-12.363734711836996,-4.017220926874317,72456
2026-04-01 11:07:17,-95.6374,39.0703,931.7,708.0,6.5,6.5,6.5,100,100,6.52,73,13.0,-12.43196182751946,-3.800832161395578,72456
2026-04-01 11:07:18,-95.6375,39.0703,931.3,712.0,6.5,6.5,6.5,100,100,6.53,73,13.1,-12.527592303115764,-3.8300693318678514,72456
2026-04-01 11:07:19,-95.6377,39.0703,930.9,715.0,6.5,6.5,6.5,100,100,6.53,74,13.1,-12.592528216791978,-3.610849361202689,72456
2026-04-01 11:07:20,-95.6378,39.0703,930.6,718.0,6.5,6.5,6.5,100,100,6.53,74,13.2,-12.688654386385808,-3.638413096784389,72456
2026-04-01 11:07:21,-95.638,39.0703,930.3,720.0,6.5,6.5,6.5,100,100,6.53,74,13.2,-12.688654386385808,-3.638413096784389,72456
2026-04-01 11:07:22,-95.6381,39.0703,930.0,723.0,6.5,6.5,6.5,100,100,6.52,75,13.3,-12.846813489644608,-3.442293299863526,72456
2026-04-01 11:07:23,-95.6382,39.0703,929.6,727.0,6.5,6.5,6.5,100,100,6.52,75,13.4,-12.943406072273516,-3.468175204373778,72456
2026-04-01 11:07:24,-95.6383,39.0702,929.1,731.0,6.5,6.5,6.5,100,100,6.53,76,13.4,-13.001962732098352,-3.241753401035547,72456
2026-04-01 11:07:25,-95.6384,39.0702,928.6,735.0,6.5,6.5,6.5,100,100,6.53,77,13.5,-13.153995874600676,-3.0368392336421763,72456
2026-04-01 11:07:26,-95.6386,39.0701,928.2,739.0,6.4,6.4,6.4,100,100,6.52,77,13.5,-13.153995874600676,-3.0368392336421763,72456
2026-04-01 11:07:27,-95.6387,39.0701,927.6,744.0,6.4,6.4,6.4,100,100,6.51,78,13.6,-13.302807369979755,-2.8275989951215283,72456
2026-04-01 11:07:28,-95.6388,39.07,927.0,749.0,6.4,6.4,6.4,100,100,6.51,78,13.6,-13.302807369979755,-2.8275989951215283,72456
2026-04-01 11:07:29,-95.639,39.0699,926.5,754.0,6.4,6.4,6.4,100,100,6.51,79,13.7,-13.448292413232997,-2.614083236658665,72456
2026-04-01 11:07:30,-95.6392,39.0699,925.9,759.0,6.4,6.4,6.4,100,100,6.52,80,13.8,-13.590346991568472,-2.3963448518036397,72456
2026-04-01 11:07:31,-95.6393,39.0699,925.3,764.0,6.4,6.4,6.4,100,100,6.53,80,13.8,-13.590346991568472,-2.3963448518036397,72456
2026-04-01 11:07:31,-95.6394,39.0698,925.0,767.0,6.4,6.4,6.4,100,100,6.54,80,13.8,-13.590346991568472,-2.3963448518036397,72456
2026-04-01 11:07:32,-95.6396,39.0698,924.8,769.0,6.5,6.5,6.5,100,100,6.55,81,13.9,-13.728867934272415,-2.17443906405921,72456
2026-04-01 11:07:33,-95.6397,39.0698,924.4,773.0,6.5,6.5,6.5,100,100,6.58,81,13.9,-13.728867934272415,-2.17443906405921,72456
2026-04-01 11:07:34,-95.6399,39.0698,924.0,776.0,6.6,6.6,6.6,100,100,6.6,82,14.0,-13.863752962381986,-1.9484234134409166,72456
2026-04-01 11:07:35,-95.6401,39.0698,923.7,779.0,6.6,6.6,6.6,100,100,6.62,83,14.1,-13.99490073814264,-1.7183577420125795,72456
2026-04-01 11:07:36,-95.6402,39.0698,923.2,783.0,6.6,6.6,6.6,100,100,6.63,83,14.1,-13.99490073814264,-1.7183577420125795,72456
2026-04-01 11:07:37,-95.6404,39.0698,922.6,788.0,6.7,6.7,6.7,100,100,6.7,84,14.2,-14.12221091422948,-1.484304178400679,72456
2026-04-01 11:07:38,-95.6405,39.0698,922.0,794.0,6.9,6.9,6.9,100,100,6.77,84,14.2,-14.12221091422948,-1.484304178400679,72456
2026-04-01 11:07:39,-95.6407,39.0698,921.5,799.0,7.0,7.0,7.0,100,100,6.85,85,14.2,-14.145964712902787,-1.2376115470167455,72456
2026-04-01 11:07:40,-95.6409,39.0698,921.0,803.0,7.3,7.3,7.3,100,100,6.95,85,14.3,-14.245584182711962,-1.2463271212915115,72456
2026-04-01 11:07:41,-95.6411,39.0699,920.6,806.0,7.5,7.5,7.5,100,100,7.06,85,14.3,-14.245584182711962,-1.2463271212915115,72456
2026-04-01 11:07:42,-95.6412,39.0699,920.3,810.0,7.6,7.5,7.5,100,100,7.09,86,14.3,-14.265165918715487,-0.9975175745409909,72456
2026-04-01 11:07:43,-95.6414,39.0699,919.9,813.0,7.7,7.6,7.6,99,99,7.12,86,14.3,-14.265165918715487,-0.9975175745409909,72456
2026-04-01 11:07:44,-95.6416,39.0699,919.5,816.0,7.9,7.7,7.7,99,99,7.19,86,14.2,-14.165409513689504,-0.9905419271665783,72456
2026-04-01 11:07:45,-95.6418,39.0699,919.1,820.0,8.0,7.7,7.7,98,98,7.21,87,14.2,-14.180539393514948,-0.7431705786498043,72456
2026-04-01 11:07:46,-95.6419,39.0699,918.7,824.0,8.1,7.7,7.7,98,98,7.21,87,14.1,-14.080676440039491,-0.7379369830255099,72456
2026-04-01 11:07:47,-95.6421,39.0699,918.2,828.0,8.1,7.8,7.8,98,98,7.24,87,14.1,-14.080676440039491,-0.7379369830255099,72456
2026-04-01 11:07:48,-95.6423,39.0699,917.6,833.0,8.1,7.8,7.8,98,98,7.24,87,14.0,-13.980813486564033,-0.7327033874012155,72456
2026-04-01 11:07:49,-95.6425,39.0699,917.1,838.0,8.1,7.8,7.8,98,98,7.24,88,13.9,-13.891532495565432,-0.48510300416476504,72456
2026-04-01 11:07:50,-95.6427,39.0699,916.6,842.0,8.0,7.8,7.8,98,98,7.24,88,13.8,-13.791593412863522,-0.4816130544945149,72456
2026-04-01 11:07:51,-95.6429,39.0698,916.2,846.0,8.1,7.8,7.8,98,98,7.25,88,13.7,-13.691654330161612,-0.4781231048242648,72456
2026-04-01 11:07:52,-95.6431,39.0698,915.9,849.0,8.1,7.8,7.8,98,98,7.24,88,13.6,-13.591715247459701,-0.47463315515401466,72456
2026-04-01 11:07:53,-95.6432,39.0697,915.7,851.0,8.0,7.7,7.7,98,98,7.23,89,13.4,-13.397959115095643,-0.23386224625960023,72456
2026-04-01 11:07:54,-95.6434,39.0697,915.5,853.0,8.0,7.7,7.7,98,98,7.23,89,13.3,-13.297974345580005,-0.23211700561587187,72456
2026-04-01 11:07:55,-95.6435,39.0697,915.1,856.0,8.0,7.7,7.7,98,98,7.23,89,13.2,-13.197989576064364,-0.23037176497214348,72456
2026-04-01 11:07:56,-95.6436,39.0697,914.6,861.0,8.1,7.7,7.7,98,98,7.24,90,13.0,-13.0,-7.960204194457795e-16,72456
2026-04-01 11:07:57,-95.6437,39.0697,913.8,868.0,8.0,7.7,7.7,98,98,7.24,90,12.9,-12.9,-7.898971854500429e-16,72456
2026-04-01 11:07:58,-95.6438,39.0697,913.1,874.0,8.0,7.7,7.7,98,98,7.25,91,12.7,-12.698065728486169,0.22164556175350014,72456
2026-04-01 11:07:59,-95.644,39.0697,912.5,879.0,8.0,7.7,7.7,98,98,7.25,91,12.6,-12.59808095897053,0.2199003211097718,72456
2026-04-01 11:08:00,-95.6441,39.0697,912.1,883.0,8.0,7.7,7.7,98,98,7.24,92,12.5,-12.492385337738696,0.43624370878126195,72456
2026-04-01 11:08:01,-95.6442,39.0697,911.6,887.0,8.0,7.7,7.7,98,98,7.25,92,12.3,-12.29250717233488,0.42926380944076176,72456
2026-04-01 11:08:02,-95.6443,39.0697,911.1,892.0,8.0,7.7,7.7,98,98,7.27,93,12.2,-12.1832803240058,0.6384986661639148,72456
2026-04-01 11:08:03,-95.6445,39.0697,910.5,897.0,8.0,7.7,7.7,98,98,7.27,93,12.1,-12.083417370530343,0.6332650705396204,72456
2026-04-01 11:08:04,-95.6446,39.0697,909.9,903.0,7.9,7.7,7.7,99,99,7.27,94,12.0,-11.97076860311789,0.837077684929504,72456
2026-04-01 11:08:05,-95.6447,39.0697,909.2,910.0,7.9,7.7,7.7,99,99,7.29,95,11.9,-11.854716907291772,1.037153338697133,72456
2026-04-01 11:08:06,-95.6449,39.0698,908.5,916.0,8.0,7.7,7.7,99,99,7.29,95,11.8,-11.755097437482599,1.0284377644223672,72456
2026-04-01 11:08:07,-95.645,39.0698,907.8,922.0,8.0,7.7,7.7,98,98,7.28,96,11.8,-11.735358365345625,1.233435866558312,72456
2026-04-01 11:08:08,-95.6452,39.0698,907.2,928.0,8.1,7.8,7.8,98,98,7.33,97,11.7,-11.612789974203467,1.425871317840224,72456
2026-04-01 11:08:09,-95.6453,39.0699,906.6,933.0,8.3,7.9,7.9,97,97,7.37,97,11.6,-11.513535359039336,1.4136843834997095,72456
2026-04-01 11:08:10,-95.6455,39.0699,906.1,938.0,8.8,8.2,8.2,96,96,7.55,98,11.5,-11.38808279052806,1.6004906610407517,72456
2026-04-01 11:08:11,-95.6455,39.07,905.7,942.0,9.1,8.3,8.3,95,95,7.58,99,11.5,-11.358415916844084,1.7989963479626543,72456
2026-04-01 11:08:12,-95.6456,39.07,905.2,946.0,9.3,8.3,8.3,94,94,7.63,100,11.4,-11.226808384339172,1.9795892254030054,72456
2026-04-01 11:08:13,-95.6457,39.07,904.7,950.0,9.5,8.5,8.5,94,94,7.72,100,11.4,-11.226808384339172,1.9795892254030054,72456
2026-04-01 11:08:14,-95.6459,39.07,904.1,956.0,9.5,8.5,8.5,93,93,7.73,101,11.3,-11.092387172958604,2.156141647754956,72456
2026-04-01 11:08:15,-95.646,39.07,903.5,961.0,9.5,8.5,8.5,93,93,7.72,102,11.3,-11.053067888292006,2.3494021062406807,72456
2026-04-01 11:08:16,-95.6462,39.07,902.9,967.0,9.6,8.6,8.6,94,94,7.81,103,11.2,-10.912944725594635,2.5194518086512883,72456
2026-04-01 11:08:17,-95.6463,39.07,902.3,972.0,9.8,8.8,8.8,94,94,7.88,104,11.2,-10.86731213429116,2.709525230716279,72456
2026-04-01 11:08:18,-95.6465,39.07,901.8,977.0,9.9,8.9,8.9,93,93,7.93,104,11.1,-10.77028256166356,2.6853330411563126,72456
2026-04-01 11:08:19,-95.6466,39.0701,901.3,982.0,9.9,8.9,8.9,93,93,7.96,105,11.0,-10.62518408917975,2.8470094961277295,72456
2026-04-01 11:08:20,-95.6467,39.0701,900.8,987.0,9.9,8.9,8.9,93,93,7.95,106,11.0,-10.573878655321508,3.0320109139869897,72456
2026-04-01 11:08:21,-95.6469,39.0701,900.3,991.0,9.9,8.9,8.9,93,93,7.96,107,10.9,-10.423721839997087,3.1868515814778298,72456
2026-04-01 11:08:22,-95.647,39.0701,899.8,996.0,10.0,9.0,9.0,93,93,8.01,107,10.8,-10.328091364400784,3.157614411005556,72456
2026-04-01 11:08:23,-95.6472,39.0701,899.3,1001.0,10.1,9.0,9.0,93,93,8.04,108,10.8,-10.27141037598766,3.3373835392494313,72456
2026-04-01 11:08:24,-95.6473,39.0701,898.6,1006.0,10.3,9.2,9.2,93,93,8.15,109,10.7,-10.11704875891269,3.483579252691576,72456
2026-04-01 11:08:25,-95.6474,39.0702,898.0,1012.0,10.5,9.4,9.4,93,93,8.25,110,10.6,-9.960741780330629,3.6254135192520884,72456
2026-04-01 11:08:26,-95.6475,39.0702,897.4,1018.0,10.7,9.4,9.4,92,92,8.25,111,10.5,-9.802594478220618,3.762863470225653,72456
2026-04-01 11:08:27,-95.6475,39.0702,896.8,1024.0,10.7,9.4,9.4,91,91,8.25,112,10.4,-9.642712087494589,3.8959085715254855,72456
2026-04-01 11:08:28,-95.6476,39.0703,896.2,1030.0,10.8,9.4,9.4,91,91,8.26,113,10.3,-9.481199990560135,4.02453062343952,72456
2026-04-01 11:08:29,-95.6477,39.0703,895.5,1035.0,10.7,9.3,9.3,91,91,8.25,113,10.2,-9.38914950521489,3.9854575105905923,72456
2026-04-01 11:08:30,-95.6478,39.0704,894.9,1041.0,10.7,9.3,9.3,91,91,8.25,114,10.1,-9.226809122190268,4.108040095065583,72456
2026-04-01 11:08:31,-95.648,39.0705,894.2,1048.0,10.7,9.3,9.3,91,91,8.26,115,10.0,-9.0630778703665,4.226182617406994,72456
2026-04-01 11:08:32,-95.6481,39.0706,893.6,1054.0,10.7,9.3,9.3,91,91,8.28,116,9.9,-8.898061058361753,4.339874353211868,72456
2026-04-01 11:08:33,-95.6482,39.0706,892.9,1060.0,10.7,9.3,9.3,91,91,8.27,117,9.8,-8.731863937046006,4.4491068974475585,72456
2026-04-01 11:08:34,-95.6483,39.0707,892.3,1066.0,10.7,9.3,9.3,91,91,8.26,118,9.7,-8.56459165073159,4.553874159023142,72456
2026-04-01 11:08:35,-95.6484,39.0708,891.7,1071.0,10.7,9.4,9.4,91,91,8.31,119,9.5,-8.30888721782426,4.605691392340201,72456
2026-04-01 11:08:36,-95.6484,39.0708,891.2,1076.0,10.8,9.4,9.4,91,91,8.34,120,9.4,-8.140638795573723,4.699999999999998,72456
2026-04-01 11:08:37,-95.6485,39.0709,890.6,1082.0,10.8,9.5,9.5,92,92,8.38,121,9.3,-7.971655896529645,4.789854096663505,72456
2026-04-01 11:08:38,-95.6486,39.0709,890.0,1087.0,10.8,9.5,9.5,91,91,8.4,122,9.1,-7.717237675023477,4.822265304522164,72456
2026-04-01 11:08:39,-95.6486,39.0709,889.3,1094.0,10.8,9.5,9.5,91,91,8.41,123,9.0,-7.548035111508817,4.901751315135245,72456
2026-04-01 11:08:40,-95.6487,39.0709,888.7,1099.0,10.8,9.5,9.5,92,92,8.41,124,8.8,-7.295530638484368,4.920897550542572,72456
2026-04-01 11:08:41,-95.6488,39.0709,888.2,1104.0,10.8,9.5,9.5,92,92,8.42,125,8.7,-7.126622785314227,4.990114996254102,72456
2026-04-01 11:08:42,-95.649,39.0709,887.6,1109.0,10.8,9.5,9.5,92,92,8.45,126,8.5,-6.876644452187053,4.996174644486021,72456
2026-04-01 11:08:43,-95.6491,39.071,887.1,1114.0,10.8,9.6,9.6,92,92,8.49,127,8.3,-6.62867473339253,4.995064692162002,72456
2026-04-01 11:08:44,-95.6492,39.071,886.5,1120.0,10.8,9.6,9.6,92,92,8.5,129,8.2,-6.372596883947161,5.160427206608666,72456
2026-04-01 11:08:45,-95.6493,39.0711,886.0,1125.0,10.8,9.6,9.6,93,93,8.52,130,8.0,-6.128355544951824,5.142300877492315,72456
2026-04-01 11:08:46,-95.6494,39.0712,885.4,1131.0,10.8,9.7,9.7,93,93,8.54,131,7.8,-5.886734725737623,5.117260426125956,72456
2026-04-01 11:08:47,-95.6495,39.0712,884.8,1136.0,10.7,9.7,9.7,93,93,8.56,132,7.7,-5.722215156175936,5.1523056689632085,72456
2026-04-01 11:08:48,-95.6495,39.0713,884.2,1142.0,10.7,9.7,9.7,94,94,8.58,134,7.5,-5.395048502539883,5.20993777844248,72456
2026-04-01 11:08:49,-95.6495,39.0714,883.6,1147.0,10.7,9.7,9.7,94,94,8.6,135,7.4,-5.232590180780452,5.232590180780451,72456
2026-04-01 11:08:50,-95.6496,39.0714,883.1,1152.0,10.7,9.8,9.8,94,94,8.62,137,7.2,-4.91038819244999,5.265746651658027,72456
2026-04-01 11:08:51,-95.6496,39.0715,882.6,1157.0,10.6,9.8,9.8,94,94,8.64,138,7.1,-4.750827305147895,5.276328260889497,72456
2026-04-01 11:08:52,-95.6496,39.0715,882.2,1161.0,10.6,9.8,9.8,95,95,8.63,140,7.0,-4.499513267805776,5.362311101832845,72456
2026-04-01 11:08:53,-95.6497,39.0716,881.7,1165.0,10.6,9.8,9.8,95,95,8.64,141,6.8,-4.279378659138894,5.284592537907402,72456
2026-04-01 11:08:54,-95.6497,39.0716,881.2,1171.0,10.5,9.8,9.8,95,95,8.66,143,6.8,-4.092342157433928,5.430721468321591,72456
2026-04-01 11:08:55,-95.6497,39.0716,880.6,1176.0,10.5,9.8,9.8,95,95,8.66,145,6.7,-3.8429621235520077,5.488318696736246,72456
2026-04-01 11:08:56,-95.6497,39.0716,879.9,1182.0,10.5,9.8,9.8,95,95,8.66,147,6.6,-3.59461763109918,5.535225748439798,72456
2026-04-01 11:08:57,-95.6498,39.0717,879.3,1188.0,10.5,9.8,9.8,96,96,8.7,148,6.6,-3.497467143939153,5.597117434632411,72456
2026-04-01 11:08:58,-95.6498,39.0717,878.6,1195.0,10.4,9.9,9.9,96,96,8.73,150,6.6,-3.2999999999999994,5.715767664977295,72456
2026-04-01 11:08:59,-95.6498,39.0718,878.0,1201.0,10.4,9.9,9.9,97,97,8.75,152,6.6,-3.0985123143868782,5.827454112868918,72456
2026-04-01 11:09:00,-95.6498,39.0718,877.3,1207.0,10.4,10.0,10.0,97,97,8.79,153,6.6,-2.9963372982810093,5.880643059643227,72456
2026-04-01 11:09:01,-95.6498,39.0719,876.7,1213.0,10.4,10.1,10.1,98,98,8.9,155,6.6,-2.7892805274886165,5.981631394441889,72456
2026-04-01 11:09:02,-95.6498,39.072,876.2,1218.0,10.5,10.3,10.3,98,98,8.99,157,6.6,-2.5788254480292068,6.075332032786106,72456
2026-04-01 11:09:03,-95.6498,39.072,875.6,1223.0,10.5,10.2,10.2,98,98,8.98,158,6.7,-2.5098641758866123,6.212131825597475,72456
2026-04-01 11:09:04,-95.6498,39.072,875.1,1228.0,10.5,10.1,10.1,98,98,8.93,160,6.8,-2.325736974614548,6.389909821344176,72456
2026-04-01 11:09:05,-95.6499,39.0721,874.6,1233.0,10.4,10.1,10.1,98,98,8.93,161,6.8,-2.213863450308665,6.429526314075354,72456
2026-04-01 11:09:06,-95.6499,39.0721,874.1,1238.0,10.4,10.2,10.2,99,99,8.96,162,6.9,-2.132217261187138,6.56228996243656,72456
2026-04-01 11:09:07,-95.65,39.0721,873.5,1243.0,10.4,10.2,10.2,99,99,8.97,164,7.0,-1.9294614907189946,6.728831871568232,72456
2026-04-01 11:09:08,-95.6501,39.0722,872.9,1249.0,10.3,10.2,10.2,99,99,8.99,165,7.1,-1.837615220227899,6.858073366652384,72456
2026-04-01 11:09:09,-95.6501,39.0723,872.3,1255.0,10.3,10.2,10.2,99,99,9.0,166,7.2,-1.7418376483176077,6.986129229187175,72456
2026-04-01 11:09:10,-95.6502,39.0723,871.7,1261.0,10.3,10.2,10.2,100,100,9.0,167,7.3,-1.642142696710216,7.112901472932216,72456
2026-04-01 11:09:11,-95.6502,39.0724,871.1,1266.0,10.2,10.2,10.2,100,100,9.0,168,7.4,-1.538546512051419,7.238292245430163,72456
2026-04-01 11:09:12,-95.6502,39.0725,870.6,1272.0,10.3,10.3,10.3,100,100,9.04,169,7.5,-1.4310674653240874,7.362203875857479,72456
2026-04-01 11:09:13,-95.6502,39.0726,870.0,1277.0,10.3,10.3,10.3,100,100,9.08,171,7.6,-1.1889019343057554,7.506431388523046,72456
2026-04-01 11:09:14,-95.6502,39.0727,869.4,1282.0,10.4,10.4,10.4,100,100,9.14,172,7.7,-1.071632877392503,7.625064129310092,72456
2026-04-01 11:09:15,-95.6502,39.0728,868.9,1288.0,10.4,10.4,10.4,100,100,9.16,173,7.8,-0.9505808785601508,7.741859982802311,72456
2026-04-01 11:09:16,-95.6502,39.0729,868.3,1293.0,10.4,10.4,10.4,100,100,9.15,174,7.9,-0.8257748598144645,7.85672297340936,72456
2026-04-01 11:09:17,-95.6502,39.073,867.7,1299.0,10.3,10.3,10.3,100,100,9.13,176,8.0,-0.5580517899530042,7.980512402078594,72456
2026-04-01 11:09:18,-95.6502,39.0731,867.1,1305.0,10.4,10.4,10.4,100,100,9.16,177,8.1,-0.42392124556784483,8.088899231512048,72456
2026-04-01 11:09:19,-95.6501,39.0732,866.6,1310.0,10.4,10.4,10.4,100,100,9.18,179,8.2,-0.1431097327857242,8.198751100282408,72456
2026-04-01 11:09:20,-95.6501,39.0732,866.0,1315.0,10.5,10.5,10.5,100,100,9.22,180,8.3,-1.0164568432923032e-15,8.3,72456
2026-04-01 11:09:21,-95.6501,39.0733,865.5,1320.0,10.5,10.5,10.5,100,100,9.23,182,8.4,0.2931557723010076,8.394882946960404,72456
2026-04-01 11:09:22,-95.6502,39.0733,864.9,1326.0,10.4,10.4,10.4,100,100,9.21,183,8.5,0.44485562806502027,8.488351045413877,72456
2026-04-01 11:09:23,-95.6502,39.0734,864.3,1331.0,10.4,10.4,10.4,100,100,9.21,185,8.6,0.7495393876298583,8.56727440358901,72456
2026-04-01 11:09:24,-95.6503,39.0735,863.7,1337.0,10.4,10.4,10.4,100,100,9.21,187,8.8,1.0724502219652965,8.734406134443635,72456
2026-04-01 11:09:25,-95.6503,39.0735,863.2,1343.0,10.4,10.4,10.4,100,100,9.18,188,8.9,1.2386405985445832,8.813385811799975,72456
2026-04-01 11:09:26,-95.6503,39.0736,862.6,1348.0,10.3,10.3,10.3,100,100,9.16,190,9.0,1.5628335990023743,8.863269777109872,72456
2026-04-01 11:09:27,-95.6503,39.0737,862.1,1353.0,10.4,10.4,10.4,100,100,9.2,192,9.2,1.9127875555233873,8.998957926751011,72456
2026-04-01 11:09:28,-95.6502,39.0738,861.6,1358.0,10.5,10.5,10.5,100,100,9.26,194,9.3,2.249873629076908,9.023750254366767,72456
2026-04-01 11:09:29,-95.6502,39.0739,861.1,1363.0,10.5,10.5,10.5,100,100,9.3,195,9.5,2.4587809284739475,9.176295349746148,72456
2026-04-01 11:09:30,-95.6501,39.074,860.5,1369.0,10.5,10.5,10.5,100,100,9.33,197,9.6,2.806768365338273,9.18052565724514,72456
2026-04-01 11:09:31,-95.6501,39.0741,859.8,1376.0,10.5,10.5,10.5,100,100,9.34,199,9.8,3.1905679136801366,9.266082040873306,72456
2026-04-01 11:09:32,-95.65,39.0741,859.1,1383.0,10.5,10.5,10.5,100,100,9.32,201,10.0,3.5836794954530045,9.335804264972015,72456
2026-04-01 11:09:33,-95.6499,39.0742,858.4,1389.0,10.6,10.6,10.6,100,100,9.37,202,10.2,3.8209872528423023,9.457275316581232,72456
2026-04-01 11:09:34,-95.6498,39.0743,857.8,1395.0,10.6,10.6,10.6,100,100,9.41,204,10.5,4.270734752295902,9.59222730524731,72456
2026-04-01 11:09:35,-95.6498,39.0744,857.3,1400.0,10.8,10.8,10.8,100,100,9.54,206,10.7,4.690571270643129,9.617096295401085,72456
2026-04-01 11:09:36,-95.6497,39.0744,856.8,1404.0,10.9,10.9,10.9,100,100,9.61,207,10.9,4.948496447161059,9.71197111365321,72456
2026-04-01 11:09:37,-95.6497,39.0745,856.3,1409.0,10.9,10.8,10.8,100,100,9.55,209,11.1,5.38138678473434,9.708278749247294,72456
2026-04-01 11:09:38,-95.6497,39.0746,855.7,1415.0,10.8,10.7,10.7,100,100,9.5,210,11.4,5.700000000000001,9.8726896031426,72456
2026-04-01 11:09:39,-95.6496,39.0747,855.1,1421.0,10.8,10.8,10.8,100,100,9.57,211,11.6,5.974441668956628,9.943140688144503,72456
2026-04-01 11:09:40,-95.6496,39.0748,854.4,1428.0,10.9,10.9,10.9,100,100,9.63,213,11.9,6.481204516678822,9.980179758550547,72456
2026-04-01 11:09:41,-95.6495,39.075,853.8,1434.0,11.0,11.0,11.0,100,100,9.67,214,12.1,6.766234131996034,10.031354627916006,72456
2026-04-01 11:09:42,-95.6494,39.0751,853.2,1440.0,11.2,11.2,11.2,100,100,9.85,215,12.4,7.112347810752973,10.1574853491835,72456
2026-04-01 11:09:43,-95.6493,39.0752,852.6,1446.0,11.4,11.4,11.4,100,100,9.99,216,12.6,7.4060941788851595,10.193614129124338,72456
2026-04-01 11:09:44,-95.6492,39.0753,852.0,1452.0,11.5,11.4,11.4,99,99,9.98,217,12.8,7.703232296346219,10.22253452860535,72456
2026-04-01 11:09:45,-95.649,39.0753,851.4,1457.0,11.6,11.4,11.4,99,99,10.0,218,13.0,8.003599179233557,10.244139796887387,72456
2026-04-01 11:09:46,-95.6489,39.0754,850.9,1463.0,11.6,11.5,11.5,99,99,10.05,219,13.2,8.307029161857857,10.258326691232014,72456
2026-04-01 11:09:47,-95.6488,39.0755,850.4,1468.0,11.6,11.5,11.5,99,99,10.1,220,13.4,8.613353969799626,10.264995537794306,72456
2026-04-01 11:09:47,-95.6488,39.0755,850.0,1471.0,11.7,11.6,11.6,100,100,10.13,220,13.4,8.613353969799626,10.264995537794306,72456
2026-04-01 11:09:48,-95.6487,39.0756,849.9,1472.0,11.7,11.6,11.6,100,100,10.14,221,13.6,8.922402794270896,10.264050291029701,72456
2026-04-01 11:09:49,-95.6485,39.0757,849.6,1475.0,11.7,11.6,11.6,100,100,10.17,221,13.8,9.053614600068999,10.414992207074256,72456
2026-04-01 11:09:50,-95.6484,39.0758,849.3,1478.0,11.7,11.6,11.6,100,100,10.16,222,14.0,9.367828489024015,10.40402755668352,72456
2026-04-01 11:09:51,-95.6483,39.0759,849.0,1481.0,11.7,11.6,11.6,100,100,10.17,223,14.1,9.616176876881227,10.312087192830305,72456
2026-04-01 11:09:52,-95.6482,39.0761,848.6,1485.0,11.7,11.6,11.6,100,100,10.18,223,14.3,9.752576548893726,10.45835793315414,72456
2026-04-01 11:09:53,-95.6481,39.0762,848.1,1490.0,11.7,11.6,11.6,100,100,10.2,224,14.4,10.003080534609563,10.358493124876576,72456
2026-04-01 11:09:54,-95.648,39.0763,847.6,1495.0,11.7,11.6,11.6,100,100,10.2,225,14.5,10.253048327204938,10.253048327204942,72456
2026-04-01 11:09:55,-95.6478,39.0764,847.0,1501.0,11.7,11.6,11.6,99,99,10.17,225,14.6,10.323759005323593,10.323759005323597,72456
2026-04-01 11:09:56,-95.6477,39.0765,846.4,1506.0,11.7,11.6,11.6,99,99,10.16,226,14.7,10.574295064978172,10.21147804574726,72456
2026-04-01 11:09:57,-95.6475,39.0765,845.9,1512.0,11.7,11.5,11.5,99,99,10.15,226,14.8,10.646229045012038,10.28094388279316,72456
2026-04-01 11:09:58,-95.6474,39.0766,845.4,1517.0,11.7,11.5,11.5,99,99,10.13,227,14.8,10.824034783963722,10.09357572892498,72456
2026-04-01 11:09:59,-95.6473,39.0767,844.9,1522.0,11.7,11.5,11.5,99,99,10.13,227,14.9,10.897170154125638,10.16177556493123,72456
2026-04-01 11:10:00,-95.6471,39.0768,844.4,1526.0,11.7,11.5,11.5,99,99,10.14,228,15.0,11.147172382160916,10.036959095382873,72456
2026-04-01 11:10:01,-95.647,39.0768,844.0,1531.0,11.7,11.5,11.5,98,98,10.13,228,15.0,11.147172382160916,10.036959095382873,72456
2026-04-01 11:10:02,-95.6469,39.0769,843.5,1536.0,11.8,11.5,11.5,98,98,10.12,228,15.1,11.221486864708654,10.103872156018758,72456
2026-04-01 11:10:03,-95.6468,39.077,843.1,1540.0,11.8,11.5,11.5,98,98,10.14,229,15.1,11.396114661363857,9.906491337756659,72456
2026-04-01 11:10:04,-95.6466,39.0771,842.7,1544.0,11.8,11.4,11.4,98,98,10.12,229,15.1,11.396114661363857,9.906491337756659,72456
2026-04-01 11:10:05,-95.6465,39.0771,842.3,1547.0,11.8,11.4,11.4,98,98,10.1,230,15.1,11.567271091096567,9.706092906266745,72456
2026-04-01 11:10:06,-95.6463,39.0772,842.0,1551.0,11.8,11.4,11.4,98,98,10.12,230,15.2,11.643875535408464,9.7703716672354,72456
2026-04-01 11:10:07,-95.6462,39.0773,841.6,1555.0,11.8,11.4,11.4,98,98,10.14,230,15.2,11.643875535408464,9.7703716672354,72456
2026-04-01 11:10:08,-95.646,39.0774,841.1,1560.0,11.9,11.5,11.5,98,98,10.19,231,15.2,11.812618614145952,9.565669943957534,72456
2026-04-01 11:10:09,-95.6459,39.0775,840.5,1565.0,12.0,11.6,11.6,97,97,10.26,231,15.2,11.812618614145952,9.565669943957534,72456
2026-04-01 11:10:10,-95.6458,39.0777,839.9,1571.0,12.1,11.7,11.7,97,97,10.31,232,15.2,11.977763454822176,9.358054424950002,72456
2026-04-01 11:10:11,-95.6457,39.0778,839.3,1577.0,12.2,11.7,11.7,97,97,10.33,232,15.3,12.056564530182849,9.419620572482568,72456
2026-04-01 11:10:12,-95.6456,39.0779,838.7,1584.0,12.2,11.7,11.7,97,97,10.33,232,15.3,12.056564530182849,9.419620572482568,72456
2026-04-01 11:10:13,-95.6455,39.078,838.0,1590.0,12.2,11.7,11.7,96,96,10.33,233,15.3,12.219123303723581,9.207769854226338,72456
2026-04-01 11:10:14,-95.6454,39.078,837.4,1597.0,12.3,11.6,11.6,96,96,10.3,233,15.3,12.219123303723581,9.207769854226338,72456
2026-04-01 11:10:15,-95.6452,39.0781,836.7,1603.0,12.3,11.6,11.6,95,95,10.31,234,15.3,12.377960013936695,8.993114360074841,72456
2026-04-01 11:10:16,-95.6451,39.0782,836.1,1610.0,12.4,11.6,11.6,95,95,10.31,234,15.3,12.377960013936695,8.993114360074841,72456
2026-04-01 11:10:17,-95.6449,39.0782,835.5,1615.0,12.5,11.5,11.5,94,94,10.28,234,15.3,12.377960013936695,8.993114360074841,72456
2026-04-01 11:10:18,-95.6448,39.0783,835.1,1620.0,12.5,11.5,11.5,94,94,10.25,235,15.4,12.61494148205047,8.833077119806115,72456
2026-04-01 11:10:19,-95.6446,39.0784,834.7,1624.0,12.5,11.4,11.4,93,93,10.22,235,15.4,12.61494148205047,8.833077119806115,72456
2026-04-01 11:10:20,-95.6444,39.0785,834.3,1628.0,12.5,11.4,11.4,93,93,10.23,235,15.4,12.61494148205047,8.833077119806115,72456
2026-04-01 11:10:21,-95.6442,39.0786,833.9,1632.0,12.5,11.4,11.4,93,93,10.23,236,15.4,12.767178617347644,8.611570713449497,72456
2026-04-01 11:10:22,-95.6441,39.0786,833.5,1636.0,12.6,11.4,11.4,93,93,10.24,236,15.4,12.767178617347644,8.611570713449497,72456
2026-04-01 11:10:23,-95.6439,39.0787,833.1,1640.0,12.6,11.5,11.5,93,93,10.25,236,15.4,12.767178617347644,8.611570713449497,72456
2026-04-01 11:10:24,-95.6438,39.0788,832.6,1645.0,12.6,11.5,11.5,93,93,10.27,236,15.3,12.68427486009214,8.555651423102423,72456
2026-04-01 11:10:25,-95.6436,39.0788,832.1,1650.0,12.6,11.5,11.5,93,93,10.29,236,15.3,12.68427486009214,8.555651423102423,72456
2026-04-01 11:10:26,-95.6434,39.0789,831.6,1655.0,12.6,11.5,11.5,93,93,10.27,237,15.3,12.83165968956499,8.332977235729913,72456
2026-04-01 11:10:27,-95.6432,39.079,831.1,1660.0,12.6,11.4,11.4,93,93,10.23,237,15.3,12.83165968956499,8.332977235729913,72456
2026-04-01 11:10:28,-95.6431,39.079,830.6,1665.0,12.6,11.3,11.3,92,92,10.19,237,15.3,12.83165968956499,8.332977235729913,72456
2026-04-01 11:10:29,-95.6429,39.0791,830.0,1671.0,12.6,11.3,11.3,91,91,10.15,237,15.2,12.747792632770446,8.27851333222841,72456
2026-04-01 11:10:30,-95.6428,39.0792,829.4,1677.0,12.7,11.1,11.1,90,90,10.08,236,15.2,12.601371102836636,8.499732132755348,72456
2026-04-01 11:10:31,-95.6427,39.0792,828.8,1683.0,12.7,11.0,11.0,90,90,10.0,236,15.1,12.518467345581131,8.443812842408272,72456
2026-04-01 11:10:32,-95.6426,39.0793,828.3,1688.0,12.7,10.9,10.9,89,89,9.96,236,15.1,12.518467345581131,8.443812842408272,72456
2026-04-01 11:10:33,-95.6425,39.0794,827.8,1693.0,12.7,10.9,10.9,89,89,9.96,236,15.0,12.435563588325628,8.387893552061199,72456
2026-04-01 11:10:34,-95.6423,39.0794,827.4,1698.0,12.6,10.9,10.9,89,89,9.97,236,14.9,12.352659831070124,8.331974261714125,72456
2026-04-01 11:10:35,-95.6422,39.0795,826.9,1702.0,12.6,11.0,11.0,90,90,10.0,235,14.8,12.123450255477076,8.488931257995487,72456
2026-04-01 11:10:36,-95.642,39.0795,826.5,1707.0,12.6,11.0,11.0,90,90,10.0,235,14.7,12.041535051048175,8.431573614360381,72456
2026-04-01 11:10:37,-95.6418,39.0796,826.1,1711.0,12.5,10.9,10.9,90,90,9.98,235,14.6,11.959619846619276,8.374215970725277,72456
2026-04-01 11:10:38,-95.6417,39.0797,825.8,1714.0,12.5,10.9,10.9,90,90,9.97,234,14.5,11.730746418436736,8.522886158240862,72456
2026-04-01 11:10:39,-95.6415,39.0799,825.4,1718.0,12.5,10.9,10.9,90,90,9.98,234,14.4,11.649844718999242,8.464107633011615,72456
2026-04-01 11:10:40,-95.6414,39.08,825.0,1722.0,12.4,10.9,10.9,90,90,9.97,234,14.3,11.568943019561747,8.405329107782368,72456
2026-04-01 11:10:41,-95.6412,39.0801,824.6,1726.0,12.4,10.9,10.9,90,90,9.96,233,14.2,11.340624242671558,8.545773328759084,72456
2026-04-01 11:10:42,-95.6411,39.0802,824.2,1730.0,12.4,10.9,10.9,90,90,9.96,233,14.1,11.260760691666828,8.48559182644388,72456
2026-04-01 11:10:43,-95.641,39.0803,823.8,1735.0,12.4,10.9,10.9,91,91,9.96,233,14.0,11.1808971406621,8.425410324128675,72456
2026-04-01 11:10:44,-95.6409,39.0803,823.3,1739.0,12.3,10.9,10.9,91,91,9.96,232,13.8,10.874548399772767,8.496128359494081,72456
2026-04-01 11:10:45,-95.6408,39.0804,822.8,1744.0,12.3,10.9,10.9,91,91,9.98,232,13.7,10.795747324412092,8.434562211961515,72456
2026-04-01 11:10:46,-95.6406,39.0805,822.3,1750.0,12.3,10.9,10.9,91,91,9.98,232,13.5,10.638145173690749,8.311429916896383,72456
2026-04-01 11:10:47,-95.6405,39.0806,821.8,1755.0,12.2,10.8,10.8,91,91,9.97,232,13.4,10.559344098330076,8.249863769363818,72456
2026-04-01 11:10:48,-95.6404,39.0806,821.2,1760.0,12.2,10.8,10.8,91,91,9.95,232,13.2,10.401741947608732,8.126731474298687,72456
2026-04-01 11:10:49,-95.6403,39.0807,820.7,1766.0,12.2,10.8,10.8,91,91,9.94,232,13.1,10.32294087224806,8.06516532676612,72456
2026-04-01 11:10:50,-95.6402,39.0807,820.2,1771.0,12.1,10.7,10.7,91,91,9.92,232,12.9,10.165338721526716,7.94203303170099,72456
2026-04-01 11:10:51,-95.6401,39.0808,819.8,1775.0,12.1,10.7,10.7,91,91,9.92,232,12.8,10.086537646166043,7.880466884168424,72456
2026-04-01 11:10:52,-95.64,39.0809,819.4,1779.0,12.1,10.7,10.7,92,92,9.93,232,12.6,9.928935495444698,7.757334589103292,72456
2026-04-01 11:10:53,-95.6399,39.0809,819.0,1784.0,12.0,10.7,10.7,92,92,9.94,232,12.5,9.850134420084027,7.695768441570726,72456
2026-04-01 11:10:54,-95.6398,39.081,818.6,1788.0,12.0,10.7,10.7,92,92,9.9,232,12.3,9.692532269362683,7.5726361465055945,72456
2026-04-01 11:10:55,-95.6397,39.0811,818.1,1792.0,12.0,10.6,10.6,91,91,9.88,233,12.2,9.743353222576973,7.342143282454988,72456
2026-04-01 11:10:56,-95.6396,39.0812,817.7,1797.0,12.0,10.6,10.6,92,92,9.89,233,12.0,9.583626120567514,7.221780277824579,72456
2026-04-01 11:10:57,-95.6395,39.0813,817.3,1801.0,11.9,10.7,10.7,92,92,9.9,234,11.9,9.627302233061874,6.9946445022804316,72456
2026-04-01 11:10:58,-95.6394,39.0813,816.9,1805.0,11.9,10.7,10.7,92,92,9.92,234,11.7,9.465498834186883,6.877087451821937,72456
2026-04-01 11:10:59,-95.6393,39.0814,816.5,1809.0,11.9,10.6,10.6,92,92,9.91,235,11.6,9.502163713752301,6.6534866616721375,72456
2026-04-01 11:11:00,-95.6392,39.0815,816.0,1814.0,11.8,10.6,10.6,92,92,9.9,235,11.5,9.420248509323404,6.5961290180370336,72456
2026-04-01 11:11:01,-95.6391,39.0815,815.6,1818.0,11.8,10.6,10.6,92,92,9.89,236,11.4,9.451028327127478,6.374799099566511,72456
2026-04-01 11:11:02,-95.639,39.0816,815.2,1823.0,11.8,10.6,10.6,93,93,9.89,237,11.3,9.476977417783294,6.1544210956698056,72456
2026-04-01 11:11:03,-95.6388,39.0816,814.8,1827.0,11.7,10.6,10.6,93,93,9.91,238,11.2,9.498138676951971,5.935095759411896,72456
2026-04-01 11:11:04,-95.6387,39.0817,814.4,1831.0,11.7,10.6,10.6,93,93,9.93,239,11.2,9.600273767863655,5.768426438992608,72456
2026-04-01 11:11:05,-95.6386,39.0817,814.0,1835.0,11.6,10.7,10.7,94,94,9.94,239,11.1,9.514557037793445,5.716922631501603,72456
2026-04-01 11:11:06,-95.6385,39.0817,813.7,1838.0,11.6,10.6,10.6,94,94,9.94,240,11.1,9.612881982007266,5.550000000000005,72456
2026-04-01 11:11:07,-95.6384,39.0818,813.3,1842.0,11.5,10.6,10.6,94,94,9.91,241,11.1,9.708278749247295,5.381386784734339,72456
2026-04-01 11:11:08,-95.6383,39.0818,812.9,1846.0,11.5,10.5,10.5,94,94,9.87,242,11.1,9.80071828073409,5.211134346923387,72456
2026-04-01 11:11:09,-95.6382,39.0819,812.5,1851.0,11.5,10.5,10.5,94,94,9.84,243,11.1,9.890172418490883,5.039294547108971,72456
2026-04-01 11:11:10,-95.6381,39.0819,812.0,1855.0,11.4,10.4,10.4,93,93,9.8,243,11.1,9.890172418490883,5.039294547108971,72456
2026-04-01 11:11:11,-95.638,39.0819,811.5,1861.0,11.5,10.4,10.4,93,93,9.78,244,11.1,9.976613913920751,4.865919729358763,72456
2026-04-01 11:11:12,-95.6379,39.0819,811.0,1866.0,11.4,10.3,10.3,93,93,9.75,245,11.1,10.060016436106816,4.691062705321761,72456
2026-04-01 11:11:13,-95.6377,39.0819,810.5,1871.0,11.4,10.3,10.3,93,93,9.75,246,11.2,10.23170912559713,4.555450402448961,72456
2026-04-01 11:11:14,-95.6376,39.082,810.0,1876.0,11.4,10.3,10.3,93,93,9.75,247,11.2,10.30965435866733,4.376188639079866,72456
2026-04-01 11:11:15,-95.6375,39.082,809.5,1881.0,11.3,10.3,10.3,93,93,9.73,247,11.3,10.401704844012576,4.415261751928795,72456
2026-04-01 11:11:16,-95.6374,39.082,809.0,1887.0,11.3,10.3,10.3,93,93,9.74,248,11.4,10.569895942061375,4.270515164941401,72456
2026-04-01 11:11:17,-95.6373,39.0821,808.4,1893.0,11.3,10.3,10.3,93,93,9.75,249,11.4,10.642816862068099,4.085394624816428,72456
2026-04-01 11:11:18,-95.6372,39.0821,807.8,1899.0,11.2,10.2,10.2,94,94,9.73,249,11.5,10.736174904717817,4.121231419770958,72456
2026-04-01 11:11:19,-95.6371,39.0822,807.3,1904.0,11.2,10.2,10.2,93,93,9.69,250,11.6,10.900434401116538,3.967433662577755,72456
2026-04-01 11:11:20,-95.6369,39.0823,806.8,1909.0,11.1,10.1,10.1,93,93,9.66,251,11.7,11.062567334512007,3.8091474071487323,72456
2026-04-01 11:11:21,-95.6368,39.0824,806.4,1914.0,11.1,10.1,10.1,94,94,9.67,251,11.8,11.157119192071939,3.8417042225944487,72456
2026-04-01 11:11:22,-95.6366,39.0824,806.0,1918.0,11.1,10.1,10.1,94,94,9.68,252,11.8,11.222466892282812,3.6464005336243814,72456
2026-04-01 11:11:23,-95.6364,39.0825,805.5,1923.0,11.0,10.1,10.1,94,94,9.69,253,11.9,11.380026595960121,3.4792232862005714,72456
2026-04-01 11:11:24,-95.6362,39.0825,805.1,1927.0,11.0,10.1,10.1,94,94,9.69,254,12.0,11.535140351259829,3.3076482698039866,72456
2026-04-01 11:11:25,-95.6361,39.0825,804.7,1931.0,11.0,10.1,10.1,94,94,9.67,254,12.1,11.631266520853659,3.3352120053856864,72456
2026-04-01 11:11:26,-95.6359,39.0825,804.4,1935.0,10.9,10.0,10.0,94,94,9.65,255,12.3,11.88088766335554,3.1834742547610038,72456
2026-04-01 11:11:27,-95.6358,39.0825,804.0,1939.0,10.9,10.0,10.0,94,94,9.62,256,12.4,12.031667005822356,2.9998315054358806,72456
2026-04-01 11:11:28,-95.6357,39.0825,803.5,1943.0,10.9,9.9,9.9,93,93,9.54,257,12.5,12.17962580981544,2.8118881792983155,72456
2026-04-01 11:11:29,-95.6356,39.0825,803.0,1949.0,10.9,9.7,9.7,92,92,9.45,257,12.6,12.277062816293963,2.834383284732702,72456
2026-04-01 11:11:30,-95.6355,39.0825,802.4,1955.0,11.0,9.5,9.5,91,91,9.34,258,12.7,12.42247452931933,2.6404784733855493,72456
2026-04-01 11:11:31,-95.6354,39.0825,801.8,1961.0,11.0,9.3,9.3,90,90,9.24,259,12.8,12.5648279481301,2.442355140819771,72456
2026-04-01 11:11:32,-95.6353,39.0826,801.3,1967.0,11.0,9.2,9.2,89,89,9.17,260,13.0,12.802500789158705,2.257426309670094,72456
2026-04-01 11:11:33,-95.6352,39.0826,800.7,1973.0,11.0,9.2,9.2,89,89,9.15,261,13.1,12.938717261796302,2.0492914920270264,72456
2026-04-01 11:11:34,-95.6351,39.0827,800.1,1979.0,10.9,9.2,9.2,89,89,9.16,262,13.2,13.071538507388727,1.8370849326728689,72456
2026-04-01 11:11:35,-95.6349,39.0827,799.6,1985.0,10.9,9.1,9.1,89,89,9.14,263,13.3,13.200863816829585,1.6208622672884574,72456
2026-04-01 11:11:36,-95.6347,39.0827,799.0,1990.0,10.8,9.1,9.1,89,89,9.1,263,13.5,13.399373047157848,1.6452361359694867,72456
2026-04-01 11:11:37,-95.6345,39.0828,798.5,1995.0,10.8,9.0,9.0,88,88,9.04,264,13.6,13.525497777008518,1.4215871004400857,72456
2026-04-01 11:11:38,-95.6343,39.0828,798.1,2000.0,10.8,8.8,8.8,88,88,8.96,265,13.7,13.647867363856914,1.194033675642918,72456
2026-04-01 11:11:39,-95.6342,39.0828,797.7,2004.0,10.8,8.7,8.7,87,87,8.88,266,13.9,13.866140298611557,0.9696149850433455,72456
2026-04-01 11:11:40,-95.634,39.0828,797.3,2008.0,10.8,8.6,8.6,86,86,8.82,267,14.0,13.980813486564033,0.7327033874012203,72456
2026-04-01 11:11:41,-95.6338,39.0828,796.9,2012.0,10.8,8.5,8.5,85,85,8.75,268,14.1,14.09141066096925,0.49208290350526074,72456
2026-04-01 11:11:42,-95.6336,39.0827,796.5,2017.0,10.9,8.3,8.3,84,84,8.67,268,14.2,14.191349743671159,0.4955728531755108,72456
2026-04-01 11:11:43,-95.6334,39.0828,796.0,2021.0,10.9,8.3,8.3,84,84,8.65,269,14.4,14.397806810252035,0.25131465269688236,72456
2026-04-01 11:11:44,-95.6332,39.0828,795.5,2027.0,10.9,8.3,8.3,84,84,8.65,270,14.5,14.5,2.663606788145493e-15,72456
2026-04-01 11:11:45,-95.633,39.0827,795.0,2033.0,10.8,8.3,8.3,84,84,8.65,271,14.6,14.597776349283313,-0.2548051339843337,72456
2026-04-01 11:11:46,-95.6329,39.0827,794.4,2039.0,10.8,8.2,8.2,84,84,8.63,271,14.7,14.697761118798951,-0.256550374628062,72456
2026-04-01 11:11:47,-95.6327,39.0827,793.9,2045.0,10.8,8.2,8.2,84,84,8.62,272,14.8,14.790984239882619,-0.516512551197019,72456
2026-04-01 11:11:48,-95.6325,39.0827,793.3,2050.0,10.8,8.2,8.2,84,84,8.61,272,14.9,14.890923322584527,-0.5200025008672691,72456
2026-04-01 11:11:49,-95.6323,39.0827,792.9,2055.0,10.7,8.1,8.1,84,84,8.58,273,15.0,14.979443021318607,-0.7850393436441592,72456
2026-04-01 11:11:50,-95.6321,39.0827,792.4,2060.0,10.7,8.0,8.0,83,83,8.53,273,15.1,15.079305974794064,-0.7902729392684535,72456
2026-04-01 11:11:51,-95.632,39.0826,792.0,2064.0,10.7,8.0,8.0,83,83,8.51,274,15.2,15.162973563949329,-1.0602984009107033,72456
2026-04-01 11:11:52,-95.6318,39.0826,791.5,2069.0,10.7,7.9,7.9,83,83,8.47,274,15.3,15.262729968975313,-1.067274048285116,72456
2026-04-01 11:11:53,-95.6316,39.0826,791.1,2074.0,10.7,7.8,7.8,82,82,8.42,274,15.3,15.262729968975313,-1.067274048285116,72456
2026-04-01 11:11:54,-95.6315,39.0825,790.6,2078.0,10.7,7.7,7.7,82,82,8.38,275,15.4,15.341398350612883,-1.3421984383139316,72456
2026-04-01 11:11:55,-95.6313,39.0825,790.2,2083.0,10.7,7.7,7.7,82,82,8.38,275,15.4,15.341398350612883,-1.3421984383139316,72456
2026-04-01 11:11:56,-95.6311,39.0825,789.7,2088.0,10.7,7.7,7.7,82,82,8.39,275,15.5,15.441017820422056,-1.3509140125886974,72456
2026-04-01 11:11:57,-95.631,39.0824,789.2,2094.0,10.6,7.8,7.8,83,83,8.42,275,15.5,15.441017820422056,-1.3509140125886974,72456
2026-04-01 11:11:58,-95.6308,39.0824,788.6,2099.0,10.5,7.8,7.8,83,83,8.43,275,15.6,15.54063729023123,-1.3596295868634631,72456
2026-04-01 11:11:59,-95.6306,39.0825,788.1,2105.0,10.5,7.7,7.7,83,83,8.42,275,15.6,15.54063729023123,-1.3596295868634631,72456
2026-04-01 11:12:00,-95.6304,39.0825,787.6,2111.0,10.4,7.7,7.7,83,83,8.4,276,15.6,15.514541567745065,-1.6306440269753866,72456
2026-04-01 11:12:01,-95.6303,39.0825,787.0,2117.0,10.4,7.7,7.7,83,83,8.41,276,15.6,15.514541567745065,-1.6306440269753866,72456
2026-04-01 11:12:02,-95.6301,39.0825,786.5,2122.0,10.3,7.7,7.7,84,84,8.4,276,15.7,15.613993757281891,-1.6410968733021518,72456
2026-04-01 11:12:03,-95.63,39.0825,786.0,2128.0,10.3,7.7,7.7,84,84,8.4,276,15.7,15.613993757281891,-1.6410968733021518,72456
2026-04-01 11:12:04,-95.6298,39.0825,785.5,2133.0,10.2,7.7,7.7,84,84,8.4,276,15.7,15.613993757281891,-1.6410968733021518,72456
2026-04-01 11:12:05,-95.6296,39.0825,784.9,2139.0,10.2,7.6,7.6,84,84,8.4,276,15.7,15.613993757281891,-1.6410968733021518,72456
2026-04-01 11:12:06,-95.6293,39.0825,784.3,2145.0,10.1,7.6,7.6,85,85,8.41,276,15.7,15.613993757281891,-1.6410968733021518,72456
2026-04-01 11:12:07,-95.6291,39.0825,783.8,2151.0,10.1,7.6,7.6,85,85,8.39,276,15.6,15.514541567745065,-1.6306440269753866,72456
2026-04-01 11:12:08,-95.6289,39.0825,783.3,2156.0,10.0,7.6,7.6,85,85,8.36,276,15.6,15.514541567745065,-1.6306440269753866,72456
2026-04-01 11:12:09,-95.6287,39.0824,782.8,2161.0,10.0,7.5,7.5,85,85,8.33,276,15.6,15.514541567745065,-1.6306440269753866,72456
2026-04-01 11:12:10,-95.6286,39.0824,782.3,2166.0,9.9,7.5,7.5,85,85,8.32,276,15.6,15.514541567745065,-1.6306440269753866,72456
2026-04-01 11:12:11,-95.6284,39.0824,781.9,2172.0,9.9,7.5,7.5,85,85,8.34,276,15.6,15.514541567745065,-1.6306440269753866,72456
2026-04-01 11:12:12,-95.6282,39.0824,781.4,2177.0,9.8,7.4,7.4,85,85,8.32,276,15.5,15.415089378208238,-1.6201911806486213,72456
2026-04-01 11:12:13,-95.628,39.0823,780.9,2181.0,9.8,7.4,7.4,85,85,8.27,276,15.5,15.415089378208238,-1.6201911806486213,72456
2026-04-01 11:12:14,-95.6277,39.0823,780.5,2186.0,9.8,7.3,7.3,85,85,8.26,276,15.5,15.415089378208238,-1.6201911806486213,72456
2026-04-01 11:12:15,-95.6275,39.0823,780.1,2190.0,9.7,7.3,7.3,85,85,8.27,276,15.4,15.315637188671412,-1.609738334321856,72456
2026-04-01 11:12:16,-95.6273,39.0823,779.7,2194.0,9.7,7.3,7.3,85,85,8.28,276,15.4,15.315637188671412,-1.609738334321856,72456
2026-04-01 11:12:17,-95.6272,39.0822,779.3,2199.0,9.7,7.4,7.4,85,85,8.29,276,15.4,15.315637188671412,-1.609738334321856,72456
2026-04-01 11:12:18,-95.6271,39.0822,778.9,2203.0,9.6,7.4,7.4,86,86,8.32,276,15.3,15.216184999134583,-1.5992854879950908,72456
2026-04-01 11:12:19,-95.6269,39.0822,778.5,2208.0,9.6,7.4,7.4,86,86,8.35,276,15.3,15.216184999134583,-1.5992854879950908,72456
2026-04-01 11:12:20,-95.6268,39.0821,778.0,2213.0,9.6,7.4,7.4,87,87,8.35,276,15.3,15.216184999134583,-1.5992854879950908,72456
2026-04-01 11:12:21,-95.6266,39.0821,777.5,2218.0,9.5,7.4,7.4,87,87,8.35,276,15.2,15.116732809597755,-1.5888326416683254,72456
2026-04-01 11:12:22,-95.6265,39.0821,777.1,2223.0,9.5,7.4,7.4,87,87,8.35,276,15.2,15.116732809597755,-1.5888326416683254,72456
2026-04-01 11:12:23,-95.6264,39.0821,776.6,2227.0,9.4,7.4,7.4,87,87,8.34,276,15.2,15.116732809597755,-1.5888326416683254,72456
2026-04-01 11:12:24,-95.6262,39.0822,776.2,2232.0,9.3,7.4,7.4,88,88,8.34,275,15.2,15.142159410994532,-1.3247672897643998,72456
2026-04-01 11:12:25,-95.6261,39.0822,775.6,2238.0,9.3,7.4,7.4,88,88,8.36,275,15.2,15.142159410994532,-1.3247672897643998,72456
2026-04-01 11:12:26,-95.6259,39.0821,775.0,2245.0,9.2,7.4,7.4,88,88,8.36,275,15.2,15.142159410994532,-1.3247672897643998,72456
2026-04-01 11:12:27,-95.6257,39.0821,774.4,2252.0,9.2,7.3,7.3,88,88,8.34,275,15.2,15.142159410994532,-1.3247672897643998,72456
2026-04-01 11:12:28,-95.6255,39.0821,773.7,2258.0,9.1,7.3,7.3,89,89,8.34,275,15.3,15.241778880803707,-1.3334828640391658,72456
2026-04-01 11:12:29,-95.6253,39.0821,773.2,2264.0,9.1,7.3,7.3,89,89,8.34,274,15.3,15.262729968975313,-1.067274048285116,72456
2026-04-01 11:12:30,-95.6251,39.0821,772.6,2270.0,9.0,7.2,7.2,89,89,8.3,274,15.4,15.362486374001294,-1.0742496956595284,72456
2026-04-01 11:12:31,-95.6248,39.0821,772.0,2277.0,9.0,7.2,7.2,89,89,8.28,274,15.4,15.362486374001294,-1.0742496956595284,72456
2026-04-01 11:12:32,-95.6247,39.0821,771.4,2283.0,8.9,7.2,7.2,89,89,8.29,274,15.5,15.462242779027276,-1.081225343033941,72456
2026-04-01 11:12:33,-95.6245,39.0821,770.8,2290.0,8.8,7.2,7.2,90,90,8.3,274,15.6,15.561999184053258,-1.0882009904083534,72456
2026-04-01 11:12:34,-95.6244,39.0821,770.2,2297.0,8.7,7.2,7.2,90,90,8.28,273,15.6,15.578620742171351,-0.8164409173899255,72456
2026-04-01 11:12:35,-95.6242,39.0821,769.5,2304.0,8.7,7.1,7.1,90,90,8.27,273,15.7,15.678483695646808,-0.8216745130142199,72456
2026-04-01 11:12:36,-95.6241,39.0821,768.8,2311.0,8.6,7.1,7.1,90,90,8.26,273,15.8,15.778346649122268,-0.8269081086385144,72456
2026-04-01 11:12:37,-95.6239,39.082,768.2,2318.0,8.6,7.1,7.1,90,90,8.24,273,15.9,15.878209602597725,-0.8321417042628088,72456
2026-04-01 11:12:38,-95.6237,39.082,767.6,2325.0,8.5,7.0,7.0,90,90,8.24,273,16.0,15.978072556073181,-0.8373752998871031,72456
2026-04-01 11:12:39,-95.6235,39.082,767.1,2330.0,8.5,7.0,7.0,91,91,8.24,273,16.1,16.07793550954864,-0.8426088955113976,72456
2026-04-01 11:12:40,-95.6233,39.082,766.6,2335.0,8.4,7.0,7.0,91,91,8.23,273,16.2,16.177798463024097,-0.8478424911356919,72456
2026-04-01 11:12:41,-95.6231,39.0819,766.2,2340.0,8.4,7.0,7.0,91,91,8.22,273,16.3,16.277661416499555,-0.8530760867599864,72456
2026-04-01 11:12:42,-95.6229,39.0819,765.7,2345.0,8.3,7.0,7.0,92,92,8.24,272,16.3,16.290070480411263,-0.5688617962507709,72456
2026-04-01 11:12:43,-95.6228,39.0819,765.1,2351.0,8.3,7.0,7.0,92,92,8.27,272,16.4,16.390009563113168,-0.572351745921021,72456
2026-04-01 11:12:44,-95.6226,39.0819,764.6,2357.0,8.2,7.0,7.0,92,92,8.25,272,16.5,16.48994864581508,-0.5758416955912712,72456
2026-04-01 11:12:45,-95.6224,39.082,764.0,2363.0,8.1,6.9,6.9,92,92,8.22,272,16.6,16.58988772851699,-0.5793316452615214,72456
2026-04-01 11:12:46,-95.6222,39.082,763.5,2369.0,8.1,6.9,6.9,93,93,8.22,272,16.6,16.58988772851699,-0.5793316452615214,72456
2026-04-01 11:12:47,-95.622,39.082,763.0,2374.0,8.0,6.9,6.9,93,93,8.23,272,16.7,16.6898268112189,-0.5828215949317713,72456
2026-04-01 11:12:48,-95.6218,39.0821,762.5,2379.0,7.9,6.9,6.9,93,93,8.22,272,16.8,16.78976589392081,-0.5863115446020215,72456
2026-04-01 11:12:49,-95.6216,39.0821,762.0,2385.0,7.9,6.9,6.9,93,93,8.22,272,16.8,16.78976589392081,-0.5863115446020215,72456
2026-04-01 11:12:50,-95.6213,39.0821,761.5,2390.0,7.8,6.9,6.9,94,94,8.23,272,16.9,16.889704976622717,-0.5898014942722716,72456
2026-04-01 11:12:51,-95.6211,39.0821,761.0,2396.0,7.8,6.9,6.9,94,94,8.23,272,16.9,16.889704976622717,-0.5898014942722716,72456
2026-04-01 11:12:52,-95.6209,39.082,760.6,2400.0,7.7,6.9,6.9,94,94,8.23,272,17.0,16.98964405932463,-0.5932914439425218,72456
2026-04-01 11:12:53,-95.6207,39.082,760.2,2404.0,7.7,6.9,6.9,94,94,8.22,272,17.0,16.98964405932463,-0.5932914439425218,72456
2026-04-01 11:12:54,-95.6205,39.082,759.9,2408.0,7.7,6.8,6.8,94,94,8.2,272,17.1,17.089583142026537,-0.5967813936127719,72456
2026-04-01 11:12:55,-95.6203,39.0819,759.6,2411.0,7.7,6.8,6.8,94,94,8.19,272,17.1,17.089583142026537,-0.5967813936127719,72456
2026-04-01 11:12:56,-95.6201,39.0819,759.2,2415.0,7.6,6.8,6.8,94,94,8.19,272,17.2,17.189522224728446,-0.600271343283022,72456
2026-04-01 11:12:57,-95.6199,39.0818,758.8,2420.0,7.6,6.8,6.8,95,95,8.19,271,17.2,17.19738035668993,-0.3001813907212698,72456
2026-04-01 11:12:58,-95.6197,39.0818,758.4,2424.0,7.5,6.8,6.8,95,95,8.2,271,17.3,17.29736512620557,-0.30192663136499814,72456
2026-04-01 11:12:59,-95.6195,39.0818,757.9,2429.0,7.5,6.8,6.8,95,95,8.19,271,17.3,17.29736512620557,-0.30192663136499814,72456
2026-04-01 11:13:00,-95.6194,39.0818,757.5,2434.0,7.4,6.7,6.7,95,95,8.16,271,17.4,17.397349895721206,-0.3036718720087264,72456
2026-04-01 11:13:01,-95.6192,39.0818,757.1,2438.0,7.4,6.6,6.6,95,95,8.11,271,17.4,17.397349895721206,-0.3036718720087264,72456
2026-04-01 11:13:02,-95.619,39.0818,756.7,2442.0,7.4,6.6,6.6,94,94,8.09,271,17.5,17.497334665236846,-0.30541711265245475,72456
2026-04-01 11:13:03,-95.6188,39.0818,756.3,2447.0,7.4,6.5,6.5,94,94,8.07,270,17.5,17.5,3.214697847761802e-15,72456
2026-04-01 11:13:04,-95.6187,39.0818,756.0,2451.0,7.4,6.5,6.5,94,94,8.06,270,17.6,17.6,3.2330675497490124e-15,72456
2026-04-01 11:13:05,-95.6185,39.0819,755.6,2455.0,7.3,6.5,6.5,94,94,8.06,270,17.7,17.7,3.2514372517362224e-15,72456
2026-04-01 11:13:06,-95.6183,39.0819,755.2,2459.0,7.3,6.5,6.5,95,95,8.06,270,17.7,17.7,3.2514372517362224e-15,72456
2026-04-01 11:13:07,-95.6181,39.0819,754.7,2464.0,7.3,6.5,6.5,95,95,8.06,270,17.8,17.8,3.269806953723433e-15,72456
2026-04-01 11:13:08,-95.6178,39.0819,754.2,2470.0,7.2,6.5,6.5,95,95,8.07,270,17.8,17.8,3.269806953723433e-15,72456
2026-04-01 11:13:09,-95.6176,39.0819,753.5,2477.0,7.2,6.5,6.5,95,95,8.07,269,17.9,17.8972737432994,0.31239807522737456,72456
2026-04-01 11:13:10,-95.6174,39.0819,752.8,2485.0,7.1,6.4,6.4,96,96,8.06,269,17.9,17.8972737432994,0.31239807522737456,72456
2026-04-01 11:13:11,-95.6172,39.0819,752.1,2493.0,7.0,6.4,6.4,96,96,8.05,269,18.0,17.997258512815044,0.31414331587110295,72456
2026-04-01 11:13:12,-95.6169,39.0819,751.4,2501.0,6.9,6.4,6.4,96,96,8.03,269,18.0,17.997258512815044,0.31414331587110295,72456
2026-04-01 11:13:13,-95.6167,39.0819,750.7,2508.0,6.8,6.3,6.3,96,96,7.99,269,18.0,17.997258512815044,0.31414331587110295,72456
2026-04-01 11:13:14,-95.6165,39.082,750.1,2515.0,6.8,6.2,6.2,96,96,7.97,269,18.0,17.997258512815044,0.31414331587110295,72456
2026-04-01 11:13:15,-95.6163,39.082,749.6,2521.0,6.7,6.2,6.2,96,96,7.96,269,18.1,18.097243282330684,0.31588855651483133,72456
2026-04-01 11:13:16,-95.6161,39.082,749.1,2526.0,6.7,6.2,6.2,97,97,7.96,269,18.1,18.097243282330684,0.31588855651483133,72456
2026-04-01 11:13:17,-95.6158,39.082,748.6,2532.0,6.6,6.2,6.2,97,97,7.97,269,18.1,18.097243282330684,0.31588855651483133,72456
2026-04-01 11:13:18,-95.6156,39.082,748.2,2536.0,6.6,6.2,6.2,97,97,7.97,269,18.1,18.097243282330684,0.31588855651483133,72456
2026-04-01 11:13:19,-95.6153,39.082,747.9,2540.0,6.6,6.2,6.2,97,97,7.97,270,18.1,18.1,3.324916059685064e-15,72456
2026-04-01 11:13:20,-95.6151,39.082,747.5,2543.0,6.5,6.2,6.2,98,98,7.98,270,18.0,18.0,3.3065463576978533e-15,72456
2026-04-01 11:13:21,-95.6148,39.082,747.1,2547.0,6.5,6.2,6.2,98,98,8.01,270,18.0,18.0,3.3065463576978533e-15,72456
2026-04-01 11:13:22,-95.6146,39.082,746.7,2552.0,6.4,6.3,6.3,99,99,8.02,270,18.0,18.0,3.3065463576978533e-15,72456
2026-04-01 11:13:23,-95.6144,39.082,746.3,2557.0,6.4,6.3,6.3,99,99,8.03,270,18.0,18.0,3.3065463576978533e-15,72456
2026-04-01 11:13:24,-95.6143,39.082,745.8,2562.0,6.4,6.3,6.3,99,99,8.04,270,18.0,18.0,3.3065463576978533e-15,72456
2026-04-01 11:13:25,-95.6141,39.082,745.4,2567.0,6.3,6.2,6.2,100,100,8.03,270,17.9,17.9,3.288176655710643e-15,72456
2026-04-01 11:13:26,-95.6139,39.082,745.0,2571.0,6.3,6.2,6.2,100,100,8.01,270,17.9,17.9,3.288176655710643e-15,72456
2026-04-01 11:13:27,-95.6137,39.0819,744.7,2575.0,6.2,6.2,6.2,100,100,8.01,271,17.9,17.8972737432994,-0.312398075227368,72456
2026-04-01 11:13:28,-95.6136,39.0819,744.3,2578.0,6.2,6.2,6.2,100,100,8.02,271,17.9,17.8972737432994,-0.312398075227368,72456
2026-04-01 11:13:29,-95.6134,39.0819,744.0,2582.0,6.2,6.2,6.2,100,100,8.02,271,17.9,17.8972737432994,-0.312398075227368,72456
2026-04-01 11:13:30,-95.6132,39.0819,743.5,2587.0,6.2,6.2,6.2,100,100,8.01,271,18.0,17.997258512815044,-0.31414331587109634,72456
2026-04-01 11:13:31,-95.613,39.0818,743.0,2593.0,6.1,6.1,6.1,100,100,7.99,271,18.0,17.997258512815044,-0.31414331587109634,72456
2026-04-01 11:13:32,-95.6128,39.0818,742.4,2600.0,6.1,6.1,6.1,100,100,7.97,271,18.0,17.997258512815044,-0.31414331587109634,72456
2026-04-01 11:13:33,-95.6126,39.0818,741.7,2607.0,6.0,6.0,6.0,100,100,7.95,271,18.1,18.097243282330684,-0.31588855651482467,72456
2026-04-01 11:13:34,-95.6124,39.0818,741.1,2614.0,6.0,6.0,6.0,100,100,7.93,271,18.1,18.097243282330684,-0.31588855651482467,72456
2026-04-01 11:13:35,-95.6123,39.0818,740.6,2620.0,6.0,6.0,6.0,100,100,7.93,271,18.2,18.19722805184632,-0.31763379715855294,72456
2026-04-01 11:13:36,-95.6121,39.0819,740.0,2626.0,6.0,6.0,6.0,100,100,7.93,271,18.3,18.29721282136196,-0.3193790378022813,72456
2026-04-01 11:13:37,-95.6119,39.0819,739.5,2632.0,5.9,5.9,5.9,100,100,7.92,271,18.3,18.29721282136196,-0.3193790378022813,72456
2026-04-01 11:13:38,-95.6116,39.0819,738.9,2638.0,5.9,5.9,5.9,100,100,7.9,271,18.4,18.3971975908776,-0.32112427844600955,72456
2026-04-01 11:13:39,-95.6114,39.082,738.5,2643.0,5.8,5.8,5.8,100,100,7.88,271,18.5,18.49718236039324,-0.32286951908973793,72456
2026-04-01 11:13:40,-95.6111,39.082,738.1,2647.0,5.8,5.8,5.8,100,100,7.87,271,18.6,18.59716712990888,-0.32461475973346626,72456
2026-04-01 11:13:41,-95.6109,39.082,737.8,2651.0,5.8,5.8,5.8,100,100,7.87,271,18.7,18.697151899424515,-0.32636000037719454,72456
2026-04-01 11:13:42,-95.6106,39.0819,737.4,2655.0,5.8,5.8,5.8,100,100,7.85,271,18.9,18.897121438455795,-0.32985048166465114,72456
2026-04-01 11:13:43,-95.6104,39.0819,737.0,2659.0,5.7,5.7,5.7,100,100,7.84,271,19.0,18.997106207971434,-0.33159572230837947,72456
2026-04-01 11:13:44,-95.6102,39.0819,736.6,2664.0,5.7,5.7,5.7,100,100,7.83,271,19.0,18.997106207971434,-0.33159572230837947,72456
2026-04-01 11:13:45,-95.61,39.0819,736.0,2671.0,5.7,5.7,5.7,100,100,7.81,271,19.1,19.097090977487074,-0.3333409629521078,72456
2026-04-01 11:13:46,-95.6098,39.0819,735.4,2677.0,5.6,5.6,5.6,100,100,7.79,270,19.2,19.2,3.526982781544377e-15,72456
2026-04-01 11:13:47,-95.6096,39.0819,734.8,2684.0,5.6,5.6,5.6,100,100,7.78,270,19.3,19.3,3.5453524835315874e-15,72456
2026-04-01 11:13:48,-95.6093,39.0819,734.2,2691.0,5.6,5.6,5.6,100,100,7.77,270,19.3,19.3,3.5453524835315874e-15,72456
2026-04-01 11:13:49,-95.6091,39.0819,733.7,2696.0,5.5,5.5,5.5,100,100,7.76,270,19.4,19.4,3.563722185518797e-15,72456
2026-04-01 11:13:50,-95.6088,39.0819,733.3,2701.0,5.5,5.5,5.5,100,100,7.76,270,19.4,19.4,3.563722185518797e-15,72456
2026-04-01 11:13:51,-95.6086,39.0819,732.9,2705.0,5.5,5.5,5.5,100,100,7.74,270,19.4,19.4,3.563722185518797e-15,72456
2026-04-01 11:13:52,-95.6083,39.0819,732.5,2709.0,5.5,5.5,5.5,100,100,7.73,270,19.4,19.4,3.563722185518797e-15,72456
2026-04-01 11:13:53,-95.608,39.0819,732.2,2714.0,5.4,5.4,5.4,100,100,7.73,270,19.4,19.4,3.563722185518797e-15,72456
2026-04-01 11:13:54,-95.6078,39.0819,731.7,2718.0,5.4,5.4,5.4,100,100,7.72,270,19.3,19.3,3.5453524835315874e-15,72456
2026-04-01 11:13:55,-95.6076,39.0818,731.3,2723.0,5.4,5.4,5.4,100,100,7.71,270,19.3,19.3,3.5453524835315874e-15,72456
2026-04-01 11:13:56,-95.6074,39.0818,730.8,2729.0,5.4,5.4,5.4,100,100,7.7,270,19.2,19.2,3.526982781544377e-15,72456
2026-04-01 11:13:57,-95.6072,39.0818,730.2,2735.0,5.3,5.3,5.3,100,100,7.69,270,19.1,19.1,3.508613079557167e-15,72456
2026-04-01 11:13:58,-95.607,39.0818,729.7,2742.0,5.3,5.3,5.3,100,100,7.67,270,19.0,19.0,3.4902433775699565e-15,72456
2026-04-01 11:13:59,-95.6068,39.0818,729.2,2747.0,5.2,5.2,5.2,100,100,7.65,270,18.9,18.9,3.471873675582746e-15,72456
2026-04-01 11:14:00,-95.6065,39.0818,728.7,2752.0,5.2,5.2,5.2,100,100,7.65,270,18.7,18.7,3.4351342716083256e-15,72456
2026-04-01 11:14:01,-95.6063,39.0819,728.3,2757.0,5.2,5.2,5.2,100,100,7.64,270,18.6,18.6,3.4167645696211155e-15,72456
2026-04-01 11:14:02,-95.6061,39.0819,727.8,2762.0,5.2,5.2,5.2,100,100,7.62,269,18.4,18.3971975908776,0.3211242784460163,72456
2026-04-01 11:14:03,-95.6059,39.0819,727.4,2767.0,5.1,5.1,5.1,100,100,7.6,269,18.3,18.29721282136196,0.31937903780228805,72456
2026-04-01 11:14:04,-95.6057,39.0819,726.9,2773.0,5.1,5.1,5.1,100,100,7.59,269,18.1,18.097243282330684,0.31588855651483133,72456
2026-04-01 11:14:05,-95.6054,39.082,726.5,2778.0,5.1,5.1,5.1,100,100,7.59,269,17.9,17.8972737432994,0.31239807522737456,72456
2026-04-01 11:14:06,-95.6052,39.082,726.0,2783.0,5.1,5.1,5.1,100,100,7.59,269,17.8,17.797288973783765,0.3106528345836463,72456
2026-04-01 11:14:07,-95.605,39.082,725.5,2789.0,5.0,5.0,5.0,100,100,7.57,269,17.6,17.59731943475249,0.30716235329618957,72456
2026-04-01 11:14:08,-95.6047,39.082,724.9,2795.0,5.0,5.0,5.0,100,100,7.56,269,17.5,17.497334665236846,0.3054171126524612,72456
2026-04-01 11:14:09,-95.6046,39.082,724.3,2802.0,5.0,5.0,5.0,100,100,7.56,269,17.3,17.29736512620557,0.3019266313650045,72456
2026-04-01 11:14:10,-95.6044,39.082,723.7,2809.0,4.9,4.9,4.9,100,100,7.53,270,17.2,17.2,3.159588741800171e-15,72456
2026-04-01 11:14:11,-95.6042,39.082,723.1,2815.0,4.9,4.9,4.9,100,100,7.52,270,17.1,17.1,3.141219039812961e-15,72456
2026-04-01 11:14:12,-95.6041,39.082,722.6,2821.0,4.8,4.8,4.8,100,100,7.5,270,17.0,17.0,3.1228493378257506e-15,72456
2026-04-01 11:14:13,-95.6039,39.082,722.1,2827.0,4.8,4.8,4.8,100,100,7.49,270,16.9,16.9,3.1044796358385398e-15,72456
2026-04-01 11:14:14,-95.6037,39.0819,721.6,2833.0,4.8,4.8,4.8,100,100,7.48,270,16.8,16.8,3.08610993385133e-15,72456
2026-04-01 11:14:15,-95.6036,39.0819,721.1,2838.0,4.8,4.8,4.8,100,100,7.48,270,16.7,16.7,3.0677402318641193e-15,72456
2026-04-01 11:14:16,-95.6034,39.0819,720.7,2843.0,4.7,4.7,4.7,100,100,7.47,270,16.7,16.7,3.0677402318641193e-15,72456
2026-04-01 11:14:17,-95.6033,39.0819,720.3,2848.0,4.7,4.7,4.7,100,100,7.45,270,16.7,16.7,3.0677402318641193e-15,72456
2026-04-01 11:14:18,-95.6031,39.0819,719.8,2853.0,4.7,4.7,4.7,100,100,7.45,270,16.6,16.6,3.0493705298769097e-15,72456
2026-04-01 11:14:19,-95.603,39.0819,719.3,2859.0,4.6,4.6,4.6,100,100,7.44,270,16.6,16.6,3.0493705298769097e-15,72456
2026-04-01 11:14:20,-95.6028,39.0819,718.8,2865.0,4.6,4.6,4.6,100,100,7.42,270,16.6,16.6,3.0493705298769097e-15,72456
2026-04-01 11:14:21,-95.6026,39.0819,718.3,2870.0,4.6,4.6,4.6,100,100,7.42,270,16.7,16.7,3.0677402318641193e-15,72456
2026-04-01 11:14:22,-95.6024,39.0819,717.8,2876.0,4.6,4.6,4.6,100,100,7.41,270,16.7,16.7,3.0677402318641193e-15,72456
2026-04-01 11:14:23,-95.6022,39.082,717.3,2882.0,4.5,4.5,4.5,100,100,7.4,270,16.7,16.7,3.0677402318641193e-15,72456
2026-04-01 11:14:24,-95.6019,39.082,716.7,2888.0,4.5,4.5,4.5,100,100,7.4,271,16.8,16.797441278627375,-0.2932004281463566,72456
2026-04-01 11:14:25,-95.6017,39.0819,716.2,2894.0,4.5,4.5,4.5,100,100,7.39,271,16.8,16.797441278627375,-0.2932004281463566,72456
2026-04-01 11:14:26,-95.6015,39.0819,715.7,2900.0,4.5,4.5,4.5,100,100,7.38,271,16.9,16.89742604814301,-0.2949456687900849,72456
2026-04-01 11:14:27,-95.6013,39.0819,715.1,2906.0,4.4,4.4,4.4,100,100,7.36,271,17.0,16.99741081765865,-0.2966909094338132,72456
2026-04-01 11:14:28,-95.6011,39.0819,714.5,2913.0,4.4,4.4,4.4,100,100,7.35,271,17.0,16.99741081765865,-0.2966909094338132,72456
2026-04-01 11:14:29,-95.6009,39.0819,713.9,2920.0,4.4,4.4,4.4,100,100,7.34,271,17.1,17.097395587174294,-0.29843615007754154,72456
2026-04-01 11:14:30,-95.6008,39.0819,713.3,2927.0,4.3,4.3,4.3,100,100,7.33,271,17.2,17.19738035668993,-0.3001813907212698,72456
2026-04-01 11:14:31,-95.6006,39.0819,712.8,2933.0,4.3,4.3,4.3,100,100,7.31,271,17.3,17.29736512620557,-0.30192663136499814,72456
2026-04-01 11:14:32,-95.6003,39.082,712.2,2940.0,4.2,4.2,4.2,100,100,7.29,271,17.3,17.29736512620557,-0.30192663136499814,72456
2026-04-01 11:14:33,-95.6001,39.082,711.7,2946.0,4.1,4.1,4.1,100,100,7.26,271,17.4,17.397349895721206,-0.3036718720087264,72456
2026-04-01 11:14:34,-95.5998,39.082,711.2,2951.0,4.1,4.1,4.1,100,100,7.25,271,17.5,17.497334665236846,-0.30541711265245475,72456
2026-04-01 11:14:35,-95.5996,39.0819,710.8,2955.0,4.1,4.1,4.1,100,100,7.24,271,17.5,17.497334665236846,-0.30541711265245475,72456
2026-04-01 11:14:36,-95.5993,39.0819,710.5,2959.0,4.1,4.1,4.1,100,100,7.23,271,17.6,17.59731943475249,-0.30716235329618313,72456
2026-04-01 11:14:37,-95.5992,39.0819,710.2,2962.0,3.9,3.9,3.9,100,100,7.15,271,17.7,17.697304204268125,-0.3089075939399114,72456
2026-04-01 11:14:38,-95.599,39.0819,709.9,2966.0,3.8,3.8,3.8,100,100,7.08,271,17.7,17.697304204268125,-0.3089075939399114,72456
2026-04-01 11:14:39,-95.5988,39.0819,709.6,2970.0,3.7,3.7,3.7,100,100,7.05,271,17.8,17.797288973783765,-0.31065283458363974,72456
2026-04-01 11:14:40,-95.5987,39.0819,709.2,2974.0,3.7,3.7,3.7,100,100,7.05,271,17.8,17.797288973783765,-0.31065283458363974,72456
2026-04-01 11:14:41,-95.5985,39.0819,708.7,2979.0,3.7,3.7,3.7,100,100,7.05,271,17.9,17.8972737432994,-0.312398075227368,72456
2026-04-01 11:14:42,-95.5983,39.0819,708.2,2985.0,3.6,3.6,3.6,100,100,7.04,271,17.9,17.8972737432994,-0.312398075227368,72456
2026-04-01 11:14:43,-95.5981,39.0819,707.7,2991.0,3.6,3.6,3.6,100,100,7.03,271,18.0,17.997258512815044,-0.31414331587109634,72456
2026-04-01 11:14:44,-95.5979,39.0818,707.2,2996.0,3.6,3.6,3.6,100,100,7.0,271,18.0,17.997258512815044,-0.31414331587109634,72456
2026-04-01 11:14:45,-95.5976,39.0818,706.9,3001.0,3.6,3.6,3.6,100,100,7.01,271,18.0,17.997258512815044,-0.31414331587109634,72456
2026-04-01 11:14:46,-95.5974,39.0818,706.5,3005.0,3.5,3.5,3.5,100,100,7.01,271,18.1,18.097243282330684,-0.31588855651482467,72456
2026-04-01 11:14:47,-95.5972,39.0819,706.1,3010.0,3.5,3.5,3.5,100,100,6.97,271,18.1,18.097243282330684,-0.31588855651482467,72456
2026-04-01 11:14:48,-95.597,39.0819,705.6,3015.0,3.5,3.2,3.2,98,98,6.86,271,18.1,18.097243282330684,-0.31588855651482467,72456
2026-04-01 11:14:49,-95.5968,39.0819,705.1,3021.0,3.5,3.0,3.0,97,97,6.77,271,18.2,18.19722805184632,-0.31763379715855294,72456
2026-04-01 11:14:50,-95.5966,39.0819,704.7,3026.0,3.4,3.0,3.0,97,97,6.76,271,18.2,18.19722805184632,-0.31763379715855294,72456
2026-04-01 11:14:51,-95.5964,39.0818,704.1,3032.0,3.4,3.1,3.1,98,98,6.82,271,18.3,18.29721282136196,-0.3193790378022813,72456
2026-04-01 11:14:52,-95.5962,39.0818,703.6,3038.0,3.4,3.3,3.3,99,99,6.91,271,18.3,18.29721282136196,-0.3193790378022813,72456
2026-04-01 11:14:53,-95.5959,39.0818,703.1,3044.0,3.4,3.3,3.3,100,100,6.93,270,18.4,18.4,3.3800251656466943e-15,72456
2026-04-01 11:14:54,-95.5957,39.0818,702.7,3049.0,3.4,3.2,3.2,99,99,6.85,270,18.4,18.4,3.3800251656466943e-15,72456
2026-04-01 11:14:55,-95.5955,39.0818,702.2,3054.0,3.3,3.1,3.1,98,98,6.81,270,18.5,18.5,3.398394867633905e-15,72456
2026-04-01 11:14:56,-95.5952,39.0818,701.8,3059.0,3.3,3.1,3.1,99,99,6.83,270,18.5,18.5,3.398394867633905e-15,72456
2026-04-01 11:14:57,-95.5951,39.0818,701.3,3065.0,3.2,3.2,3.2,100,100,6.9,269,18.6,18.59716712990888,0.3246147597334731,72456
2026-04-01 11:14:58,-95.5949,39.0818,700.8,3071.0,3.2,3.2,3.2,100,100,6.91,269,18.6,18.59716712990888,0.3246147597334731,72456
2026-04-01 11:14:59,-95.5947,39.0818,700.3,3077.0,3.2,3.2,3.2,100,100,6.91,269,18.7,18.697151899424515,0.3263600003772014,72456
2026-04-01 11:14:59,-95.5947,39.0818,700.0,3080.0,3.2,3.2,3.2,100,100,6.91,269,18.7,18.697151899424515,0.3263600003772014,72456
2026-04-01 11:15:00,-95.5944,39.0817,699.8,3082.0,3.2,3.2,3.2,100,100,6.91,269,18.7,18.697151899424515,0.3263600003772014,72456
2026-04-01 11:15:01,-95.5942,39.0817,699.4,3087.0,3.3,3.3,3.3,100,100,6.93,268,18.8,18.788547547959002,0.6561105380070144,72456
2026-04-01 11:15:02,-95.594,39.0818,699.0,3092.0,3.3,3.3,3.3,100,100,6.95,268,18.9,18.888486630660907,0.6596004876772643,72456
2026-04-01 11:15:03,-95.5937,39.0818,698.7,3095.0,3.2,3.2,3.2,100,100,6.93,268,18.9,18.888486630660907,0.6596004876772643,72456
2026-04-01 11:15:04,-95.5935,39.0818,698.4,3099.0,3.2,3.2,3.2,100,100,6.91,268,19.0,18.98842571336282,0.6630904373475145,72456
2026-04-01 11:15:05,-95.5934,39.0819,698.1,3103.0,3.2,3.2,3.2,100,100,6.91,268,19.0,18.98842571336282,0.6630904373475145,72456
2026-04-01 11:15:06,-95.5932,39.0819,697.8,3106.0,3.2,3.2,3.2,100,100,6.9,267,19.1,19.07382411381236,0.9996167642402364,72456
2026-04-01 11:15:07,-95.593,39.0819,697.5,3109.0,3.1,3.1,3.1,100,100,6.87,267,19.1,19.07382411381236,0.9996167642402364,72456
2026-04-01 11:15:08,-95.5928,39.082,697.2,3113.0,3.0,3.0,3.0,100,100,6.83,267,19.1,19.07382411381236,0.9996167642402364,72456
2026-04-01 11:15:09,-95.5926,39.082,696.8,3117.0,3.0,3.0,3.0,100,100,6.82,267,19.2,19.173687067287815,1.0048503598645306,72456
2026-04-01 11:15:10,-95.5923,39.082,696.5,3121.0,3.0,3.0,3.0,100,100,6.82,267,19.2,19.173687067287815,1.0048503598645306,72456
2026-04-01 11:15:11,-95.5921,39.082,696.1,3125.0,3.0,3.0,3.0,100,100,6.82,267,19.2,19.173687067287815,1.0048503598645306,72456
2026-04-01 11:15:12,-95.5918,39.0821,695.8,3130.0,2.9,2.9,2.9,100,100,6.81,267,19.2,19.173687067287815,1.0048503598645306,72456
2026-04-01 11:15:13,-95.5916,39.0821,695.4,3133.0,2.9,2.9,2.9,100,100,6.78,267,19.2,19.173687067287815,1.0048503598645306,72456
2026-04-01 11:15:14,-95.5913,39.0821,695.1,3137.0,2.8,2.8,2.8,100,100,6.77,267,19.2,19.173687067287815,1.0048503598645306,72456
2026-04-01 11:15:15,-95.5911,39.0821,694.7,3141.0,2.8,2.8,2.8,100,100,6.74,267,19.1,19.07382411381236,0.9996167642402364,72456
2026-04-01 11:15:16,-95.5908,39.0821,694.3,3146.0,2.8,2.8,2.8,100,100,6.74,267,19.1,19.07382411381236,0.9996167642402364,72456
2026-04-01 11:15:17,-95.5906,39.082,693.9,3151.0,2.7,2.7,2.7,100,100,6.74,267,19.1,19.07382411381236,0.9996167642402364,72456
2026-04-01 11:15:18,-95.5903,39.082,693.5,3156.0,2.7,2.7,2.7,100,100,6.74,267,19.0,18.973961160336902,0.9943831686159418,72456
2026-04-01 11:15:19,-95.5901,39.082,693.2,3160.0,2.7,2.6,2.6,100,100,6.67,267,18.9,18.874098206861444,0.9891495729916473,72456
2026-04-01 11:15:20,-95.5899,39.082,692.8,3164.0,2.6,2.4,2.4,99,99,6.59,267,18.9,18.874098206861444,0.9891495729916473,72456
2026-04-01 11:15:21,-95.5897,39.082,692.4,3169.0,2.5,2.4,2.4,99,99,6.58,267,18.8,18.77423525338599,0.983915977367353,72456
2026-04-01 11:15:22,-95.5895,39.082,691.9,3174.0,2.5,2.4,2.4,99,99,6.59,267,18.7,18.67437229991053,0.9786823817430585,72456
2026-04-01 11:15:23,-95.5893,39.082,691.5,3180.0,2.5,2.4,2.4,100,100,6.6,267,18.6,18.574509346435075,0.9734487861187642,72456
2026-04-01 11:15:24,-95.589,39.082,691.0,3185.0,2.4,2.4,2.4,100,100,6.59,267,18.5,18.474646392959617,0.9682151904944697,72456
2026-04-01 11:15:25,-95.5889,39.0821,690.7,3189.0,2.4,2.3,2.3,100,100,6.58,267,18.4,18.37478343948416,0.9629815948701752,72456
2026-04-01 11:15:26,-95.5887,39.0821,690.4,3193.0,2.4,2.3,2.3,100,100,6.57,267,18.3,18.274920486008703,0.9577479992458808,72456
2026-04-01 11:15:27,-95.5885,39.0821,690.0,3196.0,2.4,2.3,2.3,100,100,6.57,267,18.3,18.274920486008703,0.9577479992458808,72456
2026-04-01 11:15:28,-95.5883,39.0822,689.6,3201.0,2.3,2.3,2.3,100,100,6.57,267,18.2,18.17505753253324,0.9525144036215863,72456
2026-04-01 11:15:29,-95.5881,39.0822,689.2,3207.0,2.3,2.3,2.3,100,100,6.57,267,18.1,18.075194579057786,0.947280807997292,72456
2026-04-01 11:15:30,-95.5879,39.0822,688.6,3213.0,2.3,2.3,2.3,100,100,6.55,267,18.0,17.975331625582328,0.9420472123729975,72456
2026-04-01 11:15:31,-95.5876,39.0822,688.1,3219.0,2.2,2.2,2.2,100,100,6.54,267,17.9,17.87546867210687,0.936813616748703,72456
2026-04-01 11:15:32,-95.5874,39.0821,687.7,3224.0,2.2,2.2,2.2,100,100,6.53,267,17.9,17.87546867210687,0.936813616748703,72456
2026-04-01 11:15:33,-95.5872,39.0821,687.2,3230.0,2.2,2.1,2.1,100,100,6.5,267,17.8,17.775605718631414,0.9315800211244087,72456
2026-04-01 11:15:34,-95.5871,39.0821,686.8,3235.0,2.1,2.0,2.0,99,99,6.46,266,17.8,17.75664009462487,1.2416652326454354,72456
2026-04-01 11:15:35,-95.5869,39.0821,686.3,3240.0,2.1,1.9,1.9,99,99,6.41,266,17.8,17.75664009462487,1.2416652326454354,72456
2026-04-01 11:15:36,-95.5867,39.0821,685.8,3246.0,2.0,1.7,1.7,98,98,6.33,266,17.7,17.65688368959889,1.2346895852710227,72456
2026-04-01 11:15:37,-95.5865,39.0821,685.4,3251.0,1.9,1.5,1.5,97,97,6.25,266,17.7,17.65688368959889,1.2346895852710227,72456
2026-04-01 11:15:38,-95.5863,39.0822,685.1,3255.0,1.8,1.4,1.4,97,97,6.19,266,17.7,17.65688368959889,1.2346895852710227,72456
2026-04-01 11:15:39,-95.5861,39.0822,684.7,3259.0,1.8,1.3,1.3,97,97,6.15,266,17.7,17.65688368959889,1.2346895852710227,72456
2026-04-01 11:15:40,-95.586,39.0822,684.4,3262.0,1.7,1.2,1.2,97,97,6.11,266,17.8,17.75664009462487,1.2416652326454354,72456
2026-04-01 11:15:41,-95.5858,39.0822,684.1,3266.0,1.6,1.1,1.1,96,96,6.08,266,17.8,17.75664009462487,1.2416652326454354,72456
2026-04-01 11:15:42,-95.5856,39.0822,683.8,3270.0,1.6,1.0,1.0,96,96,6.05,265,17.8,17.732265626033072,1.551372220908317,72456
2026-04-01 11:15:43,-95.5854,39.0822,683.3,3275.0,1.5,1.0,1.0,96,96,6.01,265,17.8,17.732265626033072,1.551372220908317,72456
2026-04-01 11:15:44,-95.5852,39.0822,682.8,3281.0,1.5,0.9,0.9,96,96,6.01,265,17.9,17.831885095842242,1.5600877951830825,72456
2026-04-01 11:15:45,-95.585,39.0823,682.3,3287.0,1.4,1.0,1.0,97,97,6.03,265,17.9,17.831885095842242,1.5600877951830825,72456
2026-04-01 11:15:46,-95.5847,39.0823,681.9,3293.0,1.4,0.9,0.9,97,97,6.02,265,17.9,17.831885095842242,1.5600877951830825,72456
2026-04-01 11:15:47,-95.5845,39.0823,681.5,3297.0,1.4,0.9,0.9,97,97,6.0,265,18.0,17.93150456565142,1.5688033694578485,72456
2026-04-01 11:15:48,-95.5843,39.0824,681.1,3301.0,1.3,0.9,0.9,97,97,5.99,265,18.0,17.93150456565142,1.5688033694578485,72456
2026-04-01 11:15:49,-95.584,39.0824,680.9,3305.0,1.3,0.8,0.8,97,97,5.98,265,18.0,17.93150456565142,1.5688033694578485,72456
2026-04-01 11:15:50,-95.5838,39.0824,680.6,3308.0,1.3,0.8,0.8,97,97,5.98,265,18.1,18.031124035460596,1.5775189437326145,72456
2026-04-01 11:15:51,-95.5836,39.0824,680.3,3311.0,1.3,0.8,0.8,97,97,5.97,265,18.1,18.031124035460596,1.5775189437326145,72456
2026-04-01 11:15:52,-95.5833,39.0824,680.0,3315.0,1.2,0.8,0.8,97,97,5.97,264,18.1,18.00084630616575,1.891965185144526,72456
2026-04-01 11:15:53,-95.5831,39.0824,679.6,3320.0,1.2,0.8,0.8,97,97,5.97,264,18.1,18.00084630616575,1.891965185144526,72456
2026-04-01 11:15:54,-95.5829,39.0824,679.1,3325.0,1.2,0.8,0.8,97,97,5.97,264,18.2,18.100298495702575,1.902418031471291,72456
2026-04-01 11:15:55,-95.5827,39.0824,678.6,3331.0,1.1,0.7,0.7,97,97,5.95,264,18.2,18.100298495702575,1.902418031471291,72456
2026-04-01 11:15:56,-95.5825,39.0824,678.1,3337.0,1.1,0.6,0.6,97,97,5.92,264,18.2,18.100298495702575,1.902418031471291,72456
2026-04-01 11:15:57,-95.5823,39.0825,677.7,3343.0,1.0,0.6,0.6,97,97,5.89,264,18.2,18.100298495702575,1.902418031471291,72456
2026-04-01 11:15:58,-95.5821,39.0825,677.2,3348.0,1.0,0.5,0.5,97,97,5.87,264,18.2,18.100298495702575,1.902418031471291,72456
2026-04-01 11:15:59,-95.5819,39.0826,676.8,3352.0,1.0,0.5,0.5,97,97,5.87,264,18.2,18.100298495702575,1.902418031471291,72456
2026-04-01 11:16:00,-95.5817,39.0826,676.4,3358.0,0.9,0.5,0.5,97,97,5.86,263,18.2,18.06433995987206,2.2180220499736785,72456
2026-04-01 11:16:01,-95.5815,39.0826,675.9,3363.0,0.9,0.3,0.3,96,96,5.8,263,18.2,18.06433995987206,2.2180220499736785,72456
2026-04-01 11:16:02,-95.5813,39.0826,675.4,3370.0,0.8,0.0,0.0,95,95,5.69,263,18.2,18.06433995987206,2.2180220499736785,72456
2026-04-01 11:16:03,-95.5811,39.0826,674.9,3376.0,0.7,-0.2,-0.2,94,94,5.58,263,18.2,18.06433995987206,2.2180220499736785,72456
2026-04-01 11:16:04,-95.581,39.0826,674.3,3382.0,0.6,-0.4,-0.3,93,93,5.53,263,18.2,18.06433995987206,2.2180220499736785,72456
2026-04-01 11:16:05,-95.5808,39.0826,673.8,3388.0,0.5,-0.4,-0.4,93,93,5.5,262,18.2,18.02287885109658,2.532950437473198,72456
2026-04-01 11:16:06,-95.5806,39.0826,673.3,3395.0,0.5,-0.6,-0.5,93,93,5.45,262,18.2,18.02287885109658,2.532950437473198,72456
2026-04-01 11:16:07,-95.5804,39.0826,672.7,3402.0,0.4,-0.8,-0.7,92,92,5.37,262,18.2,18.02287885109658,2.532950437473198,72456
2026-04-01 11:16:08,-95.5801,39.0827,672.1,3408.0,0.3,-1.0,-0.9,91,91,5.29,262,18.2,18.02287885109658,2.532950437473198,72456
2026-04-01 11:16:09,-95.5799,39.0827,671.6,3415.0,0.3,-1.1,-1.0,90,90,5.25,261,18.2,17.975927798831506,2.847107263732205,72456
2026-04-01 11:16:10,-95.5797,39.0828,671.1,3421.0,0.2,-1.2,-1.1,90,90,5.21,261,18.2,17.975927798831506,2.847107263732205,72456
2026-04-01 11:16:11,-95.5795,39.0828,670.6,3427.0,0.1,-1.5,-1.3,89,89,5.13,261,18.2,17.975927798831506,2.847107263732205,72456
2026-04-01 11:16:12,-95.5792,39.0828,670.2,3432.0,-0.0,-1.7,-1.5,89,89,5.05,260,18.2,17.923501104822186,3.160396833538132,72456
2026-04-01 11:16:13,-95.579,39.0828,669.8,3436.0,-0.1,-1.7,-1.5,89,89,5.05,260,18.2,17.923501104822186,3.160396833538132,72456
2026-04-01 11:16:14,-95.5788,39.0828,669.5,3441.0,-0.0,-1.6,-1.4,89,89,5.09,260,18.2,17.923501104822186,3.160396833538132,72456
2026-04-01 11:16:15,-95.5786,39.0828,669.0,3446.0,-0.0,-1.6,-1.4,89,89,5.1,260,18.2,17.923501104822186,3.160396833538132,72456
2026-04-01 11:16:16,-95.5784,39.0828,668.6,3451.0,-0.1,-1.7,-1.5,89,89,5.06,260,18.2,17.923501104822186,3.160396833538132,72456
2026-04-01 11:16:17,-95.5782,39.0829,668.1,3457.0,-0.2,-1.8,-1.6,89,89,5.04,259,18.2,17.865614738747485,3.4727237158531117,72456
2026-04-01 11:16:18,-95.578,39.083,667.6,3462.0,-0.2,-1.7,-1.5,90,90,5.07,259,18.2,17.865614738747485,3.4727237158531117,72456
2026-04-01 11:16:19,-95.5777,39.083,667.2,3468.0,-0.2,-1.6,-1.4,90,90,5.12,259,18.2,17.865614738747485,3.4727237158531117,72456
2026-04-01 11:16:20,-95.5775,39.0831,666.7,3473.0,-0.2,-1.6,-1.4,90,90,5.13,259,18.2,17.865614738747485,3.4727237158531117,72456
2026-04-01 11:16:21,-95.5773,39.0831,666.3,3478.0,-0.2,-1.5,-1.4,90,91,5.13,259,18.2,17.865614738747485,3.4727237158531117,72456
2026-04-01 11:16:22,-95.5771,39.0832,665.9,3483.0,-0.2,-1.5,-1.3,91,91,5.16,259,18.2,17.865614738747485,3.4727237158531117,72456
2026-04-01 11:16:23,-95.5769,39.0832,665.5,3488.0,-0.2,-1.5,-1.3,91,91,5.17,259,18.2,17.865614738747485,3.4727237158531117,72456
2026-04-01 11:16:24,-95.5767,39.0832,665.1,3493.0,-0.2,-1.4,-1.3,91,92,5.18,259,18.2,17.865614738747485,3.4727237158531117,72456
2026-04-01 11:16:25,-95.5766,39.0833,664.7,3497.0,-0.2,-1.3,-1.2,92,92,5.22,259,18.2,17.865614738747485,3.4727237158531117,72456
2026-04-01 11:16:26,-95.5764,39.0833,664.4,3502.0,-0.2,-1.2,-1.1,93,93,5.28,259,18.2,17.865614738747485,3.4727237158531117,72456
2026-04-01 11:16:27,-95.5762,39.0834,664.0,3506.0,-0.2,-1.2,-1.1,93,93,5.29,259,18.2,17.865614738747485,3.4727237158531117,72456
2026-04-01 11:16:28,-95.576,39.0834,663.6,3511.0,-0.2,-1.2,-1.1,93,93,5.28,260,18.2,17.923501104822186,3.160396833538132,72456
2026-04-01 11:16:29,-95.5758,39.0835,663.1,3517.0,-0.2,-1.2,-1.1,93,93,5.3,260,18.2,17.923501104822186,3.160396833538132,72456
2026-04-01 11:16:30,-95.5756,39.0835,662.6,3523.0,-0.3,-1.2,-1.0,94,94,5.31,260,18.1,17.825020329520967,3.143032015771439,72456
2026-04-01 11:16:31,-95.5754,39.0835,662.0,3530.0,-0.3,-1.3,-1.1,93,94,5.27,260,18.1,17.825020329520967,3.143032015771439,72456
2026-04-01 11:16:32,-95.5752,39.0835,661.5,3536.0,-0.4,-1.4,-1.3,92,93,5.21,260,18.1,17.825020329520967,3.143032015771439,72456
2026-04-01 11:16:33,-95.5749,39.0835,661.1,3541.0,-0.4,-1.7,-1.5,91,91,5.12,260,18.1,17.825020329520967,3.143032015771439,72456
2026-04-01 11:16:34,-95.5747,39.0835,660.7,3546.0,-0.6,-2.1,-1.9,89,90,4.97,261,18.1,17.877158964771994,2.831463817228182,72456
2026-04-01 11:16:35,-95.5745,39.0835,660.4,3550.0,-0.7,-2.5,-2.2,88,88,4.83,261,18.1,17.877158964771994,2.831463817228182,72456
2026-04-01 11:16:36,-95.5743,39.0835,660.0,3554.0,-0.8,-2.8,-2.5,86,86,4.7,261,18.1,17.877158964771994,2.831463817228182,72456
2026-04-01 11:16:37,-95.5741,39.0836,659.6,3559.0,-0.8,-3.3,-2.9,83,84,4.55,261,18.1,17.877158964771994,2.831463817228182,72456
2026-04-01 11:16:38,-95.5738,39.0836,659.2,3565.0,-0.9,-3.9,-3.4,80,81,4.36,261,18.1,17.877158964771994,2.831463817228182,72456
2026-04-01 11:16:39,-95.5736,39.0836,658.6,3571.0,-1.0,-4.5,-4.0,77,78,4.17,261,18.1,17.877158964771994,2.831463817228182,72456
2026-04-01 11:16:40,-95.5734,39.0836,658.1,3578.0,-1.1,-4.9,-4.3,75,76,4.04,261,18.2,17.975927798831506,2.847107263732205,72456
2026-04-01 11:16:41,-95.5733,39.0837,657.5,3585.0,-1.1,-5.0,-4.5,75,76,4.0,261,18.2,17.975927798831506,2.847107263732205,72456
2026-04-01 11:16:42,-95.5731,39.0837,657.0,3591.0,-1.2,-4.9,-4.4,76,77,4.03,261,18.2,17.975927798831506,2.847107263732205,72456
2026-04-01 11:16:43,-95.5729,39.0837,656.6,3596.0,-1.3,-4.8,-4.2,77,78,4.08,260,18.2,17.923501104822186,3.160396833538132,72456
2026-04-01 11:16:44,-95.5727,39.0837,656.2,3601.0,-1.3,-4.7,-4.2,78,79,4.12,260,18.2,17.923501104822186,3.160396833538132,72456
2026-04-01 11:16:45,-95.5725,39.0837,655.8,3605.0,-1.4,-4.6,-4.1,79,80,4.15,260,18.2,17.923501104822186,3.160396833538132,72456
2026-04-01 11:16:46,-95.5722,39.0837,655.5,3609.0,-1.4,-4.6,-4.1,79,80,4.16,259,18.2,17.865614738747485,3.4727237158531117,72456
2026-04-01 11:16:47,-95.572,39.0837,655.2,3613.0,-1.5,-4.6,-4.1,79,80,4.14,259,18.2,17.865614738747485,3.4727237158531117,72456
2026-04-01 11:16:48,-95.5718,39.0838,654.9,3617.0,-1.5,-4.7,-4.2,79,80,4.13,258,18.2,17.802286333355262,3.783992772883228,72456
2026-04-01 11:16:49,-95.5716,39.0838,654.4,3622.0,-1.5,-4.7,-4.2,79,80,4.12,258,18.2,17.802286333355262,3.783992772883228,72456
2026-04-01 11:16:50,-95.5713,39.0839,653.9,3628.0,-1.6,-4.8,-4.2,79,80,4.11,257,18.1,17.63609817261276,4.071614083623961,72456
2026-04-01 11:16:51,-95.5711,39.0839,653.4,3634.0,-1.6,-4.8,-4.3,79,80,4.1,257,18.1,17.63609817261276,4.071614083623961,72456
2026-04-01 11:16:52,-95.571,39.0839,653.0,3639.0,-1.6,-4.8,-4.3,79,80,4.1,256,18.1,17.56235264559554,4.378786310353988,72456
2026-04-01 11:16:53,-95.5708,39.084,652.6,3644.0,-1.6,-4.8,-4.2,79,80,4.12,256,18.1,17.56235264559554,4.378786310353988,72456
2026-04-01 11:16:54,-95.5705,39.084,652.3,3648.0,-1.5,-4.8,-4.2,79,80,4.12,255,18.1,17.48325745583214,4.684624716355624,72456
2026-04-01 11:16:55,-95.5703,39.084,651.9,3652.0,-1.6,-4.8,-4.3,79,80,4.1,254,18.0,17.302710526889744,4.9614724047059795,72456
2026-04-01 11:16:56,-95.5701,39.0841,651.5,3657.0,-1.6,-4.9,-4.3,78,79,4.08,254,18.0,17.302710526889744,4.9614724047059795,72456
2026-04-01 11:16:57,-95.5699,39.0841,651.1,3663.0,-1.6,-5.0,-4.4,78,79,4.07,253,18.0,17.213485607334636,5.262690685009268,72456
2026-04-01 11:16:58,-95.5697,39.0842,650.6,3669.0,-1.6,-5.1,-4.6,77,78,4.01,252,18.0,17.119017293312762,5.562305898749056,72456
2026-04-01 11:16:59,-95.5695,39.0843,650.1,3675.0,-1.7,-5.5,-4.9,75,77,3.91,252,17.9,17.023911641683245,5.531404199311561,72456
2026-04-01 11:17:00,-95.5694,39.0844,649.6,3681.0,-1.7,-5.7,-5.1,74,76,3.85,251,17.9,16.92478250322777,5.827669964783103,72456
2026-04-01 11:17:01,-95.5692,39.0845,649.1,3687.0,-1.7,-5.8,-5.1,74,75,3.83,250,17.8,16.72652864998917,6.0879585511969,72456
2026-04-01 11:17:02,-95.5691,39.0845,648.6,3693.0,-1.8,-5.9,-5.2,73,74,3.8,250,17.8,16.72652864998917,6.0879585511969,72456
2026-04-01 11:17:03,-95.5689,39.0846,648.1,3700.0,-1.8,-6.0,-5.4,73,74,3.76,249,17.8,16.617731591650188,6.378949501906353,72456
2026-04-01 11:17:04,-95.5686,39.0846,647.6,3706.0,-1.8,-6.1,-5.4,72,73,3.74,248,17.7,16.411154225832135,6.630536703461647,72456
2026-04-01 11:17:05,-95.5684,39.0847,647.2,3711.0,-1.8,-6.2,-5.5,72,73,3.73,248,17.7,16.411154225832135,6.630536703461647,72456
2026-04-01 11:17:06,-95.5682,39.0848,646.8,3716.0,-1.8,-6.2,-5.5,72,73,3.72,247,17.6,16.20088542076295,6.8768678614112195,72456
2026-04-01 11:17:07,-95.568,39.0849,646.4,3720.0,-1.8,-6.3,-5.6,71,72,3.68,247,17.6,16.20088542076295,6.8768678614112195,72456
2026-04-01 11:17:08,-95.5678,39.0849,646.0,3726.0,-1.9,-6.6,-5.8,70,71,3.62,246,17.5,15.987045508745517,7.117891253826501,72456
2026-04-01 11:17:09,-95.5677,39.085,645.6,3731.0,-1.9,-6.8,-6.0,69,71,3.57,246,17.5,15.987045508745517,7.117891253826501,72456
2026-04-01 11:17:10,-95.5675,39.085,645.2,3736.0,-1.9,-6.8,-6.0,69,70,3.56,245,17.4,15.76975549443771,7.353557754288165,72456
2026-04-01 11:17:11,-95.5673,39.0851,644.8,3740.0,-1.9,-6.9,-6.1,69,70,3.54,245,17.4,15.76975549443771,7.353557754288165,72456
2026-04-01 11:17:12,-95.5671,39.0851,644.4,3746.0,-1.9,-6.9,-6.1,69,70,3.53,244,17.3,15.549137000975586,7.583820839451045,72456
2026-04-01 11:17:13,-95.5669,39.0852,643.9,3752.0,-1.9,-6.9,-6.2,68,70,3.53,244,17.3,15.549137000975586,7.583820839451045,72456
2026-04-01 11:17:14,-95.5668,39.0852,643.4,3758.0,-1.9,-7.3,-6.5,67,68,3.44,244,17.2,15.459257596345669,7.539983724772137,72456
2026-04-01 11:17:15,-95.5666,39.0853,642.9,3763.0,-1.9,-7.6,-6.7,65,66,3.37,243,17.2,15.325312216039926,7.808636595520207,72456
2026-04-01 11:17:16,-95.5664,39.0855,642.5,3769.0,-1.9,-7.6,-6.8,65,66,3.36,243,17.1,15.23621156362109,7.763237545546254,72456
2026-04-01 11:17:17,-95.5663,39.0855,642.1,3774.0,-1.9,-7.6,-6.7,65,66,3.37,243,17.1,15.23621156362109,7.763237545546254,72456
2026-04-01 11:17:18,-95.5661,39.0856,641.6,3780.0,-1.9,-7.6,-6.7,65,66,3.37,243,17.0,15.147110911202253,7.717838495572298,72456
2026-04-01 11:17:19,-95.566,39.0857,641.0,3787.0,-1.9,-7.6,-6.8,65,66,3.36,242,17.0,15.010109078601758,7.981016567360143,72456
2026-04-01 11:17:20,-95.5658,39.0857,640.4,3794.0,-1.9,-7.8,-6.9,64,65,3.33,242,16.9,14.921814319315866,7.934069411081553,72456
2026-04-01 11:17:21,-95.5657,39.0857,639.8,3802.0,-1.9,-7.9,-7.0,64,65,3.31,242,16.9,14.921814319315866,7.934069411081553,72456
2026-04-01 11:17:22,-95.5655,39.0858,639.2,3809.0,-1.9,-8.0,-7.1,63,64,3.27,242,16.8,14.833519560029973,7.887122254802965,72456
2026-04-01 11:17:23,-95.5653,39.0859,638.8,3815.0,-2.0,-8.2,-7.3,63,64,3.22,242,16.8,14.833519560029973,7.887122254802965,72456
2026-04-01 11:17:24,-95.5652,39.086,638.5,3819.0,-2.0,-8.3,-7.3,62,64,3.21,242,16.7,14.74522480074408,7.840175098524375,72456
2026-04-01 11:17:25,-95.565,39.0862,638.2,3822.0,-2.0,-8.3,-7.4,62,63,3.21,242,16.7,14.74522480074408,7.840175098524375,72456
2026-04-01 11:17:26,-95.5648,39.0863,637.9,3826.0,-2.0,-8.5,-7.5,61,62,3.17,242,16.6,14.656930041458189,7.793227942245787,72456
2026-04-01 11:17:27,-95.5646,39.0863,637.6,3830.0,-2.0,-8.6,-7.7,60,61,3.12,242,16.6,14.656930041458189,7.793227942245787,72456
2026-04-01 11:17:28,-95.5644,39.0864,637.2,3835.0,-1.9,-8.8,-7.9,59,60,3.08,242,16.5,14.568635282172295,7.746280785967198,72456
2026-04-01 11:17:29,-95.5642,39.0865,636.7,3840.0,-2.0,-9.3,-8.3,57,58,2.97,241,16.5,14.431225167800033,7.9993587340645576,72456
2026-04-01 11:17:30,-95.5641,39.0865,636.2,3846.0,-2.0,-9.9,-8.9,55,56,2.82,241,16.4,14.343763197086092,7.950877772039924,72456
2026-04-01 11:17:31,-95.5639,39.0865,635.8,3852.0,-2.1,-10.4,-9.2,53,54,2.73,241,16.4,14.343763197086092,7.950877772039924,72456
2026-04-01 11:17:32,-95.5637,39.0866,635.3,3858.0,-2.1,-10.6,-9.4,52,53,2.69,241,16.3,14.256301226372155,7.902396810015291,72456
2026-04-01 11:17:33,-95.5635,39.0866,634.8,3864.0,-2.0,-10.7,-9.5,51,52,2.66,241,16.3,14.256301226372155,7.902396810015291,72456
2026-04-01 11:17:34,-95.5633,39.0867,634.4,3869.0,-1.9,-10.8,-9.6,51,52,2.64,241,16.2,14.168839255658215,7.853915847990656,72456
2026-04-01 11:17:35,-95.5632,39.0867,634.0,3874.0,-1.9,-10.9,-9.7,50,51,2.63,241,16.2,14.168839255658215,7.853915847990656,72456
2026-04-01 11:17:36,-95.5631,39.0868,633.7,3879.0,-1.8,-10.9,-9.7,50,51,2.63,241,16.2,14.168839255658215,7.853915847990656,72456
2026-04-01 11:17:37,-95.563,39.0869,633.3,3883.0,-1.8,-10.8,-9.7,50,51,2.64,241,16.2,14.168839255658215,7.853915847990656,72456
2026-04-01 11:17:38,-95.5628,39.087,633.0,3887.0,-1.7,-10.8,-9.6,50,51,2.65,241,16.1,14.081377284944276,7.805434885966024,72456
2026-04-01 11:17:39,-95.5627,39.0871,632.7,3891.0,-1.7,-10.8,-9.6,50,51,2.65,241,16.1,14.081377284944276,7.805434885966024,72456
2026-04-01 11:17:40,-95.5625,39.0872,632.4,3894.0,-1.7,-10.9,-9.7,49,50,2.64,241,16.1,14.081377284944276,7.805434885966024,72456
2026-04-01 11:17:41,-95.5624,39.0872,632.2,3898.0,-1.7,-11.0,-9.8,49,50,2.62,241,16.1,14.081377284944276,7.805434885966024,72456
2026-04-01 11:17:42,-95.5622,39.0873,631.9,3901.0,-1.7,-11.0,-9.8,49,50,2.6,240,16.1,13.94300900092946,8.050000000000008,72456
2026-04-01 11:17:43,-95.562,39.0873,631.5,3906.0,-1.6,-11.0,-9.8,49,50,2.62,240,16.1,13.94300900092946,8.050000000000008,72456
2026-04-01 11:17:44,-95.5619,39.0874,631.1,3911.0,-1.6,-10.9,-9.8,49,50,2.63,240,16.1,13.94300900092946,8.050000000000008,72456
2026-04-01 11:17:45,-95.5617,39.0875,630.6,3917.0,-1.6,-11.0,-9.8,49,50,2.63,240,16.1,13.94300900092946,8.050000000000008,72456
2026-04-01 11:17:46,-95.5615,39.0876,630.1,3923.0,-1.6,-11.0,-9.8,49,49,2.63,240,16.1,13.94300900092946,8.050000000000008,72456
2026-04-01 11:17:47,-95.5614,39.0877,629.6,3929.0,-1.6,-11.1,-9.9,48,49,2.61,240,16.1,13.94300900092946,8.050000000000008,72456
2026-04-01 11:17:48,-95.5613,39.0877,629.1,3936.0,-1.6,-11.2,-10.0,48,49,2.58,240,16.1,13.94300900092946,8.050000000000008,72456
2026-04-01 11:17:49,-95.5611,39.0878,628.6,3942.0,-1.6,-11.3,-10.1,47,48,2.56,240,16.1,13.94300900092946,8.050000000000008,72456
2026-04-01 11:17:50,-95.561,39.0878,628.2,3948.0,-1.6,-11.4,-10.2,47,48,2.54,239,16.1,13.800393541304006,8.292113006051876,72456
2026-04-01 11:17:51,-95.5608,39.0879,627.7,3954.0,-1.7,-11.5,-10.3,47,48,2.52,239,16.1,13.800393541304006,8.292113006051876,72456
2026-04-01 11:17:52,-95.5606,39.0879,627.3,3959.0,-1.7,-11.6,-10.3,47,48,2.51,239,16.1,13.800393541304006,8.292113006051876,72456
2026-04-01 11:17:53,-95.5604,39.088,626.9,3964.0,-1.7,-11.6,-10.4,47,47,2.5,239,16.1,13.800393541304006,8.292113006051876,72456
2026-04-01 11:17:54,-95.5602,39.0881,626.5,3969.0,-1.7,-11.7,-10.4,47,47,2.5,239,16.2,13.886110271374216,8.34361681354288,72456
2026-04-01 11:17:55,-95.56,39.0882,626.0,3975.0,-1.7,-11.6,-10.4,47,47,2.51,239,16.2,13.886110271374216,8.34361681354288,72456
2026-04-01 11:17:56,-95.5598,39.0883,625.6,3981.0,-1.7,-11.6,-10.3,47,48,2.52,239,16.2,13.886110271374216,8.34361681354288,72456
2026-04-01 11:17:57,-95.5597,39.0884,625.1,3987.0,-1.8,-11.5,-10.3,47,48,2.53,239,16.2,13.886110271374216,8.34361681354288,72456
2026-04-01 11:17:58,-95.5596,39.0885,624.7,3992.0,-1.8,-11.5,-10.3,47,48,2.53,239,16.2,13.886110271374216,8.34361681354288,72456
2026-04-01 11:17:59,-95.5594,39.0886,624.4,3997.0,-1.9,-11.5,-10.3,48,49,2.54,238,16.2,13.7383791577341,8.584692080577922,72456
2026-04-01 11:18:00,-95.5593,39.0887,624.0,4000.0,-1.9,-11.5,-10.2,48,49,2.54,238,16.3,13.823183967349744,8.637684007001242,72456
2026-04-01 11:18:01,-95.5592,39.0888,623.7,4005.0,-1.9,-11.5,-10.2,48,49,2.55,238,16.3,13.823183967349744,8.637684007001242,72456
2026-04-01 11:18:02,-95.559,39.0889,623.4,4009.0,-2.0,-11.5,-10.2,48,49,2.55,238,16.3,13.823183967349744,8.637684007001242,72456
2026-04-01 11:18:03,-95.5589,39.0889,623.0,4014.0,-2.0,-11.5,-10.3,48,49,2.54,238,16.3,13.823183967349744,8.637684007001242,72456
2026-04-01 11:18:04,-95.5587,39.089,622.6,4019.0,-2.0,-11.5,-10.3,48,49,2.54,238,16.4,13.907988776965384,8.690675933424561,72456
2026-04-01 11:18:05,-95.5585,39.089,622.2,4024.0,-2.1,-11.5,-10.2,49,50,2.56,238,16.4,13.907988776965384,8.690675933424561,72456
2026-04-01 11:18:06,-95.5583,39.0891,621.9,4028.0,-2.1,-11.4,-10.2,49,50,2.57,238,16.4,13.907988776965384,8.690675933424561,72456
2026-04-01 11:18:07,-95.5581,39.0891,621.6,4032.0,-2.1,-11.4,-10.2,49,50,2.57,237,16.5,13.838064371099499,8.986544077747945,72456
2026-04-01 11:18:08,-95.558,39.0892,621.3,4035.0,-2.2,-11.4,-10.2,49,50,2.57,237,16.5,13.838064371099499,8.986544077747945,72456
2026-04-01 11:18:09,-95.5578,39.0893,621.0,4039.0,-2.2,-11.4,-10.2,49,50,2.58,237,16.5,13.838064371099499,8.986544077747945,72456
2026-04-01 11:18:10,-95.5577,39.0893,620.7,4043.0,-2.2,-11.3,-10.1,50,51,2.59,237,16.6,13.921931427894043,9.041007981249448,72456
2026-04-01 11:18:11,-95.5575,39.0894,620.4,4047.0,-2.3,-11.3,-10.1,50,51,2.6,237,16.6,13.921931427894043,9.041007981249448,72456
2026-04-01 11:18:12,-95.5574,39.0895,620.0,4052.0,-2.3,-11.2,-10.0,50,51,2.61,236,16.7,13.844927461669199,9.338521487961467,72456
2026-04-01 11:18:13,-95.5573,39.0896,619.6,4058.0,-2.3,-11.2,-10.0,51,52,2.62,236,16.7,13.844927461669199,9.338521487961467,72456
2026-04-01 11:18:14,-95.5572,39.0897,619.1,4064.0,-2.4,-11.1,-9.9,51,52,2.64,236,16.7,13.844927461669199,9.338521487961467,72456
2026-04-01 11:18:15,-95.557,39.0898,618.6,4071.0,-2.4,-11.1,-9.9,51,53,2.65,236,16.7,13.844927461669199,9.338521487961467,72456
2026-04-01 11:18:16,-95.5568,39.0898,618.1,4077.0,-2.5,-11.1,-9.9,52,53,2.65,235,16.8,13.76175434405506,9.63608413069758,72456
2026-04-01 11:18:17,-95.5566,39.0899,617.7,4081.0,-2.5,-11.1,-9.9,52,53,2.66,235,16.8,13.76175434405506,9.63608413069758,72456
2026-04-01 11:18:18,-95.5564,39.0901,617.4,4086.0,-2.6,-11.1,-9.9,52,53,2.66,235,16.8,13.76175434405506,9.63608413069758,72456
2026-04-01 11:18:19,-95.5562,39.0902,617.1,4090.0,-2.6,-11.1,-9.9,52,53,2.66,235,16.8,13.76175434405506,9.63608413069758,72456
2026-04-01 11:18:20,-95.556,39.0903,616.7,4094.0,-2.6,-11.1,-9.9,52,53,2.65,234,16.8,13.591485505499115,9.874792238513551,72456
2026-04-01 11:18:21,-95.5559,39.0904,616.3,4099.0,-2.7,-11.1,-9.9,52,54,2.66,234,16.8,13.591485505499115,9.874792238513551,72456
2026-04-01 11:18:22,-95.5557,39.0905,615.9,4105.0,-2.8,-11.1,-9.9,53,54,2.66,234,16.8,13.591485505499115,9.874792238513551,72456
2026-04-01 11:18:23,-95.5555,39.0906,615.5,4110.0,-2.8,-11.1,-9.9,53,54,2.66,234,16.8,13.591485505499115,9.874792238513551,72456
2026-04-01 11:18:24,-95.5553,39.0907,615.2,4114.0,-2.8,-11.1,-9.9,53,54,2.66,233,16.8,13.41707656879452,10.11049238895441,72456
2026-04-01 11:18:25,-95.5552,39.0908,614.8,4119.0,-2.9,-11.1,-9.9,53,55,2.67,233,16.8,13.41707656879452,10.11049238895441,72456
2026-04-01 11:18:26,-95.5551,39.0909,614.4,4124.0,-2.9,-11.1,-9.9,53,55,2.67,233,16.7,13.33721301778979,10.050310886639206,72456
2026-04-01 11:18:27,-95.5549,39.091,614.0,4129.0,-3.0,-11.1,-9.9,54,55,2.67,233,16.7,13.33721301778979,10.050310886639206,72456
2026-04-01 11:18:28,-95.5548,39.091,613.6,4134.0,-3.1,-11.0,-9.8,54,56,2.69,232,16.7,13.15977958523226,10.28154663793849,72456
2026-04-01 11:18:29,-95.5547,39.0911,613.2,4139.0,-3.1,-10.9,-9.7,55,57,2.72,232,16.6,13.080978509871588,10.219980490405925,72456
2026-04-01 11:18:30,-95.5545,39.0912,612.8,4145.0,-3.2,-10.9,-9.7,55,57,2.72,232,16.6,13.080978509871588,10.219980490405925,72456
2026-04-01 11:18:31,-95.5544,39.0913,612.4,4150.0,-3.2,-10.9,-9.7,55,57,2.72,232,16.5,13.002177434510916,10.158414342873359,72456
2026-04-01 11:18:32,-95.5542,39.0914,612.0,4155.0,-3.3,-10.9,-9.7,55,57,2.71,232,16.5,13.002177434510916,10.158414342873359,72456
2026-04-01 11:18:33,-95.5541,39.0916,611.7,4159.0,-3.3,-10.9,-9.7,56,57,2.72,232,16.5,13.002177434510916,10.158414342873359,72456
2026-04-01 11:18:34,-95.5539,39.0917,611.3,4164.0,-3.3,-10.9,-9.7,56,58,2.73,232,16.4,12.923376359150241,10.096848195340792,72456
2026-04-01 11:18:35,-95.5538,39.0918,610.9,4170.0,-3.4,-10.8,-9.7,56,58,2.74,232,16.4,12.923376359150241,10.096848195340792,72456
2026-04-01 11:18:36,-95.5537,39.0918,610.4,4176.0,-3.5,-10.9,-9.7,57,58,2.73,232,16.4,12.923376359150241,10.096848195340792,72456
2026-04-01 11:18:37,-95.5535,39.0919,610.0,4181.0,-3.5,-10.9,-9.7,57,58,2.72,232,16.3,12.84457528378957,10.035282047808227,72456
2026-04-01 11:18:38,-95.5534,39.0919,609.6,4186.0,-3.6,-10.9,-9.7,57,59,2.73,232,16.3,12.84457528378957,10.035282047808227,72456
2026-04-01 11:18:39,-95.5533,39.092,609.3,4190.0,-3.6,-10.9,-9.7,57,59,2.74,232,16.3,12.84457528378957,10.035282047808227,72456
2026-04-01 11:18:40,-95.5531,39.092,609.0,4194.0,-3.6,-10.8,-9.7,57,59,2.75,233,16.3,13.017758813770874,9.809584877378388,72456
2026-04-01 11:18:41,-95.553,39.0921,608.7,4198.0,-3.7,-10.8,-9.7,58,60,2.75,233,16.3,13.017758813770874,9.809584877378388,72456
2026-04-01 11:18:42,-95.5528,39.0922,608.4,4202.0,-3.7,-10.9,-9.7,58,60,2.75,233,16.3,13.017758813770874,9.809584877378388,72456
2026-04-01 11:18:43,-95.5527,39.0924,608.1,4206.0,-3.8,-10.8,-9.7,58,60,2.75,233,16.3,13.017758813770874,9.809584877378388,72456
2026-04-01 11:18:44,-95.5525,39.0925,607.7,4211.0,-3.8,-10.8,-9.6,58,61,2.77,233,16.4,13.097622364775601,9.86976637969359,72456
2026-04-01 11:18:45,-95.5524,39.0925,607.2,4217.0,-3.9,-10.8,-9.6,59,61,2.77,233,16.4,13.097622364775601,9.86976637969359,72456
2026-04-01 11:18:46,-95.5522,39.0926,606.7,4223.0,-3.9,-10.8,-9.6,59,61,2.77,234,16.4,13.267878707749135,9.63967813759656,72456
2026-04-01 11:18:47,-95.5521,39.0927,606.3,4229.0,-4.0,-10.8,-9.6,59,62,2.77,234,16.5,13.34878040718663,9.698456662825809,72456
2026-04-01 11:18:48,-95.552,39.0928,605.9,4235.0,-4.1,-10.8,-9.6,60,62,2.78,234,16.5,13.34878040718663,9.698456662825809,72456
2026-04-01 11:18:49,-95.5518,39.093,605.5,4239.0,-4.1,-10.8,-9.6,60,62,2.78,234,16.6,13.429682106624128,9.757235188055057,72456
2026-04-01 11:18:50,-95.5516,39.0931,605.2,4244.0,-4.1,-10.7,-9.6,60,63,2.79,234,16.6,13.429682106624128,9.757235188055057,72456
2026-04-01 11:18:51,-95.5514,39.0932,604.8,4248.0,-4.2,-10.7,-9.5,60,63,2.8,234,16.7,13.51058380606162,9.816013713284303,72456
2026-04-01 11:18:52,-95.5512,39.0932,604.5,4252.0,-4.2,-10.7,-9.5,60,63,2.8,234,16.7,13.51058380606162,9.816013713284303,72456
2026-04-01 11:18:53,-95.551,39.0933,604.2,4257.0,-4.2,-10.7,-9.5,61,63,2.8,234,16.8,13.591485505499115,9.874792238513551,72456
2026-04-01 11:18:54,-95.5509,39.0934,603.8,4262.0,-4.3,-10.6,-9.5,61,64,2.81,234,16.8,13.591485505499115,9.874792238513551,72456
2026-04-01 11:18:55,-95.5507,39.0935,603.4,4266.0,-4.3,-10.6,-9.4,62,64,2.83,234,16.9,13.672387204936609,9.933570763742797,72456
2026-04-01 11:18:56,-95.5506,39.0935,603.1,4271.0,-4.4,-10.6,-9.4,62,65,2.84,234,16.9,13.672387204936609,9.933570763742797,72456
2026-04-01 11:18:57,-95.5504,39.0936,602.7,4276.0,-4.4,-10.5,-9.4,62,65,2.84,234,17.0,13.753288904374104,9.992349288972045,72456
2026-04-01 11:18:58,-95.5503,39.0937,602.3,4282.0,-4.5,-10.5,-9.4,63,65,2.85,234,17.0,13.753288904374104,9.992349288972045,72456
2026-04-01 11:18:59,-95.5501,39.0937,601.9,4287.0,-4.5,-10.5,-9.4,63,66,2.85,234,17.1,13.834190603811601,10.051127814201294,72456
2026-04-01 11:19:00,-95.5499,39.0938,601.5,4292.0,-4.6,-10.5,-9.4,63,66,2.85,234,17.1,13.834190603811601,10.051127814201294,72456
2026-04-01 11:19:01,-95.5498,39.0938,601.1,4297.0,-4.6,-10.5,-9.4,63,66,2.85,234,17.2,13.915092303249093,10.10990633943054,72456
2026-04-01 11:19:02,-95.5496,39.0939,600.7,4302.0,-4.7,-10.5,-9.4,64,66,2.86,234,17.2,13.915092303249093,10.10990633943054,72456
2026-04-01 11:19:03,-95.5494,39.094,600.3,4308.0,-4.7,-10.5,-9.4,64,67,2.86,234,17.2,13.915092303249093,10.10990633943054,72456
2026-04-01 11:19:04,-95.5493,39.0941,599.9,4313.0,-4.8,-10.5,-9.4,64,67,2.86,234,17.3,13.99599400268659,10.168684864659788,72456
2026-04-01 11:19:05,-95.5491,39.0943,599.5,4317.0,-4.8,-10.5,-9.4,64,67,2.86,234,17.3,13.99599400268659,10.168684864659788,72456
2026-04-01 11:19:06,-95.549,39.0944,599.2,4322.0,-4.8,-10.5,-9.3,65,68,2.88,234,17.3,13.99599400268659,10.168684864659788,72456
2026-04-01 11:19:07,-95.5488,39.0945,598.8,4327.0,-4.9,-10.4,-9.3,65,68,2.89,233,17.3,13.816394323818166,10.411399900530435,72456
2026-04-01 11:19:08,-95.5487,39.0946,598.5,4332.0,-4.9,-10.5,-9.4,65,68,2.87,233,17.4,13.896257874822894,10.471581402845638,72456
2026-04-01 11:19:09,-95.5485,39.0947,598.2,4336.0,-5.0,-10.6,-9.4,65,68,2.85,233,17.4,13.896257874822894,10.471581402845638,72456
2026-04-01 11:19:10,-95.5484,39.0948,597.8,4340.0,-5.0,-10.7,-9.5,65,68,2.84,233,17.4,13.896257874822894,10.471581402845638,72456
2026-04-01 11:19:11,-95.5483,39.0949,597.5,4344.0,-5.0,-10.7,-9.5,65,68,2.84,233,17.4,13.896257874822894,10.471581402845638,72456
2026-04-01 11:19:12,-95.5481,39.095,597.1,4349.0,-5.1,-10.7,-9.5,65,68,2.83,233,17.4,13.896257874822894,10.471581402845638,72456
2026-04-01 11:19:13,-95.5479,39.0951,596.7,4355.0,-5.1,-10.8,-9.6,65,68,2.82,233,17.4,13.896257874822894,10.471581402845638,72456
2026-04-01 11:19:14,-95.5477,39.0952,596.3,4360.0,-5.2,-10.8,-9.6,64,68,2.81,233,17.4,13.896257874822894,10.471581402845638,72456
2026-04-01 11:19:15,-95.5475,39.0953,596.0,4364.0,-5.2,-10.9,-9.7,64,68,2.8,233,17.4,13.896257874822894,10.471581402845638,72456
2026-04-01 11:19:16,-95.5473,39.0954,595.7,4368.0,-5.2,-10.9,-9.7,64,68,2.79,233,17.4,13.896257874822894,10.471581402845638,72456
2026-04-01 11:19:17,-95.5472,39.0956,595.5,4371.0,-5.3,-10.9,-9.8,64,68,2.79,233,17.3,13.816394323818166,10.411399900530435,72456
2026-04-01 11:19:18,-95.547,39.0957,595.2,4375.0,-5.3,-11.0,-9.8,64,68,2.78,234,17.3,13.99599400268659,10.168684864659788,72456
2026-04-01 11:19:19,-95.5469,39.0958,594.8,4379.0,-5.3,-11.0,-9.8,64,68,2.77,234,17.3,13.99599400268659,10.168684864659788,72456
2026-04-01 11:19:20,-95.5468,39.0958,594.4,4385.0,-5.4,-11.0,-9.8,64,68,2.77,234,17.3,13.99599400268659,10.168684864659788,72456
2026-04-01 11:19:21,-95.5466,39.0959,594.0,4390.0,-5.4,-11.1,-9.9,64,68,2.76,234,17.3,13.99599400268659,10.168684864659788,72456
2026-04-01 11:19:22,-95.5464,39.0959,593.7,4395.0,-5.4,-11.1,-9.9,64,68,2.75,234,17.3,13.99599400268659,10.168684864659788,72456
2026-04-01 11:19:23,-95.5463,39.096,593.4,4399.0,-5.5,-11.2,-10.0,64,68,2.74,234,17.3,13.99599400268659,10.168684864659788,72456
2026-04-01 11:19:24,-95.5461,39.096,593.0,4403.0,-5.5,-11.2,-10.0,64,68,2.74,234,17.2,13.915092303249093,10.10990633943054,72456
2026-04-01 11:19:25,-95.546,39.0961,592.7,4408.0,-5.5,-11.2,-10.0,64,68,2.73,234,17.2,13.915092303249093,10.10990633943054,72456
2026-04-01 11:19:26,-95.5458,39.0962,592.3,4413.0,-5.6,-11.3,-10.1,64,68,2.73,234,17.2,13.915092303249093,10.10990633943054,72456
2026-04-01 11:19:27,-95.5456,39.0963,591.9,4419.0,-5.7,-11.3,-10.1,64,68,2.72,234,17.2,13.915092303249093,10.10990633943054,72456
2026-04-01 11:19:28,-95.5454,39.0964,591.5,4423.0,-5.7,-11.3,-10.1,65,68,2.72,235,17.2,14.089415161770654,9.865514705237997,72456
2026-04-01 11:19:29,-95.5453,39.0966,591.2,4428.0,-5.7,-11.3,-10.0,65,69,2.74,235,17.1,14.007499957341757,9.808157061602895,72456
2026-04-01 11:19:30,-95.5451,39.0967,590.9,4432.0,-5.8,-11.1,-9.9,66,70,2.76,235,17.1,14.007499957341757,9.808157061602895,72456
2026-04-01 11:19:31,-95.545,39.0968,590.6,4435.0,-5.8,-10.9,-9.7,67,71,2.82,235,17.1,14.007499957341757,9.808157061602895,72456
2026-04-01 11:19:32,-95.5448,39.0969,590.3,4439.0,-5.8,-10.5,-9.4,69,73,2.9,235,17.1,14.007499957341757,9.808157061602895,72456
2026-04-01 11:19:33,-95.5447,39.097,590.0,4444.0,-5.9,-10.1,-9.0,72,76,3.01,234,17.1,13.834190603811601,10.051127814201294,72456
2026-04-01 11:19:34,-95.5445,39.097,589.7,4448.0,-5.9,-9.8,-8.7,74,78,3.08,234,17.0,13.753288904374104,9.992349288972045,72456
2026-04-01 11:19:35,-95.5443,39.0971,589.4,4451.0,-6.0,-9.8,-8.7,75,79,3.09,234,17.0,13.753288904374104,9.992349288972045,72456
2026-04-01 11:19:36,-95.5442,39.0971,589.1,4455.0,-6.0,-9.8,-8.7,75,79,3.09,234,17.0,13.753288904374104,9.992349288972045,72456
2026-04-01 11:19:37,-95.544,39.0972,588.8,4459.0,-6.1,-9.7,-8.7,75,80,3.11,234,17.0,13.753288904374104,9.992349288972045,72456
2026-04-01 11:19:38,-95.5438,39.0973,588.5,4463.0,-6.1,-9.7,-8.7,76,80,3.11,234,17.0,13.753288904374104,9.992349288972045,72456
2026-04-01 11:19:39,-95.5437,39.0974,588.1,4468.0,-6.1,-9.7,-8.7,76,80,3.11,234,17.0,13.753288904374104,9.992349288972045,72456
2026-04-01 11:19:40,-95.5435,39.0974,587.7,4474.0,-6.2,-9.8,-8.7,76,80,3.1,233,16.9,13.496940119799248,10.170673891269615,72456
2026-04-01 11:19:41,-95.5433,39.0975,587.3,4479.0,-6.2,-9.9,-8.8,75,80,3.08,233,16.9,13.496940119799248,10.170673891269615,72456
2026-04-01 11:19:42,-95.5432,39.0977,586.9,4484.0,-6.3,-10.0,-8.9,75,80,3.05,233,16.9,13.496940119799248,10.170673891269615,72456
2026-04-01 11:19:43,-95.543,39.0978,586.6,4489.0,-6.3,-10.1,-9.0,75,79,3.03,233,16.9,13.496940119799248,10.170673891269615,72456
2026-04-01 11:19:44,-95.5428,39.0979,586.3,4493.0,-6.4,-10.2,-9.1,74,79,3.0,233,16.9,13.496940119799248,10.170673891269615,72456
2026-04-01 11:19:45,-95.5427,39.098,586.0,4497.0,-6.4,-10.2,-9.1,74,79,3.0,233,16.9,13.496940119799248,10.170673891269615,72456
2026-04-01 11:19:46,-95.5425,39.0981,585.7,4500.0,-6.4,-10.2,-9.0,75,80,3.02,232,16.9,13.317381735953603,10.40467893300362,72456
2026-04-01 11:19:47,-95.5424,39.0982,585.4,4505.0,-6.5,-10.1,-9.0,75,80,3.03,232,16.8,13.238580660592932,10.343112785471057,72456
2026-04-01 11:19:48,-95.5423,39.0983,585.1,4509.0,-6.5,-10.0,-8.9,76,81,3.05,232,16.8,13.238580660592932,10.343112785471057,72456
2026-04-01 11:19:49,-95.5422,39.0984,584.7,4514.0,-6.6,-9.9,-8.9,77,82,3.07,232,16.8,13.238580660592932,10.343112785471057,72456
2026-04-01 11:19:50,-95.542,39.0985,584.2,4521.0,-6.6,-9.8,-8.7,78,83,3.11,232,16.8,13.238580660592932,10.343112785471057,72456
2026-04-01 11:19:51,-95.5419,39.0986,583.7,4527.0,-6.7,-9.7,-8.7,79,84,3.13,232,16.8,13.238580660592932,10.343112785471057,72456
2026-04-01 11:19:52,-95.5418,39.0986,583.2,4534.0,-6.8,-9.7,-8.7,79,85,3.14,232,16.8,13.238580660592932,10.343112785471057,72456
2026-04-01 11:19:53,-95.5416,39.0987,582.8,4540.0,-6.8,-9.8,-8.7,79,85,3.13,232,16.9,13.317381735953603,10.40467893300362,72456
2026-04-01 11:19:54,-95.5415,39.0988,582.3,4546.0,-6.8,-9.8,-8.7,80,85,3.13,232,16.9,13.317381735953603,10.40467893300362,72456
2026-04-01 11:19:55,-95.5414,39.0989,581.9,4551.0,-6.9,-9.8,-8.7,80,85,3.13,232,16.9,13.317381735953603,10.40467893300362,72456
2026-04-01 11:19:56,-95.5412,39.099,581.6,4555.0,-7.0,-9.8,-8.7,80,86,3.12,232,16.9,13.317381735953603,10.40467893300362,72456
2026-04-01 11:19:57,-95.541,39.0992,581.3,4559.0,-7.0,-9.9,-8.8,80,86,3.11,232,16.9,13.317381735953603,10.40467893300362,72456
2026-04-01 11:19:58,-95.5408,39.0993,581.0,4563.0,-7.0,-9.9,-8.8,80,86,3.11,232,16.9,13.317381735953603,10.40467893300362,72456
2026-04-01 11:19:59,-95.5406,39.0994,580.7,4568.0,-7.1,-9.9,-8.8,80,86,3.11,233,16.9,13.496940119799248,10.170673891269615,72456
2026-04-01 11:20:00,-95.5405,39.0995,580.3,4573.0,-7.1,-9.8,-8.7,81,87,3.13,233,17.0,13.576803670803978,10.23085539358482,72456
2026-04-01 11:20:01,-95.5403,39.0995,579.9,4578.0,-7.1,-9.8,-8.7,81,87,3.13,233,17.0,13.576803670803978,10.23085539358482,72456
2026-04-01 11:20:02,-95.5402,39.0996,579.6,4583.0,-7.2,-9.8,-8.7,82,87,3.13,233,17.0,13.576803670803978,10.23085539358482,72456
2026-04-01 11:20:03,-95.54,39.0997,579.3,4587.0,-7.2,-9.8,-8.7,82,88,3.14,233,17.1,13.656667221808709,10.291036895900026,72456
2026-04-01 11:20:04,-95.5399,39.0998,578.9,4591.0,-7.3,-9.8,-8.7,82,88,3.14,234,17.1,13.834190603811601,10.051127814201294,72456
2026-04-01 11:20:05,-95.5397,39.0999,578.6,4596.0,-7.3,-9.8,-8.7,82,88,3.14,234,17.1,13.834190603811601,10.051127814201294,72456
2026-04-01 11:20:06,-95.5395,39.1,578.2,4601.0,-7.4,-9.9,-8.8,82,88,3.13,234,17.2,13.915092303249093,10.10990633943054,72456
2026-04-01 11:20:07,-95.5393,39.1001,578.0,4604.0,-7.4,-9.9,-8.8,82,88,3.12,234,17.2,13.915092303249093,10.10990633943054,72456
2026-04-01 11:20:08,-95.5391,39.1002,577.7,4608.0,-7.4,-9.9,-8.8,83,89,3.12,234,17.2,13.915092303249093,10.10990633943054,72456
2026-04-01 11:20:09,-95.539,39.1003,577.4,4612.0,-7.5,-9.9,-8.8,83,89,3.13,234,17.3,13.99599400268659,10.168684864659788,72456
2026-04-01 11:20:10,-95.5389,39.1004,577.1,4616.0,-7.5,-9.9,-8.8,83,90,3.13,235,17.3,14.171330366199555,9.922872348873103,72456
2026-04-01 11:20:11,-95.5387,39.1005,576.7,4621.0,-7.6,-9.9,-8.8,83,90,3.13,235,17.3,14.171330366199555,9.922872348873103,72456
2026-04-01 11:20:12,-95.5386,39.1005,576.4,4626.0,-7.6,-9.9,-8.8,84,90,3.13,235,17.4,14.253245570628453,9.980229992508207,72456
2026-04-01 11:20:13,-95.5384,39.1006,576.0,4631.0,-7.6,-9.9,-8.8,84,90,3.12,235,17.4,14.253245570628453,9.980229992508207,72456
2026-04-01 11:20:14,-95.5383,39.1006,575.6,4636.0,-7.7,-10.0,-8.9,84,90,3.12,235,17.4,14.253245570628453,9.980229992508207,72456
2026-04-01 11:20:15,-95.5381,39.1007,575.2,4641.0,-7.7,-9.9,-8.9,84,91,3.12,235,17.5,14.335160775057352,10.037587636143313,72456
2026-04-01 11:20:16,-95.5379,39.1008,574.8,4647.0,-7.8,-9.9,-8.9,84,91,3.13,235,17.5,14.335160775057352,10.037587636143313,72456
2026-04-01 11:20:17,-95.5377,39.1009,574.4,4653.0,-7.8,-10.0,-8.9,85,91,3.12,235,17.6,14.417075979486253,10.094945279778416,72456
2026-04-01 11:20:18,-95.5375,39.101,573.9,4659.0,-7.9,-10.0,-8.9,85,91,3.12,235,17.6,14.417075979486253,10.094945279778416,72456
2026-04-01 11:20:19,-95.5373,39.1011,573.6,4664.0,-7.9,-10.0,-8.9,85,91,3.12,235,17.6,14.417075979486253,10.094945279778416,72456
2026-04-01 11:20:20,-95.5371,39.1012,573.3,4667.0,-7.9,-10.0,-8.9,85,92,3.12,235,17.7,14.49899118391515,10.15230292341352,72456
2026-04-01 11:20:21,-95.537,39.1013,573.1,4670.0,-8.0,-10.0,-8.9,85,92,3.11,235,17.7,14.49899118391515,10.15230292341352,72456
2026-04-01 11:20:22,-95.5368,39.1014,572.8,4675.0,-8.0,-10.1,-9.0,85,92,3.11,235,17.7,14.49899118391515,10.15230292341352,72456
2026-04-01 11:20:23,-95.5367,39.1015,572.3,4682.0,-8.0,-10.1,-9.0,85,92,3.11,235,17.8,14.58090638834405,10.209660567048626,72456
2026-04-01 11:20:24,-95.5365,39.1016,571.8,4689.0,-8.1,-10.1,-9.0,86,93,3.11,235,17.8,14.58090638834405,10.209660567048626,72456
2026-04-01 11:20:25,-95.5363,39.1017,571.4,4694.0,-8.2,-10.1,-9.0,86,93,3.1,236,17.8,14.756868791479745,9.953633681779289,72456
2026-04-01 11:20:26,-95.5362,39.1018,571.1,4697.0,-8.2,-10.2,-9.1,86,93,3.09,236,17.8,14.756868791479745,9.953633681779289,72456
2026-04-01 11:20:27,-95.536,39.1019,571.0,4699.0,-8.2,-10.3,-9.2,85,92,3.07,236,17.9,14.839772548735247,10.009552972126363,72456
2026-04-01 11:20:28,-95.5359,39.102,570.7,4702.0,-8.3,-10.3,-9.2,85,92,3.06,236,17.9,14.839772548735247,10.009552972126363,72456
2026-04-01 11:20:29,-95.5357,39.1021,570.4,4707.0,-8.3,-10.3,-9.2,85,92,3.06,236,17.9,14.839772548735247,10.009552972126363,72456
2026-04-01 11:20:30,-95.5356,39.1022,570.0,4712.0,-8.3,-10.3,-9.2,86,93,3.06,236,17.9,14.839772548735247,10.009552972126363,72456
2026-04-01 11:20:31,-95.5354,39.1023,569.6,4717.0,-8.4,-10.3,-9.2,86,93,3.07,236,17.8,14.756868791479745,9.953633681779289,72456
2026-04-01 11:20:32,-95.5353,39.1024,569.3,4723.0,-8.4,-10.3,-9.2,86,94,3.08,236,17.8,14.756868791479745,9.953633681779289,72456
2026-04-01 11:20:33,-95.5351,39.1025,568.9,4728.0,-8.5,-10.3,-9.2,87,94,3.07,237,17.8,14.928336109428551,9.69457482326748,72456
2026-04-01 11:20:34,-95.5349,39.1026,568.5,4733.0,-8.5,-10.3,-9.2,87,94,3.07,237,17.8,14.928336109428551,9.69457482326748,72456
2026-04-01 11:20:35,-95.5347,39.1027,568.1,4739.0,-8.6,-10.3,-9.2,87,95,3.06,237,17.8,14.928336109428551,9.69457482326748,72456
2026-04-01 11:20:36,-95.5345,39.1028,567.6,4745.0,-8.6,-10.4,-9.2,87,95,3.06,237,17.7,14.844469052634008,9.640110919765977,72456
2026-04-01 11:20:37,-95.5343,39.1029,567.0,4753.0,-8.7,-10.4,-9.3,87,95,3.05,237,17.7,14.844469052634008,9.640110919765977,72456
2026-04-01 11:20:38,-95.534,39.1029,566.5,4761.0,-8.8,-10.5,-9.4,87,95,3.03,237,17.6,14.760601995839467,9.585647016264476,72456
2026-04-01 11:20:39,-95.5338,39.103,565.9,4768.0,-8.8,-10.6,-9.5,86,94,3.0,238,17.6,14.925646492353097,9.326579050504408,72456
2026-04-01 11:20:40,-95.5337,39.1031,565.6,4773.0,-8.8,-10.8,-9.6,86,93,2.98,238,17.5,14.840841682737453,9.273587124081088,72456
2026-04-01 11:20:41,-95.5335,39.1032,565.4,4775.0,-8.8,-10.8,-9.7,85,93,2.96,238,17.4,14.756036873121811,9.220595197657767,72456
2026-04-01 11:20:42,-95.5334,39.1033,565.1,4779.0,-8.9,-11.0,-9.8,85,92,2.93,238,17.4,14.756036873121811,9.220595197657767,72456
2026-04-01 11:20:43,-95.5332,39.1034,564.8,4783.0,-8.9,-11.1,-9.9,84,92,2.9,238,17.3,14.671232063506169,9.167603271234448,72456
2026-04-01 11:20:44,-95.5331,39.1034,564.4,4788.0,-8.9,-11.3,-10.0,83,91,2.87,238,17.2,14.586427253890525,9.114611344811125,72456
2026-04-01 11:20:45,-95.5329,39.1034,564.1,4793.0,-9.0,-11.4,-10.2,82,90,2.83,238,17.2,14.586427253890525,9.114611344811125,72456
2026-04-01 11:20:46,-95.5327,39.1035,563.7,4798.0,-9.0,-11.6,-10.4,81,88,2.79,238,17.1,14.501622444274885,9.061619418387806,72456
2026-04-01 11:20:47,-95.5325,39.1035,563.4,4803.0,-9.0,-11.8,-10.5,80,87,2.75,238,17.0,14.41681763465924,9.008627491964486,72456
2026-04-01 11:20:48,-95.5323,39.1036,563.1,4806.0,-9.0,-12.0,-10.7,79,86,2.7,238,17.0,14.41681763465924,9.008627491964486,72456
2026-04-01 11:20:49,-95.5322,39.1037,562.8,4810.0,-9.0,-12.2,-10.9,77,85,2.66,238,16.9,14.332012825043597,8.955635565541163,72456
2026-04-01 11:20:50,-95.532,39.1038,562.5,4815.0,-9.0,-12.4,-11.1,76,83,2.62,238,16.9,14.332012825043597,8.955635565541163,72456
2026-04-01 11:20:51,-95.5318,39.1039,562.1,4821.0,-9.1,-12.6,-11.2,76,83,2.59,238,16.9,14.332012825043597,8.955635565541163,72456
2026-04-01 11:20:52,-95.5317,39.104,561.6,4827.0,-9.1,-12.7,-11.3,75,82,2.56,238,16.8,14.247208015427956,8.902643639117844,72456
2026-04-01 11:20:53,-95.5315,39.1041,561.2,4833.0,-9.2,-12.9,-11.5,74,81,2.52,238,16.8,14.247208015427956,8.902643639117844,72456
2026-04-01 11:20:54,-95.5314,39.1042,560.7,4840.0,-9.2,-13.2,-11.8,73,80,2.47,238,16.8,14.247208015427956,8.902643639117844,72456
2026-04-01 11:20:55,-95.5313,39.1043,560.3,4846.0,-9.3,-13.5,-12.0,71,78,2.42,237,16.8,14.089665541483127,9.149935788252453,72456
2026-04-01 11:20:56,-95.5312,39.1043,559.9,4851.0,-9.3,-13.8,-12.3,70,76,2.35,237,16.8,14.089665541483127,9.149935788252453,72456
2026-04-01 11:20:57,-95.5311,39.1044,559.6,4855.0,-9.3,-14.1,-12.6,68,74,2.29,237,16.8,14.089665541483127,9.149935788252453,72456
2026-04-01 11:20:58,-95.5309,39.1045,559.4,4858.0,-9.3,-14.3,-12.8,67,73,2.25,237,16.8,14.089665541483127,9.149935788252453,72456
2026-04-01 11:20:59,-95.5308,39.1046,559.2,4861.0,-9.3,-14.4,-12.9,67,73,2.24,237,16.8,14.089665541483127,9.149935788252453,72456
2026-04-01 11:21:00,-95.5306,39.1047,558.8,4866.0,-9.3,-14.5,-12.9,66,73,2.23,237,16.8,14.089665541483127,9.149935788252453,72456
2026-04-01 11:21:01,-95.5305,39.1047,558.4,4872.0,-9.4,-14.7,-13.1,65,71,2.2,237,16.8,14.089665541483127,9.149935788252453,72456
2026-04-01 11:21:02,-95.5303,39.1048,557.9,4879.0,-9.4,-15.0,-13.4,64,70,2.14,237,16.9,14.173532598277667,9.204399691753956,72456
2026-04-01 11:21:03,-95.5301,39.1049,557.4,4885.0,-9.4,-15.2,-13.6,63,69,2.1,236,16.9,14.010734976180206,9.450360068655616,72456
2026-04-01 11:21:04,-95.5298,39.105,557.1,4889.0,-9.4,-15.4,-13.8,62,68,2.07,236,16.9,14.010734976180206,9.450360068655616,72456
2026-04-01 11:21:05,-95.5296,39.1051,556.9,4892.0,-9.5,-15.6,-13.9,61,67,2.04,236,16.9,14.010734976180206,9.450360068655616,72456
2026-04-01 11:21:06,-95.5294,39.1052,556.7,4895.0,-9.5,-15.7,-14.0,61,67,2.03,236,16.9,14.010734976180206,9.450360068655616,72456
2026-04-01 11:21:07,-95.5293,39.1053,556.5,4899.0,-9.5,-15.8,-14.1,60,66,2.02,236,16.9,14.010734976180206,9.450360068655616,72456
2026-04-01 11:21:08,-95.5291,39.1054,556.1,4903.0,-9.6,-15.8,-14.2,60,66,2.0,236,16.9,14.010734976180206,9.450360068655616,72456
2026-04-01 11:21:09,-95.5289,39.1055,555.8,4908.0,-9.6,-16.0,-14.3,60,65,1.98,236,16.9,14.010734976180206,9.450360068655616,72456
2026-04-01 11:21:10,-95.5288,39.1055,555.3,4914.0,-9.6,-16.2,-14.5,59,64,1.94,236,16.8,13.927831218924704,9.394440778308542,72456
2026-04-01 11:21:11,-95.5287,39.1056,554.9,4920.0,-9.7,-16.5,-14.8,57,63,1.89,236,16.8,13.927831218924704,9.394440778308542,72456
2026-04-01 11:21:12,-95.5285,39.1057,554.6,4925.0,-9.7,-16.8,-15.0,56,62,1.86,237,16.8,14.089665541483127,9.149935788252453,72456
2026-04-01 11:21:13,-95.5284,39.1058,554.3,4929.0,-9.7,-16.8,-15.0,56,62,1.86,237,16.7,14.005798484688583,9.09547188475095,72456
2026-04-01 11:21:14,-95.5282,39.1059,554.0,4933.0,-9.7,-16.7,-15.0,57,62,1.87,237,16.7,14.005798484688583,9.09547188475095,72456
2026-04-01 11:21:15,-95.5281,39.106,553.7,4937.0,-9.8,-16.7,-14.9,57,63,1.88,237,16.7,14.005798484688583,9.09547188475095,72456
2026-04-01 11:21:16,-95.5279,39.1061,553.4,4941.0,-9.8,-16.6,-14.9,57,63,1.88,237,16.6,13.921931427894043,9.041007981249448,72456
2026-04-01 11:21:17,-95.5277,39.1062,553.1,4945.0,-9.8,-16.6,-14.8,58,63,1.89,237,16.6,13.921931427894043,9.041007981249448,72456
2026-04-01 11:21:18,-95.5275,39.1063,552.8,4950.0,-9.9,-16.5,-14.8,58,64,1.9,237,16.5,13.838064371099499,8.986544077747945,72456
2026-04-01 11:21:19,-95.5274,39.1064,552.4,4955.0,-9.9,-16.5,-14.8,58,64,1.9,237,16.5,13.838064371099499,8.986544077747945,72456
2026-04-01 11:21:20,-95.5273,39.1064,552.1,4959.0,-9.9,-16.5,-14.8,58,64,1.9,237,16.5,13.838064371099499,8.986544077747945,72456
2026-04-01 11:21:21,-95.5271,39.1064,551.9,4963.0,-10.0,-16.6,-14.9,58,64,1.89,237,16.4,13.754197314304955,8.932080174246442,72456
2026-04-01 11:21:22,-95.5269,39.1065,551.6,4966.0,-10.0,-16.6,-14.9,58,64,1.89,238,16.4,13.907988776965384,8.690675933424561,72456
2026-04-01 11:21:23,-95.5268,39.1065,551.3,4970.0,-10.0,-16.6,-14.8,59,65,1.9,238,16.4,13.907988776965384,8.690675933424561,72456
2026-04-01 11:21:24,-95.5266,39.1066,551.0,4975.0,-10.0,-16.5,-14.8,59,65,1.91,238,16.4,13.907988776965384,8.690675933424561,72456
2026-04-01 11:21:25,-95.5264,39.1067,550.7,4979.0,-10.1,-16.4,-14.7,60,66,1.92,238,16.3,13.823183967349744,8.637684007001242,72456
2026-04-01 11:21:26,-95.5263,39.1068,550.4,4983.0,-10.1,-16.4,-14.7,60,66,1.93,238,16.3,13.823183967349744,8.637684007001242,72456
2026-04-01 11:21:27,-95.5262,39.1069,550.1,4987.0,-10.1,-16.4,-14.7,60,66,1.92,238,16.3,13.823183967349744,8.637684007001242,72456
2026-04-01 11:21:28,-95.5261,39.107,549.8,4991.0,-10.1,-16.4,-14.7,60,66,1.92,238,16.3,13.823183967349744,8.637684007001242,72456
2026-04-01 11:21:29,-95.5259,39.107,549.5,4996.0,-10.2,-16.4,-14.7,60,66,1.93,238,16.4,13.907988776965384,8.690675933424561,72456
2026-04-01 11:21:30,-95.5258,39.1071,549.2,5000.0,-10.2,-16.5,-14.7,60,66,1.92,238,16.4,13.907988776965384,8.690675933424561,72456
2026-04-01 11:21:31,-95.5256,39.1072,548.8,5006.0,-10.2,-16.6,-14.9,60,66,1.9,239,16.4,14.057543731514638,8.446624428524892,72456
2026-04-01 11:21:32,-95.5254,39.1072,548.4,5011.0,-10.2,-16.8,-15.0,59,65,1.88,239,16.4,14.057543731514638,8.446624428524892,72456
2026-04-01 11:21:33,-95.5253,39.1073,548.0,5016.0,-10.2,-17.0,-15.3,57,63,1.84,239,16.4,14.057543731514638,8.446624428524892,72456
2026-04-01 11:21:34,-95.5251,39.1073,547.7,5021.0,-10.2,-17.2,-15.4,56,62,1.81,239,16.4,14.057543731514638,8.446624428524892,72456
2026-04-01 11:21:35,-95.5249,39.1074,547.4,5025.0,-10.2,-17.3,-15.5,56,62,1.8,239,16.4,14.057543731514638,8.446624428524892,72456
2026-04-01 11:21:36,-95.5247,39.1075,547.2,5029.0,-10.2,-17.3,-15.5,56,62,1.8,239,16.5,14.14326046158485,8.498128236015898,72456
2026-04-01 11:21:37,-95.5246,39.1077,546.9,5032.0,-10.2,-17.3,-15.5,56,62,1.8,239,16.5,14.14326046158485,8.498128236015898,72456
2026-04-01 11:21:38,-95.5244,39.1078,546.7,5035.0,-10.3,-17.3,-15.5,56,62,1.8,239,16.5,14.14326046158485,8.498128236015898,72456
2026-04-01 11:21:39,-95.5242,39.1079,546.5,5038.0,-10.3,-17.3,-15.5,56,62,1.8,239,16.5,14.14326046158485,8.498128236015898,72456
2026-04-01 11:21:40,-95.5241,39.1079,546.2,5042.0,-10.3,-17.4,-15.5,56,62,1.79,239,16.4,14.057543731514638,8.446624428524892,72456
2026-04-01 11:21:41,-95.5239,39.108,546.0,5045.0,-10.3,-17.4,-15.6,56,62,1.79,239,16.4,14.057543731514638,8.446624428524892,72456
2026-04-01 11:21:42,-95.5237,39.1081,545.7,5050.0,-10.4,-17.4,-15.6,56,62,1.79,239,16.4,14.057543731514638,8.446624428524892,72456
2026-04-01 11:21:43,-95.5235,39.1082,545.3,5054.0,-10.4,-17.4,-15.6,56,62,1.78,239,16.4,14.057543731514638,8.446624428524892,72456
2026-04-01 11:21:44,-95.5234,39.1082,545.0,5059.0,-10.4,-17.4,-15.6,56,62,1.79,239,16.4,14.057543731514638,8.446624428524892,72456
2026-04-01 11:21:45,-95.5232,39.1083,544.7,5063.0,-10.4,-17.4,-15.6,56,63,1.79,239,16.3,13.971827001444428,8.395120621033886,72456
2026-04-01 11:21:46,-95.523,39.1084,544.4,5068.0,-10.5,-17.5,-15.6,57,63,1.79,239,16.3,13.971827001444428,8.395120621033886,72456
2026-04-01 11:21:47,-95.5228,39.1084,544.0,5073.0,-10.5,-17.5,-15.7,57,63,1.78,239,16.3,13.971827001444428,8.395120621033886,72456
2026-04-01 11:21:48,-95.5226,39.1085,543.7,5078.0,-10.6,-17.6,-15.7,56,62,1.77,239,16.2,13.886110271374216,8.34361681354288,72456
2026-04-01 11:21:49,-95.5225,39.1085,543.3,5083.0,-10.6,-17.6,-15.8,56,62,1.76,239,16.2,13.886110271374216,8.34361681354288,72456
2026-04-01 11:21:50,-95.5223,39.1086,542.9,5088.0,-10.6,-17.7,-15.8,56,62,1.76,239,16.2,13.886110271374216,8.34361681354288,72456
2026-04-01 11:21:51,-95.5222,39.1087,542.5,5095.0,-10.7,-17.7,-15.8,56,63,1.76,239,16.1,13.800393541304006,8.292113006051876,72456
2026-04-01 11:21:52,-95.5221,39.1087,542.0,5101.0,-10.7,-17.7,-15.9,56,63,1.75,239,16.1,13.800393541304006,8.292113006051876,72456
2026-04-01 11:21:53,-95.522,39.1088,541.6,5107.0,-10.8,-17.8,-15.9,56,63,1.74,239,16.1,13.800393541304006,8.292113006051876,72456
2026-04-01 11:21:54,-95.5219,39.1089,541.3,5111.0,-10.8,-17.8,-16.0,56,62,1.74,239,16.1,13.800393541304006,8.292113006051876,72456
2026-04-01 11:21:55,-95.5217,39.109,541.1,5115.0,-10.8,-17.9,-16.0,56,63,1.74,239,16.1,13.800393541304006,8.292113006051876,72456
2026-04-01 11:21:56,-95.5216,39.109,540.8,5118.0,-10.9,-17.9,-16.0,56,63,1.74,239,16.1,13.800393541304006,8.292113006051876,72456
2026-04-01 11:21:57,-95.5215,39.1091,540.6,5122.0,-10.9,-17.9,-16.0,56,63,1.74,239,16.1,13.800393541304006,8.292113006051876,72456
2026-04-01 11:21:58,-95.5213,39.1092,540.2,5126.0,-10.9,-17.9,-16.0,56,63,1.73,238,16.1,13.65357434811846,8.531700154154601,72456
2026-04-01 11:21:59,-95.5212,39.1092,539.9,5132.0,-11.0,-17.9,-16.0,57,63,1.74,238,16.1,13.65357434811846,8.531700154154601,72456
2026-04-01 11:22:00,-95.521,39.1093,539.5,5137.0,-11.0,-17.9,-16.0,57,63,1.74,238,16.2,13.7383791577341,8.584692080577922,72456
2026-04-01 11:22:01,-95.5208,39.1094,539.2,5142.0,-11.0,-17.9,-16.1,57,63,1.73,238,16.2,13.7383791577341,8.584692080577922,72456
2026-04-01 11:22:02,-95.5206,39.1095,538.8,5146.0,-11.1,-18.0,-16.1,57,63,1.73,238,16.3,13.823183967349744,8.637684007001242,72456
2026-04-01 11:22:03,-95.5204,39.1096,538.5,5151.0,-11.1,-18.0,-16.1,57,63,1.72,237,16.3,13.670330257510415,8.87761627074494,72456
2026-04-01 11:22:04,-95.5203,39.1097,538.1,5157.0,-11.1,-18.1,-16.2,57,63,1.72,237,16.4,13.754197314304955,8.932080174246442,72456
2026-04-01 11:22:05,-95.5201,39.1097,537.8,5161.0,-11.2,-18.1,-16.3,56,63,1.71,237,16.5,13.838064371099499,8.986544077747945,72456
2026-04-01 11:22:06,-95.5199,39.1098,537.5,5165.0,-11.2,-18.2,-16.3,56,63,1.7,237,16.6,13.921931427894043,9.041007981249448,72456
2026-04-01 11:22:07,-95.5197,39.1098,537.3,5169.0,-11.2,-18.2,-16.3,56,63,1.7,236,16.6,13.762023704413696,9.282602197614393,72456
2026-04-01 11:22:08,-95.5195,39.1099,537.0,5173.0,-11.2,-18.2,-16.3,56,63,1.69,236,16.7,13.844927461669199,9.338521487961467,72456
2026-04-01 11:22:09,-95.5194,39.11,536.7,5178.0,-11.3,-18.3,-16.4,56,63,1.68,236,16.8,13.927831218924704,9.394440778308542,72456
2026-04-01 11:22:10,-95.5192,39.1101,536.3,5182.0,-11.3,-18.5,-16.6,55,62,1.66,236,16.9,14.010734976180206,9.450360068655616,72456
2026-04-01 11:22:11,-95.5191,39.1102,536.0,5187.0,-11.3,-18.7,-16.8,54,61,1.63,235,17.0,13.925584752912856,9.750799417967789,72456
2026-04-01 11:22:12,-95.519,39.1103,535.7,5191.0,-11.4,-18.9,-16.9,54,60,1.61,235,17.1,14.007499957341757,9.808157061602895,72456
2026-04-01 11:22:13,-95.5188,39.1104,535.4,5196.0,-11.4,-19.0,-17.0,54,60,1.6,235,17.2,14.089415161770654,9.865514705237997,72456
2026-04-01 11:22:14,-95.5186,39.1105,535.1,5200.0,-11.4,-19.0,-17.0,53,60,1.59,234,17.2,13.915092303249093,10.10990633943054,72456
2026-04-01 11:22:15,-95.5184,39.1106,534.7,5205.0,-11.5,-19.0,-17.1,53,60,1.59,234,17.3,13.99599400268659,10.168684864659788,72456
2026-04-01 11:22:16,-95.5183,39.1107,534.3,5211.0,-11.5,-19.1,-17.1,53,60,1.59,234,17.4,14.076895702124082,10.227463389889033,72456
2026-04-01 11:22:17,-95.5181,39.1108,533.9,5217.0,-11.5,-19.1,-17.1,53,60,1.58,233,17.5,13.976121425827625,10.531762905160845,72456
2026-04-01 11:22:18,-95.518,39.1109,533.4,5224.0,-11.6,-19.2,-17.2,53,60,1.57,233,17.6,14.055984976832354,10.591944407476051,72456
2026-04-01 11:22:19,-95.5178,39.111,533.1,5229.0,-11.6,-19.3,-17.3,53,59,1.56,233,17.6,14.055984976832354,10.591944407476051,72456
2026-04-01 11:22:20,-95.5177,39.1111,532.8,5233.0,-11.7,-19.4,-17.4,53,59,1.55,233,17.7,14.135848527837082,10.652125909791254,72456
2026-04-01 11:22:21,-95.5176,39.1111,532.5,5237.0,-11.7,-19.4,-17.4,53,59,1.54,232,17.8,14.026591414199654,10.958774260796714,72456
2026-04-01 11:22:22,-95.5174,39.1112,532.3,5241.0,-11.7,-19.4,-17.4,53,59,1.54,232,17.8,14.026591414199654,10.958774260796714,72456
2026-04-01 11:22:23,-95.5172,39.1113,531.9,5245.0,-11.8,-19.5,-17.5,53,59,1.54,232,17.9,14.105392489560325,11.020340408329279,72456
2026-04-01 11:22:24,-95.517,39.1114,531.6,5251.0,-11.8,-19.5,-17.5,53,59,1.54,231,17.9,13.910912710079772,11.264834999792097,72456
2026-04-01 11:22:25,-95.5169,39.1115,531.2,5257.0,-11.8,-19.4,-17.4,53,60,1.55,231,18.0,13.988627306225471,11.32776703889708,72456
2026-04-01 11:22:26,-95.5167,39.1117,530.8,5262.0,-11.9,-19.4,-17.4,54,60,1.55,231,18.0,13.988627306225471,11.32776703889708,72456
2026-04-01 11:22:27,-95.5165,39.1118,530.4,5267.0,-11.9,-19.4,-17.4,54,60,1.55,231,18.0,13.988627306225471,11.32776703889708,72456
2026-04-01 11:22:28,-95.5163,39.1119,530.2,5271.0,-12.0,-19.4,-17.4,54,60,1.55,230,18.1,13.865404420453501,11.634455735326366,72456
2026-04-01 11:22:29,-95.5162,39.1121,529.9,5275.0,-12.0,-19.5,-17.5,53,60,1.54,230,18.1,13.865404420453501,11.634455735326366,72456
2026-04-01 11:22:30,-95.516,39.1122,529.6,5279.0,-12.0,-19.6,-17.6,53,60,1.52,230,18.1,13.865404420453501,11.634455735326366,72456
2026-04-01 11:22:31,-95.5158,39.1123,529.3,5284.0,-12.0,-19.7,-17.7,53,59,1.51,230,18.1,13.865404420453501,11.634455735326366,72456
2026-04-01 11:22:32,-95.5157,39.1124,528.9,5289.0,-12.1,-19.8,-17.8,53,59,1.51,230,18.2,13.942008864765397,11.698734496295017,72456
2026-04-01 11:22:33,-95.5155,39.1124,528.6,5294.0,-12.1,-19.7,-17.7,53,60,1.52,230,18.2,13.942008864765397,11.698734496295017,72456
2026-04-01 11:22:34,-95.5153,39.1125,528.2,5299.0,-12.2,-19.6,-17.6,54,60,1.53,230,18.2,13.942008864765397,11.698734496295017,72456
2026-04-01 11:22:35,-95.5152,39.1126,527.8,5305.0,-12.2,-19.6,-17.6,54,61,1.54,230,18.2,13.942008864765397,11.698734496295017,72456
2026-04-01 11:22:36,-95.515,39.1127,527.3,5312.0,-12.3,-19.6,-17.6,54,61,1.53,229,18.2,13.73571436005445,11.940274327627233,72456
2026-04-01 11:22:37,-95.5149,39.1129,526.9,5318.0,-12.3,-19.7,-17.7,54,61,1.52,229,18.2,13.73571436005445,11.940274327627233,72456
2026-04-01 11:22:38,-95.5148,39.113,526.6,5323.0,-12.4,-19.8,-17.8,54,61,1.51,229,18.2,13.73571436005445,11.940274327627233,72456
2026-04-01 11:22:39,-95.5146,39.1131,526.2,5328.0,-12.4,-19.9,-17.8,54,61,1.5,229,18.2,13.73571436005445,11.940274327627233,72456
2026-04-01 11:22:40,-95.5145,39.1132,526.0,5332.0,-12.4,-19.9,-17.9,54,61,1.5,229,18.2,13.73571436005445,11.940274327627233,72456
2026-04-01 11:22:41,-95.5144,39.1134,525.7,5336.0,-12.5,-19.9,-17.9,54,61,1.49,229,18.2,13.73571436005445,11.940274327627233,72456
2026-04-01 11:22:42,-95.5142,39.1135,525.4,5340.0,-12.5,-19.9,-17.9,54,61,1.5,229,18.2,13.73571436005445,11.940274327627233,72456
2026-04-01 11:22:43,-95.5141,39.1135,525.1,5345.0,-12.6,-19.9,-17.9,54,61,1.5,230,18.2,13.942008864765397,11.698734496295017,72456
2026-04-01 11:22:44,-95.5139,39.1136,524.7,5350.0,-12.6,-20.0,-17.9,54,61,1.5,230,18.3,14.018613309077296,11.763013257263673,72456
2026-04-01 11:22:45,-95.5137,39.1138,524.3,5355.0,-12.7,-20.0,-17.9,54,61,1.49,230,18.3,14.018613309077296,11.763013257263673,72456
2026-04-01 11:22:46,-95.5135,39.1139,524.0,5360.0,-12.7,-20.0,-18.0,54,62,1.49,230,18.3,14.018613309077296,11.763013257263673,72456
2026-04-01 11:22:47,-95.5133,39.114,523.7,5365.0,-12.8,-20.0,-18.0,55,62,1.49,230,18.3,14.018613309077296,11.763013257263673,72456
2026-04-01 11:22:48,-95.5131,39.1141,523.3,5370.0,-12.8,-20.0,-18.0,55,62,1.49,230,18.3,14.018613309077296,11.763013257263673,72456
2026-04-01 11:22:49,-95.513,39.1142,523.0,5375.0,-12.9,-20.0,-18.0,55,62,1.49,230,18.4,14.095217753389193,11.827292018232326,72456
2026-04-01 11:22:50,-95.5128,39.1143,522.6,5380.0,-12.9,-20.1,-18.0,55,62,1.48,230,18.4,14.095217753389193,11.827292018232326,72456
2026-04-01 11:22:51,-95.5127,39.1144,522.3,5385.0,-13.0,-20.1,-18.1,55,62,1.48,230,18.4,14.095217753389193,11.827292018232326,72456
2026-04-01 11:22:52,-95.5125,39.1144,522.0,5390.0,-13.0,-20.1,-18.1,55,63,1.48,231,18.5,14.377200286953956,11.642427234422,72456
2026-04-01 11:22:53,-95.5123,39.1145,521.6,5395.0,-13.1,-20.1,-18.1,55,63,1.48,231,18.5,14.377200286953956,11.642427234422,72456
2026-04-01 11:22:54,-95.5122,39.1146,521.3,5400.0,-13.1,-20.2,-18.1,55,63,1.48,231,18.6,14.454914883099654,11.705359273526984,72456
2026-04-01 11:22:55,-95.512,39.1148,520.9,5405.0,-13.2,-20.2,-18.2,55,63,1.47,231,18.6,14.454914883099654,11.705359273526984,72456
2026-04-01 11:22:56,-95.5119,39.1149,520.5,5411.0,-13.2,-20.3,-18.2,55,63,1.47,231,18.7,14.53262947924535,11.768291312631968,72456
2026-04-01 11:22:57,-95.5117,39.115,520.2,5416.0,-13.3,-20.3,-18.2,56,63,1.47,231,18.7,14.53262947924535,11.768291312631968,72456
2026-04-01 11:22:58,-95.5116,39.1151,519.8,5422.0,-13.3,-20.4,-18.3,55,63,1.46,231,18.8,14.610344075391048,11.831223351736952,72456
2026-04-01 11:22:59,-95.5114,39.1152,519.5,5427.0,-13.3,-20.5,-18.4,55,62,1.44,232,18.8,14.814602167806376,11.574435736122371,72456
2026-04-01 11:23:00,-95.5112,39.1152,519.2,5430.0,-13.4,-20.5,-18.4,55,62,1.44,232,18.9,14.893403243167047,11.636001883654936,72456
2026-04-01 11:23:01,-95.511,39.1153,519.0,5434.0,-13.4,-20.6,-18.5,55,62,1.43,232,19.0,14.972204318527721,11.697568031187503,72456
2026-04-01 11:23:02,-95.5108,39.1155,518.8,5437.0,-13.4,-20.7,-18.6,54,62,1.42,232,19.0,14.972204318527721,11.697568031187503,72456
2026-04-01 11:23:03,-95.5106,39.1156,518.5,5440.0,-13.4,-20.8,-18.7,54,62,1.41,232,19.1,15.051005393888394,11.75913417872007,72456
2026-04-01 11:23:04,-95.5105,39.1158,518.2,5445.0,-13.5,-20.8,-18.7,54,62,1.41,232,19.1,15.051005393888394,11.75913417872007,72456
2026-04-01 11:23:05,-95.5103,39.1159,517.9,5449.0,-13.5,-20.8,-18.7,54,61,1.4,233,19.2,15.333801792908021,11.554848444519326,72456
2026-04-01 11:23:06,-95.5102,39.116,517.5,5455.0,-13.5,-20.9,-18.8,54,61,1.39,233,19.2,15.333801792908021,11.554848444519326,72456
2026-04-01 11:23:07,-95.51,39.1161,517.0,5462.0,-13.6,-21.1,-18.9,53,61,1.38,233,19.3,15.413665343912752,11.615029946834532,72456
2026-04-01 11:23:08,-95.5098,39.1162,516.5,5469.0,-13.6,-21.3,-19.1,52,60,1.36,233,19.4,15.49352889491748,11.675211449149735,72456
2026-04-01 11:23:09,-95.5096,39.1163,516.1,5476.0,-13.6,-21.5,-19.3,51,59,1.33,233,19.4,15.49352889491748,11.675211449149735,72456
2026-04-01 11:23:10,-95.5094,39.1164,515.7,5482.0,-13.7,-21.7,-19.5,51,58,1.31,234,19.5,15.775831390311474,11.461812419703229,72456
2026-04-01 11:23:11,-95.5092,39.1165,515.4,5487.0,-13.6,-21.6,-19.4,51,58,1.32,234,19.5,15.775831390311474,11.461812419703229,72456
2026-04-01 11:23:12,-95.509,39.1166,515.1,5491.0,-13.7,-21.5,-19.4,51,59,1.33,234,19.6,15.85673308974897,11.520590944932476,72456
2026-04-01 11:23:13,-95.5088,39.1167,514.7,5496.0,-13.7,-21.6,-19.4,51,58,1.32,234,19.6,15.85673308974897,11.520590944932476,72456
2026-04-01 11:23:14,-95.5085,39.1168,514.3,5502.0,-13.7,-21.8,-19.6,50,58,1.3,234,19.7,15.937634789186461,11.579369470161723,72456
2026-04-01 11:23:15,-95.5084,39.1169,513.9,5508.0,-13.8,-22.0,-19.8,50,57,1.28,235,19.7,16.137295272493134,11.299455796115613,72456
2026-04-01 11:23:16,-95.5082,39.117,513.6,5513.0,-13.8,-22.3,-20.0,49,56,1.25,235,19.8,16.219210476922033,11.356813439750718,72456
2026-04-01 11:23:17,-95.508,39.1171,513.3,5518.0,-13.9,-22.6,-20.4,47,54,1.21,235,19.8,16.219210476922033,11.356813439750718,72456
2026-04-01 11:23:18,-95.5079,39.1172,513.0,5522.0,-13.9,-23.0,-20.7,46,53,1.18,235,19.9,16.301125681350932,11.414171083385822,72456
2026-04-01 11:23:19,-95.5077,39.1172,512.7,5526.0,-13.9,-23.2,-20.9,45,52,1.16,236,20.0,16.580751451100838,11.183858069414931,72456
2026-04-01 11:23:20,-95.5076,39.1173,512.4,5531.0,-13.9,-23.4,-21.1,45,51,1.13,236,20.0,16.580751451100838,11.183858069414931,72456
2026-04-01 11:23:21,-95.5074,39.1174,512.0,5537.0,-13.9,-23.7,-21.3,43,50,1.1,236,20.1,16.663655208356342,11.239777359762007,72456
2026-04-01 11:23:22,-95.5071,39.1175,511.6,5542.0,-13.9,-24.0,-21.6,42,48,1.07,236,20.1,16.663655208356342,11.239777359762007,72456
2026-04-01 11:23:23,-95.507,39.1177,511.2,5548.0,-13.9,-24.0,-21.6,42,48,1.08,237,20.2,16.941145472497567,11.001708507303544,72456
2026-04-01 11:23:24,-95.5068,39.1178,510.8,5554.0,-13.8,-23.3,-21.0,45,51,1.15,237,20.3,17.025012529292113,11.056172410805049,72456
2026-04-01 11:23:25,-95.5066,39.1179,510.4,5561.0,-13.8,-22.2,-19.9,49,56,1.27,237,20.3,17.025012529292113,11.056172410805049,72456
2026-04-01 11:23:26,-95.5064,39.118,509.9,5567.0,-13.8,-21.1,-18.9,54,62,1.4,237,20.4,17.10887958608665,11.11063631430655,72456
2026-04-01 11:23:27,-95.5062,39.1182,509.5,5574.0,-13.8,-20.5,-18.4,57,65,1.47,238,20.5,17.38498597120673,10.863344916780703,72456
2026-04-01 11:23:28,-95.506,39.1182,509.1,5580.0,-13.8,-20.4,-18.3,58,66,1.49,238,20.5,17.38498597120673,10.863344916780703,72456
2026-04-01 11:23:29,-95.5058,39.1183,508.7,5585.0,-13.9,-20.5,-18.4,57,66,1.47,238,20.6,17.469790780822375,10.916336843204023,72456
2026-04-01 11:23:30,-95.5055,39.1184,508.4,5590.0,-13.9,-20.7,-18.6,57,65,1.45,238,20.6,17.469790780822375,10.916336843204023,72456
2026-04-01 11:23:31,-95.5053,39.1185,508.1,5594.0,-13.9,-20.9,-18.8,56,64,1.43,238,20.7,17.554595590438016,10.969328769627344,72456
2026-04-01 11:23:32,-95.5051,39.1186,507.9,5598.0,-14.0,-21.1,-18.9,55,63,1.41,238,20.7,17.554595590438016,10.969328769627344,72456
2026-04-01 11:23:33,-95.5049,39.1187,507.6,5603.0,-14.0,-21.1,-19.0,55,63,1.4,238,20.8,17.63940040005366,11.022320696050665,72456
2026-04-01 11:23:34,-95.5047,39.1188,507.3,5607.0,-14.0,-21.0,-18.9,55,64,1.41,239,20.8,17.829079854603933,10.71279195812913,72456
2026-04-01 11:23:35,-95.5044,39.1189,506.9,5612.0,-14.0,-20.8,-18.7,57,65,1.44,239,20.8,17.829079854603933,10.71279195812913,72456
2026-04-01 11:23:36,-95.5042,39.119,506.6,5617.0,-14.1,-20.7,-18.6,57,65,1.45,239,20.9,17.914796584674143,10.764295765620135,72456
2026-04-01 11:23:37,-95.504,39.1191,506.2,5623.0,-14.1,-20.8,-18.7,57,65,1.44,239,20.9,17.914796584674143,10.764295765620135,72456
2026-04-01 11:23:38,-95.5038,39.1191,505.9,5628.0,-14.1,-21.0,-18.9,56,64,1.42,239,20.9,17.914796584674143,10.764295765620135,72456
2026-04-01 11:23:39,-95.5036,39.1192,505.5,5633.0,-14.1,-21.3,-19.1,55,63,1.39,239,20.9,17.914796584674143,10.764295765620135,72456
2026-04-01 11:23:40,-95.5034,39.1193,505.3,5637.0,-14.1,-21.6,-19.4,53,61,1.35,239,20.9,17.914796584674143,10.764295765620135,72456
2026-04-01 11:23:41,-95.5032,39.1194,505.1,5640.0,-14.1,-21.8,-19.6,52,60,1.33,239,20.9,17.914796584674143,10.764295765620135,72456
2026-04-01 11:23:42,-95.5029,39.1195,504.8,5644.0,-14.2,-21.9,-19.7,52,59,1.31,239,20.8,17.829079854603933,10.71279195812913,72456
2026-04-01 11:23:43,-95.5027,39.1196,504.6,5647.0,-14.2,-22.0,-19.8,52,59,1.31,239,20.8,17.829079854603933,10.71279195812913,72456
2026-04-01 11:23:44,-95.5025,39.1197,504.3,5651.0,-14.2,-22.0,-19.7,52,60,1.31,239,20.8,17.829079854603933,10.71279195812913,72456
2026-04-01 11:23:45,-95.5023,39.1198,504.0,5656.0,-14.2,-21.9,-19.7,52,60,1.31,239,20.7,17.74336312453372,10.661288150638125,72456
2026-04-01 11:23:46,-95.5021,39.1199,503.7,5660.0,-14.3,-21.8,-19.6,53,61,1.33,239,20.6,17.657646394463512,10.60978434314712,72456
2026-04-01 11:23:47,-95.5019,39.12,503.4,5666.0,-14.3,-21.7,-19.5,54,62,1.34,238,20.6,17.469790780822375,10.916336843204023,72456
2026-04-01 11:23:48,-95.5017,39.1201,503.0,5671.0,-14.4,-21.5,-19.3,55,63,1.36,238,20.5,17.38498597120673,10.863344916780703,72456
2026-04-01 11:23:49,-95.5015,39.1202,502.6,5677.0,-14.4,-21.4,-19.2,55,64,1.38,238,20.4,17.300181161591087,10.810352990357382,72456
2026-04-01 11:23:50,-95.5013,39.1203,502.2,5683.0,-14.5,-21.3,-19.1,56,65,1.39,238,20.3,17.215376351975447,10.757361063934063,72456
2026-04-01 11:23:51,-95.5012,39.1204,501.8,5689.0,-14.5,-21.2,-19.1,57,65,1.4,238,20.2,17.130571542359803,10.70436913751074,72456
2026-04-01 11:23:52,-95.501,39.1205,501.5,5694.0,-14.5,-21.1,-19.0,57,66,1.41,238,20.1,17.045766732744163,10.651377211087421,72456
2026-04-01 11:23:53,-95.5008,39.1206,501.2,5698.0,-14.6,-20.9,-18.8,58,67,1.44,238,20.0,16.96096192312852,10.5983852846641,72456
2026-04-01 11:23:54,-95.5006,39.1208,501.0,5702.0,-14.6,-20.7,-18.6,60,69,1.46,238,19.8,16.791352303897234,10.49240143181746,72456
2026-04-01 11:23:55,-95.5004,39.1209,500.7,5706.0,-14.6,-20.6,-18.5,60,69,1.48,238,19.7,16.70654749428159,10.439409505394138,72456
2026-04-01 11:23:56,-95.5002,39.121,500.4,5711.0,-14.6,-20.5,-18.4,61,70,1.5,239,19.6,16.8004790937614,10.094746268237067,72456
2026-04-01 11:23:56,-95.5002,39.121,500.1,5716.0,-14.7,-20.4,-18.3,62,71,1.51,239,19.4,16.629045633620972,9.991738653255053,72456
2026-04-01 11:23:57,-95.5,39.1211,500.0,5717.0,-14.7,-20.4,-18.3,62,71,1.51,239,19.3,16.543328903550766,9.94023484576405,72456
2026-04-01 11:23:58,-95.4997,39.1212,499.7,5721.0,-14.7,-20.4,-18.3,62,72,1.52,239,19.3,16.543328903550766,9.94023484576405,72456
2026-04-01 11:23:59,-95.4995,39.1213,499.3,5727.0,-14.7,-20.5,-18.4,61,71,1.5,239,19.2,16.457612173480552,9.888731038273043,72456
2026-04-01 11:24:00,-95.4993,39.1213,498.9,5734.0,-14.6,-20.6,-18.5,60,70,1.49,239,19.0,16.28617871334013,9.785723423291033,72456
2026-04-01 11:24:01,-95.4991,39.1214,498.5,5740.0,-14.5,-20.6,-18.5,60,69,1.49,239,18.9,16.200461983269918,9.734219615800027,72456
2026-04-01 11:24:02,-95.499,39.1215,498.1,5745.0,-14.4,-20.5,-18.5,60,69,1.5,239,18.8,16.114745253199708,9.682715808309023,72456
2026-04-01 11:24:03,-95.4988,39.1215,497.9,5749.0,-14.4,-20.5,-18.4,60,69,1.51,240,18.6,16.108072510390556,9.30000000000001,72456
2026-04-01 11:24:04,-95.4987,39.1216,497.6,5753.0,-14.4,-20.4,-18.3,61,70,1.52,240,18.5,16.02146997001211,9.250000000000009,72456
2026-04-01 11:24:05,-95.4985,39.1216,497.4,5757.0,-14.5,-20.3,-18.2,61,70,1.53,240,18.4,15.934867429633664,9.200000000000008,72456
2026-04-01 11:24:06,-95.4984,39.1217,497.1,5761.0,-14.5,-20.2,-18.2,62,71,1.54,240,18.3,15.848264889255223,9.15000000000001,72456
2026-04-01 11:24:07,-95.4982,39.1218,496.8,5765.0,-14.5,-20.2,-18.1,62,71,1.55,240,18.1,15.675059808498336,9.05000000000001,72456
2026-04-01 11:24:08,-95.498,39.1219,496.5,5770.0,-14.6,-20.1,-18.1,62,72,1.56,241,18.0,15.743154728509127,8.726573164434063,72456
2026-04-01 11:24:09,-95.4978,39.122,496.2,5774.0,-14.6,-20.1,-18.1,63,72,1.56,241,17.9,15.655692757795187,8.67809220240943,72456
2026-04-01 11:24:10,-95.4977,39.1221,495.9,5779.0,-14.6,-20.1,-18.1,63,73,1.56,241,17.8,15.568230787081248,8.629611240384795,72456
2026-04-01 11:24:11,-95.4975,39.1222,495.6,5784.0,-14.7,-20.1,-18.1,63,73,1.56,241,17.8,15.568230787081248,8.629611240384795,72456
2026-04-01 11:24:12,-95.4973,39.1222,495.3,5788.0,-14.7,-20.2,-18.1,63,73,1.55,241,17.7,15.480768816367307,8.581130278360162,72456
2026-04-01 11:24:13,-95.4971,39.1223,495.0,5793.0,-14.7,-20.2,-18.1,63,73,1.55,241,17.6,15.39330684565337,8.53264931633553,72456
2026-04-01 11:24:14,-95.4969,39.1224,494.6,5798.0,-14.8,-20.2,-18.1,63,73,1.55,241,17.5,15.30584487493943,8.484168354310894,72456
2026-04-01 11:24:15,-95.4968,39.1224,494.2,5805.0,-14.8,-20.3,-18.2,63,73,1.55,241,17.5,15.30584487493943,8.484168354310894,72456
2026-04-01 11:24:16,-95.4966,39.1225,493.7,5813.0,-14.9,-20.3,-18.3,63,73,1.54,242,17.4,15.363288115745329,8.168805192474498,72456
2026-04-01 11:24:17,-95.4963,39.1226,493.2,5820.0,-14.9,-20.4,-18.4,63,73,1.53,242,17.3,15.274993356459438,8.12185803619591,72456
2026-04-01 11:24:18,-95.4961,39.1226,492.9,5825.0,-15.0,-20.5,-18.4,63,73,1.52,242,17.3,15.274993356459438,8.12185803619591,72456
2026-04-01 11:24:19,-95.496,39.1227,492.5,5830.0,-15.0,-20.6,-18.5,62,72,1.51,242,17.2,15.186698597173544,8.07491087991732,72456
2026-04-01 11:24:20,-95.4958,39.1227,492.2,5835.0,-15.1,-20.6,-18.5,62,72,1.5,242,17.2,15.186698597173544,8.07491087991732,72456
2026-04-01 11:24:21,-95.4957,39.1228,491.9,5840.0,-15.1,-20.6,-18.5,62,72,1.5,242,17.2,15.186698597173544,8.07491087991732,72456
2026-04-01 11:24:22,-95.4955,39.1229,491.6,5845.0,-15.1,-20.7,-18.6,63,72,1.5,242,17.1,15.098403837887652,8.027963723638733,72456
2026-04-01 11:24:23,-95.4953,39.123,491.3,5849.0,-15.2,-20.7,-18.6,62,72,1.49,242,17.1,15.098403837887652,8.027963723638733,72456
2026-04-01 11:24:24,-95.4952,39.1231,491.1,5853.0,-15.2,-20.8,-18.7,62,72,1.49,242,17.0,15.010109078601758,7.981016567360143,72456
2026-04-01 11:24:25,-95.495,39.1232,490.8,5857.0,-15.2,-20.7,-18.6,63,73,1.49,242,17.0,15.010109078601758,7.981016567360143,72456
2026-04-01 11:24:26,-95.4948,39.1232,490.5,5862.0,-15.3,-20.7,-18.6,63,73,1.5,242,17.0,15.010109078601758,7.981016567360143,72456
2026-04-01 11:24:27,-95.4947,39.1233,490.2,5866.0,-15.3,-20.7,-18.6,63,74,1.51,242,16.9,14.921814319315866,7.934069411081553,72456
2026-04-01 11:24:28,-95.4945,39.1234,489.9,5871.0,-15.3,-20.6,-18.5,64,74,1.51,242,16.9,14.921814319315866,7.934069411081553,72456
2026-04-01 11:24:29,-95.4943,39.1234,489.6,5875.0,-15.3,-20.6,-18.5,64,74,1.52,242,16.9,14.921814319315866,7.934069411081553,72456
2026-04-01 11:24:30,-95.4941,39.1235,489.4,5879.0,-15.4,-20.6,-18.5,64,74,1.52,242,16.8,14.833519560029973,7.887122254802965,72456
2026-04-01 11:24:31,-95.494,39.1236,489.0,5884.0,-15.4,-20.6,-18.5,64,75,1.52,243,16.8,14.96890960636458,7.627040395624389,72456
2026-04-01 11:24:32,-95.4938,39.1237,488.7,5890.0,-15.4,-20.6,-18.5,64,75,1.52,243,16.8,14.96890960636458,7.627040395624389,72456
2026-04-01 11:24:33,-95.4937,39.1238,488.3,5895.0,-15.5,-20.6,-18.5,65,75,1.52,243,16.7,14.87980895394574,7.581641345650434,72456
2026-04-01 11:24:34,-95.4935,39.1238,488.0,5901.0,-15.5,-20.6,-18.5,65,75,1.52,243,16.7,14.87980895394574,7.581641345650434,72456
2026-04-01 11:24:35,-95.4933,39.1239,487.7,5905.0,-15.5,-20.7,-18.6,65,75,1.51,243,16.7,14.87980895394574,7.581641345650434,72456
2026-04-01 11:24:36,-95.4931,39.124,487.5,5909.0,-15.6,-20.8,-18.7,64,75,1.5,243,16.6,14.790708301526907,7.53624229567648,72456
2026-04-01 11:24:37,-95.4929,39.1241,487.2,5912.0,-15.6,-20.8,-18.7,64,75,1.49,244,16.6,14.91998116856617,7.276961036698691,72456
2026-04-01 11:24:38,-95.4928,39.1241,487.0,5916.0,-15.6,-20.9,-18.8,64,75,1.49,244,16.6,14.91998116856617,7.276961036698691,72456
2026-04-01 11:24:39,-95.4927,39.1242,486.6,5921.0,-15.7,-20.9,-18.8,64,75,1.49,244,16.6,14.91998116856617,7.276961036698691,72456
2026-04-01 11:24:40,-95.4925,39.1242,486.2,5928.0,-15.7,-20.9,-18.7,64,75,1.49,244,16.5,14.830101763936252,7.233123922019782,72456
2026-04-01 11:24:41,-95.4923,39.1243,485.8,5935.0,-15.8,-20.9,-18.7,65,75,1.49,244,16.5,14.830101763936252,7.233123922019782,72456
2026-04-01 11:24:42,-95.4921,39.1243,485.3,5943.0,-15.8,-20.9,-18.8,65,76,1.49,245,16.5,14.954078486104725,6.973201318721536,72456
2026-04-01 11:24:43,-95.4919,39.1244,484.8,5950.0,-15.8,-21.0,-18.8,65,76,1.49,245,16.5,14.954078486104725,6.973201318721536,72456
2026-04-01 11:24:44,-95.4918,39.1244,484.4,5956.0,-15.9,-21.0,-18.9,65,75,1.48,245,16.4,14.86344770740106,6.930939492547465,72456
2026-04-01 11:24:45,-95.4916,39.1244,484.0,5962.0,-15.9,-21.0,-18.9,65,75,1.48,245,16.4,14.86344770740106,6.930939492547465,72456
2026-04-01 11:24:46,-95.4914,39.1245,483.6,5968.0,-15.9,-21.0,-18.8,65,76,1.49,245,16.4,14.86344770740106,6.930939492547465,72456
2026-04-01 11:24:47,-95.4912,39.1245,483.3,5974.0,-15.9,-20.9,-18.8,65,76,1.49,245,16.4,14.86344770740106,6.930939492547465,72456
2026-04-01 11:24:48,-95.491,39.1246,482.9,5979.0,-16.0,-20.9,-18.8,66,77,1.49,245,16.3,14.772816928697397,6.888677666373397,72456
2026-04-01 11:24:49,-95.4908,39.1247,482.6,5984.0,-16.0,-20.9,-18.8,66,77,1.49,245,16.3,14.772816928697397,6.888677666373397,72456
2026-04-01 11:24:50,-95.4907,39.1248,482.4,5988.0,-16.1,-20.9,-18.8,66,77,1.5,244,16.3,14.65034295467642,7.145449692661967,72456
2026-04-01 11:24:51,-95.4905,39.1249,482.1,5993.0,-16.1,-20.9,-18.8,66,78,1.5,244,16.3,14.65034295467642,7.145449692661967,72456
2026-04-01 11:24:52,-95.4903,39.1249,481.8,5997.0,-16.1,-20.9,-18.8,67,78,1.5,244,16.2,14.560463550046501,7.101612577983059,72456
2026-04-01 11:24:53,-95.4902,39.125,481.5,6001.0,-16.2,-21.0,-18.8,67,78,1.5,244,16.2,14.560463550046501,7.101612577983059,72456
2026-04-01 11:24:54,-95.49,39.125,481.3,6005.0,-16.2,-20.9,-18.8,67,78,1.5,244,16.2,14.560463550046501,7.101612577983059,72456
2026-04-01 11:24:55,-95.4898,39.1251,481.0,6009.0,-16.3,-20.9,-18.8,67,79,1.51,243,16.2,14.434305691851558,7.3546460957806605,72456
2026-04-01 11:24:56,-95.4896,39.1251,480.8,6013.0,-16.3,-20.8,-18.7,68,80,1.51,243,16.1,14.345205039432722,7.309247045806707,72456
2026-04-01 11:24:57,-95.4895,39.1252,480.5,6017.0,-16.3,-20.8,-18.7,68,80,1.52,243,16.1,14.345205039432722,7.309247045806707,72456
2026-04-01 11:24:58,-95.4893,39.1253,480.2,6022.0,-16.4,-20.8,-18.7,69,81,1.52,243,16.1,14.345205039432722,7.309247045806707,72456
2026-04-01 11:24:59,-95.4892,39.1254,479.9,6026.0,-16.4,-20.7,-18.6,69,81,1.53,242,16.1,14.215456245028726,7.5584921608528415,72456
2026-04-01 11:25:00,-95.489,39.1254,479.6,6030.0,-16.4,-20.7,-18.6,70,82,1.54,242,16.0,14.127161485742832,7.511545004574252,72456
2026-04-01 11:25:01,-95.4889,39.1255,479.3,6035.0,-16.5,-20.6,-18.5,70,82,1.55,242,16.0,14.127161485742832,7.511545004574252,72456
2026-04-01 11:25:02,-95.4887,39.1255,479.0,6040.0,-16.5,-20.6,-18.5,71,83,1.56,242,16.0,14.127161485742832,7.511545004574252,72456
2026-04-01 11:25:03,-95.4886,39.1256,478.7,6046.0,-16.5,-20.6,-18.5,71,83,1.55,241,16.0,13.993915314230335,7.756953923941389,72456
2026-04-01 11:25:04,-95.4884,39.1257,478.3,6052.0,-16.5,-20.7,-18.6,70,82,1.54,241,16.0,13.993915314230335,7.756953923941389,72456
2026-04-01 11:25:05,-95.4883,39.1258,477.9,6058.0,-16.5,-20.9,-18.8,69,81,1.52,241,16.0,13.993915314230335,7.756953923941389,72456
2026-04-01 11:25:06,-95.4881,39.1259,477.5,6064.0,-16.6,-20.9,-18.8,69,81,1.52,241,16.0,13.993915314230335,7.756953923941389,72456
2026-04-01 11:25:07,-95.488,39.126,477.2,6070.0,-16.6,-20.7,-18.6,70,83,1.54,241,16.0,13.993915314230335,7.756953923941389,72456
2026-04-01 11:25:08,-95.4878,39.1261,476.8,6075.0,-16.6,-20.5,-18.4,72,85,1.57,241,15.9,13.906453343516397,7.708472961916756,72456
2026-04-01 11:25:09,-95.4877,39.1262,476.5,6079.0,-16.6,-20.3,-18.3,73,86,1.6,241,15.9,13.906453343516397,7.708472961916756,72456
2026-04-01 11:25:10,-95.4875,39.1262,476.2,6085.0,-16.6,-20.3,-18.2,73,86,1.6,241,15.9,13.906453343516397,7.708472961916756,72456
2026-04-01 11:25:11,-95.4873,39.1263,475.8,6090.0,-16.6,-20.4,-18.4,72,85,1.58,241,16.0,13.993915314230335,7.756953923941389,72456
2026-04-01 11:25:12,-95.4871,39.1264,475.4,6097.0,-16.6,-20.6,-18.5,71,84,1.56,241,16.0,13.993915314230335,7.756953923941389,72456
2026-04-01 11:25:13,-95.4869,39.1264,475.0,6104.0,-16.6,-20.7,-18.6,71,84,1.55,241,16.0,13.993915314230335,7.756953923941389,72456
2026-04-01 11:25:14,-95.4868,39.1265,474.6,6110.0,-16.7,-20.7,-18.6,71,84,1.55,241,16.0,13.993915314230335,7.756953923941389,72456
2026-04-01 11:25:15,-95.4866,39.1266,474.2,6116.0,-16.8,-20.8,-18.7,71,84,1.54,241,16.0,13.993915314230335,7.756953923941389,72456
2026-04-01 11:25:16,-95.4865,39.1266,473.8,6122.0,-16.8,-20.8,-18.7,71,83,1.54,242,16.1,14.215456245028726,7.5584921608528415,72456
2026-04-01 11:25:17,-95.4864,39.1267,473.4,6129.0,-16.9,-20.9,-18.7,71,84,1.53,242,16.1,14.215456245028726,7.5584921608528415,72456
2026-04-01 11:25:18,-95.4862,39.1268,473.0,6135.0,-16.9,-20.9,-18.8,71,84,1.53,242,16.1,14.215456245028726,7.5584921608528415,72456
2026-04-01 11:25:19,-95.4861,39.1268,472.7,6141.0,-17.0,-21.0,-18.9,71,83,1.52,243,16.2,14.434305691851558,7.3546460957806605,72456
2026-04-01 11:25:20,-95.4859,39.1269,472.3,6146.0,-17.0,-21.0,-18.9,71,83,1.51,243,16.2,14.434305691851558,7.3546460957806605,72456
2026-04-01 11:25:21,-95.4858,39.1269,472.0,6151.0,-17.0,-21.0,-18.9,71,84,1.51,243,16.3,14.523406344270395,7.400045145754616,72456
2026-04-01 11:25:22,-95.4856,39.127,471.8,6155.0,-17.0,-21.0,-18.9,71,84,1.52,244,16.3,14.65034295467642,7.145449692661967,72456
2026-04-01 11:25:23,-95.4854,39.1271,471.5,6159.0,-17.1,-21.0,-18.9,71,84,1.52,244,16.4,14.740222359306335,7.189286807340874,72456
2026-04-01 11:25:24,-95.4852,39.1272,471.2,6163.0,-17.1,-21.0,-18.9,72,85,1.52,245,16.4,14.86344770740106,6.930939492547465,72456
2026-04-01 11:25:25,-95.4851,39.1272,470.9,6168.0,-17.1,-20.9,-18.8,72,86,1.53,245,16.5,14.954078486104725,6.973201318721536,72456
2026-04-01 11:25:26,-95.4849,39.1273,470.6,6173.0,-17.2,-20.8,-18.7,74,87,1.55,245,16.6,15.044709264808391,7.015463144895607,72456
2026-04-01 11:25:27,-95.4847,39.1273,470.3,6179.0,-17.2,-20.7,-18.6,74,88,1.57,246,16.7,15.256209142631436,6.792501939365861,72456
2026-04-01 11:25:28,-95.4845,39.1274,470.0,6184.0,-17.2,-20.6,-18.5,75,88,1.58,246,16.7,15.256209142631436,6.792501939365861,72456
2026-04-01 11:25:29,-95.4843,39.1275,469.7,6188.0,-17.3,-20.6,-18.5,75,89,1.57,247,16.8,15.464481538000998,6.564282958619801,72456
2026-04-01 11:25:30,-95.4841,39.1275,469.4,6193.0,-17.3,-20.7,-18.6,75,88,1.57,247,16.9,15.55653202334624,6.603356071468727,72456
2026-04-01 11:25:31,-95.4839,39.1276,469.1,6198.0,-17.3,-20.9,-18.7,74,88,1.55,247,17.0,15.648582508691485,6.642429184317655,72456
2026-04-01 11:25:32,-95.4837,39.1277,468.8,6203.0,-17.4,-21.0,-18.9,73,87,1.53,248,17.0,15.762125527635384,6.368312088070509,72456
2026-04-01 11:25:33,-95.4836,39.1277,468.5,6207.0,-17.4,-21.1,-18.9,73,86,1.52,248,17.1,15.854843913092065,6.405772747412101,72456
2026-04-01 11:25:34,-95.4834,39.1278,468.2,6212.0,-17.4,-21.1,-19.0,73,87,1.52,248,17.2,15.94756229854874,6.443233406753691,72456
2026-04-01 11:25:35,-95.4832,39.1278,467.9,6217.0,-17.5,-21.1,-19.0,73,87,1.52,248,17.2,15.94756229854874,6.443233406753691,72456
2026-04-01 11:25:36,-95.4831,39.1279,467.6,6222.0,-17.5,-21.2,-19.0,73,87,1.51,249,17.3,16.150941378401587,6.199765527133702,72456
2026-04-01 11:25:37,-95.4829,39.1279,467.3,6227.0,-17.5,-21.2,-19.0,73,87,1.51,249,17.4,16.244299421051306,6.235602322088232,72456
2026-04-01 11:25:38,-95.4827,39.1279,466.9,6232.0,-17.6,-21.2,-19.1,73,87,1.51,249,17.4,16.244299421051306,6.235602322088232,72456
2026-04-01 11:25:39,-95.4825,39.128,466.5,6238.0,-17.6,-21.3,-19.1,73,86,1.5,249,17.5,16.337657463701028,6.271439117042762,72456
2026-04-01 11:25:40,-95.4823,39.128,466.1,6245.0,-17.6,-21.3,-19.2,72,86,1.5,249,17.5,16.337657463701028,6.271439117042762,72456
2026-04-01 11:25:41,-95.4821,39.1281,465.7,6251.0,-17.6,-21.4,-19.2,72,86,1.49,249,17.6,16.431015506350747,6.307275911997293,72456
2026-04-01 11:25:42,-95.4818,39.1282,465.4,6257.0,-17.6,-21.5,-19.3,72,85,1.48,249,17.6,16.431015506350747,6.307275911997293,72456
2026-04-01 11:25:43,-95.4816,39.1282,465.1,6262.0,-17.6,-21.5,-19.3,72,85,1.48,249,17.6,16.431015506350747,6.307275911997293,72456
2026-04-01 11:25:44,-95.4814,39.1283,464.8,6267.0,-17.6,-21.6,-19.4,71,85,1.47,249,17.7,16.524373549000465,6.343112706951822,72456
2026-04-01 11:25:45,-95.4812,39.1283,464.5,6271.0,-17.6,-21.6,-19.4,71,84,1.46,249,17.7,16.524373549000465,6.343112706951822,72456
2026-04-01 11:25:46,-95.481,39.1284,464.2,6276.0,-17.7,-21.7,-19.5,71,84,1.45,249,17.7,16.524373549000465,6.343112706951822,72456
2026-04-01 11:25:47,-95.4809,39.1284,464.0,6280.0,-17.7,-21.7,-19.5,71,84,1.45,249,17.7,16.524373549000465,6.343112706951822,72456
2026-04-01 11:25:48,-95.4807,39.1285,463.7,6285.0,-17.7,-21.7,-19.5,71,85,1.46,249,17.7,16.524373549000465,6.343112706951822,72456
2026-04-01 11:25:49,-95.4805,39.1285,463.3,6290.0,-17.8,-21.6,-19.4,72,85,1.47,248,17.7,16.411154225832135,6.630536703461647,72456
2026-04-01 11:25:50,-95.4803,39.1286,463.0,6296.0,-17.8,-21.6,-19.4,72,86,1.47,248,17.7,16.411154225832135,6.630536703461647,72456
2026-04-01 11:25:51,-95.4801,39.1286,462.6,6301.0,-17.8,-21.7,-19.5,72,86,1.46,248,17.7,16.411154225832135,6.630536703461647,72456
2026-04-01 11:25:52,-95.4799,39.1287,462.3,6306.0,-17.9,-21.7,-19.6,72,85,1.45,248,17.6,16.318435840375457,6.593076044120057,72456
2026-04-01 11:25:53,-95.4797,39.1288,462.0,6311.0,-17.9,-21.8,-19.6,72,85,1.45,248,17.6,16.318435840375457,6.593076044120057,72456
2026-04-01 11:25:54,-95.4795,39.1289,461.7,6316.0,-17.9,-21.8,-19.6,71,85,1.44,248,17.6,16.318435840375457,6.593076044120057,72456
2026-04-01 11:25:55,-95.4793,39.129,461.4,6321.0,-18.0,-21.9,-19.7,71,85,1.44,247,17.6,16.20088542076295,6.8768678614112195,72456
2026-04-01 11:25:56,-95.4792,39.129,461.1,6327.0,-18.0,-22.0,-19.8,71,84,1.42,247,17.6,16.20088542076295,6.8768678614112195,72456
2026-04-01 11:25:57,-95.479,39.1291,460.7,6332.0,-18.0,-22.1,-19.9,70,84,1.41,247,17.6,16.20088542076295,6.8768678614112195,72456
2026-04-01 11:25:58,-95.4787,39.1291,460.4,6338.0,-18.0,-22.2,-20.0,70,83,1.4,247,17.6,16.20088542076295,6.8768678614112195,72456
2026-04-01 11:25:59,-95.4785,39.1292,460.0,6344.0,-18.0,-22.3,-20.1,69,83,1.39,247,17.6,16.20088542076295,6.8768678614112195,72456
2026-04-01 11:26:00,-95.4784,39.1292,459.6,6350.0,-18.1,-22.4,-20.1,69,82,1.38,247,17.6,16.20088542076295,6.8768678614112195,72456
2026-04-01 11:26:01,-95.4782,39.1293,459.3,6355.0,-18.1,-22.5,-20.2,69,82,1.37,247,17.6,16.20088542076295,6.8768678614112195,72456
2026-04-01 11:26:02,-95.4781,39.1294,459.0,6361.0,-18.1,-22.5,-20.3,68,82,1.37,247,17.6,16.20088542076295,6.8768678614112195,72456
2026-04-01 11:26:03,-95.4779,39.1295,458.6,6366.0,-18.2,-22.6,-20.3,68,81,1.36,247,17.6,16.20088542076295,6.8768678614112195,72456
2026-04-01 11:26:04,-95.4778,39.1295,458.3,6372.0,-18.2,-22.7,-20.4,68,81,1.35,247,17.6,16.20088542076295,6.8768678614112195,72456
2026-04-01 11:26:05,-95.4776,39.1296,458.0,6377.0,-18.2,-22.8,-20.6,67,80,1.33,247,17.6,16.20088542076295,6.8768678614112195,72456
2026-04-01 11:26:06,-95.4774,39.1297,457.6,6383.0,-18.2,-23.0,-20.7,66,79,1.32,247,17.7,16.29293590610819,6.915940974260146,72456
2026-04-01 11:26:07,-95.4772,39.1297,457.3,6388.0,-18.2,-23.1,-20.8,66,79,1.31,248,17.7,16.411154225832135,6.630536703461647,72456
2026-04-01 11:26:08,-95.477,39.1298,457.0,6393.0,-18.3,-23.1,-20.8,66,79,1.31,248,17.8,16.503872611288816,6.667997362803239,72456
2026-04-01 11:26:09,-95.4769,39.1299,456.7,6398.0,-18.3,-23.1,-20.8,66,79,1.31,248,17.8,16.503872611288816,6.667997362803239,72456
2026-04-01 11:26:10,-95.4767,39.1299,456.4,6403.0,-18.4,-23.1,-20.8,66,79,1.31,248,17.9,16.59659099674549,6.705458022144829,72456
2026-04-01 11:26:11,-95.4765,39.13,456.1,6408.0,-18.4,-23.1,-20.8,66,79,1.3,249,17.9,16.711089634299906,6.414786296860882,72456
2026-04-01 11:26:12,-95.4763,39.1301,455.8,6413.0,-18.4,-23.2,-20.9,66,79,1.3,249,18.0,16.80444767694963,6.450623091815412,72456
2026-04-01 11:26:13,-95.4761,39.1302,455.5,6418.0,-18.5,-23.2,-20.9,66,79,1.3,250,18.1,17.008436436224944,6.190564594194601,72456
2026-04-01 11:26:14,-95.4759,39.1302,455.2,6423.0,-18.5,-23.2,-20.9,67,80,1.3,250,18.2,17.10240569830353,6.224766608527167,72456
2026-04-01 11:26:15,-95.4757,39.1303,454.9,6428.0,-18.6,-23.2,-20.8,67,80,1.3,250,18.2,17.10240569830353,6.224766608527167,72456
2026-04-01 11:26:16,-95.4754,39.1303,454.5,6433.0,-18.6,-23.2,-20.9,67,81,1.3,251,18.3,17.302989933467497,5.957897226565967,72456
2026-04-01 11:26:17,-95.4752,39.1303,454.2,6438.0,-18.7,-23.2,-20.9,67,81,1.3,251,18.4,17.39754179102743,5.990454042011682,72456
2026-04-01 11:26:18,-95.475,39.1304,453.9,6443.0,-18.7,-23.3,-21.0,67,80,1.29,251,18.5,17.49209364858736,6.023010857457398,72456
2026-04-01 11:26:19,-95.4748,39.1304,453.6,6448.0,-18.7,-23.4,-21.0,67,80,1.29,252,18.6,17.689651203089856,5.747716095374025,72456
2026-04-01 11:26:20,-95.4746,39.1304,453.4,6452.0,-18.8,-23.4,-21.1,67,80,1.28,252,18.6,17.689651203089856,5.747716095374025,72456
2026-04-01 11:26:21,-95.4744,39.1305,453.1,6456.0,-18.8,-23.4,-21.1,67,81,1.28,252,18.7,17.78475685471937,5.778617794811519,72456
2026-04-01 11:26:22,-95.4742,39.1305,452.9,6461.0,-18.8,-23.4,-21.1,67,81,1.28,253,18.8,17.978529412105065,5.496588048787458,72456
2026-04-01 11:26:23,-95.474,39.1306,452.6,6465.0,-18.9,-23.4,-21.1,67,81,1.28,253,18.8,17.978529412105065,5.496588048787458,72456
2026-04-01 11:26:24,-95.4738,39.1306,452.3,6470.0,-18.9,-23.4,-21.1,68,82,1.28,253,18.9,18.074159887701367,5.525825219259731,72456
2026-04-01 11:26:25,-95.4735,39.1307,452.0,6475.0,-19.0,-23.4,-21.1,68,82,1.29,254,19.0,18.263972222828063,5.237109760522979,72456
2026-04-01 11:26:26,-95.4733,39.1308,451.7,6479.0,-19.0,-23.4,-21.1,68,82,1.28,254,19.0,18.263972222828063,5.237109760522979,72456
2026-04-01 11:26:27,-95.4731,39.1308,451.4,6485.0,-19.0,-23.5,-21.1,68,82,1.28,254,19.0,18.263972222828063,5.237109760522979,72456
2026-04-01 11:26:28,-95.4729,39.1309,451.1,6490.0,-19.1,-23.5,-21.2,68,82,1.27,254,19.1,18.360098392421893,5.264673496104679,72456
2026-04-01 11:26:29,-95.4727,39.1309,450.7,6496.0,-19.1,-23.6,-21.3,67,81,1.27,254,19.1,18.360098392421893,5.264673496104679,72456
2026-04-01 11:26:30,-95.4725,39.1309,450.4,6502.0,-19.1,-23.7,-21.4,67,81,1.25,254,19.1,18.360098392421893,5.264673496104679,72456
2026-04-01 11:26:31,-95.4723,39.1309,450.0,6508.0,-19.2,-23.8,-21.5,67,80,1.24,255,19.1,18.449183282121208,4.943443761458145,72456
2026-04-01 11:26:32,-95.472,39.131,449.7,6513.0,-19.2,-23.9,-21.6,66,79,1.23,255,19.1,18.449183282121208,4.943443761458145,72456
2026-04-01 11:26:33,-95.4718,39.131,449.4,6518.0,-19.2,-24.0,-21.6,65,79,1.22,255,19.0,18.352590699492296,4.917561856947892,72456
2026-04-01 11:26:34,-95.4716,39.1311,449.1,6522.0,-19.2,-24.0,-21.6,66,79,1.22,255,19.0,18.352590699492296,4.917561856947892,72456
2026-04-01 11:26:35,-95.4713,39.1311,448.9,6527.0,-19.2,-24.0,-21.6,66,80,1.23,255,19.0,18.352590699492296,4.917561856947892,72456
2026-04-01 11:26:36,-95.4711,39.1312,448.5,6532.0,-19.3,-23.9,-21.5,67,81,1.24,255,19.0,18.352590699492296,4.917561856947892,72456
2026-04-01 11:26:37,-95.4709,39.1313,448.2,6539.0,-19.3,-23.8,-21.5,67,81,1.25,255,18.9,18.25599811686339,4.89167995243764,72456
2026-04-01 11:26:38,-95.4707,39.1313,447.8,6545.0,-19.4,-23.8,-21.5,68,82,1.25,255,18.9,18.25599811686339,4.89167995243764,72456
2026-04-01 11:26:39,-95.4705,39.1314,447.4,6551.0,-19.4,-23.8,-21.5,68,82,1.25,255,18.8,18.159405534234484,4.865798047927388,72456
2026-04-01 11:26:40,-95.4702,39.1314,447.1,6556.0,-19.4,-23.9,-21.5,68,82,1.25,255,18.8,18.159405534234484,4.865798047927388,72456
2026-04-01 11:26:41,-95.47,39.1314,446.8,6560.0,-19.5,-23.8,-21.5,68,83,1.25,255,18.7,18.062812951605576,4.839916143417136,72456
2026-04-01 11:26:42,-95.4698,39.1314,446.6,6565.0,-19.5,-23.8,-21.4,69,83,1.25,255,18.7,18.062812951605576,4.839916143417136,72456
2026-04-01 11:26:43,-95.4696,39.1315,446.3,6569.0,-19.5,-23.8,-21.5,69,83,1.25,255,18.6,17.96622036897667,4.814034238906884,72456
2026-04-01 11:26:44,-95.4694,39.1316,446.1,6573.0,-19.6,-24.0,-21.6,68,82,1.24,255,18.6,17.96622036897667,4.814034238906884,72456
2026-04-01 11:26:45,-95.4693,39.1316,445.8,6578.0,-19.6,-24.1,-21.7,67,82,1.23,255,18.5,17.869627786347763,4.7881523343966315,72456
2026-04-01 11:26:46,-95.4691,39.1317,445.5,6583.0,-19.6,-24.2,-21.8,67,81,1.22,255,18.4,17.773035203718855,4.762270429886379,72456
2026-04-01 11:26:47,-95.4689,39.1317,445.2,6587.0,-19.6,-24.2,-21.8,67,81,1.22,255,18.4,17.773035203718855,4.762270429886379,72456
2026-04-01 11:26:48,-95.4687,39.1317,445.0,6592.0,-19.6,-24.2,-21.8,67,81,1.22,255,18.3,17.67644262108995,4.736388525376127,72456
2026-04-01 11:26:49,-95.4685,39.1318,444.7,6596.0,-19.6,-24.2,-21.8,67,81,1.22,255,18.3,17.67644262108995,4.736388525376127,72456
2026-04-01 11:26:50,-95.4683,39.1318,444.4,6600.0,-19.6,-24.1,-21.7,67,82,1.22,255,18.3,17.67644262108995,4.736388525376127,72456
2026-04-01 11:26:51,-95.4681,39.1319,444.2,6605.0,-19.7,-24.1,-21.7,68,82,1.23,255,18.2,17.579850038461043,4.710506620865876,72456
2026-04-01 11:26:52,-95.4679,39.1319,443.8,6610.0,-19.7,-24.1,-21.7,68,83,1.23,255,18.2,17.579850038461043,4.710506620865876,72456
2026-04-01 11:26:53,-95.4677,39.132,443.5,6616.0,-19.8,-24.1,-21.7,68,83,1.23,255,18.2,17.579850038461043,4.710506620865876,72456
2026-04-01 11:26:54,-95.4675,39.132,443.2,6621.0,-19.8,-24.1,-21.7,69,83,1.23,255,18.1,17.48325745583214,4.684624716355624,72456
2026-04-01 11:26:55,-95.4673,39.132,442.9,6626.0,-19.9,-24.1,-21.7,69,84,1.23,255,18.1,17.48325745583214,4.684624716355624,72456
2026-04-01 11:26:56,-95.4671,39.1321,442.7,6630.0,-19.9,-24.1,-21.7,69,84,1.23,255,18.1,17.48325745583214,4.684624716355624,72456
2026-04-01 11:26:57,-95.4669,39.1321,442.5,6633.0,-19.9,-24.1,-21.7,70,84,1.24,255,18.1,17.48325745583214,4.684624716355624,72456
2026-04-01 11:26:58,-95.4667,39.1321,442.3,6636.0,-20.0,-24.0,-21.6,70,85,1.24,255,18.1,17.48325745583214,4.684624716355624,72456
2026-04-01 11:26:59,-95.4664,39.1322,442.1,6640.0,-20.0,-24.0,-21.6,71,86,1.25,255,18.1,17.48325745583214,4.684624716355624,72456
2026-04-01 11:27:00,-95.4662,39.1322,441.8,6644.0,-20.0,-24.0,-21.6,71,86,1.25,255,18.2,17.579850038461043,4.710506620865876,72456
2026-04-01 11:27:01,-95.466,39.1323,441.6,6648.0,-20.1,-24.0,-21.6,71,86,1.25,254,18.2,17.494962866077405,5.01659987586938,72456
2026-04-01 11:27:02,-95.4658,39.1324,441.4,6652.0,-20.1,-24.0,-21.6,71,86,1.25,254,18.2,17.494962866077405,5.01659987586938,72456
2026-04-01 11:27:03,-95.4657,39.1324,441.1,6656.0,-20.1,-24.0,-21.6,71,86,1.25,254,18.3,17.59108903567124,5.04416361145108,72456
2026-04-01 11:27:04,-95.4655,39.1324,440.9,6660.0,-20.1,-24.1,-21.7,71,86,1.24,254,18.3,17.59108903567124,5.04416361145108,72456
2026-04-01 11:27:05,-95.4653,39.1325,440.6,6665.0,-20.1,-24.2,-21.8,70,86,1.23,254,18.3,17.59108903567124,5.04416361145108,72456
2026-04-01 11:27:06,-95.4651,39.1325,440.3,6669.0,-20.1,-24.2,-21.8,70,85,1.22,254,18.4,17.68721520526507,5.0717273470327795,72456
2026-04-01 11:27:07,-95.4649,39.1325,440.0,6674.0,-20.2,-24.3,-21.9,70,85,1.22,254,18.4,17.68721520526507,5.0717273470327795,72456
2026-04-01 11:27:08,-95.4647,39.1326,439.7,6679.0,-20.2,-24.4,-22.0,69,84,1.21,254,18.5,17.783341374858903,5.09929108261448,72456
2026-04-01 11:27:09,-95.4645,39.1326,439.5,6684.0,-20.2,-24.5,-22.0,69,84,1.2,254,18.6,17.879467544452734,5.12685481819618,72456
2026-04-01 11:27:10,-95.4643,39.1327,439.2,6688.0,-20.3,-24.5,-22.1,69,84,1.19,254,18.6,17.879467544452734,5.12685481819618,72456
2026-04-01 11:27:11,-95.4641,39.1327,438.9,6693.0,-20.3,-24.7,-22.2,68,83,1.18,254,18.7,17.975593714046564,5.154418553777879,72456
2026-04-01 11:27:12,-95.464,39.1328,438.6,6699.0,-20.3,-24.8,-22.3,67,82,1.17,254,18.7,17.975593714046564,5.154418553777879,72456
2026-04-01 11:27:13,-95.4637,39.1328,438.2,6705.0,-20.3,-24.9,-22.5,67,81,1.15,254,18.7,17.975593714046564,5.154418553777879,72456
2026-04-01 11:27:14,-95.4635,39.1328,437.9,6711.0,-20.4,-25.0,-22.6,66,81,1.14,254,18.8,18.071719883640398,5.1819822893595795,72456
2026-04-01 11:27:15,-95.4633,39.1329,437.6,6716.0,-20.4,-25.1,-22.7,66,81,1.14,254,18.8,18.071719883640398,5.1819822893595795,72456
2026-04-01 11:27:16,-95.463,39.1329,437.3,6721.0,-20.5,-25.2,-22.7,66,80,1.13,254,18.9,18.16784605323423,5.209546024941279,72456
2026-04-01 11:27:17,-95.4628,39.133,437.0,6725.0,-20.5,-25.3,-22.8,65,80,1.12,255,18.9,18.25599811686339,4.89167995243764,72456
2026-04-01 11:27:18,-95.4625,39.1331,436.8,6729.0,-20.5,-25.3,-22.9,65,80,1.12,255,18.9,18.25599811686339,4.89167995243764,72456
2026-04-01 11:27:19,-95.4623,39.1332,436.6,6732.0,-20.6,-25.4,-22.9,66,80,1.12,255,18.9,18.25599811686339,4.89167995243764,72456
2026-04-01 11:27:20,-95.4621,39.1332,436.3,6737.0,-20.6,-25.3,-22.8,66,81,1.12,255,18.9,18.25599811686339,4.89167995243764,72456
2026-04-01 11:27:21,-95.4619,39.1333,436.1,6741.0,-20.7,-25.3,-22.8,66,81,1.12,255,18.9,18.25599811686339,4.89167995243764,72456
2026-04-01 11:27:22,-95.4617,39.1333,435.8,6747.0,-20.7,-25.2,-22.8,67,82,1.13,255,18.9,18.25599811686339,4.89167995243764,72456
2026-04-01 11:27:23,-95.4615,39.1334,435.4,6752.0,-20.8,-25.2,-22.8,67,83,1.13,255,18.9,18.25599811686339,4.89167995243764,72456
2026-04-01 11:27:24,-95.4613,39.1334,435.2,6757.0,-20.8,-25.3,-22.8,67,83,1.13,255,18.8,18.159405534234484,4.865798047927388,72456
2026-04-01 11:27:25,-95.4611,39.1334,434.9,6761.0,-20.9,-25.3,-22.8,67,83,1.12,255,18.8,18.159405534234484,4.865798047927388,72456
2026-04-01 11:27:26,-95.4609,39.1334,434.6,6766.0,-20.9,-25.4,-22.9,67,83,1.12,255,18.8,18.159405534234484,4.865798047927388,72456
2026-04-01 11:27:27,-95.4606,39.1334,434.4,6770.0,-20.9,-25.4,-22.9,67,83,1.12,255,18.7,18.062812951605576,4.839916143417136,72456
2026-04-01 11:27:28,-95.4604,39.1335,434.1,6774.0,-21.0,-25.4,-22.9,68,83,1.12,255,18.7,18.062812951605576,4.839916143417136,72456
2026-04-01 11:27:29,-95.4602,39.1336,433.9,6779.0,-21.0,-25.4,-22.9,68,84,1.12,255,18.6,17.96622036897667,4.814034238906884,72456
2026-04-01 11:27:30,-95.46,39.1336,433.6,6784.0,-21.1,-25.3,-22.9,68,84,1.12,255,18.6,17.96622036897667,4.814034238906884,72456
2026-04-01 11:27:31,-95.4598,39.1337,433.3,6788.0,-21.1,-25.4,-22.9,69,84,1.12,255,18.5,17.869627786347763,4.7881523343966315,72456
2026-04-01 11:27:32,-95.4596,39.1337,433.0,6793.0,-21.2,-25.4,-22.9,69,85,1.12,255,18.5,17.869627786347763,4.7881523343966315,72456
2026-04-01 11:27:33,-95.4594,39.1337,432.8,6797.0,-21.2,-25.4,-22.9,69,85,1.12,255,18.4,17.773035203718855,4.762270429886379,72456
2026-04-01 11:27:34,-95.4592,39.1337,432.6,6801.0,-21.2,-25.5,-23.0,69,85,1.12,255,18.3,17.67644262108995,4.736388525376127,72456
2026-04-01 11:27:35,-95.459,39.1337,432.3,6805.0,-21.3,-25.5,-23.0,69,85,1.11,255,18.3,17.67644262108995,4.736388525376127,72456
2026-04-01 11:27:36,-95.4588,39.1338,432.1,6809.0,-21.3,-25.6,-23.1,68,84,1.1,255,18.2,17.579850038461043,4.710506620865876,72456
2026-04-01 11:27:37,-95.4586,39.1338,431.8,6814.0,-21.4,-25.7,-23.2,68,84,1.1,255,18.2,17.579850038461043,4.710506620865876,72456
2026-04-01 11:27:38,-95.4584,39.1339,431.5,6818.0,-21.4,-25.7,-23.2,68,84,1.09,255,18.1,17.48325745583214,4.684624716355624,72456
2026-04-01 11:27:39,-95.4582,39.1339,431.3,6823.0,-21.4,-25.7,-23.2,68,84,1.09,255,18.1,17.48325745583214,4.684624716355624,72456
2026-04-01 11:27:40,-95.458,39.134,431.0,6828.0,-21.4,-25.8,-23.3,68,84,1.09,255,18.0,17.38666487320323,4.6587428118453715,72456
2026-04-01 11:27:41,-95.4578,39.134,430.7,6832.0,-21.5,-25.8,-23.3,68,84,1.08,255,18.0,17.38666487320323,4.6587428118453715,72456
2026-04-01 11:27:42,-95.4577,39.1341,430.5,6836.0,-21.5,-25.9,-23.3,68,83,1.08,255,17.9,17.290072290574322,4.632860907335119,72456
2026-04-01 11:27:43,-95.4575,39.1341,430.3,6840.0,-21.5,-25.9,-23.3,68,84,1.08,255,17.9,17.290072290574322,4.632860907335119,72456
2026-04-01 11:27:44,-95.4573,39.1342,430.1,6842.0,-21.5,-25.9,-23.4,68,84,1.08,255,17.9,17.290072290574322,4.632860907335119,72456
2026-04-01 11:27:45,-95.4571,39.1342,429.9,6846.0,-21.6,-26.0,-23.4,68,83,1.07,255,17.8,17.193479707945418,4.606979002824867,72456
2026-04-01 11:27:46,-95.4568,39.1343,429.7,6850.0,-21.6,-26.0,-23.5,68,83,1.07,255,17.8,17.193479707945418,4.606979002824867,72456
2026-04-01 11:27:47,-95.4566,39.1343,429.4,6856.0,-21.6,-26.0,-23.5,67,83,1.07,255,17.8,17.193479707945418,4.606979002824867,72456
2026-04-01 11:27:48,-95.4564,39.1344,429.0,6862.0,-21.6,-26.0,-23.5,68,83,1.07,255,17.8,17.193479707945418,4.606979002824867,72456
2026-04-01 11:27:49,-95.4563,39.1344,428.7,6868.0,-21.6,-26.0,-23.4,68,84,1.07,254,17.7,17.014332018108245,4.87878119796088,72456
2026-04-01 11:27:50,-95.456,39.1344,428.3,6873.0,-21.7,-25.9,-23.4,68,85,1.08,254,17.7,17.014332018108245,4.87878119796088,72456
2026-04-01 11:27:51,-95.4558,39.1344,428.0,6878.0,-21.7,-25.9,-23.4,69,85,1.08,254,17.7,17.014332018108245,4.87878119796088,72456
2026-04-01 11:27:52,-95.4556,39.1345,427.8,6883.0,-21.7,-25.9,-23.4,69,85,1.08,254,17.7,17.014332018108245,4.87878119796088,72456
2026-04-01 11:27:53,-95.4554,39.1346,427.5,6888.0,-21.8,-25.9,-23.4,69,85,1.08,254,17.7,17.014332018108245,4.87878119796088,72456
2026-04-01 11:27:54,-95.4552,39.1346,427.2,6894.0,-21.8,-26.0,-23.4,69,85,1.08,254,17.7,17.014332018108245,4.87878119796088,72456
2026-04-01 11:27:55,-95.4551,39.1347,426.8,6899.0,-21.8,-26.0,-23.5,69,85,1.07,254,17.7,17.014332018108245,4.87878119796088,72456
2026-04-01 11:27:56,-95.4549,39.1347,426.5,6904.0,-21.8,-26.1,-23.5,68,85,1.07,254,17.7,17.014332018108245,4.87878119796088,72456
2026-04-01 11:27:57,-95.4547,39.1347,426.2,6909.0,-21.8,-26.2,-23.6,68,84,1.06,254,17.7,17.014332018108245,4.87878119796088,72456
2026-04-01 11:27:58,-95.4545,39.1348,425.9,6915.0,-21.8,-26.3,-23.7,67,83,1.05,254,17.8,17.11045818770208,4.90634493354258,72456
2026-04-01 11:27:59,-95.4543,39.1348,425.6,6920.0,-21.8,-26.4,-23.9,66,82,1.04,254,17.8,17.11045818770208,4.90634493354258,72456
2026-04-01 11:28:00,-95.4541,39.1348,425.3,6926.0,-21.9,-26.6,-24.0,65,81,1.02,254,17.8,17.11045818770208,4.90634493354258,72456
2026-04-01 11:28:01,-95.4539,39.1349,425.0,6931.0,-21.8,-26.7,-24.1,65,80,1.01,254,17.8,17.11045818770208,4.90634493354258,72456
2026-04-01 11:28:02,-95.4538,39.1349,424.8,6935.0,-21.8,-26.8,-24.2,64,79,1.0,254,17.8,17.11045818770208,4.90634493354258,72456
2026-04-01 11:28:03,-95.4536,39.135,424.5,6939.0,-21.9,-26.9,-24.3,64,79,1.0,254,17.8,17.11045818770208,4.90634493354258,72456
2026-04-01 11:28:04,-95.4534,39.135,424.3,6944.0,-21.9,-26.9,-24.3,64,79,1.0,254,17.8,17.11045818770208,4.90634493354258,72456
2026-04-01 11:28:05,-95.4531,39.1351,424.0,6948.0,-21.9,-26.9,-24.3,64,79,1.0,254,17.9,17.20658435729591,4.933908669124279,72456
2026-04-01 11:28:06,-95.4529,39.1351,423.8,6952.0,-21.9,-26.9,-24.3,64,79,1.0,254,17.9,17.20658435729591,4.933908669124279,72456
2026-04-01 11:28:07,-95.4527,39.1352,423.5,6957.0,-21.9,-27.0,-24.4,64,79,0.99,254,17.9,17.20658435729591,4.933908669124279,72456
2026-04-01 11:28:08,-95.4525,39.1352,423.2,6961.0,-21.9,-27.0,-24.4,63,78,0.99,254,17.9,17.20658435729591,4.933908669124279,72456
2026-04-01 11:28:09,-95.4523,39.1353,423.0,6966.0,-21.9,-27.1,-24.5,63,78,0.98,254,17.9,17.20658435729591,4.933908669124279,72456
2026-04-01 11:28:10,-95.4521,39.1353,422.7,6971.0,-22.0,-27.1,-24.5,63,78,0.98,254,17.9,17.20658435729591,4.933908669124279,72456
2026-04-01 11:28:11,-95.4519,39.1354,422.4,6976.0,-22.0,-27.1,-24.5,63,78,0.98,254,17.9,17.20658435729591,4.933908669124279,72456
2026-04-01 11:28:12,-95.4517,39.1354,422.1,6981.0,-22.0,-27.1,-24.5,63,78,0.98,254,17.9,17.20658435729591,4.933908669124279,72456
2026-04-01 11:28:13,-95.4515,39.1354,421.9,6985.0,-22.1,-27.1,-24.5,63,79,0.98,254,17.9,17.20658435729591,4.933908669124279,72456
2026-04-01 11:28:14,-95.4513,39.1355,421.6,6990.0,-22.1,-27.1,-24.5,63,79,0.98,254,17.9,17.20658435729591,4.933908669124279,72456
2026-04-01 11:28:15,-95.4511,39.1355,421.3,6994.0,-22.1,-27.2,-24.5,63,79,0.98,254,17.9,17.20658435729591,4.933908669124279,72456
2026-04-01 11:28:16,-95.4509,39.1356,421.1,6999.0,-22.1,-27.2,-24.5,64,79,0.98,254,17.9,17.20658435729591,4.933908669124279,72456
2026-04-01 11:28:17,-95.4507,39.1356,420.8,7004.0,-22.2,-27.2,-24.5,64,79,0.98,254,17.9,17.20658435729591,4.933908669124279,72456
2026-04-01 11:28:18,-95.4505,39.1357,420.5,7009.0,-22.2,-27.2,-24.6,64,79,0.98,254,17.9,17.20658435729591,4.933908669124279,72456
2026-04-01 11:28:19,-95.4503,39.1357,420.2,7014.0,-22.2,-27.2,-24.6,64,79,0.98,254,17.8,17.11045818770208,4.90634493354258,72456
2026-04-01 11:28:20,-95.4501,39.1357,420.0,7019.0,-22.2,-27.4,-24.7,63,78,0.97,254,17.8,17.11045818770208,4.90634493354258,72456
2026-04-01 11:28:21,-95.4499,39.1358,419.7,7023.0,-22.3,-27.5,-24.8,63,78,0.96,254,17.8,17.11045818770208,4.90634493354258,72456
2026-04-01 11:28:22,-95.4497,39.1358,419.4,7028.0,-22.3,-27.6,-25.0,62,77,0.94,254,17.8,17.11045818770208,4.90634493354258,72456
2026-04-01 11:28:23,-95.4495,39.1358,419.1,7033.0,-22.3,-27.8,-25.1,61,76,0.93,254,17.7,17.014332018108245,4.87878119796088,72456
2026-04-01 11:28:24,-95.4493,39.1359,418.8,7038.0,-22.3,-28.0,-25.3,60,74,0.91,254,17.7,17.014332018108245,4.87878119796088,72456
2026-04-01 11:28:25,-95.4491,39.1359,418.5,7044.0,-22.3,-28.1,-25.4,59,73,0.9,254,17.7,17.014332018108245,4.87878119796088,72456
2026-04-01 11:28:26,-95.4489,39.136,418.1,7051.0,-22.3,-28.2,-25.5,59,73,0.9,254,17.6,16.918205848514415,4.85121746237918,72456
2026-04-01 11:28:27,-95.4487,39.1361,417.8,7056.0,-22.4,-28.3,-25.5,59,73,0.89,254,17.6,16.918205848514415,4.85121746237918,72456
2026-04-01 11:28:28,-95.4485,39.1361,417.5,7061.0,-22.4,-28.2,-25.5,59,73,0.9,253,17.6,16.830963704949422,5.145742003120174,72456
2026-04-01 11:28:29,-95.4484,39.1362,417.3,7066.0,-22.4,-28.2,-25.5,59,74,0.9,253,17.6,16.830963704949422,5.145742003120174,72456
2026-04-01 11:28:30,-95.4482,39.1362,417.0,7071.0,-22.4,-28.2,-25.5,60,74,0.9,253,17.5,16.735333229353117,5.116504832647899,72456
2026-04-01 11:28:31,-95.448,39.1362,416.7,7075.0,-22.5,-28.2,-25.5,60,74,0.9,253,17.5,16.735333229353117,5.116504832647899,72456
2026-04-01 11:28:32,-95.4478,39.1362,416.5,7079.0,-22.5,-28.3,-25.6,59,74,0.9,253,17.5,16.735333229353117,5.116504832647899,72456
2026-04-01 11:28:33,-95.4476,39.1363,416.3,7084.0,-22.5,-28.3,-25.6,59,74,0.89,253,17.5,16.735333229353117,5.116504832647899,72456
2026-04-01 11:28:34,-95.4473,39.1363,416.0,7088.0,-22.5,-28.4,-25.7,59,73,0.89,252,17.5,16.643489035165185,5.407797401561583,72456
2026-04-01 11:28:35,-95.4471,39.1364,415.7,7093.0,-22.6,-28.4,-25.7,59,73,0.88,252,17.4,16.54838338353567,5.376895702124087,72456
2026-04-01 11:28:36,-95.447,39.1364,415.5,7098.0,-22.6,-28.6,-25.9,58,72,0.87,252,17.4,16.54838338353567,5.376895702124087,72456
2026-04-01 11:28:37,-95.4468,39.1365,415.2,7103.0,-22.6,-28.8,-26.0,57,71,0.86,252,17.4,16.54838338353567,5.376895702124087,72456
2026-04-01 11:28:38,-95.4466,39.1365,414.9,7108.0,-22.6,-28.9,-26.2,56,70,0.85,252,17.4,16.54838338353567,5.376895702124087,72456
2026-04-01 11:28:39,-95.4464,39.1366,414.6,7114.0,-22.6,-29.0,-26.2,56,70,0.84,251,17.4,16.452023215428113,5.664885887554525,72456
2026-04-01 11:28:40,-95.4462,39.1366,414.3,7119.0,-22.6,-29.0,-26.2,56,70,0.84,251,17.4,16.452023215428113,5.664885887554525,72456
2026-04-01 11:28:41,-95.446,39.1367,414.0,7123.0,-22.6,-28.9,-26.1,57,71,0.85,251,17.4,16.452023215428113,5.664885887554525,72456
2026-04-01 11:28:42,-95.4459,39.1367,413.8,7128.0,-22.6,-28.8,-26.1,57,71,0.86,251,17.4,16.452023215428113,5.664885887554525,72456
2026-04-01 11:28:43,-95.4457,39.1368,413.5,7132.0,-22.7,-28.8,-26.0,58,72,0.86,251,17.5,16.546575072988045,5.697442703000242,72456
2026-04-01 11:28:44,-95.4455,39.1369,413.3,7136.0,-22.7,-28.7,-26.0,58,72,0.87,250,17.5,16.444620863753396,5.9853525081992,72456
2026-04-01 11:28:45,-95.4453,39.1369,413.0,7141.0,-22.7,-28.7,-25.9,58,73,0.87,250,17.5,16.444620863753396,5.9853525081992,72456
2026-04-01 11:28:46,-95.4452,39.137,412.7,7146.0,-22.8,-28.7,-25.9,59,73,0.87,250,17.5,16.444620863753396,5.9853525081992,72456
2026-04-01 11:28:47,-95.445,39.137,412.5,7151.0,-22.8,-28.6,-25.9,59,74,0.87,250,17.5,16.444620863753396,5.9853525081992,72456
2026-04-01 11:28:48,-95.4448,39.1371,412.2,7156.0,-22.9,-28.6,-25.9,59,74,0.88,250,17.5,16.444620863753396,5.9853525081992,72456
2026-04-01 11:28:49,-95.4446,39.1371,411.9,7161.0,-22.9,-28.5,-25.8,60,75,0.88,250,17.5,16.444620863753396,5.9853525081992,72456
2026-04-01 11:28:50,-95.4444,39.1371,411.6,7167.0,-22.9,-28.5,-25.7,60,76,0.89,250,17.5,16.444620863753396,5.9853525081992,72456
2026-04-01 11:28:51,-95.4442,39.1372,411.2,7173.0,-23.0,-28.5,-25.7,61,76,0.89,250,17.5,16.444620863753396,5.9853525081992,72456
2026-04-01 11:28:52,-95.444,39.1373,410.9,7178.0,-23.0,-28.5,-25.8,60,76,0.89,250,17.5,16.444620863753396,5.9853525081992,72456
2026-04-01 11:28:53,-95.4438,39.1374,410.7,7183.0,-23.0,-28.6,-25.9,60,76,0.88,250,17.5,16.444620863753396,5.9853525081992,72456
2026-04-01 11:28:54,-95.4436,39.1375,410.4,7188.0,-23.1,-28.6,-25.9,60,76,0.88,250,17.5,16.444620863753396,5.9853525081992,72456
2026-04-01 11:28:55,-95.4434,39.1375,410.1,7192.0,-23.1,-28.6,-25.9,61,76,0.88,250,17.5,16.444620863753396,5.9853525081992,72456
2026-04-01 11:28:56,-95.4432,39.1376,409.9,7197.0,-23.2,-28.7,-25.9,61,76,0.88,250,17.5,16.444620863753396,5.9853525081992,72456
2026-04-01 11:28:57,-95.443,39.1377,409.7,7201.0,-23.2,-28.7,-25.9,61,76,0.88,250,17.5,16.444620863753396,5.9853525081992,72456
2026-04-01 11:28:58,-95.4428,39.1377,409.4,7205.0,-23.2,-28.7,-25.9,61,77,0.88,251,17.5,16.546575072988045,5.697442703000242,72456
2026-04-01 11:28:59,-95.4426,39.1378,409.2,7210.0,-23.3,-28.7,-25.9,61,77,0.88,251,17.5,16.546575072988045,5.697442703000242,72456
2026-04-01 11:29:00,-95.4425,39.1378,408.9,7214.0,-23.3,-28.7,-25.9,61,77,0.88,251,17.5,16.546575072988045,5.697442703000242,72456
2026-04-01 11:29:01,-95.4423,39.1379,408.6,7219.0,-23.4,-28.7,-25.9,62,78,0.88,251,17.5,16.546575072988045,5.697442703000242,72456
2026-04-01 11:29:02,-95.4422,39.1379,408.3,7225.0,-23.4,-28.6,-25.8,63,79,0.89,251,17.4,16.452023215428113,5.664885887554525,72456
2026-04-01 11:29:03,-95.442,39.1379,408.0,7231.0,-23.5,-28.5,-25.8,63,80,0.9,252,17.4,16.54838338353567,5.376895702124087,72456
2026-04-01 11:29:04,-95.4418,39.1379,407.7,7237.0,-23.5,-28.4,-25.7,64,81,0.9,252,17.4,16.54838338353567,5.376895702124087,72456
2026-04-01 11:29:05,-95.4416,39.1379,407.3,7243.0,-23.6,-28.4,-25.7,64,81,0.9,252,17.3,16.453277731906155,5.345994002686593,72456
2026-04-01 11:29:06,-95.4413,39.138,406.9,7249.0,-23.7,-28.5,-25.7,65,81,0.9,252,17.3,16.453277731906155,5.345994002686593,72456
2026-04-01 11:29:07,-95.4411,39.138,406.6,7256.0,-23.7,-28.5,-25.7,65,82,0.9,253,17.2,16.448441802564208,5.028793321231078,72456
2026-04-01 11:29:08,-95.4409,39.1381,406.2,7263.0,-23.8,-28.4,-25.7,66,83,0.91,253,17.2,16.448441802564208,5.028793321231078,72456
2026-04-01 11:29:09,-95.4407,39.1382,405.9,7269.0,-23.9,-28.3,-25.6,67,84,0.92,253,17.1,16.352811326967906,4.999556150758805,72456
2026-04-01 11:29:10,-95.4405,39.1382,405.6,7274.0,-23.9,-28.1,-25.4,68,86,0.93,254,17.0,16.341448830951425,4.685835048888981,72456
2026-04-01 11:29:11,-95.4403,39.1383,405.3,7279.0,-23.9,-28.1,-25.4,69,87,0.94,254,17.0,16.341448830951425,4.685835048888981,72456
2026-04-01 11:29:12,-95.4401,39.1384,405.1,7283.0,-24.0,-27.9,-25.3,70,88,0.95,254,16.9,16.24532266135759,4.658271313307281,72456
2026-04-01 11:29:13,-95.4399,39.1384,404.8,7288.0,-24.0,-27.8,-25.1,71,90,0.97,254,16.8,16.14919649176376,4.630707577725581,72456
2026-04-01 11:29:14,-95.4398,39.1384,404.5,7294.0,-24.0,-27.6,-24.9,72,91,0.98,255,16.7,16.13096129902744,4.322278053212094,72456
2026-04-01 11:29:15,-95.4396,39.1384,404.2,7299.0,-24.0,-27.6,-24.9,72,91,0.98,255,16.6,16.034368716398536,4.2963961487018425,72456
2026-04-01 11:29:16,-95.4395,39.1384,403.9,7305.0,-24.0,-27.6,-24.9,72,92,0.98,255,16.5,15.937776133769628,4.27051424419159,72456
2026-04-01 11:29:17,-95.4393,39.1385,403.6,7310.0,-24.0,-27.6,-24.9,72,92,0.98,255,16.4,15.84118355114072,4.244632339681338,72456
2026-04-01 11:29:18,-95.4391,39.1385,403.3,7315.0,-24.1,-27.6,-24.9,73,92,0.98,256,16.3,15.815820338298742,3.9433268982745853,72456
2026-04-01 11:29:19,-95.4389,39.1386,403.0,7320.0,-24.1,-27.6,-25.0,73,92,0.98,256,16.2,15.718790765671143,3.9191347087146178,72456
2026-04-01 11:29:20,-95.4387,39.1386,402.8,7324.0,-24.1,-27.7,-25.0,73,92,0.98,256,16.1,15.621761193043545,3.8949425191546516,72456
2026-04-01 11:29:21,-95.4385,39.1387,402.6,7328.0,-24.1,-27.6,-25.0,73,92,0.98,257,16.0,15.589921036563762,3.599216869501844,72456
2026-04-01 11:29:22,-95.4383,39.1387,402.3,7333.0,-24.2,-27.6,-25.0,73,92,0.98,257,15.8,15.395047023606717,3.554226658633071,72456
2026-04-01 11:29:23,-95.4381,39.1387,402.1,7337.0,-24.2,-27.7,-25.0,73,92,0.98,257,15.7,15.297610017128191,3.5317315531986844,72456
2026-04-01 11:29:24,-95.438,39.1387,401.9,7341.0,-24.2,-27.7,-25.1,73,92,0.98,257,15.6,15.200173010649667,3.5092364477642977,72456
2026-04-01 11:29:25,-95.4378,39.1388,401.6,7346.0,-24.3,-27.8,-25.1,73,92,0.97,257,15.4,15.005298997692622,3.464246236895525,72456
2026-04-01 11:29:26,-95.4377,39.1388,401.4,7350.0,-24.3,-27.8,-25.1,73,92,0.97,258,15.3,14.965658291227227,3.181048869511725,72456
2026-04-01 11:29:27,-95.4375,39.1388,401.1,7355.0,-24.3,-27.8,-25.1,73,93,0.97,258,15.2,14.867843531153843,3.160257700429949,72456
2026-04-01 11:29:28,-95.4373,39.1389,400.9,7359.0,-24.4,-27.8,-25.1,73,93,0.97,258,15.0,14.672214011007084,3.118675362266397,72456
2026-04-01 11:29:29,-95.4371,39.1389,400.7,7363.0,-24.4,-27.8,-25.1,74,93,0.97,258,14.9,14.574399250933704,3.097884193184621,72456
2026-04-01 11:29:30,-95.437,39.1389,400.5,7366.0,-24.4,-27.8,-25.1,74,93,0.97,258,14.8,14.476584490860324,3.077093024102845,72456
2026-04-01 11:29:31,-95.4368,39.1389,400.3,7370.0,-24.5,-27.8,-25.1,74,94,0.97,259,14.6,14.331756878335893,2.785811332497551,72456
2026-04-01 11:29:32,-95.4366,39.1389,400.0,7375.0,-24.5,-27.9,-25.2,74,93,0.97,259,14.3,14.037268723301596,2.728568633884588,72456
2026-04-01 11:29:33,-95.4364,39.1389,399.8,7379.0,-24.5,-27.9,-25.2,73,93,0.96,259,14.3,14.037268723301596,2.728568633884588,72456
2026-04-01 11:29:34,-95.4363,39.139,399.5,7384.0,-24.6,-28.0,-25.3,73,93,0.96,259,14.2,13.939106004956828,2.7094877343469332,72456
2026-04-01 11:29:35,-95.4361,39.139,399.2,7389.0,-24.6,-28.1,-25.4,73,92,0.95,259,14.1,13.840943286612061,2.690406834809279,72456
2026-04-01 11:29:36,-95.436,39.139,399.0,7394.0,-24.6,-28.2,-25.4,73,92,0.94,259,14.0,13.742780568267296,2.6713259352716245,72456
2026-04-01 11:29:37,-95.4358,39.1391,398.7,7398.0,-24.7,-28.3,-25.5,72,92,0.94,258,13.8,13.498436890126518,2.869181333285085,72456
2026-04-01 11:29:38,-95.4357,39.1391,398.5,7402.0,-24.7,-28.5,-25.7,71,90,0.92,258,13.7,13.400622130053137,2.848390164203309,72456
2026-04-01 11:29:39,-95.4356,39.1391,398.3,7405.0,-24.7,-28.8,-26.0,69,88,0.9,258,13.6,13.302807369979755,2.8275989951215332,72456
2026-04-01 11:29:40,-95.4354,39.1391,398.1,7409.0,-24.7,-29.0,-26.2,68,86,0.87,258,13.5,13.204992609906375,2.806807826039757,72456
2026-04-01 11:29:41,-95.4352,39.1391,397.8,7414.0,-24.7,-29.1,-26.3,67,85,0.87,258,13.4,13.107177849832995,2.7860166569579814,72456
2026-04-01 11:29:42,-95.4351,39.1391,397.5,7420.0,-24.8,-29.1,-26.4,67,85,0.86,258,13.3,13.009363089759615,2.7652254878762053,72456
2026-04-01 11:29:43,-95.4349,39.1391,397.2,7426.0,-24.8,-29.3,-26.5,67,85,0.86,257,13.2,12.861684855165104,2.969353917339021,72456
2026-04-01 11:29:44,-95.4347,39.1391,396.9,7431.0,-24.8,-29.5,-26.7,65,83,0.84,257,13.2,12.861684855165104,2.969353917339021,72456
2026-04-01 11:29:45,-95.4346,39.1391,396.7,7435.0,-24.8,-29.7,-26.8,64,82,0.83,257,13.1,12.76424784868658,2.946858811904635,72456
2026-04-01 11:29:46,-95.4345,39.1392,396.5,7439.0,-24.8,-29.7,-26.9,64,81,0.82,257,13.0,12.666810842208056,2.924363706470248,72456
2026-04-01 11:29:47,-95.4344,39.1392,396.3,7443.0,-24.9,-29.7,-26.9,64,82,0.82,256,13.0,12.613844441587954,3.144984642795681,72456
2026-04-01 11:29:48,-95.4343,39.1393,396.0,7448.0,-24.9,-29.8,-26.9,64,81,0.82,256,13.0,12.613844441587954,3.144984642795681,72456
2026-04-01 11:29:49,-95.4342,39.1393,395.8,7452.0,-24.9,-29.9,-27.1,63,80,0.81,256,12.9,12.516814868960354,3.1207924532357145,72456
2026-04-01 11:29:50,-95.434,39.1394,395.6,7456.0,-24.9,-30.2,-27.3,62,79,0.79,256,12.9,12.516814868960354,3.1207924532357145,72456
2026-04-01 11:29:51,-95.4339,39.1395,395.4,7459.0,-24.9,-30.4,-27.5,61,77,0.78,255,12.9,12.460443159128982,3.338765681822516,72456
2026-04-01 11:29:52,-95.4337,39.1395,395.2,7463.0,-24.9,-30.5,-27.6,60,77,0.77,255,12.9,12.460443159128982,3.338765681822516,72456
2026-04-01 11:29:53,-95.4336,39.1396,394.9,7468.0,-25.0,-30.4,-27.5,61,77,0.77,255,12.9,12.460443159128982,3.338765681822516,72456
2026-04-01 11:29:54,-95.4335,39.1396,394.7,7472.0,-25.0,-30.3,-27.5,61,78,0.78,255,12.9,12.460443159128982,3.338765681822516,72456
2026-04-01 11:29:55,-95.4334,39.1396,394.4,7477.0,-25.0,-30.3,-27.5,61,78,0.78,255,12.9,12.460443159128982,3.338765681822516,72456
2026-04-01 11:29:56,-95.4332,39.1396,394.2,7482.0,-25.1,-30.3,-27.4,62,79,0.78,255,12.9,12.460443159128982,3.338765681822516,72456
2026-04-01 11:29:57,-95.433,39.1396,393.9,7486.0,-25.1,-30.2,-27.4,62,80,0.79,254,12.9,12.400275877604315,3.5557218900392855,72456
2026-04-01 11:29:58,-95.4329,39.1396,393.7,7491.0,-25.1,-30.1,-27.3,63,81,0.8,254,12.9,12.400275877604315,3.5557218900392855,72456
2026-04-01 11:29:59,-95.4327,39.1397,393.4,7495.0,-25.2,-30.0,-27.2,64,82,0.81,254,12.9,12.400275877604315,3.5557218900392855,72456
2026-04-01 11:30:00,-95.4326,39.1397,393.2,7500.0,-25.2,-29.9,-27.1,65,83,0.81,254,12.9,12.400275877604315,3.5557218900392855,72456
2026-04-01 11:30:01,-95.4324,39.1397,392.9,7505.0,-25.2,-29.9,-27.1,65,83,0.81,254,12.9,12.400275877604315,3.5557218900392855,72456
2026-04-01 11:30:02,-95.4322,39.1397,392.7,7510.0,-25.3,-30.0,-27.2,65,83,0.81,254,13.0,12.496402047198147,3.5832856256209853,72456
2026-04-01 11:30:03,-95.4321,39.1398,392.4,7514.0,-25.3,-30.1,-27.3,64,82,0.8,254,13.0,12.496402047198147,3.5832856256209853,72456
2026-04-01 11:30:04,-95.4319,39.1398,392.2,7518.0,-25.4,-30.2,-27.3,64,82,0.8,254,13.0,12.496402047198147,3.5832856256209853,72456
2026-04-01 11:30:05,-95.4318,39.1398,392.0,7522.0,-25.4,-30.2,-27.3,64,83,0.8,254,13.0,12.496402047198147,3.5832856256209853,72456
2026-04-01 11:30:06,-95.4316,39.1399,391.8,7526.0,-25.4,-30.1,-27.3,65,83,0.8,254,13.0,12.496402047198147,3.5832856256209853,72456
2026-04-01 11:30:07,-95.4315,39.1399,391.5,7531.0,-25.5,-30.1,-27.2,65,84,0.8,254,13.0,12.496402047198147,3.5832856256209853,72456
2026-04-01 11:30:08,-95.4313,39.14,391.3,7535.0,-25.5,-30.0,-27.2,66,84,0.81,254,13.0,12.496402047198147,3.5832856256209853,72456
2026-04-01 11:30:09,-95.4312,39.14,391.0,7540.0,-25.6,-30.0,-27.1,66,85,0.81,254,13.0,12.496402047198147,3.5832856256209853,72456
2026-04-01 11:30:10,-95.4311,39.14,390.7,7546.0,-25.6,-29.9,-27.1,67,86,0.82,254,13.0,12.496402047198147,3.5832856256209853,72456
2026-04-01 11:30:11,-95.4309,39.14,390.4,7551.0,-25.7,-29.9,-27.0,68,87,0.82,254,13.0,12.496402047198147,3.5832856256209853,72456
2026-04-01 11:30:12,-95.4308,39.1401,390.1,7556.0,-25.7,-29.8,-27.0,68,88,0.83,254,13.0,12.496402047198147,3.5832856256209853,72456
2026-04-01 11:30:13,-95.4307,39.1401,389.9,7561.0,-25.8,-29.8,-26.9,69,89,0.83,254,13.0,12.496402047198147,3.5832856256209853,72456
2026-04-01 11:30:14,-95.4306,39.1401,389.6,7566.0,-25.8,-29.7,-26.8,70,90,0.84,254,13.0,12.496402047198147,3.5832856256209853,72456
2026-04-01 11:30:15,-95.4305,39.1402,389.3,7571.0,-25.8,-29.6,-26.8,70,91,0.84,254,13.0,12.496402047198147,3.5832856256209853,72456
2026-04-01 11:30:16,-95.4303,39.1402,389.0,7577.0,-25.9,-29.6,-26.8,71,91,0.84,254,13.0,12.496402047198147,3.5832856256209853,72456
2026-04-01 11:30:17,-95.4302,39.1402,388.7,7582.0,-25.9,-29.7,-26.9,71,91,0.84,254,13.0,12.496402047198147,3.5832856256209853,72456
2026-04-01 11:30:18,-95.43,39.1403,388.5,7587.0,-26.0,-29.8,-27.0,70,91,0.83,254,13.0,12.496402047198147,3.5832856256209853,72456
2026-04-01 11:30:19,-95.4298,39.1403,388.2,7592.0,-26.0,-29.8,-27.0,71,91,0.83,254,12.9,12.400275877604315,3.5557218900392855,72456
2026-04-01 11:30:20,-95.4297,39.1404,388.0,7597.0,-26.1,-29.8,-27.0,71,92,0.83,254,12.9,12.400275877604315,3.5557218900392855,72456
2026-04-01 11:30:21,-95.4295,39.1404,387.7,7602.0,-26.1,-29.8,-26.9,71,92,0.84,254,12.9,12.400275877604315,3.5557218900392855,72456
2026-04-01 11:30:22,-95.4294,39.1405,387.4,7607.0,-26.2,-29.7,-26.9,72,93,0.84,255,13.0,12.557035741757888,3.3646475863327683,72456
2026-04-01 11:30:23,-95.4292,39.1405,387.1,7613.0,-26.2,-29.8,-26.9,72,93,0.84,255,13.0,12.557035741757888,3.3646475863327683,72456
2026-04-01 11:30:24,-95.429,39.1405,386.8,7619.0,-26.3,-29.8,-26.9,72,93,0.84,255,13.0,12.557035741757888,3.3646475863327683,72456
2026-04-01 11:30:25,-95.4288,39.1405,386.5,7625.0,-26.3,-29.8,-26.9,73,94,0.84,255,13.0,12.557035741757888,3.3646475863327683,72456
2026-04-01 11:30:26,-95.4287,39.1406,386.2,7630.0,-26.4,-29.8,-27.0,73,94,0.84,255,13.0,12.557035741757888,3.3646475863327683,72456
2026-04-01 11:30:27,-95.4286,39.1406,385.9,7635.0,-26.4,-29.8,-27.0,73,94,0.83,256,13.0,12.613844441587954,3.144984642795681,72456
2026-04-01 11:30:28,-95.4285,39.1406,385.7,7639.0,-26.4,-29.9,-27.1,73,94,0.83,256,13.1,12.710874014215554,3.1691768323556477,72456
2026-04-01 11:30:29,-95.4284,39.1407,385.5,7643.0,-26.5,-30.0,-27.1,72,94,0.82,256,13.1,12.710874014215554,3.1691768323556477,72456
2026-04-01 11:30:30,-95.4283,39.1407,385.3,7647.0,-26.5,-30.1,-27.2,72,93,0.82,256,13.2,12.807903586843153,3.193369021915615,72456
2026-04-01 11:30:31,-95.4282,39.1407,385.1,7651.0,-26.6,-30.1,-27.3,72,93,0.81,257,13.2,12.861684855165104,2.969353917339021,72456
2026-04-01 11:30:32,-95.428,39.1407,384.8,7656.0,-26.6,-30.2,-27.3,72,93,0.81,257,13.3,12.959121861643627,2.991849022773408,72456
2026-04-01 11:30:33,-95.4279,39.1407,384.6,7660.0,-26.7,-30.2,-27.3,72,94,0.81,257,13.3,12.959121861643627,2.991849022773408,72456
2026-04-01 11:30:34,-95.4278,39.1407,384.3,7665.0,-26.7,-30.1,-27.2,73,95,0.82,257,13.4,13.056558868122151,3.0143441282077945,72456
2026-04-01 11:30:35,-95.4276,39.1407,384.1,7669.0,-26.7,-30.0,-27.2,74,96,0.82,258,13.5,13.204992609906375,2.806807826039757,72456
2026-04-01 11:30:36,-95.4275,39.1408,383.8,7674.0,-26.8,-30.0,-27.2,74,96,0.82,258,13.5,13.204992609906375,2.806807826039757,72456
2026-04-01 11:30:37,-95.4273,39.1408,383.6,7679.0,-26.8,-30.2,-27.3,73,95,0.81,258,13.6,13.302807369979755,2.8275989951215332,72456
2026-04-01 11:30:38,-95.4271,39.1408,383.4,7683.0,-26.9,-30.5,-27.6,72,93,0.79,259,13.7,13.448292413232997,2.614083236658661,72456
2026-04-01 11:30:39,-95.4269,39.1409,383.1,7687.0,-26.9,-30.7,-27.8,70,91,0.77,259,13.8,13.546455131577764,2.633164136196316,72456
2026-04-01 11:30:40,-95.4267,39.1409,382.9,7692.0,-26.9,-30.9,-28.0,69,90,0.76,259,13.9,13.644617849922529,2.65224503573397,72456
2026-04-01 11:30:41,-95.4265,39.1409,382.6,7697.0,-27.0,-30.9,-28.0,69,90,0.76,259,14.0,13.742780568267296,2.6713259352716245,72456
2026-04-01 11:30:42,-95.4264,39.1409,382.3,7703.0,-27.0,-31.0,-28.1,69,90,0.75,260,14.1,13.885789317472133,2.4484393051037174,72456
2026-04-01 11:30:43,-95.4262,39.1409,382.0,7708.0,-27.1,-31.3,-28.3,68,88,0.74,260,14.2,13.984270092773354,2.4658041228704106,72456
2026-04-01 11:30:44,-95.4261,39.141,381.7,7714.0,-27.1,-31.6,-28.6,66,86,0.72,260,14.2,13.984270092773354,2.4658041228704106,72456
2026-04-01 11:30:45,-95.4259,39.141,381.5,7718.0,-27.1,-31.7,-28.8,65,84,0.7,260,14.3,14.082750868074575,2.483168940637104,72456
2026-04-01 11:30:46,-95.4257,39.141,381.2,7724.0,-27.1,-31.7,-28.8,65,85,0.71,260,14.4,14.181231643375796,2.500533758403797,72456
2026-04-01 11:30:47,-95.4256,39.1411,380.9,7729.0,-27.2,-31.7,-28.7,66,86,0.71,260,14.5,14.279712418677017,2.5178985761704897,72456
2026-04-01 11:30:48,-95.4254,39.1411,380.6,7735.0,-27.2,-31.6,-28.7,66,86,0.71,260,14.5,14.279712418677017,2.5178985761704897,72456
2026-04-01 11:30:49,-95.4253,39.1411,380.3,7741.0,-27.3,-31.7,-28.7,66,86,0.71,261,14.6,14.42024977268901,2.283943189587373,72456
2026-04-01 11:30:50,-95.4251,39.1411,380.0,7746.0,-27.3,-31.7,-28.7,66,87,0.71,261,14.7,14.519018606748523,2.299586636091396,72456
2026-04-01 11:30:51,-95.4249,39.1412,379.7,7752.0,-27.4,-31.7,-28.8,66,87,0.71,261,14.7,14.519018606748523,2.299586636091396,72456
2026-04-01 11:30:52,-95.4247,39.1412,379.4,7757.0,-27.4,-31.8,-28.8,66,87,0.7,261,14.7,14.519018606748523,2.299586636091396,72456
2026-04-01 11:30:53,-95.4245,39.1412,379.1,7763.0,-27.4,-31.8,-28.9,66,86,0.7,261,14.8,14.617787440808039,2.3152300825954195,72456
2026-04-01 11:30:54,-95.4244,39.1412,378.7,7770.0,-27.5,-31.9,-28.9,66,86,0.7,261,14.8,14.617787440808039,2.3152300825954195,72456
2026-04-01 11:30:55,-95.4242,39.1412,378.3,7778.0,-27.5,-32.0,-29.0,65,86,0.69,260,14.8,14.57515474458068,2.569993029470569,72456
2026-04-01 11:30:56,-95.4241,39.1412,377.9,7786.0,-27.5,-32.1,-29.1,65,85,0.69,260,14.8,14.57515474458068,2.569993029470569,72456
2026-04-01 11:30:57,-95.4239,39.1412,377.5,7794.0,-27.6,-32.1,-29.1,65,85,0.69,260,14.9,14.6736355198819,2.587357847237262,72456
2026-04-01 11:30:58,-95.4237,39.1412,377.2,7800.0,-27.7,-32.2,-29.2,65,85,0.68,260,14.9,14.6736355198819,2.587357847237262,72456
2026-04-01 11:30:59,-95.4235,39.1412,377.0,7804.0,-27.7,-32.2,-29.2,65,85,0.68,260,14.9,14.6736355198819,2.587357847237262,72456
2026-04-01 11:31:00,-95.4233,39.1413,376.8,7808.0,-27.7,-32.3,-29.3,65,86,0.68,260,14.9,14.6736355198819,2.587357847237262,72456
2026-04-01 11:31:01,-95.4231,39.1413,376.6,7811.0,-27.8,-32.3,-29.3,65,85,0.68,260,14.9,14.6736355198819,2.587357847237262,72456
2026-04-01 11:31:02,-95.4229,39.1413,376.4,7815.0,-27.8,-32.4,-29.4,65,85,0.67,260,14.9,14.6736355198819,2.587357847237262,72456
2026-04-01 11:31:03,-95.4228,39.1413,376.1,7821.0,-27.8,-32.4,-29.4,65,85,0.67,259,14.8,14.528082315025427,2.8239731315728602,72456
2026-04-01 11:31:04,-95.4226,39.1414,375.8,7827.0,-27.9,-32.4,-29.4,65,86,0.67,259,14.8,14.528082315025427,2.8239731315728602,72456
2026-04-01 11:31:05,-95.4225,39.1414,375.5,7832.0,-27.9,-32.4,-29.4,66,86,0.67,259,14.8,14.528082315025427,2.8239731315728602,72456
2026-04-01 11:31:06,-95.4224,39.1414,375.2,7837.0,-28.0,-32.4,-29.4,66,86,0.67,259,14.8,14.528082315025427,2.8239731315728602,72456
2026-04-01 11:31:07,-95.4222,39.1415,375.0,7842.0,-28.0,-32.5,-29.5,66,86,0.67,259,14.8,14.528082315025427,2.8239731315728602,72456
2026-04-01 11:31:08,-95.422,39.1415,374.7,7847.0,-28.0,-32.5,-29.5,65,86,0.66,259,14.8,14.528082315025427,2.8239731315728602,72456
2026-04-01 11:31:09,-95.4218,39.1416,374.4,7853.0,-28.1,-32.5,-29.5,66,87,0.67,259,14.8,14.528082315025427,2.8239731315728602,72456
2026-04-01 11:31:10,-95.4217,39.1416,374.1,7858.0,-28.1,-32.5,-29.5,66,87,0.67,259,14.8,14.528082315025427,2.8239731315728602,72456
2026-04-01 11:31:11,-95.4215,39.1417,373.8,7864.0,-28.2,-32.5,-29.5,67,88,0.67,259,14.9,14.626245033370193,2.8430540311105146,72456
2026-04-01 11:31:12,-95.4213,39.1417,373.5,7870.0,-28.3,-32.6,-29.5,67,88,0.67,259,14.9,14.626245033370193,2.8430540311105146,72456
2026-04-01 11:31:13,-95.4212,39.1417,373.2,7876.0,-28.3,-32.6,-29.6,67,88,0.66,258,14.9,14.574399250933704,3.097884193184621,72456
2026-04-01 11:31:14,-95.4211,39.1418,372.9,7881.0,-28.4,-32.6,-29.6,67,88,0.66,258,14.9,14.574399250933704,3.097884193184621,72456
2026-04-01 11:31:15,-95.4209,39.1418,372.7,7887.0,-28.4,-32.6,-29.6,67,89,0.66,258,15.0,14.672214011007084,3.118675362266397,72456
2026-04-01 11:31:16,-95.4208,39.1418,372.4,7892.0,-28.5,-32.6,-29.6,67,89,0.66,258,15.0,14.672214011007084,3.118675362266397,72456
2026-04-01 11:31:17,-95.4206,39.1418,372.1,7898.0,-28.5,-32.7,-29.6,68,89,0.66,258,15.1,14.770028771080463,3.1394665313481727,72456
2026-04-01 11:31:18,-95.4204,39.1419,371.8,7904.0,-28.6,-32.7,-29.7,68,89,0.66,259,15.2,14.920733188404492,2.900296729723478,72456
2026-04-01 11:31:19,-95.4202,39.1419,371.4,7910.0,-28.6,-32.7,-29.7,68,90,0.66,259,15.2,14.920733188404492,2.900296729723478,72456
2026-04-01 11:31:20,-95.42,39.1419,371.2,7915.0,-28.7,-32.7,-29.7,68,90,0.66,259,15.3,15.01889590674926,2.919377629261133,72456
2026-04-01 11:31:21,-95.4198,39.1419,370.9,7920.0,-28.7,-32.7,-29.7,68,90,0.66,259,15.4,15.117058625094026,2.938458528798787,72456
2026-04-01 11:31:22,-95.4197,39.1419,370.7,7925.0,-28.8,-32.7,-29.7,69,91,0.66,259,15.5,15.215221343438792,2.9575394283364416,72456
2026-04-01 11:31:23,-95.4195,39.1419,370.5,7929.0,-28.8,-32.7,-29.7,69,91,0.66,259,15.6,15.313384061783557,2.976620327874096,72456
2026-04-01 11:31:24,-95.4193,39.1419,370.2,7935.0,-28.9,-32.7,-29.7,69,92,0.66,259,15.7,15.411546780128324,2.9957012274117503,72456
2026-04-01 11:31:25,-95.4191,39.142,369.9,7940.0,-28.9,-32.7,-29.7,70,93,0.66,259,15.9,15.607872216817858,3.0338630264870594,72456
2026-04-01 11:31:26,-95.419,39.142,369.6,7946.0,-29.0,-32.7,-29.7,70,93,0.66,259,16.0,15.706034935162624,3.0529439260247138,72456
2026-04-01 11:31:27,-95.4189,39.142,369.3,7951.0,-29.0,-32.8,-29.7,70,93,0.66,259,16.1,15.80419765350739,3.0720248255623686,72456
2026-04-01 11:31:28,-95.4187,39.1421,369.1,7956.0,-29.1,-32.8,-29.7,70,93,0.66,259,16.3,16.000523090196925,3.1101866246376773,72456
2026-04-01 11:31:29,-95.4185,39.1421,368.8,7961.0,-29.1,-32.8,-29.7,70,94,0.66,259,16.4,16.09868580854169,3.129267524175331,72456
2026-04-01 11:31:30,-95.4183,39.1421,368.5,7968.0,-29.1,-32.8,-29.8,71,94,0.66,259,16.5,16.196848526886455,3.148348423712986,72456
2026-04-01 11:31:31,-95.4181,39.1422,368.1,7974.0,-29.2,-32.8,-29.8,71,94,0.66,260,16.7,16.446289475303875,2.8999245670377363,72456
2026-04-01 11:31:32,-95.4179,39.1422,367.8,7981.0,-29.2,-32.9,-29.9,70,94,0.65,260,16.8,16.544770250605094,2.91728938480443,72456
2026-04-01 11:31:33,-95.4177,39.1422,367.5,7987.0,-29.3,-33.0,-30.0,70,93,0.65,260,16.9,16.643251025906313,2.934654202571122,72456
2026-04-01 11:31:34,-95.4175,39.1423,367.2,7993.0,-29.3,-33.1,-30.1,70,93,0.64,260,17.0,16.741731801207536,2.952019020337816,72456
2026-04-01 11:31:35,-95.4173,39.1423,366.8,7999.0,-29.3,-33.2,-30.1,69,92,0.64,260,17.2,16.938693351809977,2.9867486558712018,72456
2026-04-01 11:31:36,-95.4171,39.1423,366.5,8005.0,-29.4,-33.3,-30.2,69,92,0.63,260,17.3,17.0371741271112,3.004113473637895,72456
2026-04-01 11:31:37,-95.4168,39.1424,366.3,8010.0,-29.4,-33.3,-30.2,69,92,0.63,260,17.4,17.13565490241242,3.0214782914045877,72456
2026-04-01 11:31:38,-95.4166,39.1424,366.0,8016.0,-29.5,-33.3,-30.2,69,92,0.63,260,17.5,17.234135677713642,3.038843109171281,72456
2026-04-01 11:31:39,-95.4164,39.1424,365.8,8020.0,-29.5,-33.3,-30.3,69,92,0.63,261,17.6,17.383314794474423,2.7532465847080663,72456
2026-04-01 11:31:40,-95.4162,39.1425,365.5,8025.0,-29.5,-33.4,-30.3,69,92,0.63,261,17.7,17.482083628533935,2.768890031212089,72456
2026-04-01 11:31:41,-95.416,39.1425,365.3,8030.0,-29.5,-33.4,-30.3,69,92,0.63,261,17.8,17.58085246259345,2.7845334777161126,72456
2026-04-01 11:31:42,-95.4159,39.1425,365.0,8035.0,-29.6,-33.5,-30.4,69,92,0.62,261,17.8,17.58085246259345,2.7845334777161126,72456
2026-04-01 11:31:43,-95.4156,39.1425,364.7,8041.0,-29.6,-33.5,-30.5,69,92,0.62,261,17.9,17.679621296652964,2.8001769242201355,72456
2026-04-01 11:31:44,-95.4154,39.1425,364.4,8047.0,-29.6,-33.7,-30.6,68,91,0.61,262,18.0,17.824825237348264,2.505115817281185,72456
2026-04-01 11:31:45,-95.4152,39.1425,364.1,8053.0,-29.7,-33.8,-30.7,67,90,0.6,262,18.0,17.824825237348264,2.505115817281185,72456
2026-04-01 11:31:46,-95.4149,39.1426,363.8,8058.0,-29.7,-34.0,-30.9,66,88,0.59,262,18.1,17.92385204422242,2.5190331273771918,72456
2026-04-01 11:31:47,-95.4147,39.1426,363.5,8064.0,-29.7,-34.2,-31.0,65,87,0.58,262,18.1,17.92385204422242,2.5190331273771918,72456
2026-04-01 11:31:48,-95.4145,39.1427,363.3,8069.0,-29.7,-34.4,-31.3,64,85,0.57,262,18.1,17.92385204422242,2.5190331273771918,72456
2026-04-01 11:31:49,-95.4143,39.1427,363.0,8074.0,-29.8,-34.8,-31.6,62,82,0.55,263,18.1,17.96508534470793,2.205835115633164,72456
2026-04-01 11:31:50,-95.4142,39.1427,362.8,8078.0,-29.8,-35.4,-32.2,58,78,0.52,263,18.2,18.06433995987206,2.2180220499736785,72456
2026-04-01 11:31:51,-95.414,39.1427,362.6,8082.0,-29.8,-36.2,-32.9,54,72,0.48,263,18.2,18.06433995987206,2.2180220499736785,72456
2026-04-01 11:31:52,-95.4138,39.1428,362.4,8086.0,-29.7,-37.0,-33.7,49,66,0.44,263,18.2,18.06433995987206,2.2180220499736785,72456
2026-04-01 11:31:53,-95.4135,39.1428,362.1,8091.0,-29.7,-37.5,-34.1,47,63,0.42,263,18.2,18.06433995987206,2.2180220499736785,72456
2026-04-01 11:31:54,-95.4133,39.1428,361.9,8097.0,-29.7,-37.6,-34.2,47,62,0.42,264,18.2,18.100298495702575,1.902418031471291,72456
2026-04-01 11:31:55,-95.4131,39.1428,361.6,8103.0,-29.8,-37.5,-34.2,47,63,0.42,264,18.2,18.100298495702575,1.902418031471291,72456
2026-04-01 11:31:56,-95.4129,39.1428,361.3,8108.0,-29.8,-37.4,-34.1,48,64,0.43,264,18.1,18.00084630616575,1.891965185144526,72456
2026-04-01 11:31:57,-95.4127,39.1428,361.1,8113.0,-29.9,-37.3,-34.0,48,65,0.43,264,18.1,18.00084630616575,1.891965185144526,72456
2026-04-01 11:31:58,-95.4125,39.1428,360.8,8117.0,-29.9,-37.3,-34.0,49,65,0.43,264,18.1,18.00084630616575,1.891965185144526,72456
2026-04-01 11:31:59,-95.4122,39.1428,360.6,8122.0,-30.0,-37.4,-34.1,48,65,0.43,264,18.1,18.00084630616575,1.891965185144526,72456
2026-04-01 11:32:00,-95.412,39.1428,360.3,8127.0,-30.0,-37.6,-34.2,48,64,0.42,264,18.1,18.00084630616575,1.891965185144526,72456
2026-04-01 11:32:01,-95.4118,39.1429,360.1,8132.0,-30.0,-37.7,-34.3,47,64,0.42,264,18.1,18.00084630616575,1.891965185144526,72456
2026-04-01 11:32:02,-95.4116,39.1429,359.8,8138.0,-30.1,-37.7,-34.4,47,64,0.41,265,18.0,17.93150456565142,1.5688033694578485,72456
2026-04-01 11:32:03,-95.4114,39.1429,359.5,8144.0,-30.2,-37.8,-34.5,47,63,0.41,265,18.0,17.93150456565142,1.5688033694578485,72456
2026-04-01 11:32:04,-95.4112,39.1429,359.2,8149.0,-30.2,-38.0,-34.6,46,62,0.4,265,18.0,17.93150456565142,1.5688033694578485,72456
2026-04-01 11:32:05,-95.411,39.1429,358.9,8154.0,-30.2,-38.4,-35.0,45,60,0.39,265,18.0,17.93150456565142,1.5688033694578485,72456
2026-04-01 11:32:06,-95.4108,39.1429,358.7,8160.0,-30.3,-38.9,-35.5,43,58,0.37,265,18.0,17.93150456565142,1.5688033694578485,72456
2026-04-01 11:32:07,-95.4106,39.1429,358.4,8165.0,-30.3,-39.4,-36.0,41,55,0.35,265,18.0,17.93150456565142,1.5688033694578485,72456
2026-04-01 11:32:08,-95.4104,39.143,358.2,8169.0,-30.4,-39.9,-36.5,39,52,0.33,265,17.9,17.831885095842242,1.5600877951830825,72456
2026-04-01 11:32:09,-95.4102,39.143,358.0,8173.0,-30.4,-40.4,-36.8,37,50,0.32,265,17.9,17.831885095842242,1.5600877951830825,72456
2026-04-01 11:32:10,-95.41,39.143,357.8,8178.0,-30.4,-40.8,-37.2,36,48,0.3,265,17.9,17.831885095842242,1.5600877951830825,72456
2026-04-01 11:32:11,-95.4098,39.143,357.6,8182.0,-30.5,-41.1,-37.6,35,47,0.29,265,17.9,17.831885095842242,1.5600877951830825,72456
2026-04-01 11:32:12,-95.4096,39.143,357.3,8186.0,-30.5,-41.5,-38.0,33,45,0.28,265,17.9,17.831885095842242,1.5600877951830825,72456
2026-04-01 11:32:13,-95.4094,39.143,357.1,8190.0,-30.5,-41.9,-38.3,32,43,0.27,265,17.9,17.831885095842242,1.5600877951830825,72456
2026-04-01 11:32:14,-95.4092,39.1431,356.9,8194.0,-30.6,-42.1,-38.5,32,43,0.27,265,17.8,17.732265626033072,1.551372220908317,72456
2026-04-01 11:32:15,-95.409,39.1431,356.7,8199.0,-30.6,-42.2,-38.6,31,42,0.26,265,17.8,17.732265626033072,1.551372220908317,72456
2026-04-01 11:32:16,-95.4088,39.1431,356.5,8203.0,-30.6,-42.2,-38.6,31,42,0.26,265,17.8,17.732265626033072,1.551372220908317,72456
2026-04-01 11:32:17,-95.4086,39.1431,356.3,8207.0,-30.7,-42.0,-38.4,32,43,0.27,265,17.8,17.732265626033072,1.551372220908317,72456
2026-04-01 11:32:18,-95.4084,39.1431,356.1,8212.0,-30.7,-41.8,-38.2,33,45,0.28,265,17.8,17.732265626033072,1.551372220908317,72456
2026-04-01 11:32:19,-95.4081,39.1431,355.8,8216.0,-30.7,-41.6,-38.1,34,45,0.28,265,17.8,17.732265626033072,1.551372220908317,72456
2026-04-01 11:32:20,-95.4079,39.1431,355.6,8220.0,-30.8,-41.6,-38.0,34,46,0.28,265,17.8,17.732265626033072,1.551372220908317,72456
2026-04-01 11:32:21,-95.4077,39.1432,355.5,8224.0,-30.8,-41.6,-38.0,34,46,0.28,265,17.7,17.632646156223895,1.542656646633551,72456
2026-04-01 11:32:22,-95.4075,39.1432,355.3,8227.0,-30.8,-41.5,-37.9,35,47,0.28,265,17.7,17.632646156223895,1.542656646633551,72456
2026-04-01 11:32:23,-95.4073,39.1432,355.1,8231.0,-30.9,-41.3,-37.8,35,48,0.29,265,17.7,17.632646156223895,1.542656646633551,72456
2026-04-01 11:32:24,-95.4071,39.1432,354.9,8235.0,-30.9,-41.2,-37.6,36,48,0.29,264,17.7,17.60303754801844,1.8501537998374644,72456
2026-04-01 11:32:25,-95.4069,39.1432,354.7,8239.0,-30.9,-41.1,-37.5,36,49,0.3,264,17.7,17.60303754801844,1.8501537998374644,72456
2026-04-01 11:32:26,-95.4067,39.1432,354.5,8243.0,-31.0,-41.1,-37.5,36,49,0.3,264,17.7,17.60303754801844,1.8501537998374644,72456
2026-04-01 11:32:27,-95.4064,39.1432,354.2,8248.0,-31.0,-41.1,-37.6,36,49,0.3,264,17.7,17.60303754801844,1.8501537998374644,72456
2026-04-01 11:32:28,-95.4063,39.1432,354.0,8253.0,-31.1,-41.2,-37.6,36,49,0.29,264,17.7,17.60303754801844,1.8501537998374644,72456
2026-04-01 11:32:29,-95.4061,39.1432,353.8,8257.0,-31.1,-41.3,-37.7,36,49,0.29,264,17.7,17.60303754801844,1.8501537998374644,72456
2026-04-01 11:32:30,-95.4059,39.1433,353.5,8262.0,-31.1,-41.4,-37.8,36,49,0.29,264,17.7,17.60303754801844,1.8501537998374644,72456
2026-04-01 11:32:31,-95.4057,39.1433,353.3,8267.0,-31.2,-41.5,-38.0,35,48,0.28,264,17.7,17.60303754801844,1.8501537998374644,72456
2026-04-01 11:32:32,-95.4055,39.1433,353.0,8272.0,-31.2,-41.7,-38.1,35,48,0.28,264,17.7,17.60303754801844,1.8501537998374644,72456
2026-04-01 11:32:33,-95.4054,39.1434,352.8,8278.0,-31.3,-41.9,-38.3,35,47,0.28,264,17.7,17.60303754801844,1.8501537998374644,72456
2026-04-01 11:32:34,-95.4051,39.1434,352.5,8283.0,-31.3,-42.0,-38.4,34,46,0.27,263,17.7,17.5680668840514,2.157087378271105,72456
2026-04-01 11:32:35,-95.4049,39.1434,352.3,8288.0,-31.4,-42.1,-38.5,34,46,0.27,263,17.7,17.5680668840514,2.157087378271105,72456
2026-04-01 11:32:36,-95.4047,39.1434,352.0,8292.0,-31.4,-42.2,-38.6,34,46,0.27,263,17.7,17.5680668840514,2.157087378271105,72456
2026-04-01 11:32:37,-95.4045,39.1434,351.8,8296.0,-31.4,-42.2,-38.6,34,46,0.27,263,17.7,17.5680668840514,2.157087378271105,72456
2026-04-01 11:32:38,-95.4043,39.1434,351.6,8300.0,-31.5,-42.1,-38.5,34,47,0.27,263,17.8,17.667321499215532,2.16927431261162,72456
2026-04-01 11:32:39,-95.4041,39.1434,351.4,8305.0,-31.5,-42.0,-38.4,35,47,0.27,263,17.8,17.667321499215532,2.16927431261162,72456
2026-04-01 11:32:40,-95.4039,39.1434,351.2,8309.0,-31.6,-41.9,-38.3,36,48,0.28,262,17.8,17.62677162359995,2.4772811970891717,72456
2026-04-01 11:32:41,-95.4037,39.1435,351.0,8313.0,-31.6,-41.8,-38.2,36,49,0.28,262,17.8,17.62677162359995,2.4772811970891717,72456
2026-04-01 11:32:42,-95.4035,39.1435,350.8,8318.0,-31.6,-41.7,-38.1,36,50,0.28,262,17.8,17.62677162359995,2.4772811970891717,72456
2026-04-01 11:32:43,-95.4033,39.1436,350.6,8322.0,-31.7,-41.6,-38.0,37,50,0.29,262,17.9,17.725798430474107,2.491198507185178,72456
2026-04-01 11:32:44,-95.403,39.1436,350.3,8326.0,-31.7,-41.4,-37.8,38,51,0.29,262,17.9,17.725798430474107,2.491198507185178,72456
2026-04-01 11:32:45,-95.4028,39.1436,350.1,8331.0,-31.7,-41.3,-37.7,38,52,0.29,262,17.9,17.725798430474107,2.491198507185178,72456
2026-04-01 11:32:46,-95.4026,39.1436,349.9,8336.0,-31.8,-41.4,-37.8,38,52,0.29,262,17.9,17.725798430474107,2.491198507185178,72456
2026-04-01 11:32:47,-95.4025,39.1437,349.6,8341.0,-31.8,-41.5,-37.9,38,52,0.29,262,18.0,17.824825237348264,2.505115817281185,72456
2026-04-01 11:32:48,-95.4023,39.1437,349.4,8345.0,-31.8,-41.6,-38.0,38,51,0.29,262,18.0,17.824825237348264,2.505115817281185,72456
2026-04-01 11:32:49,-95.4021,39.1437,349.2,8350.0,-31.9,-41.6,-38.0,38,51,0.29,261,18.0,17.778390130712477,2.8158203707241585,72456
2026-04-01 11:32:50,-95.4019,39.1437,348.9,8355.0,-31.9,-41.6,-38.0,38,52,0.29,261,18.1,17.877158964771994,2.831463817228182,72456
2026-04-01 11:32:51,-95.4017,39.1438,348.7,8360.0,-31.9,-41.5,-37.9,38,52,0.29,261,18.1,17.877158964771994,2.831463817228182,72456
2026-04-01 11:32:52,-95.4014,39.1438,348.4,8365.0,-31.9,-41.5,-37.9,38,52,0.29,261,18.1,17.877158964771994,2.831463817228182,72456
2026-04-01 11:32:53,-95.4012,39.1438,348.2,8370.0,-32.0,-41.5,-37.9,38,53,0.29,261,18.2,17.975927798831506,2.847107263732205,72456
2026-04-01 11:32:54,-95.401,39.1439,348.0,8375.0,-32.0,-41.5,-37.9,39,53,0.29,261,18.2,17.975927798831506,2.847107263732205,72456
2026-04-01 11:32:55,-95.4008,39.1439,347.7,8379.0,-32.0,-41.4,-37.8,39,53,0.29,261,18.2,17.975927798831506,2.847107263732205,72456
2026-04-01 11:32:56,-95.4006,39.1439,347.5,8384.0,-32.1,-41.3,-37.7,40,54,0.3,261,18.3,18.07469663289102,2.862750710236228,72456
2026-04-01 11:32:57,-95.4004,39.144,347.3,8389.0,-32.1,-41.2,-37.6,40,55,0.3,261,18.3,18.07469663289102,2.862750710236228,72456
2026-04-01 11:32:58,-95.4002,39.144,347.0,8393.0,-32.1,-41.2,-37.6,40,55,0.3,261,18.3,18.07469663289102,2.862750710236228,72456
2026-04-01 11:32:59,-95.4,39.144,346.8,8399.0,-32.2,-41.3,-37.7,40,55,0.3,261,18.4,18.173465466950532,2.8783941567402507,72456
2026-04-01 11:33:00,-95.3998,39.144,346.5,8405.0,-32.2,-41.3,-37.7,40,55,0.3,261,18.4,18.173465466950532,2.8783941567402507,72456
2026-04-01 11:33:01,-95.3995,39.144,346.1,8412.0,-32.3,-41.3,-37.7,40,55,0.3,261,18.4,18.173465466950532,2.8783941567402507,72456
2026-04-01 11:33:02,-95.3993,39.144,345.8,8419.0,-32.3,-41.3,-37.7,41,56,0.3,261,18.5,18.272234301010048,2.894037603244274,72456
2026-04-01 11:33:03,-95.3991,39.144,345.5,8425.0,-32.4,-41.2,-37.7,41,56,0.3,261,18.5,18.272234301010048,2.894037603244274,72456
2026-04-01 11:33:04,-95.3989,39.1441,345.2,8430.0,-32.5,-41.2,-37.7,41,57,0.3,261,18.6,18.37100313506956,2.9096810497482974,72456
2026-04-01 11:33:05,-95.3987,39.1441,345.0,8434.0,-32.5,-41.3,-37.7,41,57,0.3,260,18.6,18.31742420602707,3.2298561046049046,72456
2026-04-01 11:33:06,-95.3985,39.1442,344.8,8438.0,-32.6,-41.4,-37.8,41,57,0.3,260,18.6,18.31742420602707,3.2298561046049046,72456
2026-04-01 11:33:07,-95.3983,39.1442,344.6,8443.0,-32.6,-41.4,-37.8,41,57,0.3,260,18.7,18.41590498132829,3.247220922371597,72456
2026-04-01 11:33:08,-95.3981,39.1443,344.4,8448.0,-32.6,-41.3,-37.7,42,58,0.3,260,18.7,18.41590498132829,3.247220922371597,72456
2026-04-01 11:33:09,-95.3979,39.1443,344.1,8452.0,-32.7,-41.1,-37.5,43,59,0.31,260,18.7,18.41590498132829,3.247220922371597,72456
2026-04-01 11:33:10,-95.3976,39.1443,343.9,8456.0,-32.7,-40.9,-37.3,44,61,0.31,260,18.8,18.514385756629512,3.2645857401382905,72456
2026-04-01 11:33:11,-95.3974,39.1443,343.7,8461.0,-32.8,-40.5,-36.9,46,64,0.33,260,18.8,18.514385756629512,3.2645857401382905,72456
2026-04-01 11:33:12,-95.3972,39.1444,343.5,8465.0,-32.8,-39.8,-36.4,49,68,0.35,260,18.8,18.514385756629512,3.2645857401382905,72456
2026-04-01 11:33:13,-95.397,39.1444,343.3,8469.0,-32.8,-39.1,-35.7,53,74,0.38,260,18.9,18.61286653193073,3.281950557904983,72456
2026-04-01 11:33:14,-95.3968,39.1444,343.1,8473.0,-32.9,-38.5,-35.1,57,79,0.4,260,18.9,18.61286653193073,3.281950557904983,72456
2026-04-01 11:33:15,-95.3965,39.1445,342.9,8477.0,-32.9,-38.2,-34.8,59,82,0.41,260,18.9,18.61286653193073,3.281950557904983,72456
2026-04-01 11:33:16,-95.3963,39.1445,342.7,8481.0,-33.0,-38.3,-34.9,59,81,0.41,260,18.9,18.61286653193073,3.281950557904983,72456
2026-04-01 11:33:17,-95.3961,39.1445,342.6,8485.0,-33.0,-38.5,-35.1,58,80,0.4,260,19.0,18.711347307231954,3.2993153756716764,72456
2026-04-01 11:33:18,-95.3959,39.1445,342.3,8489.0,-33.0,-38.6,-35.2,58,80,0.4,260,19.0,18.711347307231954,3.2993153756716764,72456
2026-04-01 11:33:19,-95.3957,39.1446,342.1,8494.0,-33.1,-38.6,-35.1,58,80,0.4,260,19.0,18.711347307231954,3.2993153756716764,72456
2026-04-01 11:33:20,-95.3955,39.1446,341.9,8499.0,-33.1,-38.5,-35.1,58,81,0.4,260,19.0,18.711347307231954,3.2993153756716764,72456
2026-04-01 11:33:21,-95.3952,39.1446,341.6,8504.0,-33.2,-38.6,-35.2,58,81,0.4,260,19.0,18.711347307231954,3.2993153756716764,72456
2026-04-01 11:33:22,-95.395,39.1446,341.4,8509.0,-33.2,-38.7,-35.3,58,80,0.39,260,19.0,18.711347307231954,3.2993153756716764,72456
2026-04-01 11:33:23,-95.3947,39.1446,341.2,8513.0,-33.3,-38.8,-35.4,57,79,0.39,260,19.0,18.711347307231954,3.2993153756716764,72456
2026-04-01 11:33:24,-95.3945,39.1447,341.0,8517.0,-33.3,-38.8,-35.4,58,80,0.39,260,19.0,18.711347307231954,3.2993153756716764,72456
2026-04-01 11:33:25,-95.3943,39.1447,340.8,8522.0,-33.3,-38.7,-35.3,58,81,0.4,260,19.0,18.711347307231954,3.2993153756716764,72456
2026-04-01 11:33:26,-95.3941,39.1448,340.6,8526.0,-33.4,-38.6,-35.2,59,82,0.4,260,19.0,18.711347307231954,3.2993153756716764,72456
2026-04-01 11:33:27,-95.3939,39.1448,340.3,8530.0,-33.4,-38.5,-35.1,60,83,0.4,260,19.0,18.711347307231954,3.2993153756716764,72456
2026-04-01 11:33:28,-95.3938,39.1448,340.1,8535.0,-33.4,-38.6,-35.2,60,83,0.4,260,19.0,18.711347307231954,3.2993153756716764,72456
2026-04-01 11:33:29,-95.3936,39.1449,339.9,8539.0,-33.5,-38.7,-35.3,59,82,0.4,260,19.0,18.711347307231954,3.2993153756716764,72456
2026-04-01 11:33:30,-95.3933,39.1449,339.7,8543.0,-33.5,-38.9,-35.5,58,81,0.39,260,19.0,18.711347307231954,3.2993153756716764,72456
2026-04-01 11:33:31,-95.3931,39.1449,339.5,8548.0,-33.5,-39.0,-35.5,58,80,0.39,260,19.0,18.711347307231954,3.2993153756716764,72456
2026-04-01 11:33:32,-95.3929,39.1449,339.3,8552.0,-33.6,-38.9,-35.5,59,81,0.39,260,19.0,18.711347307231954,3.2993153756716764,72456
2026-04-01 11:33:33,-95.3927,39.145,339.1,8557.0,-33.6,-38.9,-35.4,59,82,0.39,260,19.0,18.711347307231954,3.2993153756716764,72456
2026-04-01 11:33:34,-95.3924,39.145,338.8,8561.0,-33.6,-38.8,-35.4,60,83,0.39,260,19.0,18.711347307231954,3.2993153756716764,72456
2026-04-01 11:33:35,-95.3922,39.1451,338.6,8565.0,-33.7,-38.8,-35.4,60,83,0.39,260,19.0,18.711347307231954,3.2993153756716764,72456
2026-04-01 11:33:36,-95.392,39.1451,338.4,8570.0,-33.7,-38.8,-35.3,61,84,0.4,260,19.0,18.711347307231954,3.2993153756716764,72456
2026-04-01 11:33:37,-95.3918,39.1451,338.2,8574.0,-33.8,-38.8,-35.4,61,84,0.4,260,19.0,18.711347307231954,3.2993153756716764,72456
2026-04-01 11:33:38,-95.3916,39.1451,338.0,8579.0,-33.8,-38.8,-35.4,61,85,0.4,260,19.0,18.711347307231954,3.2993153756716764,72456
2026-04-01 11:33:39,-95.3914,39.1452,337.8,8584.0,-33.9,-38.8,-35.4,61,85,0.39,260,19.0,18.711347307231954,3.2993153756716764,72456
2026-04-01 11:33:40,-95.3911,39.1452,337.6,8588.0,-33.9,-38.9,-35.4,61,85,0.39,260,19.0,18.711347307231954,3.2993153756716764,72456
2026-04-01 11:33:41,-95.3909,39.1452,337.4,8592.0,-34.0,-38.9,-35.5,61,85,0.39,260,19.0,18.711347307231954,3.2993153756716764,72456
2026-04-01 11:33:42,-95.3907,39.1453,337.2,8596.0,-34.0,-38.9,-35.5,61,85,0.39,260,19.0,18.711347307231954,3.2993153756716764,72456
2026-04-01 11:33:43,-95.3905,39.1453,336.9,8601.0,-34.0,-38.9,-35.5,61,86,0.39,260,19.1,18.809828082533176,3.3166801934383696,72456
2026-04-01 11:33:44,-95.3903,39.1453,336.7,8606.0,-34.1,-38.8,-35.4,62,87,0.39,260,19.1,18.809828082533176,3.3166801934383696,72456
2026-04-01 11:33:45,-95.3901,39.1454,336.4,8611.0,-34.1,-38.8,-35.3,63,88,0.4,260,19.1,18.809828082533176,3.3166801934383696,72456
2026-04-01 11:33:46,-95.3898,39.1454,336.2,8617.0,-34.2,-38.7,-35.3,63,89,0.4,260,19.1,18.809828082533176,3.3166801934383696,72456
2026-04-01 11:33:47,-95.3896,39.1454,335.9,8622.0,-34.2,-38.7,-35.3,64,89,0.4,260,19.1,18.809828082533176,3.3166801934383696,72456
2026-04-01 11:33:48,-95.3894,39.1454,335.7,8626.0,-34.3,-38.7,-35.3,64,89,0.4,260,19.2,18.908308857834392,3.3340450112050624,72456
2026-04-01 11:33:49,-95.3892,39.1454,335.5,8631.0,-34.3,-38.7,-35.3,64,90,0.4,260,19.2,18.908308857834392,3.3340450112050624,72456
2026-04-01 11:33:50,-95.389,39.1455,335.3,8634.0,-34.4,-38.7,-35.3,65,90,0.4,260,19.2,18.908308857834392,3.3340450112050624,72456
2026-04-01 11:33:51,-95.3888,39.1455,335.2,8638.0,-34.4,-38.8,-35.3,65,90,0.4,260,19.2,18.908308857834392,3.3340450112050624,72456
2026-04-01 11:33:52,-95.3885,39.1455,335.0,8641.0,-34.4,-38.8,-35.4,64,90,0.4,260,19.3,19.006789633135615,3.3514098289717555,72456
2026-04-01 11:33:53,-95.3883,39.1456,334.8,8645.0,-34.5,-38.9,-35.5,64,90,0.39,260,19.3,19.006789633135615,3.3514098289717555,72456
2026-04-01 11:33:54,-95.3881,39.1456,334.6,8650.0,-34.5,-39.1,-35.6,64,89,0.39,260,19.3,19.006789633135615,3.3514098289717555,72456
2026-04-01 11:33:55,-95.3879,39.1456,334.4,8654.0,-34.6,-39.2,-35.7,63,88,0.38,260,19.4,19.105270408436834,3.3687746467384483,72456
2026-04-01 11:33:56,-95.3877,39.1457,334.2,8659.0,-34.6,-39.3,-35.8,63,88,0.38,260,19.4,19.105270408436834,3.3687746467384483,72456
2026-04-01 11:33:57,-95.3875,39.1457,333.9,8663.0,-34.6,-39.4,-35.9,62,87,0.38,260,19.4,19.105270408436834,3.3687746467384483,72456
2026-04-01 11:33:58,-95.3872,39.1457,333.7,8667.0,-34.7,-39.5,-36.0,61,86,0.37,260,19.4,19.105270408436834,3.3687746467384483,72456
2026-04-01 11:33:59,-95.387,39.1458,333.5,8672.0,-34.7,-39.6,-36.1,61,86,0.37,260,19.5,19.203751183738056,3.3861394645051415,72456
2026-04-01 11:34:00,-95.3868,39.1458,333.3,8676.0,-34.8,-39.6,-36.1,61,86,0.37,260,19.5,19.203751183738056,3.3861394645051415,72456
2026-04-01 11:34:01,-95.3866,39.1458,333.2,8680.0,-34.8,-39.6,-36.1,62,87,0.37,260,19.5,19.203751183738056,3.3861394645051415,72456
2026-04-01 11:34:02,-95.3863,39.1458,333.0,8684.0,-34.8,-39.5,-36.0,62,88,0.37,260,19.6,19.30223195903928,3.4035042822718347,72456
2026-04-01 11:34:03,-95.3861,39.1459,332.8,8688.0,-34.9,-39.4,-36.0,63,89,0.38,260,19.6,19.30223195903928,3.4035042822718347,72456
2026-04-01 11:34:04,-95.3858,39.1459,332.6,8692.0,-34.9,-39.4,-35.9,64,89,0.38,260,19.6,19.30223195903928,3.4035042822718347,72456
2026-04-01 11:34:05,-95.3856,39.146,332.4,8696.0,-34.9,-39.4,-36.0,64,90,0.38,260,19.6,19.30223195903928,3.4035042822718347,72456
2026-04-01 11:34:06,-95.3854,39.146,332.2,8701.0,-35.0,-39.5,-36.0,63,89,0.37,260,19.6,19.30223195903928,3.4035042822718347,72456
2026-04-01 11:34:07,-95.3852,39.146,332.0,8705.0,-35.0,-39.6,-36.1,63,89,0.37,260,19.7,19.400712734340498,3.4208691000385274,72456
2026-04-01 11:34:08,-95.385,39.146,331.8,8708.0,-35.1,-39.7,-36.2,63,89,0.37,260,19.7,19.400712734340498,3.4208691000385274,72456
2026-04-01 11:34:09,-95.3848,39.1461,331.6,8712.0,-35.1,-39.8,-36.3,62,88,0.37,260,19.7,19.400712734340498,3.4208691000385274,72456
2026-04-01 11:34:10,-95.3845,39.1461,331.4,8716.0,-35.1,-39.8,-36.4,62,87,0.36,260,19.7,19.400712734340498,3.4208691000385274,72456
2026-04-01 11:34:11,-95.3843,39.1461,331.2,8720.0,-35.1,-39.9,-36.4,62,87,0.36,260,19.7,19.400712734340498,3.4208691000385274,72456
2026-04-01 11:34:12,-95.3841,39.1462,331.0,8725.0,-35.2,-39.8,-36.3,63,88,0.36,260,19.7,19.400712734340498,3.4208691000385274,72456
2026-04-01 11:34:13,-95.3839,39.1462,330.8,8730.0,-35.2,-39.8,-36.3,63,89,0.36,260,19.7,19.400712734340498,3.4208691000385274,72456
2026-04-01 11:34:14,-95.3837,39.1463,330.5,8735.0,-35.3,-39.8,-36.3,63,90,0.37,260,19.7,19.400712734340498,3.4208691000385274,72456
2026-04-01 11:34:15,-95.3834,39.1463,330.3,8739.0,-35.3,-39.8,-36.3,64,90,0.36,260,19.7,19.400712734340498,3.4208691000385274,72456
2026-04-01 11:34:16,-95.3832,39.1463,330.1,8744.0,-35.4,-39.9,-36.4,63,89,0.36,260,19.7,19.400712734340498,3.4208691000385274,72456
2026-04-01 11:34:17,-95.383,39.1464,329.9,8748.0,-35.4,-39.9,-36.4,63,90,0.36,260,19.7,19.400712734340498,3.4208691000385274,72456
2026-04-01 11:34:18,-95.3828,39.1464,329.7,8752.0,-35.4,-39.9,-36.4,64,90,0.36,260,19.7,19.400712734340498,3.4208691000385274,72456
2026-04-01 11:34:19,-95.3825,39.1464,329.5,8757.0,-35.5,-39.8,-36.3,64,91,0.36,260,19.7,19.400712734340498,3.4208691000385274,72456
2026-04-01 11:34:20,-95.3823,39.1464,329.3,8761.0,-35.5,-39.8,-36.3,65,92,0.37,260,19.7,19.400712734340498,3.4208691000385274,72456
2026-04-01 11:34:21,-95.3821,39.1464,329.1,8764.0,-35.6,-39.7,-36.3,66,93,0.37,260,19.7,19.400712734340498,3.4208691000385274,72456
2026-04-01 11:34:22,-95.3818,39.1465,329.0,8768.0,-35.6,-39.7,-36.2,66,93,0.37,260,19.6,19.30223195903928,3.4035042822718347,72456
2026-04-01 11:34:23,-95.3816,39.1465,328.8,8772.0,-35.6,-39.7,-36.3,66,94,0.37,260,19.6,19.30223195903928,3.4035042822718347,72456
2026-04-01 11:34:24,-95.3813,39.1465,328.6,8776.0,-35.7,-39.8,-36.3,66,94,0.37,260,19.6,19.30223195903928,3.4035042822718347,72456
2026-04-01 11:34:25,-95.3811,39.1465,328.3,8781.0,-35.7,-39.8,-36.3,66,94,0.37,260,19.6,19.30223195903928,3.4035042822718347,72456
2026-04-01 11:34:26,-95.3809,39.1466,328.1,8786.0,-35.8,-39.8,-36.3,66,94,0.37,260,19.5,19.203751183738056,3.3861394645051415,72456
2026-04-01 11:34:27,-95.3807,39.1466,327.9,8791.0,-35.8,-39.8,-36.4,66,94,0.37,260,19.5,19.203751183738056,3.3861394645051415,72456
2026-04-01 11:34:28,-95.3805,39.1467,327.7,8795.0,-35.8,-39.9,-36.4,67,94,0.37,260,19.5,19.203751183738056,3.3861394645051415,72456
2026-04-01 11:34:29,-95.3803,39.1467,327.5,8799.0,-35.9,-39.9,-36.4,67,95,0.37,260,19.5,19.203751183738056,3.3861394645051415,72456
2026-04-01 11:34:30,-95.3801,39.1467,327.3,8803.0,-35.9,-39.9,-36.4,67,95,0.36,260,19.4,19.105270408436834,3.3687746467384483,72456
2026-04-01 11:34:31,-95.3798,39.1467,327.1,8807.0,-36.0,-39.9,-36.5,67,95,0.36,260,19.4,19.105270408436834,3.3687746467384483,72456
2026-04-01 11:34:32,-95.3796,39.1468,326.9,8811.0,-36.0,-40.0,-36.5,67,95,0.36,260,19.4,19.105270408436834,3.3687746467384483,72456
2026-04-01 11:34:33,-95.3794,39.1468,326.7,8815.0,-36.1,-40.1,-36.6,66,94,0.36,260,19.3,19.006789633135615,3.3514098289717555,72456
2026-04-01 11:34:34,-95.3792,39.1468,326.6,8819.0,-36.1,-40.1,-36.6,66,94,0.36,260,19.3,19.006789633135615,3.3514098289717555,72456
2026-04-01 11:34:35,-95.379,39.1469,326.4,8823.0,-36.1,-40.2,-36.7,66,94,0.36,260,19.3,19.006789633135615,3.3514098289717555,72456
2026-04-01 11:34:36,-95.3787,39.1469,326.2,8828.0,-36.2,-40.2,-36.7,66,95,0.36,259,19.2,18.84724192219515,3.6635327112296565,72456
2026-04-01 11:34:37,-95.3785,39.147,325.9,8832.0,-36.2,-40.2,-36.7,67,95,0.35,259,19.2,18.84724192219515,3.6635327112296565,72456
2026-04-01 11:34:38,-95.3783,39.147,325.7,8837.0,-36.2,-40.2,-36.7,67,95,0.35,259,19.2,18.84724192219515,3.6635327112296565,72456
2026-04-01 11:34:39,-95.3781,39.1471,325.5,8841.0,-36.3,-40.3,-36.8,66,95,0.35,259,19.1,18.749079203850382,3.644451811692002,72456
2026-04-01 11:34:40,-95.3779,39.1471,325.3,8846.0,-36.3,-40.4,-36.9,66,94,0.35,259,19.1,18.749079203850382,3.644451811692002,72456
2026-04-01 11:34:41,-95.3777,39.1471,325.1,8850.0,-36.4,-40.4,-36.9,66,95,0.35,259,19.1,18.749079203850382,3.644451811692002,72456
2026-04-01 11:34:42,-95.3775,39.1471,324.9,8854.0,-36.4,-40.4,-36.9,67,95,0.35,259,19.1,18.749079203850382,3.644451811692002,72456
2026-04-01 11:34:43,-95.3773,39.1472,324.7,8859.0,-36.5,-40.4,-36.9,67,96,0.35,259,19.0,18.650916485505615,3.625370912154348,72456
2026-04-01 11:34:44,-95.377,39.1472,324.5,8863.0,-36.5,-40.4,-36.9,67,96,0.35,259,19.0,18.650916485505615,3.625370912154348,72456
2026-04-01 11:34:45,-95.3768,39.1472,324.3,8867.0,-36.5,-40.4,-36.9,67,96,0.35,259,19.0,18.650916485505615,3.625370912154348,72456
2026-04-01 11:34:46,-95.3766,39.1472,324.1,8872.0,-36.6,-40.5,-37.0,67,96,0.35,259,19.0,18.650916485505615,3.625370912154348,72456
2026-04-01 11:34:47,-95.3764,39.1473,323.8,8877.0,-36.6,-40.6,-37.1,67,95,0.34,259,18.9,18.552753767160848,3.606290012616693,72456
2026-04-01 11:34:48,-95.3762,39.1473,323.6,8881.0,-36.7,-40.7,-37.2,66,95,0.34,259,18.9,18.552753767160848,3.606290012616693,72456
2026-04-01 11:34:49,-95.376,39.1473,323.4,8886.0,-36.7,-40.9,-37.4,65,93,0.33,259,18.9,18.552753767160848,3.606290012616693,72456
2026-04-01 11:34:50,-95.3758,39.1473,323.3,8889.0,-36.7,-41.1,-37.6,64,91,0.33,259,18.9,18.552753767160848,3.606290012616693,72456
2026-04-01 11:34:51,-95.3755,39.1474,323.1,8893.0,-36.8,-41.3,-37.7,63,90,0.32,259,18.9,18.552753767160848,3.606290012616693,72456
2026-04-01 11:34:52,-95.3753,39.1474,322.9,8897.0,-36.8,-41.3,-37.8,63,90,0.32,259,18.9,18.552753767160848,3.606290012616693,72456
2026-04-01 11:34:53,-95.3751,39.1474,322.7,8901.0,-36.8,-41.3,-37.7,63,91,0.32,259,18.9,18.552753767160848,3.606290012616693,72456
2026-04-01 11:34:54,-95.3748,39.1474,322.5,8905.0,-36.9,-41.2,-37.7,64,91,0.32,259,18.8,18.454591048816084,3.5872091130790387,72456
2026-04-01 11:34:55,-95.3746,39.1475,322.3,8909.0,-36.9,-41.2,-37.6,64,92,0.32,259,18.8,18.454591048816084,3.5872091130790387,72456
2026-04-01 11:34:56,-95.3744,39.1475,322.1,8914.0,-36.9,-41.2,-37.6,65,93,0.32,258,18.8,18.389174893795545,3.908739787373884,72456
2026-04-01 11:34:57,-95.3742,39.1476,321.9,8918.0,-37.0,-41.2,-37.6,65,93,0.32,258,18.8,18.389174893795545,3.908739787373884,72456
2026-04-01 11:34:58,-95.374,39.1476,321.7,8922.0,-37.0,-41.2,-37.6,66,94,0.33,258,18.8,18.389174893795545,3.908739787373884,72456
2026-04-01 11:34:59,-95.3738,39.1477,321.5,8927.0,-37.1,-41.1,-37.5,66,95,0.33,258,18.8,18.389174893795545,3.908739787373884,72456
2026-04-01 11:35:00,-95.3736,39.1477,321.3,8931.0,-37.1,-41.1,-37.5,67,96,0.33,258,18.9,18.486989653868925,3.9295309564556598,72456
2026-04-01 11:35:01,-95.3734,39.1477,321.1,8936.0,-37.2,-41.1,-37.5,67,96,0.33,258,18.9,18.486989653868925,3.9295309564556598,72456
2026-04-01 11:35:02,-95.3732,39.1478,320.9,8940.0,-37.2,-41.1,-37.6,67,96,0.33,258,18.9,18.486989653868925,3.9295309564556598,72456
2026-04-01 11:35:03,-95.373,39.1478,320.7,8944.0,-37.2,-41.3,-37.7,66,95,0.32,258,18.9,18.486989653868925,3.9295309564556598,72456
2026-04-01 11:35:04,-95.3728,39.1478,320.6,8947.0,-37.3,-41.5,-37.9,65,93,0.31,258,18.9,18.486989653868925,3.9295309564556598,72456
2026-04-01 11:35:05,-95.3726,39.1479,320.4,8951.0,-37.3,-41.7,-38.1,64,92,0.31,258,18.9,18.486989653868925,3.9295309564556598,72456
2026-04-01 11:35:06,-95.3724,39.1479,320.2,8955.0,-37.3,-41.7,-38.1,64,92,0.31,258,19.0,18.584804413942305,3.950322125537436,72456
2026-04-01 11:35:07,-95.3722,39.148,320.0,8960.0,-37.4,-41.6,-38.0,65,93,0.31,258,19.0,18.584804413942305,3.950322125537436,72456
2026-04-01 11:35:08,-95.3719,39.148,319.8,8965.0,-37.4,-41.6,-38.0,65,94,0.31,258,19.0,18.584804413942305,3.950322125537436,72456
2026-04-01 11:35:09,-95.3717,39.148,319.5,8969.0,-37.5,-41.6,-38.0,65,94,0.31,258,19.1,18.682619174015688,3.971113294619212,72456
2026-04-01 11:35:10,-95.3715,39.148,319.3,8974.0,-37.5,-41.7,-38.1,65,94,0.31,258,19.1,18.682619174015688,3.971113294619212,72456
2026-04-01 11:35:11,-95.3713,39.1481,319.1,8978.0,-37.5,-41.7,-38.1,65,94,0.31,258,19.2,18.780433934089068,3.9919044637009877,72456
2026-04-01 11:35:12,-95.371,39.1481,318.9,8983.0,-37.6,-41.7,-38.1,65,94,0.31,258,19.2,18.780433934089068,3.9919044637009877,72456
2026-04-01 11:35:13,-95.3708,39.1482,318.7,8987.0,-37.6,-41.6,-38.1,66,95,0.31,258,19.2,18.780433934089068,3.9919044637009877,72456
2026-04-01 11:35:14,-95.3706,39.1482,318.5,8992.0,-37.7,-41.6,-38.0,67,97,0.31,258,19.3,18.878248694162448,4.012695632782764,72456
2026-04-01 11:35:15,-95.3704,39.1483,318.3,8996.0,-37.7,-41.6,-38.0,67,97,0.32,258,19.3,18.878248694162448,4.012695632782764,72456
2026-04-01 11:35:16,-95.3701,39.1483,318.1,9001.0,-37.8,-41.6,-38.0,67,98,0.31,258,19.4,18.976063454235828,4.03348680186454,72456
2026-04-01 11:35:17,-95.3699,39.1483,317.9,9005.0,-37.8,-41.7,-38.1,67,97,0.31,258,19.4,18.976063454235828,4.03348680186454,72456
2026-04-01 11:35:18,-95.3697,39.1483,317.7,9010.0,-37.9,-41.7,-38.1,67,97,0.31,258,19.4,18.976063454235828,4.03348680186454,72456
2026-04-01 11:35:19,-95.3695,39.1484,317.5,9014.0,-37.9,-41.8,-38.2,67,97,0.31,258,19.5,19.073878214309207,4.054277970946316,72456
2026-04-01 11:35:20,-95.3693,39.1484,317.3,9018.0,-38.0,-41.9,-38.3,67,97,0.31,258,19.5,19.073878214309207,4.054277970946316,72456
2026-04-01 11:35:21,-95.3691,39.1485,317.1,9022.0,-38.0,-41.9,-38.3,67,97,0.3,258,19.6,19.17169297438259,4.075069140028092,72456
2026-04-01 11:35:22,-95.3689,39.1485,316.9,9026.0,-38.0,-42.0,-38.4,66,96,0.3,258,19.6,19.17169297438259,4.075069140028092,72456
2026-04-01 11:35:23,-95.3686,39.1485,316.7,9030.0,-38.1,-42.1,-38.5,66,96,0.3,258,19.6,19.17169297438259,4.075069140028092,72456
2026-04-01 11:35:24,-95.3684,39.1486,316.5,9035.0,-38.1,-42.1,-38.5,66,96,0.3,258,19.7,19.26950773445597,4.0958603091098675,72456
2026-04-01 11:35:25,-95.3682,39.1486,316.3,9040.0,-38.1,-42.1,-38.5,66,96,0.3,258,19.7,19.26950773445597,4.0958603091098675,72456
2026-04-01 11:35:26,-95.368,39.1486,316.1,9045.0,-38.2,-42.1,-38.5,66,96,0.3,258,19.7,19.26950773445597,4.0958603091098675,72456
2026-04-01 11:35:27,-95.3677,39.1487,315.9,9049.0,-38.2,-42.2,-38.6,66,96,0.3,258,19.8,19.36732249452935,4.116651478191644,72456
2026-04-01 11:35:28,-95.3675,39.1487,315.7,9052.0,-38.3,-42.2,-38.6,67,97,0.3,258,19.8,19.36732249452935,4.116651478191644,72456
2026-04-01 11:35:29,-95.3673,39.1488,315.5,9056.0,-38.3,-42.2,-38.5,67,97,0.3,258,19.8,19.36732249452935,4.116651478191644,72456
2026-04-01 11:35:30,-95.367,39.1489,315.4,9060.0,-38.3,-42.1,-38.5,67,98,0.3,258,19.8,19.36732249452935,4.116651478191644,72456
2026-04-01 11:35:31,-95.3668,39.1489,315.2,9064.0,-38.4,-42.2,-38.5,67,98,0.3,258,19.8,19.36732249452935,4.116651478191644,72456
2026-04-01 11:35:32,-95.3666,39.1489,314.9,9069.0,-38.4,-42.2,-38.5,68,99,0.3,258,19.9,19.46513725460273,4.13744264727342,72456
2026-04-01 11:35:33,-95.3663,39.149,314.7,9074.0,-38.5,-42.2,-38.5,68,99,0.3,258,19.9,19.46513725460273,4.13744264727342,72456
2026-04-01 11:35:34,-95.3661,39.149,314.5,9079.0,-38.5,-42.2,-38.6,68,99,0.3,258,19.9,19.46513725460273,4.13744264727342,72456
2026-04-01 11:35:35,-95.3659,39.149,314.3,9084.0,-38.6,-42.2,-38.6,68,100,0.3,258,19.9,19.46513725460273,4.13744264727342,72456
2026-04-01 11:35:36,-95.3657,39.1491,314.1,9088.0,-38.6,-42.3,-38.7,68,99,0.3,258,19.9,19.46513725460273,4.13744264727342,72456
2026-04-01 11:35:37,-95.3655,39.1491,313.9,9092.0,-38.6,-42.4,-38.8,67,98,0.29,258,20.0,19.56295201467611,4.158233816355196,72456
2026-04-01 11:35:38,-95.3652,39.1491,313.7,9096.0,-38.7,-42.6,-38.9,67,97,0.29,258,20.0,19.56295201467611,4.158233816355196,72456
2026-04-01 11:35:39,-95.365,39.1492,313.5,9100.0,-38.7,-42.7,-39.1,66,96,0.28,258,20.0,19.56295201467611,4.158233816355196,72456
2026-04-01 11:35:40,-95.3648,39.1492,313.3,9104.0,-38.8,-42.8,-39.1,66,96,0.28,258,20.0,19.56295201467611,4.158233816355196,72456
2026-04-01 11:35:41,-95.3645,39.1492,313.1,9108.0,-38.8,-42.9,-39.2,65,95,0.28,258,20.0,19.56295201467611,4.158233816355196,72456
2026-04-01 11:35:42,-95.3643,39.1493,312.9,9113.0,-38.8,-42.9,-39.3,65,95,0.28,258,20.1,19.660766774749494,4.179024985436972,72456
2026-04-01 11:35:43,-95.3641,39.1493,312.7,9118.0,-38.9,-43.0,-39.4,65,95,0.27,258,20.1,19.660766774749494,4.179024985436972,72456
2026-04-01 11:35:44,-95.3639,39.1493,312.5,9123.0,-38.9,-43.1,-39.5,64,94,0.27,258,20.1,19.660766774749494,4.179024985436972,72456
2026-04-01 11:35:45,-95.3637,39.1494,312.3,9128.0,-38.9,-43.3,-39.6,64,93,0.27,258,20.2,19.758581534822873,4.199816154518747,72456
2026-04-01 11:35:46,-95.3635,39.1494,312.0,9133.0,-39.0,-43.4,-39.7,63,92,0.26,258,20.2,19.758581534822873,4.199816154518747,72456
2026-04-01 11:35:47,-95.3632,39.1494,311.8,9137.0,-39.0,-43.6,-39.9,62,91,0.26,257,20.2,19.682275308661747,4.544011297746078,72456
2026-04-01 11:35:48,-95.363,39.1495,311.6,9141.0,-39.1,-43.9,-40.2,60,88,0.25,257,20.3,19.779712315140273,4.5665064031804645,72456
2026-04-01 11:35:49,-95.3627,39.1495,311.5,9145.0,-39.1,-44.1,-40.4,59,86,0.25,257,20.3,19.779712315140273,4.5665064031804645,72456
2026-04-01 11:35:50,-95.3625,39.1495,311.3,9149.0,-39.1,-44.3,-40.5,58,85,0.24,257,20.4,19.877149321618795,4.589001508614851,72456
2026-04-01 11:35:51,-95.3623,39.1496,311.1,9153.0,-39.2,-44.3,-40.6,58,85,0.24,257,20.4,19.877149321618795,4.589001508614851,72456
2026-04-01 11:35:52,-95.3621,39.1497,310.9,9157.0,-39.2,-44.3,-40.6,58,85,0.24,257,20.5,19.97458632809732,4.611496614049238,72456
2026-04-01 11:35:53,-95.3618,39.1497,310.7,9161.0,-39.3,-44.4,-40.6,58,86,0.24,257,20.5,19.97458632809732,4.611496614049238,72456
2026-04-01 11:35:54,-95.3616,39.1498,310.5,9166.0,-39.3,-44.4,-40.6,59,86,0.24,257,20.6,20.072023334575846,4.633991719483625,72456
2026-04-01 11:35:55,-95.3614,39.1498,310.3,9170.0,-39.3,-44.4,-40.6,59,86,0.24,257,20.6,20.072023334575846,4.633991719483625,72456
2026-04-01 11:35:56,-95.3612,39.1499,310.1,9174.0,-39.4,-44.4,-40.7,59,86,0.24,257,20.7,20.169460341054368,4.6564868249180105,72456
2026-04-01 11:35:57,-95.3609,39.1499,310.0,9179.0,-39.4,-44.6,-40.8,58,85,0.24,257,20.7,20.169460341054368,4.6564868249180105,72456
2026-04-01 11:35:58,-95.3607,39.1499,309.7,9183.0,-39.4,-44.8,-41.0,57,84,0.23,257,20.8,20.26689734753289,4.678981930352397,72456
2026-04-01 11:35:59,-95.3605,39.1499,309.5,9188.0,-39.5,-45.2,-41.4,55,81,0.22,256,20.8,20.182151106540726,5.03197542847309,72456
2026-04-01 11:36:00,-95.3602,39.15,309.3,9194.0,-39.5,-45.7,-41.9,52,76,0.21,256,20.9,20.279180679168324,5.056167618033056,72456
2026-04-01 11:36:01,-95.36,39.15,309.0,9199.0,-39.5,-46.2,-42.4,49,72,0.2,256,20.9,20.279180679168324,5.056167618033056,72456
2026-04-01 11:36:02,-95.3597,39.1501,308.8,9204.0,-39.6,-46.6,-42.8,47,69,0.19,256,21.0,20.376210251795925,5.080359807593023,72456
2026-04-01 11:36:03,-95.3595,39.1501,308.6,9209.0,-39.6,-46.9,-43.0,46,68,0.18,256,21.0,20.376210251795925,5.080359807593023,72456
2026-04-01 11:36:04,-95.3593,39.1502,308.4,9213.0,-39.6,-47.3,-43.4,44,65,0.18,256,21.0,20.376210251795925,5.080359807593023,72456
2026-04-01 11:36:05,-95.359,39.1502,308.2,9217.0,-39.7,-47.8,-43.9,42,62,0.17,256,21.1,20.473239824423526,5.10455199715299,72456
2026-04-01 11:36:06,-95.3588,39.1503,308.0,9221.0,-39.7,-48.4,-44.5,39,58,0.15,256,21.1,20.473239824423526,5.10455199715299,72456
2026-04-01 11:36:07,-95.3585,39.1503,307.8,9226.0,-39.7,-48.8,-44.9,37,55,0.15,256,21.1,20.473239824423526,5.10455199715299,72456
2026-04-01 11:36:08,-95.3583,39.1504,307.6,9231.0,-39.7,-48.9,-44.9,37,55,0.15,256,21.2,20.570269397051124,5.128744186712957,72456
2026-04-01 11:36:09,-95.358,39.1504,307.4,9236.0,-39.8,-48.7,-44.8,38,56,0.15,255,21.2,20.477627517328248,5.486963756173437,72456
2026-04-01 11:36:10,-95.3578,39.1505,307.1,9242.0,-39.8,-48.4,-44.5,40,58,0.15,255,21.2,20.477627517328248,5.486963756173437,72456
2026-04-01 11:36:11,-95.3576,39.1505,306.9,9247.0,-39.9,-48.2,-44.3,41,60,0.16,255,21.2,20.477627517328248,5.486963756173437,72456
2026-04-01 11:36:12,-95.3574,39.1506,306.6,9252.0,-39.9,-48.0,-44.1,42,62,0.16,255,21.2,20.477627517328248,5.486963756173437,72456
2026-04-01 11:36:13,-95.3571,39.1506,306.4,9257.0,-40.0,-48.0,-44.1,42,63,0.16,255,21.3,20.574220099957156,5.5128456606836895,72456
2026-04-01 11:36:14,-95.3569,39.1507,306.2,9261.0,-40.0,-48.0,-44.1,42,63,0.16,255,21.3,20.574220099957156,5.5128456606836895,72456
2026-04-01 11:36:15,-95.3566,39.1507,306.0,9265.0,-40.0,-48.1,-44.2,42,62,0.16,255,21.3,20.574220099957156,5.5128456606836895,72456
2026-04-01 11:36:16,-95.3564,39.1508,305.8,9270.0,-40.1,-48.2,-44.3,42,62,0.16,255,21.3,20.574220099957156,5.5128456606836895,72456
2026-04-01 11:36:17,-95.3562,39.1508,305.6,9274.0,-40.1,-48.3,-44.3,42,61,0.16,255,21.3,20.574220099957156,5.5128456606836895,72456
2026-04-01 11:36:18,-95.356,39.1509,305.4,9279.0,-40.2,-48.3,-44.4,42,61,0.16,255,21.3,20.574220099957156,5.5128456606836895,72456
2026-04-01 11:36:19,-95.3557,39.1509,305.2,9283.0,-40.2,-48.3,-44.4,42,62,0.16,255,21.4,20.67081268258606,5.538727565193941,72456
2026-04-01 11:36:20,-95.3555,39.151,305.0,9288.0,-40.2,-48.2,-44.3,42,63,0.16,255,21.4,20.67081268258606,5.538727565193941,72456
2026-04-01 11:36:21,-95.3553,39.1511,304.8,9292.0,-40.3,-48.2,-44.3,43,63,0.16,255,21.4,20.67081268258606,5.538727565193941,72456
2026-04-01 11:36:22,-95.355,39.1511,304.6,9297.0,-40.3,-48.2,-44.2,43,64,0.16,255,21.4,20.67081268258606,5.538727565193941,72456
2026-04-01 11:36:23,-95.3548,39.1511,304.4,9302.0,-40.4,-48.1,-44.2,43,64,0.16,255,21.4,20.67081268258606,5.538727565193941,72456
2026-04-01 11:36:24,-95.3545,39.1512,304.2,9307.0,-40.4,-48.2,-44.2,43,64,0.16,255,21.5,20.76740526521497,5.564609469704194,72456
2026-04-01 11:36:25,-95.3543,39.1512,304.0,9312.0,-40.5,-48.2,-44.3,43,64,0.16,255,21.5,20.76740526521497,5.564609469704194,72456
2026-04-01 11:36:26,-95.354,39.1513,303.7,9317.0,-40.5,-48.2,-44.3,43,64,0.16,255,21.5,20.76740526521497,5.564609469704194,72456
2026-04-01 11:36:27,-95.3538,39.1513,303.5,9322.0,-40.5,-48.3,-44.4,43,64,0.16,255,21.5,20.76740526521497,5.564609469704194,72456
2026-04-01 11:36:28,-95.3536,39.1514,303.3,9327.0,-40.6,-48.4,-44.4,43,64,0.16,255,21.5,20.76740526521497,5.564609469704194,72456
2026-04-01 11:36:29,-95.3534,39.1514,303.1,9331.0,-40.6,-48.4,-44.5,43,64,0.16,255,21.6,20.863997847843876,5.590491374214446,72456
2026-04-01 11:36:30,-95.3531,39.1515,302.9,9335.0,-40.7,-48.4,-44.5,43,64,0.16,255,21.6,20.863997847843876,5.590491374214446,72456
2026-04-01 11:36:31,-95.3529,39.1515,302.7,9340.0,-40.7,-48.4,-44.5,43,64,0.16,255,21.6,20.863997847843876,5.590491374214446,72456
2026-04-01 11:36:32,-95.3527,39.1516,302.5,9344.0,-40.8,-48.5,-44.5,43,65,0.16,255,21.6,20.863997847843876,5.590491374214446,72456
2026-04-01 11:36:33,-95.3524,39.1516,302.3,9348.0,-40.8,-48.4,-44.5,44,65,0.16,255,21.7,20.96059043047278,5.616373278724698,72456
2026-04-01 11:36:34,-95.3521,39.1517,302.2,9352.0,-40.8,-48.5,-44.5,44,65,0.16,255,21.7,20.96059043047278,5.616373278724698,72456
2026-04-01 11:36:35,-95.3519,39.1518,302.0,9357.0,-40.9,-48.5,-44.5,44,66,0.16,255,21.7,20.96059043047278,5.616373278724698,72456
2026-04-01 11:36:36,-95.3516,39.1518,301.7,9362.0,-40.9,-48.5,-44.5,44,66,0.16,255,21.7,20.96059043047278,5.616373278724698,72456
2026-04-01 11:36:37,-95.3514,39.1519,301.5,9367.0,-41.0,-48.5,-44.6,44,66,0.16,255,21.8,21.05718301310169,5.6422551832349495,72456
2026-04-01 11:36:38,-95.3512,39.1519,301.3,9373.0,-41.0,-48.6,-44.7,44,66,0.15,255,21.8,21.05718301310169,5.6422551832349495,72456
2026-04-01 11:36:39,-95.3509,39.152,301.0,9378.0,-41.1,-48.7,-44.7,44,65,0.15,255,21.8,21.05718301310169,5.6422551832349495,72456
2026-04-01 11:36:40,-95.3506,39.152,300.8,9382.0,-41.1,-48.8,-44.8,43,65,0.15,255,21.8,21.05718301310169,5.6422551832349495,72456
2026-04-01 11:36:41,-95.3504,39.152,300.7,9386.0,-41.1,-48.8,-44.9,43,65,0.15,255,21.8,21.05718301310169,5.6422551832349495,72456
2026-04-01 11:36:42,-95.3501,39.1521,300.5,9390.0,-41.2,-48.9,-44.9,43,65,0.15,255,21.8,21.05718301310169,5.6422551832349495,72456
2026-04-01 11:36:43,-95.3499,39.1522,300.3,9394.0,-41.2,-48.9,-44.9,43,65,0.15,255,21.8,21.05718301310169,5.6422551832349495,72456
2026-04-01 11:36:44,-95.3498,39.1522,300.1,9398.0,-41.3,-48.9,-45.0,44,65,0.15,255,21.9,21.153775595730593,5.668137087745201,72456
2026-04-01 11:36:44,-95.3497,39.1522,300.0,9401.0,-41.3,-48.9,-45.0,44,65,0.15,255,21.9,21.153775595730593,5.668137087745201,72456
2026-04-01 11:36:45,-95.3494,39.1523,299.9,9403.0,-41.3,-48.9,-45.0,44,65,0.15,255,21.9,21.153775595730593,5.668137087745201,72456
2026-04-01 11:36:46,-95.3492,39.1523,299.7,9408.0,-41.3,-49.0,-45.0,44,65,0.15,255,21.9,21.153775595730593,5.668137087745201,72456
2026-04-01 11:36:47,-95.349,39.1524,299.5,9412.0,-41.4,-49.0,-45.1,44,65,0.15,255,21.9,21.153775595730593,5.668137087745201,72456
2026-04-01 11:36:48,-95.3487,39.1524,299.3,9416.0,-41.4,-49.1,-45.1,43,65,0.15,255,21.9,21.153775595730593,5.668137087745201,72456
2026-04-01 11:36:49,-95.3485,39.1525,299.1,9420.0,-41.4,-49.2,-45.2,43,64,0.15,255,21.9,21.153775595730593,5.668137087745201,72456
2026-04-01 11:36:50,-95.3482,39.1525,298.9,9425.0,-41.5,-49.3,-45.3,43,64,0.14,255,22.0,21.2503681783595,5.694018992255454,72456
2026-04-01 11:36:51,-95.348,39.1526,298.7,9430.0,-41.5,-49.3,-45.4,43,64,0.14,255,22.0,21.2503681783595,5.694018992255454,72456
2026-04-01 11:36:52,-95.3477,39.1526,298.5,9436.0,-41.5,-49.4,-45.4,42,64,0.14,255,22.0,21.2503681783595,5.694018992255454,72456
2026-04-01 11:36:53,-95.3475,39.1527,298.2,9441.0,-41.6,-49.6,-45.6,42,63,0.14,255,22.0,21.2503681783595,5.694018992255454,72456
2026-04-01 11:36:54,-95.3472,39.1527,298.0,9447.0,-41.6,-49.8,-45.8,41,61,0.14,255,22.0,21.2503681783595,5.694018992255454,72456
2026-04-01 11:36:55,-95.347,39.1528,297.8,9452.0,-41.7,-50.2,-46.2,39,59,0.13,255,22.0,21.2503681783595,5.694018992255454,72456
2026-04-01 11:36:56,-95.3468,39.1528,297.6,9456.0,-41.7,-50.8,-46.8,37,55,0.12,255,22.0,21.2503681783595,5.694018992255454,72456
2026-04-01 11:36:57,-95.3465,39.1528,297.4,9461.0,-41.7,-51.6,-47.5,34,51,0.11,255,22.1,21.34696076098841,5.719900896765706,72456
2026-04-01 11:36:58,-95.3463,39.1529,297.2,9465.0,-41.7,-52.4,-48.3,31,46,0.1,255,22.1,21.34696076098841,5.719900896765706,72456
2026-04-01 11:36:59,-95.346,39.153,297.0,9469.0,-41.7,-53.2,-49.0,28,42,0.09,255,22.1,21.34696076098841,5.719900896765706,72456
2026-04-01 11:37:00,-95.3458,39.153,296.8,9473.0,-41.7,-53.9,-49.7,26,39,0.09,255,22.1,21.34696076098841,5.719900896765706,72456
2026-04-01 11:37:01,-95.3455,39.1531,296.6,9477.0,-41.7,-54.2,-50.1,25,37,0.08,255,22.1,21.34696076098841,5.719900896765706,72456
2026-04-01 11:37:02,-95.3453,39.1531,296.4,9482.0,-41.8,-54.2,-50.0,25,37,0.08,255,22.1,21.34696076098841,5.719900896765706,72456
2026-04-01 11:37:03,-95.345,39.1532,296.2,9487.0,-41.8,-53.9,-49.8,26,39,0.09,255,22.1,21.34696076098841,5.719900896765706,72456
2026-04-01 11:37:04,-95.3448,39.1532,296.0,9492.0,-41.8,-53.7,-49.5,27,40,0.09,255,22.1,21.34696076098841,5.719900896765706,72456
2026-04-01 11:37:05,-95.3445,39.1533,295.8,9497.0,-41.9,-53.5,-49.4,27,41,0.09,255,22.1,21.34696076098841,5.719900896765706,72456
2026-04-01 11:37:06,-95.3442,39.1533,295.6,9501.0,-41.9,-53.3,-49.2,28,42,0.09,255,22.1,21.34696076098841,5.719900896765706,72456
2026-04-01 11:37:07,-95.344,39.1534,295.4,9505.0,-42.0,-53.2,-49.0,29,43,0.09,255,22.1,21.34696076098841,5.719900896765706,72456
2026-04-01 11:37:08,-95.3437,39.1535,295.2,9509.0,-42.0,-53.0,-48.9,29,44,0.1,255,22.1,21.34696076098841,5.719900896765706,72456
2026-04-01 11:37:09,-95.3434,39.1536,295.0,9514.0,-42.0,-52.9,-48.8,30,45,0.1,255,22.1,21.34696076098841,5.719900896765706,72456
2026-04-01 11:37:10,-95.3432,39.1536,294.8,9519.0,-42.1,-52.9,-48.8,30,45,0.1,255,22.1,21.34696076098841,5.719900896765706,72456
2026-04-01 11:37:11,-95.343,39.1536,294.6,9524.0,-42.1,-53.1,-48.9,30,44,0.09,255,22.1,21.34696076098841,5.719900896765706,72456
2026-04-01 11:37:12,-95.3428,39.1537,294.4,9529.0,-42.2,-53.4,-49.2,29,43,0.09,255,22.0,21.2503681783595,5.694018992255454,72456
2026-04-01 11:37:13,-95.3425,39.1537,294.1,9535.0,-42.2,-53.8,-49.6,27,41,0.09,255,22.0,21.2503681783595,5.694018992255454,72456
2026-04-01 11:37:14,-95.3423,39.1538,293.9,9540.0,-42.2,-54.3,-50.2,26,39,0.08,255,22.0,21.2503681783595,5.694018992255454,72456
2026-04-01 11:37:15,-95.3421,39.1538,293.7,9545.0,-42.3,-54.8,-50.6,24,37,0.08,255,22.0,21.2503681783595,5.694018992255454,72456
2026-04-01 11:37:16,-95.3418,39.1539,293.5,9549.0,-42.3,-55.1,-50.9,24,36,0.07,255,21.9,21.153775595730593,5.668137087745201,72456
2026-04-01 11:37:17,-95.3415,39.154,293.3,9554.0,-42.3,-55.1,-50.9,24,36,0.07,255,21.9,21.153775595730593,5.668137087745201,72456
2026-04-01 11:37:18,-95.3413,39.154,293.1,9559.0,-42.4,-55.0,-50.7,24,37,0.08,255,21.9,21.153775595730593,5.668137087745201,72456
2026-04-01 11:37:19,-95.341,39.1541,292.9,9564.0,-42.4,-54.8,-50.6,25,38,0.08,256,21.9,21.249476405444323,5.298089513632724,72456
2026-04-01 11:37:20,-95.3408,39.1541,292.7,9568.0,-42.5,-54.6,-50.4,26,39,0.08,256,21.9,21.249476405444323,5.298089513632724,72456
2026-04-01 11:37:21,-95.3406,39.1542,292.5,9572.0,-42.5,-54.3,-50.1,27,40,0.08,256,21.8,21.152446832816725,5.273897324072758,72456
2026-04-01 11:37:22,-95.3404,39.1542,292.3,9577.0,-42.6,-53.9,-49.8,28,42,0.09,256,21.8,21.152446832816725,5.273897324072758,72456
2026-04-01 11:37:23,-95.3402,39.1543,292.1,9581.0,-42.6,-53.4,-49.2,30,46,0.09,256,21.8,21.152446832816725,5.273897324072758,72456
2026-04-01 11:37:24,-95.3399,39.1543,291.9,9586.0,-42.7,-52.7,-48.6,33,50,0.1,256,21.8,21.152446832816725,5.273897324072758,72456
2026-04-01 11:37:25,-95.3397,39.1543,291.7,9590.0,-42.7,-52.2,-48.1,35,53,0.11,257,21.8,21.241267412318127,4.9039329846962625,72456
2026-04-01 11:37:26,-95.3394,39.1544,291.5,9595.0,-42.7,-52.0,-47.9,36,55,0.11,257,21.8,21.241267412318127,4.9039329846962625,72456
2026-04-01 11:37:27,-95.3392,39.1544,291.3,9600.0,-42.8,-52.1,-48.0,36,54,0.11,257,21.7,21.1438304058396,4.881437879261876,72456
2026-04-01 11:37:28,-95.3389,39.1545,291.1,9605.0,-42.8,-52.4,-48.2,35,53,0.1,257,21.7,21.1438304058396,4.881437879261876,72456
2026-04-01 11:37:29,-95.3386,39.1545,290.9,9610.0,-42.9,-52.7,-48.6,33,51,0.1,257,21.7,21.1438304058396,4.881437879261876,72456
2026-04-01 11:37:30,-95.3384,39.1546,290.7,9614.0,-42.9,-52.9,-48.8,33,50,0.1,258,21.7,21.225802935923582,4.511683690745388,72456
2026-04-01 11:37:31,-95.3381,39.1547,290.5,9618.0,-43.0,-52.9,-48.8,33,50,0.1,258,21.7,21.225802935923582,4.511683690745388,72456
2026-04-01 11:37:32,-95.3379,39.1547,290.3,9623.0,-43.0,-52.7,-48.5,34,52,0.1,258,21.7,21.225802935923582,4.511683690745388,72456
2026-04-01 11:37:33,-95.3376,39.1547,290.1,9628.0,-43.1,-52.4,-48.3,35,54,0.1,258,21.7,21.225802935923582,4.511683690745388,72456
2026-04-01 11:37:34,-95.3374,39.1548,289.9,9633.0,-43.1,-52.2,-48.1,36,56,0.11,258,21.7,21.225802935923582,4.511683690745388,72456
2026-04-01 11:37:35,-95.3371,39.1548,289.7,9638.0,-43.2,-52.1,-48.0,37,57,0.11,258,21.7,21.225802935923582,4.511683690745388,72456
2026-04-01 11:37:36,-95.3369,39.1548,289.4,9644.0,-43.2,-52.1,-48.0,37,57,0.11,259,21.7,21.30130988081431,4.1405551996710175,72456
2026-04-01 11:37:37,-95.3367,39.1548,289.2,9649.0,-43.3,-52.2,-48.1,37,57,0.11,259,21.7,21.30130988081431,4.1405551996710175,72456
2026-04-01 11:37:38,-95.3365,39.1548,289.0,9654.0,-43.3,-52.3,-48.2,37,56,0.11,259,21.8,21.399472599159076,4.159636099208672,72456
2026-04-01 11:37:39,-95.3362,39.1549,288.8,9658.0,-43.3,-52.5,-48.4,36,55,0.1,259,21.8,21.399472599159076,4.159636099208672,72456
2026-04-01 11:37:40,-95.336,39.1549,288.6,9662.0,-43.4,-52.8,-48.7,35,53,0.1,259,21.8,21.399472599159076,4.159636099208672,72456
2026-04-01 11:37:41,-95.3357,39.1549,288.5,9666.0,-43.4,-53.2,-49.0,34,51,0.1,259,21.8,21.399472599159076,4.159636099208672,72456
2026-04-01 11:37:42,-95.3355,39.1549,288.3,9670.0,-43.5,-53.6,-49.4,32,49,0.09,259,21.8,21.399472599159076,4.159636099208672,72456
2026-04-01 11:37:43,-95.3352,39.155,288.1,9675.0,-43.5,-53.9,-49.7,31,47,0.09,259,21.8,21.399472599159076,4.159636099208672,72456
2026-04-01 11:37:44,-95.3349,39.155,287.8,9681.0,-43.6,-54.1,-50.0,30,46,0.09,259,21.8,21.399472599159076,4.159636099208672,72456
2026-04-01 11:37:45,-95.3347,39.1551,287.6,9685.0,-43.6,-54.2,-50.0,30,46,0.08,259,21.8,21.399472599159076,4.159636099208672,72456
2026-04-01 11:37:46,-95.3344,39.1551,287.4,9690.0,-43.6,-54.2,-50.0,30,47,0.09,259,21.8,21.399472599159076,4.159636099208672,72456
2026-04-01 11:37:47,-95.3342,39.1552,287.3,9694.0,-43.7,-54.0,-49.8,31,48,0.09,259,21.8,21.399472599159076,4.159636099208672,72456
2026-04-01 11:37:48,-95.334,39.1552,287.1,9699.0,-43.7,-53.7,-49.6,32,50,0.09,259,21.8,21.399472599159076,4.159636099208672,72456
2026-04-01 11:37:49,-95.3337,39.1552,286.8,9704.0,-43.8,-53.4,-49.2,34,52,0.09,259,21.8,21.399472599159076,4.159636099208672,72456
2026-04-01 11:37:50,-95.3335,39.1553,286.6,9709.0,-43.8,-53.1,-48.9,36,54,0.1,259,21.8,21.399472599159076,4.159636099208672,72456
2026-04-01 11:37:51,-95.3332,39.1553,286.4,9714.0,-43.9,-52.7,-48.6,37,57,0.1,259,21.8,21.399472599159076,4.159636099208672,72456
2026-04-01 11:37:52,-95.333,39.1553,286.2,9719.0,-43.9,-52.5,-48.4,38,59,0.1,259,21.8,21.399472599159076,4.159636099208672,72456
2026-04-01 11:37:53,-95.3327,39.1554,286.0,9725.0,-44.0,-52.4,-48.3,39,60,0.11,259,21.8,21.399472599159076,4.159636099208672,72456
2026-04-01 11:37:54,-95.3324,39.1554,285.7,9730.0,-44.0,-52.3,-48.2,40,61,0.11,259,21.8,21.399472599159076,4.159636099208672,72456
2026-04-01 11:37:55,-95.3322,39.1555,285.5,9736.0,-44.1,-52.1,-48.0,41,63,0.11,258,21.8,21.323617695996962,4.532474859827164,72456
2026-04-01 11:37:56,-95.332,39.1555,285.2,9742.0,-44.1,-52.0,-47.9,41,64,0.11,258,21.8,21.323617695996962,4.532474859827164,72456
2026-04-01 11:37:57,-95.3318,39.1556,285.0,9747.0,-44.2,-52.0,-47.9,41,64,0.11,258,21.8,21.323617695996962,4.532474859827164,72456
2026-04-01 11:37:58,-95.3315,39.1556,284.8,9752.0,-44.2,-52.2,-48.1,41,63,0.11,258,21.8,21.323617695996962,4.532474859827164,72456
2026-04-01 11:37:59,-95.3313,39.1556,284.6,9757.0,-44.3,-52.3,-48.2,41,62,0.11,258,21.8,21.323617695996962,4.532474859827164,72456
2026-04-01 11:38:00,-95.331,39.1557,284.4,9761.0,-44.3,-52.5,-48.4,40,62,0.11,258,21.8,21.323617695996962,4.532474859827164,72456
2026-04-01 11:38:01,-95.3308,39.1557,284.3,9765.0,-44.4,-52.6,-48.5,40,61,0.1,258,21.8,21.323617695996962,4.532474859827164,72456
2026-04-01 11:38:02,-95.3305,39.1557,284.1,9768.0,-44.4,-52.6,-48.5,40,61,0.1,258,21.8,21.323617695996962,4.532474859827164,72456
2026-04-01 11:38:03,-95.3303,39.1558,283.9,9773.0,-44.5,-52.7,-48.5,40,61,0.1,258,21.8,21.323617695996962,4.532474859827164,72456
2026-04-01 11:38:04,-95.33,39.1558,283.7,9777.0,-44.5,-52.8,-48.7,39,61,0.1,258,21.8,21.323617695996962,4.532474859827164,72456
2026-04-01 11:38:05,-95.3298,39.1559,283.5,9782.0,-44.5,-53.0,-48.8,39,60,0.1,258,21.8,21.323617695996962,4.532474859827164,72456
2026-04-01 11:38:06,-95.3295,39.156,283.3,9788.0,-44.6,-53.0,-48.9,39,60,0.1,258,21.8,21.323617695996962,4.532474859827164,72456
2026-04-01 11:38:07,-95.3292,39.156,283.1,9793.0,-44.6,-53.0,-48.8,39,60,0.1,258,21.8,21.323617695996962,4.532474859827164,72456
2026-04-01 11:38:08,-95.329,39.1561,282.8,9799.0,-44.7,-52.9,-48.8,40,61,0.1,258,21.8,21.323617695996962,4.532474859827164,72456
2026-04-01 11:38:09,-95.3288,39.1561,282.6,9804.0,-44.8,-52.9,-48.8,40,62,0.1,257,21.8,21.241267412318127,4.9039329846962625,72456
2026-04-01 11:38:10,-95.3285,39.1561,282.4,9809.0,-44.8,-52.9,-48.8,40,62,0.1,257,21.8,21.241267412318127,4.9039329846962625,72456
2026-04-01 11:38:11,-95.3283,39.1561,282.2,9813.0,-44.8,-53.1,-48.9,39,61,0.1,257,21.8,21.241267412318127,4.9039329846962625,72456
2026-04-01 11:38:12,-95.3281,39.1562,282.0,9818.0,-44.9,-53.3,-49.1,39,60,0.1,257,21.8,21.241267412318127,4.9039329846962625,72456
2026-04-01 11:38:13,-95.3279,39.1562,281.8,9824.0,-44.9,-53.5,-49.3,38,59,0.09,257,21.8,21.241267412318127,4.9039329846962625,72456
2026-04-01 11:38:14,-95.3276,39.1563,281.5,9829.0,-45.0,-53.6,-49.5,38,58,0.09,257,21.9,21.33870441879665,4.926428090130648,72456
2026-04-01 11:38:15,-95.3274,39.1564,281.3,9835.0,-45.0,-53.7,-49.6,37,58,0.09,257,21.9,21.33870441879665,4.926428090130648,72456
2026-04-01 11:38:16,-95.3271,39.1564,281.0,9841.0,-45.1,-53.8,-49.6,37,58,0.09,257,21.9,21.33870441879665,4.926428090130648,72456
2026-04-01 11:38:17,-95.3268,39.1565,280.8,9846.0,-45.1,-53.8,-49.6,37,58,0.09,257,21.9,21.33870441879665,4.926428090130648,72456
2026-04-01 11:38:18,-95.3266,39.1565,280.6,9850.0,-45.2,-53.9,-49.8,37,58,0.09,257,22.0,21.436141425275174,4.948923195565036,72456
2026-04-01 11:38:19,-95.3263,39.1565,280.5,9854.0,-45.2,-54.1,-49.9,37,57,0.09,257,22.0,21.436141425275174,4.948923195565036,72456
2026-04-01 11:38:20,-95.3261,39.1565,280.4,9857.0,-45.2,-54.2,-50.0,36,56,0.09,257,22.0,21.436141425275174,4.948923195565036,72456
2026-04-01 11:38:21,-95.3259,39.1565,280.2,9860.0,-45.3,-54.2,-50.0,36,56,0.09,257,22.1,21.533578431753696,4.971418300999423,72456
2026-04-01 11:38:22,-95.3256,39.1566,280.1,9863.0,-45.3,-54.2,-50.0,37,57,0.09,257,22.1,21.533578431753696,4.971418300999423,72456
2026-04-01 11:38:23,-95.3253,39.1567,279.9,9868.0,-45.4,-54.1,-49.9,37,58,0.09,257,22.1,21.533578431753696,4.971418300999423,72456
2026-04-01 11:38:24,-95.3251,39.1567,279.7,9872.0,-45.4,-53.9,-49.7,38,59,0.09,257,22.2,21.631015438232218,4.993913406433808,72456
2026-04-01 11:38:25,-95.3249,39.1568,279.5,9877.0,-45.4,-53.8,-49.6,39,61,0.09,257,22.2,21.631015438232218,4.993913406433808,72456
2026-04-01 11:38:26,-95.3246,39.1568,279.3,9882.0,-45.5,-53.6,-49.5,40,62,0.09,257,22.3,21.728452444710744,5.016408511868195,72456
2026-04-01 11:38:27,-95.3244,39.1569,279.1,9886.0,-45.5,-53.6,-49.4,40,63,0.09,257,22.3,21.728452444710744,5.016408511868195,72456
2026-04-01 11:38:28,-95.3241,39.1569,279.0,9890.0,-45.6,-53.5,-49.4,41,63,0.09,257,22.4,21.825889451189266,5.038903617302581,72456
2026-04-01 11:38:29,-95.3239,39.157,278.8,9894.0,-45.6,-53.5,-49.4,41,64,0.1,257,22.4,21.825889451189266,5.038903617302581,72456
2026-04-01 11:38:30,-95.3236,39.157,278.7,9897.0,-45.7,-53.5,-49.4,41,64,0.1,257,22.4,21.825889451189266,5.038903617302581,72456
2026-04-01 11:38:31,-95.3234,39.1571,278.5,9901.0,-45.7,-53.5,-49.4,41,64,0.09,257,22.5,21.92332645766779,5.061398722736969,72456
2026-04-01 11:38:32,-95.3231,39.1572,278.3,9906.0,-45.7,-53.6,-49.4,41,64,0.09,257,22.5,21.92332645766779,5.061398722736969,72456
2026-04-01 11:38:33,-95.3229,39.1572,278.1,9910.0,-45.8,-53.5,-49.4,41,65,0.09,257,22.6,22.020763464146317,5.083893828171355,72456
2026-04-01 11:38:34,-95.3226,39.1572,277.9,9915.0,-45.8,-53.5,-49.3,42,66,0.1,257,22.6,22.020763464146317,5.083893828171355,72456
2026-04-01 11:38:35,-95.3223,39.1573,277.7,9920.0,-45.9,-53.3,-49.2,43,67,0.1,257,22.6,22.020763464146317,5.083893828171355,72456
2026-04-01 11:38:36,-95.3221,39.1573,277.5,9925.0,-45.9,-53.2,-49.1,44,68,0.1,257,22.6,22.020763464146317,5.083893828171355,72456
2026-04-01 11:38:37,-95.3218,39.1573,277.3,9930.0,-46.0,-53.1,-48.9,45,70,0.1,257,22.6,22.020763464146317,5.083893828171355,72456
2026-04-01 11:38:38,-95.3215,39.1574,277.1,9935.0,-46.0,-53.0,-48.8,45,71,0.1,257,22.7,22.11820047062484,5.106388933605741,72456
2026-04-01 11:38:39,-95.3213,39.1574,276.9,9939.0,-46.0,-52.8,-48.7,46,72,0.1,257,22.7,22.11820047062484,5.106388933605741,72456
2026-04-01 11:38:40,-95.321,39.1575,276.8,9943.0,-46.0,-52.8,-48.7,47,73,0.1,257,22.7,22.11820047062484,5.106388933605741,72456
2026-04-01 11:38:41,-95.3207,39.1575,276.6,9946.0,-46.1,-52.8,-48.7,47,73,0.1,257,22.7,22.11820047062484,5.106388933605741,72456
2026-04-01 11:38:42,-95.3205,39.1576,276.5,9950.0,-46.1,-52.9,-48.7,47,73,0.1,257,22.7,22.11820047062484,5.106388933605741,72456
2026-04-01 11:38:43,-95.3202,39.1576,276.3,9954.0,-46.2,-52.9,-48.8,46,73,0.1,257,22.7,22.11820047062484,5.106388933605741,72456
2026-04-01 11:38:44,-95.32,39.1577,276.1,9958.0,-46.2,-53.0,-48.8,46,73,0.1,257,22.7,22.11820047062484,5.106388933605741,72456
2026-04-01 11:38:45,-95.3197,39.1577,276.0,9962.0,-46.2,-52.9,-48.8,47,73,0.1,257,22.6,22.020763464146317,5.083893828171355,72456
2026-04-01 11:38:46,-95.3195,39.1578,275.8,9966.0,-46.3,-52.9,-48.8,47,74,0.1,257,22.6,22.020763464146317,5.083893828171355,72456
2026-04-01 11:38:47,-95.3192,39.1578,275.6,9971.0,-46.3,-52.9,-48.7,48,75,0.1,257,22.6,22.020763464146317,5.083893828171355,72456
2026-04-01 11:38:48,-95.319,39.1579,275.4,9975.0,-46.3,-52.8,-48.7,48,75,0.1,257,22.6,22.020763464146317,5.083893828171355,72456
2026-04-01 11:38:49,-95.3187,39.1579,275.2,9980.0,-46.4,-52.8,-48.6,49,76,0.11,257,22.6,22.020763464146317,5.083893828171355,72456
2026-04-01 11:38:50,-95.3185,39.1579,275.1,9984.0,-46.4,-52.7,-48.6,49,77,0.11,257,22.5,21.92332645766779,5.061398722736969,72456
2026-04-01 11:38:51,-95.3182,39.158,274.9,9988.0,-46.5,-52.7,-48.6,49,78,0.11,257,22.5,21.92332645766779,5.061398722736969,72456
2026-04-01 11:38:52,-95.3179,39.1581,274.7,9992.0,-46.5,-52.7,-48.6,50,78,0.11,257,22.5,21.92332645766779,5.061398722736969,72456
2026-04-01 11:38:53,-95.3177,39.1581,274.5,9996.0,-46.6,-52.7,-48.6,50,78,0.11,257,22.5,21.92332645766779,5.061398722736969,72456
2026-04-01 11:38:54,-95.3174,39.1582,274.4,10000.0,-46.6,-52.8,-48.6,50,78,0.11,257,22.4,21.825889451189266,5.038903617302581,72456
2026-04-01 11:38:55,-95.3172,39.1582,274.2,10005.0,-46.7,-52.8,-48.7,50,79,0.11,257,22.4,21.825889451189266,5.038903617302581,72456
2026-04-01 11:38:56,-95.317,39.1582,274.0,10009.0,-46.7,-52.8,-48.7,50,79,0.1,257,22.4,21.825889451189266,5.038903617302581,72456
2026-04-01 11:38:57,-95.3167,39.1583,273.9,10013.0,-46.8,-52.9,-48.8,50,79,0.1,257,22.4,21.825889451189266,5.038903617302581,72456
2026-04-01 11:38:58,-95.3165,39.1583,273.7,10017.0,-46.8,-52.9,-48.8,50,78,0.1,257,22.4,21.825889451189266,5.038903617302581,72456
2026-04-01 11:38:59,-95.3162,39.1583,273.5,10022.0,-46.8,-53.0,-48.9,50,78,0.1,257,22.4,21.825889451189266,5.038903617302581,72456
2026-04-01 11:39:00,-95.316,39.1584,273.3,10026.0,-46.9,-53.1,-48.9,49,78,0.1,257,22.3,21.728452444710744,5.016408511868195,72456
2026-04-01 11:39:01,-95.3157,39.1584,273.1,10030.0,-46.9,-53.1,-49.0,49,78,0.1,257,22.3,21.728452444710744,5.016408511868195,72456
2026-04-01 11:39:02,-95.3155,39.1585,273.0,10034.0,-47.0,-53.2,-49.0,49,78,0.1,257,22.3,21.728452444710744,5.016408511868195,72456
2026-04-01 11:39:03,-95.3152,39.1585,272.8,10038.0,-47.0,-53.3,-49.1,49,77,0.1,257,22.3,21.728452444710744,5.016408511868195,72456
2026-04-01 11:39:04,-95.3149,39.1586,272.6,10042.0,-47.0,-53.3,-49.2,49,77,0.1,257,22.3,21.728452444710744,5.016408511868195,72456
2026-04-01 11:39:05,-95.3147,39.1586,272.5,10047.0,-47.1,-53.4,-49.3,49,77,0.1,257,22.3,21.728452444710744,5.016408511868195,72456
2026-04-01 11:39:06,-95.3145,39.1587,272.3,10051.0,-47.1,-53.5,-49.3,49,77,0.1,257,22.3,21.728452444710744,5.016408511868195,72456
2026-04-01 11:39:07,-95.3142,39.1587,272.1,10056.0,-47.2,-53.5,-49.3,49,77,0.1,257,22.3,21.728452444710744,5.016408511868195,72456
2026-04-01 11:39:08,-95.314,39.1587,271.9,10060.0,-47.2,-53.5,-49.4,49,77,0.1,257,22.3,21.728452444710744,5.016408511868195,72456
2026-04-01 11:39:09,-95.3137,39.1588,271.7,10065.0,-47.3,-53.5,-49.4,49,77,0.1,257,22.3,21.728452444710744,5.016408511868195,72456
2026-04-01 11:39:10,-95.3135,39.1588,271.5,10070.0,-47.3,-53.5,-49.4,49,78,0.1,257,22.3,21.728452444710744,5.016408511868195,72456
2026-04-01 11:39:11,-95.3132,39.1589,271.3,10075.0,-47.3,-53.5,-49.4,49,78,0.1,257,22.3,21.728452444710744,5.016408511868195,72456
2026-04-01 11:39:12,-95.313,39.1589,271.1,10079.0,-47.4,-53.6,-49.4,49,78,0.1,257,22.3,21.728452444710744,5.016408511868195,72456
2026-04-01 11:39:13,-95.3127,39.159,270.9,10084.0,-47.4,-53.6,-49.5,49,78,0.1,257,22.3,21.728452444710744,5.016408511868195,72456
2026-04-01 11:39:14,-95.3124,39.159,270.8,10088.0,-47.5,-53.7,-49.5,49,78,0.1,257,22.3,21.728452444710744,5.016408511868195,72456
2026-04-01 11:39:15,-95.3122,39.1591,270.6,10092.0,-47.5,-53.7,-49.5,49,78,0.1,257,22.3,21.728452444710744,5.016408511868195,72456
2026-04-01 11:39:16,-95.3119,39.1591,270.4,10097.0,-47.6,-53.7,-49.5,49,79,0.1,257,22.3,21.728452444710744,5.016408511868195,72456
2026-04-01 11:39:17,-95.3116,39.1592,270.2,10102.0,-47.6,-53.7,-49.6,49,79,0.1,257,22.3,21.728452444710744,5.016408511868195,72456
2026-04-01 11:39:18,-95.3114,39.1592,270.0,10107.0,-47.7,-53.8,-49.6,49,79,0.1,257,22.3,21.728452444710744,5.016408511868195,72456
2026-04-01 11:39:19,-95.3112,39.1593,269.8,10112.0,-47.7,-53.8,-49.7,49,79,0.09,257,22.3,21.728452444710744,5.016408511868195,72456
2026-04-01 11:39:20,-95.3109,39.1593,269.6,10117.0,-47.7,-53.9,-49.8,49,78,0.09,257,22.3,21.728452444710744,5.016408511868195,72456
2026-04-01 11:39:21,-95.3107,39.1593,269.4,10121.0,-47.8,-54.0,-49.9,49,78,0.09,257,22.2,21.631015438232218,4.993913406433808,72456
2026-04-01 11:39:22,-95.3104,39.1594,269.2,10126.0,-47.8,-54.1,-50.0,48,77,0.09,257,22.2,21.631015438232218,4.993913406433808,72456
2026-04-01 11:39:23,-95.3102,39.1594,269.1,10130.0,-47.8,-54.2,-50.0,48,77,0.09,257,22.2,21.631015438232218,4.993913406433808,72456
2026-04-01 11:39:24,-95.3099,39.1595,268.9,10134.0,-47.9,-54.3,-50.1,48,76,0.09,257,22.2,21.631015438232218,4.993913406433808,72456
2026-04-01 11:39:25,-95.3097,39.1595,268.7,10139.0,-47.9,-54.3,-50.1,48,77,0.09,257,22.2,21.631015438232218,4.993913406433808,72456
2026-04-01 11:39:26,-95.3094,39.1596,268.5,10144.0,-48.0,-54.3,-50.1,48,77,0.09,257,22.2,21.631015438232218,4.993913406433808,72456
2026-04-01 11:39:27,-95.3092,39.1596,268.3,10149.0,-48.0,-54.3,-50.1,48,77,0.09,257,22.2,21.631015438232218,4.993913406433808,72456
2026-04-01 11:39:28,-95.3089,39.1596,268.1,10153.0,-48.1,-54.3,-50.1,49,78,0.09,257,22.2,21.631015438232218,4.993913406433808,72456
2026-04-01 11:39:29,-95.3087,39.1597,267.9,10158.0,-48.1,-54.3,-50.1,49,79,0.09,257,22.2,21.631015438232218,4.993913406433808,72456
2026-04-01 11:39:30,-95.3084,39.1597,267.7,10163.0,-48.2,-54.3,-50.1,50,79,0.09,257,22.2,21.631015438232218,4.993913406433808,72456
2026-04-01 11:39:31,-95.3082,39.1597,267.5,10168.0,-48.2,-54.2,-50.1,50,80,0.09,257,22.2,21.631015438232218,4.993913406433808,72456
2026-04-01 11:39:32,-95.3079,39.1598,267.3,10173.0,-48.3,-54.2,-50.1,50,80,0.09,257,22.2,21.631015438232218,4.993913406433808,72456
2026-04-01 11:39:33,-95.3077,39.1598,267.1,10179.0,-48.3,-54.2,-50.1,50,81,0.09,257,22.3,21.728452444710744,5.016408511868195,72456
2026-04-01 11:39:34,-95.3074,39.1599,266.9,10184.0,-48.4,-54.2,-50.0,51,81,0.09,257,22.3,21.728452444710744,5.016408511868195,72456
2026-04-01 11:39:35,-95.3072,39.1599,266.6,10189.0,-48.4,-54.2,-50.0,51,82,0.09,257,22.3,21.728452444710744,5.016408511868195,72456
2026-04-01 11:39:36,-95.3069,39.16,266.4,10195.0,-48.5,-54.2,-50.0,52,83,0.09,257,22.4,21.825889451189266,5.038903617302581,72456
2026-04-01 11:39:37,-95.3067,39.16,266.2,10201.0,-48.5,-54.2,-50.0,52,83,0.09,257,22.4,21.825889451189266,5.038903617302581,72456
2026-04-01 11:39:38,-95.3064,39.16,265.9,10207.0,-48.6,-54.2,-50.1,52,83,0.09,257,22.4,21.825889451189266,5.038903617302581,72456
2026-04-01 11:39:39,-95.3062,39.1601,265.7,10213.0,-48.6,-54.3,-50.1,52,84,0.09,257,22.5,21.92332645766779,5.061398722736969,72456
2026-04-01 11:39:40,-95.3059,39.1602,265.5,10218.0,-48.7,-54.3,-50.1,52,84,0.09,257,22.6,22.020763464146317,5.083893828171355,72456
2026-04-01 11:39:41,-95.3057,39.1603,265.3,10223.0,-48.7,-54.4,-50.2,52,83,0.09,257,22.6,22.020763464146317,5.083893828171355,72456
2026-04-01 11:39:42,-95.3055,39.1603,265.1,10228.0,-48.8,-54.5,-50.3,52,83,0.09,257,22.7,22.11820047062484,5.106388933605741,72456
2026-04-01 11:39:43,-95.3053,39.1604,264.8,10234.0,-48.8,-54.5,-50.3,51,83,0.09,257,22.8,22.21563747710336,5.128884039040128,72456
2026-04-01 11:39:44,-95.305,39.1604,264.6,10240.0,-48.9,-54.6,-50.4,52,83,0.09,257,22.8,22.21563747710336,5.128884039040128,72456
2026-04-01 11:39:45,-95.3048,39.1604,264.4,10245.0,-48.9,-54.6,-50.4,52,83,0.09,257,22.9,22.313074483581882,5.151379144474514,72456
2026-04-01 11:39:46,-95.3045,39.1605,264.1,10251.0,-49.0,-54.6,-50.4,52,84,0.09,257,23.0,22.410511490060408,5.173874249908901,72456
2026-04-01 11:39:47,-95.3042,39.1605,263.9,10256.0,-49.0,-54.6,-50.4,52,84,0.09,257,23.1,22.507948496538933,5.196369355343288,72456
2026-04-01 11:39:48,-95.3039,39.1605,263.7,10262.0,-49.1,-54.7,-50.5,52,84,0.09,258,23.2,22.693024337024287,4.823551226972027,72456
2026-04-01 11:39:49,-95.3037,39.1605,263.5,10268.0,-49.1,-54.7,-50.5,52,84,0.09,258,23.3,22.79083909709767,4.844342396053803,72456
2026-04-01 11:39:50,-95.3034,39.1606,263.2,10273.0,-49.2,-54.8,-50.6,52,84,0.09,258,23.3,22.79083909709767,4.844342396053803,72456
2026-04-01 11:39:51,-95.3031,39.1607,263.0,10279.0,-49.2,-54.9,-50.7,51,83,0.09,258,23.4,22.88865385717105,4.8651335651355785,72456
2026-04-01 11:39:52,-95.3029,39.1607,262.8,10284.0,-49.3,-55.0,-50.8,51,83,0.08,258,23.5,22.98646861724443,4.885924734217355,72456
2026-04-01 11:39:53,-95.3026,39.1608,262.7,10288.0,-49.3,-55.1,-50.9,51,82,0.08,258,23.6,23.084283377317814,4.906715903299132,72456
2026-04-01 11:39:54,-95.3023,39.1608,262.5,10292.0,-49.4,-55.2,-51.0,50,81,0.08,258,23.6,23.084283377317814,4.906715903299132,72456
2026-04-01 11:39:55,-95.3021,39.1609,262.3,10297.0,-49.4,-55.3,-51.1,50,81,0.08,258,23.7,23.18209813739119,4.927507072380907,72456
2026-04-01 11:39:56,-95.3018,39.1609,262.1,10302.0,-49.5,-55.4,-51.2,50,81,0.08,258,23.7,23.18209813739119,4.927507072380907,72456
2026-04-01 11:39:57,-95.3016,39.1609,261.9,10307.0,-49.5,-55.5,-51.2,50,81,0.08,258,23.7,23.18209813739119,4.927507072380907,72456
2026-04-01 11:39:58,-95.3013,39.161,261.7,10311.0,-49.5,-55.5,-51.3,50,81,0.08,258,23.8,23.279912897464573,4.948298241462683,72456
2026-04-01 11:39:59,-95.301,39.161,261.6,10315.0,-49.6,-55.6,-51.4,49,80,0.08,258,23.8,23.279912897464573,4.948298241462683,72456
2026-04-01 11:40:00,-95.3007,39.161,261.4,10319.0,-49.6,-55.8,-51.5,49,79,0.08,258,23.8,23.279912897464573,4.948298241462683,72456
2026-04-01 11:40:01,-95.3004,39.1611,261.2,10324.0,-49.7,-55.9,-51.6,48,78,0.08,258,23.8,23.279912897464573,4.948298241462683,72456
2026-04-01 11:40:02,-95.3001,39.1611,261.1,10328.0,-49.7,-56.0,-51.7,48,78,0.08,258,23.8,23.279912897464573,4.948298241462683,72456
2026-04-01 11:40:03,-95.2998,39.1612,260.9,10332.0,-49.7,-56.1,-51.8,47,77,0.07,258,23.8,23.279912897464573,4.948298241462683,72456
2026-04-01 11:40:04,-95.2995,39.1612,260.7,10337.0,-49.8,-56.2,-52.0,47,76,0.07,258,23.7,23.18209813739119,4.927507072380907,72456
2026-04-01 11:40:05,-95.2992,39.1613,260.6,10341.0,-49.8,-56.4,-52.1,46,75,0.07,258,23.7,23.18209813739119,4.927507072380907,72456
2026-04-01 11:40:06,-95.2989,39.1613,260.4,10345.0,-49.8,-56.6,-52.3,45,73,0.07,258,23.7,23.18209813739119,4.927507072380907,72456
2026-04-01 11:40:07,-95.2987,39.1614,260.2,10350.0,-49.9,-56.7,-52.5,45,72,0.07,258,23.6,23.084283377317814,4.906715903299132,72456
2026-04-01 11:40:08,-95.2984,39.1614,260.0,10356.0,-49.9,-56.8,-52.5,44,72,0.07,258,23.6,23.084283377317814,4.906715903299132,72456
2026-04-01 11:40:09,-95.2982,39.1614,259.8,10360.0,-50.0,-56.8,-52.5,45,73,0.07,258,23.5,22.98646861724443,4.885924734217355,72456
2026-04-01 11:40:10,-95.298,39.1615,259.6,10365.0,-50.0,-56.8,-52.5,45,73,0.07,258,23.5,22.98646861724443,4.885924734217355,72456
2026-04-01 11:40:11,-95.2977,39.1615,259.4,10370.0,-50.1,-56.7,-52.4,46,74,0.07,258,23.4,22.88865385717105,4.8651335651355785,72456
2026-04-01 11:40:12,-95.2975,39.1615,259.2,10375.0,-50.1,-56.6,-52.4,46,75,0.07,258,23.4,22.88865385717105,4.8651335651355785,72456
2026-04-01 11:40:13,-95.2972,39.1616,259.0,10379.0,-50.1,-56.5,-52.3,47,77,0.07,258,23.3,22.79083909709767,4.844342396053803,72456
2026-04-01 11:40:14,-95.297,39.1616,258.8,10384.0,-50.2,-56.5,-52.2,48,78,0.07,258,23.3,22.79083909709767,4.844342396053803,72456
2026-04-01 11:40:15,-95.2966,39.1617,258.6,10390.0,-50.2,-56.4,-52.2,48,79,0.07,258,23.2,22.693024337024287,4.823551226972027,72456
2026-04-01 11:40:16,-95.2963,39.1617,258.3,10396.0,-50.3,-56.5,-52.2,48,79,0.07,258,23.2,22.693024337024287,4.823551226972027,72456
2026-04-01 11:40:17,-95.2961,39.1618,258.1,10403.0,-50.4,-56.5,-52.3,48,79,0.07,258,23.2,22.693024337024287,4.823551226972027,72456
2026-04-01 11:40:18,-95.2958,39.1618,257.8,10409.0,-50.4,-56.7,-52.4,48,78,0.07,258,23.2,22.693024337024287,4.823551226972027,72456
2026-04-01 11:40:19,-95.2957,39.1618,257.6,10414.0,-50.5,-56.9,-52.6,47,77,0.07,257,23.2,22.605385503017455,5.218864460777674,72456
2026-04-01 11:40:20,-95.2955,39.1619,257.5,10419.0,-50.5,-57.1,-52.8,46,75,0.07,257,23.2,22.605385503017455,5.218864460777674,72456
2026-04-01 11:40:21,-95.2952,39.1619,257.3,10423.0,-50.5,-57.3,-53.0,45,73,0.07,257,23.2,22.605385503017455,5.218864460777674,72456
2026-04-01 11:40:22,-95.295,39.162,257.1,10429.0,-50.6,-57.5,-53.2,44,72,0.06,257,23.2,22.605385503017455,5.218864460777674,72456
2026-04-01 11:40:23,-95.2947,39.162,256.8,10435.0,-50.6,-57.7,-53.4,43,71,0.06,257,23.2,22.605385503017455,5.218864460777674,72456
2026-04-01 11:40:24,-95.2944,39.1621,256.6,10440.0,-50.7,-57.8,-53.5,43,70,0.06,257,23.2,22.605385503017455,5.218864460777674,72456
2026-04-01 11:40:25,-95.2941,39.1621,256.4,10445.0,-50.7,-57.8,-53.5,43,70,0.06,257,23.3,22.70282250949598,5.2413595662120605,72456
2026-04-01 11:40:26,-95.2938,39.1622,256.3,10449.0,-50.8,-57.8,-53.5,43,71,0.06,257,23.3,22.70282250949598,5.2413595662120605,72456
2026-04-01 11:40:27,-95.2936,39.1622,256.1,10454.0,-50.8,-57.8,-53.5,44,72,0.06,257,23.4,22.8002595159745,5.263854671646446,72456
2026-04-01 11:40:28,-95.2933,39.1623,255.9,10459.0,-50.9,-57.7,-53.4,44,73,0.06,257,23.4,22.8002595159745,5.263854671646446,72456
2026-04-01 11:40:29,-95.2931,39.1624,255.7,10464.0,-50.9,-57.7,-53.4,45,73,0.06,257,23.5,22.897696522453025,5.286349777080834,72456
2026-04-01 11:40:30,-95.2929,39.1624,255.5,10469.0,-51.0,-57.7,-53.4,45,73,0.06,257,23.6,22.99513352893155,5.308844882515221,72456
2026-04-01 11:40:31,-95.2926,39.1624,255.3,10473.0,-51.0,-57.8,-53.5,44,73,0.06,257,23.6,22.99513352893155,5.308844882515221,72456
2026-04-01 11:40:32,-95.2923,39.1625,255.2,10477.0,-51.1,-58.0,-53.6,44,72,0.06,257,23.7,23.092570535410072,5.331339987949606,72456
2026-04-01 11:40:33,-95.292,39.1625,255.0,10481.0,-51.1,-58.1,-53.8,43,71,0.06,257,23.8,23.190007541888598,5.353835093383993,72456
2026-04-01 11:40:34,-95.2917,39.1626,254.8,10486.0,-51.1,-58.2,-53.9,43,71,0.06,257,23.9,23.28744454836712,5.376330198818379,72456
2026-04-01 11:40:35,-95.2914,39.1626,254.6,10491.0,-51.2,-58.3,-54.0,42,70,0.06,257,23.9,23.28744454836712,5.376330198818379,72456
2026-04-01 11:40:36,-95.2912,39.1627,254.4,10497.0,-51.2,-58.4,-54.1,42,69,0.06,257,24.0,23.38488155484564,5.398825304252766,72456
2026-04-01 11:40:37,-95.2909,39.1627,254.2,10501.0,-51.2,-58.5,-54.2,42,69,0.06,257,24.1,23.482318561324167,5.421320409687153,72456
2026-04-01 11:40:38,-95.2907,39.1628,254.1,10505.0,-51.3,-58.6,-54.2,42,69,0.06,257,24.1,23.482318561324167,5.421320409687153,72456
2026-04-01 11:40:39,-95.2904,39.1628,253.9,10508.0,-51.3,-58.6,-54.3,42,69,0.06,257,24.2,23.57975556780269,5.443815515121539,72456
2026-04-01 11:40:40,-95.2901,39.1629,253.8,10512.0,-51.4,-58.6,-54.3,42,69,0.06,258,24.3,23.768986697831476,5.052254086871563,72456
2026-04-01 11:40:41,-95.2898,39.1629,253.6,10516.0,-51.4,-58.6,-54.3,42,69,0.06,258,24.4,23.866801457904856,5.073045255953338,72456
2026-04-01 11:40:42,-95.2895,39.1629,253.4,10522.0,-51.5,-58.6,-54.3,42,70,0.06,258,24.4,23.866801457904856,5.073045255953338,72456
2026-04-01 11:40:43,-95.2892,39.1629,253.2,10527.0,-51.5,-58.6,-54.2,43,71,0.06,258,24.5,23.964616217978236,5.093836425035115,72456
2026-04-01 11:40:44,-95.2889,39.163,253.0,10531.0,-51.5,-58.5,-54.2,43,72,0.06,258,24.5,23.964616217978236,5.093836425035115,72456
2026-04-01 11:40:45,-95.2887,39.1631,252.9,10535.0,-51.6,-58.5,-54.1,44,72,0.06,258,24.6,24.06243097805162,5.114627594116891,72456
2026-04-01 11:40:46,-95.2884,39.1631,252.8,10538.0,-51.6,-58.4,-54.1,44,73,0.06,258,24.6,24.06243097805162,5.114627594116891,72456
2026-04-01 11:40:47,-95.2882,39.1632,252.7,10541.0,-51.6,-58.4,-54.0,45,74,0.06,258,24.6,24.06243097805162,5.114627594116891,72456
2026-04-01 11:40:48,-95.2879,39.1632,252.5,10544.0,-51.7,-58.4,-54.0,45,74,0.06,258,24.7,24.160245738124996,5.1354187631986665,72456
2026-04-01 11:40:49,-95.2876,39.1633,252.4,10548.0,-51.7,-58.4,-54.0,45,75,0.06,258,24.7,24.160245738124996,5.1354187631986665,72456
2026-04-01 11:40:50,-95.2873,39.1633,252.2,10553.0,-51.8,-58.4,-54.0,45,75,0.06,258,24.7,24.160245738124996,5.1354187631986665,72456
2026-04-01 11:40:51,-95.287,39.1633,252.0,10558.0,-51.8,-58.4,-54.1,45,75,0.06,258,24.8,24.25806049819838,5.156209932280443,72456
2026-04-01 11:40:52,-95.2867,39.1634,251.8,10564.0,-51.9,-58.4,-54.1,46,76,0.06,258,24.8,24.25806049819838,5.156209932280443,72456
2026-04-01 11:40:53,-95.2865,39.1635,251.6,10569.0,-51.9,-58.4,-54.1,46,76,0.06,258,24.8,24.25806049819838,5.156209932280443,72456
2026-04-01 11:40:54,-95.2862,39.1635,251.4,10574.0,-51.9,-58.4,-54.1,46,76,0.06,258,24.8,24.25806049819838,5.156209932280443,72456
2026-04-01 11:40:55,-95.2859,39.1636,251.2,10578.0,-52.0,-58.4,-54.1,46,77,0.06,258,24.9,24.35587525827176,5.177001101362219,72456
2026-04-01 11:40:56,-95.2856,39.1636,251.1,10582.0,-52.0,-58.4,-54.1,47,77,0.06,258,24.9,24.35587525827176,5.177001101362219,72456
2026-04-01 11:40:57,-95.2853,39.1637,250.9,10586.0,-52.1,-58.4,-54.1,47,78,0.06,258,24.9,24.35587525827176,5.177001101362219,72456
2026-04-01 11:40:58,-95.285,39.1638,250.7,10591.0,-52.1,-58.4,-54.1,47,78,0.06,258,24.9,24.35587525827176,5.177001101362219,72456
2026-04-01 11:40:59,-95.2847,39.1638,250.6,10595.0,-52.1,-58.5,-54.1,47,78,0.06,258,24.9,24.35587525827176,5.177001101362219,72456
2026-04-01 11:41:00,-95.2844,39.1639,250.4,10600.0,-52.2,-58.5,-54.2,47,78,0.06,258,25.0,24.45369001834514,5.197792270443995,72456
2026-04-01 11:41:01,-95.2841,39.1639,250.2,10605.0,-52.2,-58.5,-54.2,47,78,0.06,258,25.0,24.45369001834514,5.197792270443995,72456
2026-04-01 11:41:02,-95.2839,39.164,250.0,10610.0,-52.3,-58.6,-54.3,47,78,0.06,258,25.0,24.45369001834514,5.197792270443995,72456
2026-04-01 11:41:03,-95.2836,39.164,249.8,10615.0,-52.3,-58.8,-54.4,46,77,0.06,258,25.0,24.45369001834514,5.197792270443995,72456
2026-04-01 11:41:04,-95.2833,39.164,249.6,10620.0,-52.4,-59.0,-54.6,45,75,0.05,258,25.0,24.45369001834514,5.197792270443995,72456
2026-04-01 11:41:05,-95.2831,39.164,249.4,10625.0,-52.4,-59.2,-54.9,44,73,0.05,259,25.0,24.5406795861916,4.770224884413615,72456
2026-04-01 11:41:06,-95.2828,39.164,249.2,10631.0,-52.5,-59.6,-55.2,42,71,0.05,259,25.1,24.638842304536368,4.78930578395127,72456
2026-04-01 11:41:07,-95.2826,39.1641,249.0,10637.0,-52.5,-60.0,-55.6,41,68,0.05,259,25.1,24.638842304536368,4.78930578395127,72456
2026-04-01 11:41:08,-95.2823,39.1641,248.7,10642.0,-52.6,-60.4,-56.0,39,65,0.05,259,25.1,24.638842304536368,4.78930578395127,72456
2026-04-01 11:41:09,-95.282,39.1642,248.5,10647.0,-52.6,-60.8,-56.4,37,61,0.04,259,25.1,24.638842304536368,4.78930578395127,72456
2026-04-01 11:41:10,-95.2816,39.1642,248.4,10652.0,-52.6,-61.3,-56.8,35,58,0.04,259,25.1,24.638842304536368,4.78930578395127,72456
2026-04-01 11:41:11,-95.2813,39.1643,248.2,10656.0,-52.7,-61.7,-57.2,33,55,0.04,259,25.1,24.638842304536368,4.78930578395127,72456
2026-04-01 11:41:12,-95.2811,39.1643,248.0,10660.0,-52.7,-62.0,-57.5,32,53,0.04,259,25.2,24.73700502288113,4.808386683488924,72456
2026-04-01 11:41:13,-95.2808,39.1644,247.9,10665.0,-52.7,-62.2,-57.7,31,52,0.04,260,25.2,24.817155375907642,4.375934077206645,72456
2026-04-01 11:41:14,-95.2805,39.1645,247.7,10670.0,-52.8,-62.2,-57.8,31,52,0.04,260,25.2,24.817155375907642,4.375934077206645,72456
2026-04-01 11:41:15,-95.2802,39.1645,247.5,10674.0,-52.8,-62.1,-57.7,32,53,0.04,260,25.2,24.817155375907642,4.375934077206645,72456
2026-04-01 11:41:16,-95.2799,39.1646,247.3,10679.0,-52.9,-62.0,-57.6,33,55,0.04,260,25.2,24.817155375907642,4.375934077206645,72456
2026-04-01 11:41:17,-95.2796,39.1646,247.2,10683.0,-52.9,-61.9,-57.4,33,56,0.04,260,25.2,24.817155375907642,4.375934077206645,72456
2026-04-01 11:41:18,-95.2793,39.1647,247.0,10687.0,-53.0,-61.8,-57.4,34,57,0.04,260,25.1,24.718674600606423,4.358569259439951,72456
2026-04-01 11:41:19,-95.279,39.1647,246.8,10692.0,-53.0,-61.8,-57.4,34,57,0.04,260,25.1,24.718674600606423,4.358569259439951,72456
2026-04-01 11:41:20,-95.2787,39.1648,246.6,10697.0,-53.1,-61.8,-57.4,34,57,0.04,261,25.1,24.790977348937957,3.926505072509799,72456
2026-04-01 11:41:21,-95.2784,39.1648,246.4,10702.0,-53.1,-61.9,-57.4,34,57,0.04,261,25.1,24.790977348937957,3.926505072509799,72456
2026-04-01 11:41:22,-95.2781,39.1648,246.3,10707.0,-53.2,-61.9,-57.5,34,57,0.04,261,25.1,24.790977348937957,3.926505072509799,72456
2026-04-01 11:41:23,-95.2779,39.1648,246.1,10712.0,-53.2,-62.0,-57.5,34,57,0.04,261,25.0,24.69220851487844,3.910861626005776,72456
2026-04-01 11:41:24,-95.2776,39.1648,245.9,10716.0,-53.3,-62.0,-57.5,34,57,0.04,261,25.0,24.69220851487844,3.910861626005776,72456
2026-04-01 11:41:25,-95.2773,39.1648,245.7,10721.0,-53.3,-61.9,-57.5,35,58,0.04,261,24.9,24.593439680818925,3.8952181795017524,72456
2026-04-01 11:41:26,-95.277,39.1649,245.5,10726.0,-53.3,-61.8,-57.4,35,59,0.04,261,24.9,24.593439680818925,3.8952181795017524,72456
2026-04-01 11:41:27,-95.2767,39.1649,245.3,10731.0,-53.4,-61.8,-57.3,36,60,0.04,262,24.8,24.558648104790944,3.4514929038096325,72456
2026-04-01 11:41:28,-95.2764,39.1649,245.2,10736.0,-53.4,-61.7,-57.3,36,61,0.04,262,24.8,24.558648104790944,3.4514929038096325,72456
2026-04-01 11:41:29,-95.2761,39.1649,245.0,10741.0,-53.5,-61.6,-57.2,37,62,0.04,262,24.7,24.459621297916783,3.4375755937136256,72456
2026-04-01 11:41:30,-95.2758,39.165,244.8,10746.0,-53.5,-61.6,-57.2,37,62,0.04,262,24.7,24.459621297916783,3.4375755937136256,72456
2026-04-01 11:41:31,-95.2756,39.165,244.6,10751.0,-53.6,-61.5,-57.1,38,63,0.04,262,24.6,24.36059449104263,3.4236582836176197,72456
2026-04-01 11:41:32,-95.2753,39.165,244.4,10755.0,-53.6,-61.4,-57.0,38,65,0.04,262,24.6,24.36059449104263,3.4236582836176197,72456
2026-04-01 11:41:33,-95.2751,39.1651,244.2,10760.0,-53.7,-61.4,-56.9,39,66,0.04,262,24.5,24.261567684168472,3.409740973521613,72456
2026-04-01 11:41:34,-95.2748,39.1651,244.0,10766.0,-53.7,-61.3,-56.9,40,67,0.04,262,24.5,24.261567684168472,3.409740973521613,72456
2026-04-01 11:41:35,-95.2745,39.1651,243.8,10770.0,-53.8,-61.2,-56.8,40,68,0.04,262,24.4,24.16254087729431,3.395823663425606,72456
2026-04-01 11:41:36,-95.2741,39.1651,243.7,10775.0,-53.8,-61.2,-56.7,41,69,0.04,262,24.4,24.16254087729431,3.395823663425606,72456
2026-04-01 11:41:37,-95.2738,39.1652,243.5,10780.0,-53.9,-61.2,-56.7,41,69,0.04,262,24.3,24.063514070420158,3.3819063533295997,72456
2026-04-01 11:41:38,-95.2735,39.1652,243.3,10785.0,-53.9,-61.2,-56.8,41,69,0.04,261,24.3,24.000826676461845,3.8013575004776143,72456
2026-04-01 11:41:39,-95.2733,39.1653,243.1,10790.0,-54.0,-61.3,-56.9,41,69,0.04,261,24.3,24.000826676461845,3.8013575004776143,72456
2026-04-01 11:41:40,-95.273,39.1653,242.9,10795.0,-54.0,-61.4,-57.0,41,69,0.04,261,24.3,24.000826676461845,3.8013575004776143,72456
2026-04-01 11:41:41,-95.2728,39.1653,242.7,10799.0,-54.1,-61.5,-57.0,40,68,0.04,261,24.3,24.000826676461845,3.8013575004776143,72456
2026-04-01 11:41:42,-95.2726,39.1654,242.6,10804.0,-54.1,-61.5,-57.1,40,68,0.04,261,24.3,24.000826676461845,3.8013575004776143,72456
2026-04-01 11:41:43,-95.2724,39.1654,242.4,10808.0,-54.2,-61.6,-57.2,40,68,0.04,261,24.3,24.000826676461845,3.8013575004776143,72456
2026-04-01 11:41:44,-95.2721,39.1654,242.3,10812.0,-54.2,-61.7,-57.2,40,67,0.04,261,24.3,24.000826676461845,3.8013575004776143,72456
2026-04-01 11:41:45,-95.2718,39.1654,242.1,10816.0,-54.2,-61.7,-57.3,40,67,0.04,260,24.4,24.029309173497875,4.2370155350731,72456
2026-04-01 11:41:46,-95.2714,39.1654,242.0,10820.0,-54.2,-61.8,-57.4,39,67,0.04,260,24.5,24.127789948799098,4.254380352839793,72456
2026-04-01 11:41:47,-95.2711,39.1655,241.8,10824.0,-54.3,-61.8,-57.4,39,66,0.04,260,24.5,24.127789948799098,4.254380352839793,72456
2026-04-01 11:41:48,-95.2709,39.1655,241.7,10828.0,-54.3,-61.9,-57.4,39,67,0.04,260,24.6,24.226270724100317,4.271745170606486,72456
2026-04-01 11:41:49,-95.2706,39.1656,241.5,10832.0,-54.3,-61.8,-57.4,40,67,0.04,260,24.7,24.324751499401536,4.289109988373179,72456
2026-04-01 11:41:50,-95.2704,39.1656,241.4,10836.0,-54.4,-61.8,-57.4,40,68,0.04,259,24.8,24.344354149502067,4.732063085338306,72456
2026-04-01 11:41:51,-95.2701,39.1657,241.2,10840.0,-54.4,-61.7,-57.3,40,69,0.04,259,24.9,24.44251686784683,4.75114398487596,72456
2026-04-01 11:41:52,-95.2699,39.1657,241.1,10844.0,-54.5,-61.6,-57.2,41,70,0.04,259,25.0,24.5406795861916,4.770224884413615,72456
2026-04-01 11:41:53,-95.2696,39.1658,240.9,10848.0,-54.5,-61.5,-57.1,42,71,0.04,259,25.1,24.638842304536368,4.78930578395127,72456
2026-04-01 11:41:54,-95.2693,39.1658,240.8,10852.0,-54.5,-61.4,-57.0,43,73,0.04,259,25.3,24.8351677412259,4.8274675830265785,72456
2026-04-01 11:41:55,-95.269,39.1659,240.6,10856.0,-54.6,-61.2,-56.8,44,75,0.04,259,25.4,24.933330459570662,4.846548482564232,72456
2026-04-01 11:41:56,-95.2687,39.1659,240.4,10860.0,-54.6,-61.1,-56.7,45,77,0.04,259,25.5,25.031493177915433,4.865629382101887,72456
2026-04-01 11:41:57,-95.2684,39.166,240.2,10866.0,-54.7,-60.9,-56.5,46,79,0.04,259,25.7,25.227818614604963,4.903791181177196,72456
2026-04-01 11:41:58,-95.2681,39.166,240.0,10872.0,-54.7,-60.8,-56.4,47,80,0.05,259,25.8,25.32598133294973,4.922872080714851,72456
2026-04-01 11:41:59,-95.2678,39.166,239.7,10880.0,-54.8,-60.6,-56.2,49,83,0.05,259,25.9,25.424144051294494,4.9419529802525055,72456
2026-04-01 11:42:00,-95.2675,39.1661,239.4,10887.0,-54.8,-60.5,-56.1,50,85,0.05,259,26.1,25.620469487984032,4.980114779327814,72456
2026-04-01 11:42:01,-95.2672,39.1662,239.2,10894.0,-54.9,-60.4,-56.0,51,87,0.05,259,26.2,25.718632206328795,4.999195678865469,72456
2026-04-01 11:42:02,-95.2669,39.1663,239.0,10900.0,-55.0,-60.3,-55.9,52,88,0.05,259,26.4,25.914957643018326,5.037357477940778,72456
2026-04-01 11:42:03,-95.2666,39.1663,238.8,10904.0,-55.0,-60.2,-55.8,53,90,0.05,259,26.5,26.013120361363097,5.0564383774784325,72456
2026-04-01 11:42:04,-95.2662,39.1664,238.7,10907.0,-55.0,-60.1,-55.8,53,91,0.05,259,26.6,26.111283079707864,5.075519277016087,72456
2026-04-01 11:42:05,-95.2659,39.1664,238.6,10910.0,-55.1,-60.1,-55.7,54,92,0.05,259,26.7,26.209445798052627,5.094600176553741,72456
2026-04-01 11:42:06,-95.2656,39.1665,238.4,10914.0,-55.1,-60.2,-55.8,54,92,0.05,259,26.8,26.307608516397394,5.113681076091396,72456
2026-04-01 11:42:07,-95.2653,39.1665,238.3,10918.0,-55.2,-60.2,-55.9,54,92,0.05,260,27.0,26.589809331329615,4.688500797007119,72456
2026-04-01 11:42:08,-95.265,39.1665,238.1,10922.0,-55.2,-60.3,-55.9,53,91,0.05,260,27.1,26.688290106630838,4.7058656147738125,72456
2026-04-01 11:42:09,-95.2647,39.1665,238.0,10927.0,-55.3,-60.4,-56.0,53,91,0.05,260,27.1,26.688290106630838,4.7058656147738125,72456
2026-04-01 11:42:10,-95.2644,39.1666,237.8,10932.0,-55.3,-60.4,-56.1,53,91,0.05,260,27.2,26.786770881932057,4.723230432540505,72456
2026-04-01 11:42:11,-95.2641,39.1666,237.6,10936.0,-55.3,-60.5,-56.1,53,91,0.05,260,27.3,26.88525165723328,4.740595250307198,72456
2026-04-01 11:42:12,-95.2637,39.1667,237.5,10940.0,-55.4,-60.6,-56.2,53,90,0.05,260,27.4,26.9837324325345,4.757960068073891,72456
2026-04-01 11:42:13,-95.2634,39.1667,237.3,10944.0,-55.4,-60.6,-56.2,53,90,0.05,260,27.4,26.9837324325345,4.757960068073891,72456
2026-04-01 11:42:14,-95.2631,39.1667,237.2,10947.0,-55.5,-60.6,-56.2,53,90,0.05,260,27.5,27.08221320783572,4.775324885840584,72456
2026-04-01 11:42:15,-95.2628,39.1668,237.0,10951.0,-55.5,-60.7,-56.3,53,91,0.05,260,27.5,27.08221320783572,4.775324885840584,72456
2026-04-01 11:42:16,-95.2625,39.1668,236.9,10956.0,-55.5,-60.7,-56.3,53,91,0.05,260,27.5,27.08221320783572,4.775324885840584,72456
2026-04-01 11:42:17,-95.2622,39.1668,236.7,10960.0,-55.6,-60.7,-56.3,53,91,0.05,260,27.6,27.180693983136944,4.7926897036072775,72456
2026-04-01 11:42:18,-95.2619,39.1669,236.5,10965.0,-55.6,-60.7,-56.3,53,91,0.05,261,27.6,27.2601982004258,4.317591235110377,72456
2026-04-01 11:42:19,-95.2616,39.1669,236.3,10970.0,-55.7,-60.7,-56.3,53,92,0.05,261,27.6,27.2601982004258,4.317591235110377,72456
2026-04-01 11:42:20,-95.2613,39.167,236.2,10975.0,-55.7,-60.7,-56.3,54,92,0.05,261,27.6,27.2601982004258,4.317591235110377,72456
2026-04-01 11:42:21,-95.261,39.167,236.0,10980.0,-55.7,-60.7,-56.3,54,93,0.05,261,27.5,27.161429366366285,4.301947788606354,72456
2026-04-01 11:42:22,-95.2606,39.167,235.8,10985.0,-55.8,-60.8,-56.4,54,93,0.05,261,27.5,27.161429366366285,4.301947788606354,72456
2026-04-01 11:42:23,-95.2603,39.167,235.6,10989.0,-55.8,-60.8,-56.4,54,93,0.05,261,27.5,27.161429366366285,4.301947788606354,72456
2026-04-01 11:42:24,-95.2599,39.1671,235.5,10993.0,-55.9,-60.9,-56.5,54,92,0.05,261,27.5,27.161429366366285,4.301947788606354,72456
2026-04-01 11:42:25,-95.2596,39.1671,235.3,10997.0,-55.9,-61.0,-56.6,53,92,0.05,261,27.5,27.161429366366285,4.301947788606354,72456
2026-04-01 11:42:26,-95.2593,39.1672,235.2,11002.0,-56.0,-61.0,-56.6,53,92,0.04,261,27.4,27.062660532306772,4.28630434210233,72456
2026-04-01 11:42:27,-95.259,39.1672,235.0,11006.0,-56.0,-61.1,-56.7,53,91,0.04,261,27.4,27.062660532306772,4.28630434210233,72456
2026-04-01 11:42:28,-95.2587,39.1673,234.9,11010.0,-56.0,-61.2,-56.8,53,91,0.04,261,27.4,27.062660532306772,4.28630434210233,72456
2026-04-01 11:42:29,-95.2584,39.1673,234.7,11015.0,-56.1,-61.3,-56.9,52,90,0.04,261,27.3,26.96389169824726,4.270660895598307,72456
2026-04-01 11:42:30,-95.258,39.1674,234.5,11020.0,-56.1,-61.4,-57.0,52,90,0.04,261,27.3,26.96389169824726,4.270660895598307,72456
2026-04-01 11:42:31,-95.2577,39.1674,234.3,11026.0,-56.1,-61.5,-57.1,51,89,0.04,261,27.3,26.96389169824726,4.270660895598307,72456
2026-04-01 11:42:32,-95.2574,39.1674,234.0,11032.0,-56.2,-61.6,-57.2,51,88,0.04,261,27.3,26.96389169824726,4.270660895598307,72456
2026-04-01 11:42:33,-95.2571,39.1675,233.8,11038.0,-56.3,-61.8,-57.3,50,87,0.04,261,27.3,26.96389169824726,4.270660895598307,72456
2026-04-01 11:42:34,-95.2568,39.1675,233.6,11044.0,-56.3,-61.9,-57.4,50,86,0.04,261,27.3,26.96389169824726,4.270660895598307,72456
2026-04-01 11:42:35,-95.2565,39.1676,233.4,11049.0,-56.4,-61.9,-57.5,50,86,0.04,261,27.3,26.96389169824726,4.270660895598307,72456
2026-04-01 11:42:36,-95.2563,39.1677,233.2,11056.0,-56.4,-62.0,-57.6,50,86,0.04,261,27.3,26.96389169824726,4.270660895598307,72456
2026-04-01 11:42:37,-95.256,39.1677,232.9,11063.0,-56.5,-62.0,-57.6,50,86,0.04,261,27.3,26.96389169824726,4.270660895598307,72456
2026-04-01 11:42:38,-95.2557,39.1677,232.7,11069.0,-56.5,-62.0,-57.6,50,87,0.04,260,27.3,26.88525165723328,4.740595250307198,72456
2026-04-01 11:42:39,-95.2554,39.1677,232.5,11074.0,-56.6,-62.0,-57.5,51,88,0.04,260,27.3,26.88525165723328,4.740595250307198,72456
2026-04-01 11:42:40,-95.2551,39.1677,232.4,11077.0,-56.6,-61.9,-57.5,51,89,0.04,260,27.3,26.88525165723328,4.740595250307198,72456
2026-04-01 11:42:41,-95.2548,39.1677,232.2,11082.0,-56.6,-61.9,-57.4,52,90,0.04,260,27.4,26.9837324325345,4.757960068073891,72456
2026-04-01 11:42:42,-95.2545,39.1678,232.1,11086.0,-56.7,-61.9,-57.4,52,91,0.04,260,27.4,26.9837324325345,4.757960068073891,72456
2026-04-01 11:42:43,-95.2542,39.1678,231.9,11091.0,-56.8,-61.9,-57.4,53,91,0.04,260,27.5,27.08221320783572,4.775324885840584,72456
2026-04-01 11:42:44,-95.2539,39.1679,231.7,11096.0,-56.8,-61.9,-57.4,53,92,0.04,260,27.5,27.08221320783572,4.775324885840584,72456
2026-04-01 11:42:45,-95.2535,39.1679,231.5,11101.0,-56.9,-61.9,-57.4,53,93,0.04,260,27.6,27.180693983136944,4.7926897036072775,72456
2026-04-01 11:42:46,-95.2532,39.1679,231.3,11106.0,-56.9,-61.9,-57.5,53,93,0.04,260,27.7,27.279174758438163,4.81005452137397,72456
2026-04-01 11:42:47,-95.2529,39.1679,231.2,11111.0,-56.9,-61.9,-57.5,54,93,0.04,260,27.7,27.279174758438163,4.81005452137397,72456
2026-04-01 11:42:48,-95.2526,39.168,230.9,11117.0,-57.0,-62.0,-57.5,54,93,0.04,260,27.8,27.377655533739382,4.827419339140663,72456
2026-04-01 11:42:49,-95.2523,39.1681,230.7,11124.0,-57.1,-62.0,-57.6,54,93,0.04,260,27.9,27.4761363090406,4.844784156907356,72456
2026-04-01 11:42:50,-95.2519,39.1681,230.4,11131.0,-57.1,-62.1,-57.7,54,93,0.04,260,28.0,27.574617084341824,4.862148974674049,72456
2026-04-01 11:42:51,-95.2516,39.1682,230.2,11136.0,-57.2,-62.1,-57.7,54,93,0.04,260,28.1,27.673097859643047,4.879513792440743,72456
2026-04-01 11:42:52,-95.2512,39.1683,230.1,11141.0,-57.2,-62.2,-57.7,54,94,0.04,260,28.2,27.771578634944266,4.896878610207435,72456
2026-04-01 11:42:53,-95.2509,39.1683,229.9,11145.0,-57.3,-62.2,-57.7,54,94,0.04,260,28.2,27.771578634944266,4.896878610207435,72456
2026-04-01 11:42:54,-95.2505,39.1684,229.8,11149.0,-57.3,-62.2,-57.7,54,94,0.04,260,28.3,27.87005941024549,4.914243427974128,72456
2026-04-01 11:42:55,-95.2502,39.1685,229.6,11152.0,-57.3,-62.2,-57.7,54,95,0.04,260,28.4,27.968540185546708,4.931608245740821,72456
2026-04-01 11:42:56,-95.2499,39.1685,229.5,11156.0,-57.4,-62.2,-57.7,55,95,0.04,260,28.5,28.067020960847927,4.948973063507514,72456
2026-04-01 11:42:57,-95.2496,39.1686,229.4,11160.0,-57.4,-62.2,-57.8,55,95,0.04,260,28.6,28.16550173614915,4.966337881274208,72456
2026-04-01 11:42:58,-95.2493,39.1686,229.2,11164.0,-57.4,-62.2,-57.8,55,95,0.04,260,28.6,28.16550173614915,4.966337881274208,72456
2026-04-01 11:42:59,-95.2491,39.1687,229.1,11169.0,-57.5,-62.3,-57.8,55,96,0.04,260,28.7,28.26398251145037,4.983702699040901,72456
2026-04-01 11:43:00,-95.2487,39.1687,228.9,11174.0,-57.5,-62.3,-57.9,55,96,0.04,260,28.8,28.36246328675159,5.001067516807594,72456
2026-04-01 11:43:01,-95.2484,39.1687,228.7,11179.0,-57.6,-62.4,-57.9,55,96,0.04,260,28.9,28.46094406205281,5.018432334574286,72456
2026-04-01 11:43:02,-95.2481,39.1687,228.5,11184.0,-57.6,-62.4,-57.9,55,96,0.04,260,28.9,28.46094406205281,5.018432334574286,72456
2026-04-01 11:43:03,-95.2478,39.1688,228.3,11190.0,-57.7,-62.4,-58.0,55,96,0.04,260,29.0,28.559424837354033,5.0357971523409795,72456
2026-04-01 11:43:04,-95.2474,39.1688,228.1,11196.0,-57.7,-62.4,-58.0,55,97,0.04,261,29.0,28.64296187725899,4.5365994861667,72456
2026-04-01 11:43:05,-95.2471,39.1689,227.8,11203.0,-57.8,-62.4,-58.0,56,98,0.04,261,29.1,28.741730711318507,4.552242932670723,72456
2026-04-01 11:43:06,-95.2467,39.1689,227.6,11210.0,-57.9,-62.4,-58.0,56,99,0.04,261,29.1,28.741730711318507,4.552242932670723,72456
2026-04-01 11:43:07,-95.2464,39.1689,227.3,11217.0,-57.9,-62.4,-58.0,57,99,0.04,261,29.2,28.84049954537802,4.567886379174746,72456
2026-04-01 11:43:08,-95.246,39.1689,227.1,11223.0,-58.0,-62.4,-58.0,57,100,0.04,261,29.3,28.939268379437536,4.583529825678769,72456
2026-04-01 11:43:09,-95.2456,39.1689,226.9,11229.0,-58.0,-62.4,-57.9,57,101,0.04,261,29.3,28.939268379437536,4.583529825678769,72456
2026-04-01 11:43:10,-95.2453,39.169,226.6,11236.0,-58.1,-62.4,-57.9,58,102,0.04,262,29.3,29.01485441412801,4.077771858129929,72456
2026-04-01 11:43:11,-95.245,39.1691,226.4,11242.0,-58.2,-62.4,-58.0,58,103,0.04,262,29.4,29.113881221002163,4.091689168225935,72456
2026-04-01 11:43:12,-95.2446,39.1691,226.2,11248.0,-58.2,-62.4,-58.0,59,104,0.04,262,29.4,29.113881221002163,4.091689168225935,72456
2026-04-01 11:43:13,-95.2443,39.1692,226.0,11254.0,-58.3,-62.4,-57.9,60,105,0.04,262,29.5,29.212908027876324,4.105606478321942,72456
2026-04-01 11:43:14,-95.244,39.1693,225.8,11260.0,-58.3,-62.4,-57.9,60,106,0.04,262,29.5,29.212908027876324,4.105606478321942,72456
2026-04-01 11:43:15,-95.2437,39.1694,225.6,11266.0,-58.4,-62.4,-57.9,60,107,0.04,263,29.5,29.280111473419,3.5951456304518414,72456
2026-04-01 11:43:16,-95.2433,39.1694,225.3,11272.0,-58.4,-62.4,-57.9,61,107,0.04,263,29.5,29.280111473419,3.5951456304518414,72456
2026-04-01 11:43:17,-95.243,39.1694,225.1,11278.0,-58.5,-62.4,-57.9,61,108,0.04,263,29.6,29.379366088583136,3.6073325647923564,72456
2026-04-01 11:43:18,-95.2427,39.1694,224.9,11284.0,-58.5,-62.4,-57.9,61,108,0.04,263,29.6,29.379366088583136,3.6073325647923564,72456
2026-04-01 11:43:19,-95.2424,39.1694,224.7,11290.0,-58.6,-62.4,-58.0,62,109,0.04,263,29.5,29.280111473419,3.5951456304518414,72456
2026-04-01 11:43:20,-95.242,39.1695,224.5,11295.0,-58.6,-62.5,-58.0,62,109,0.04,264,29.5,29.338395913364064,3.083589666395774,72456
2026-04-01 11:43:21,-95.2416,39.1695,224.3,11301.0,-58.7,-62.5,-58.1,61,109,0.04,264,29.5,29.338395913364064,3.083589666395774,72456
2026-04-01 11:43:22,-95.2413,39.1696,224.1,11307.0,-58.8,-62.6,-58.2,61,108,0.04,264,29.5,29.338395913364064,3.083589666395774,72456
2026-04-01 11:43:23,-95.2409,39.1696,223.9,11313.0,-58.8,-62.7,-58.2,61,108,0.04,264,29.4,29.238943723827237,3.0731368200690086,72456
2026-04-01 11:43:24,-95.2406,39.1696,223.6,11319.0,-58.9,-62.8,-58.3,61,107,0.04,265,29.3,29.188504654088145,2.5536632625063866,72456
2026-04-01 11:43:25,-95.2403,39.1696,223.4,11326.0,-58.9,-62.9,-58.4,60,107,0.04,265,29.2,29.08888518427897,2.5449476882316207,72456
2026-04-01 11:43:26,-95.2399,39.1696,223.2,11332.0,-59.0,-63.0,-58.5,60,106,0.04,265,29.1,28.9892657144698,2.536232113956855,72456
2026-04-01 11:43:27,-95.2396,39.1696,223.0,11338.0,-59.0,-63.1,-58.6,60,106,0.04,265,29.0,28.88964624466062,2.527516539682089,72456
2026-04-01 11:43:28,-95.2392,39.1696,222.8,11343.0,-59.1,-63.2,-58.7,59,105,0.04,266,28.9,28.829601052508917,2.015962091205229,72456
2026-04-01 11:43:29,-95.2388,39.1696,222.6,11348.0,-59.1,-63.3,-58.8,59,104,0.04,266,28.7,28.630088242456953,2.0020107964564042,72456
2026-04-01 11:43:30,-95.2384,39.1697,222.4,11353.0,-59.1,-63.4,-58.9,58,103,0.03,266,28.6,28.530331837430975,1.9950351490819918,72456
2026-04-01 11:43:31,-95.2381,39.1697,222.2,11359.0,-59.2,-63.6,-59.1,57,101,0.03,267,28.4,28.361078787029896,1.4863411572996181,72456
2026-04-01 11:43:32,-95.2377,39.1697,222.0,11366.0,-59.2,-63.8,-59.3,56,99,0.03,267,28.2,28.161352880078983,1.4758739660510294,72456
2026-04-01 11:43:33,-95.2374,39.1697,221.8,11372.0,-59.3,-64.1,-59.6,54,97,0.03,267,28.1,28.061489926603524,1.470640370426735,72456
2026-04-01 11:43:34,-95.2372,39.1698,221.5,11378.0,-59.4,-64.3,-59.8,53,94,0.03,268,27.9,27.88300407383277,0.9736959579997712,72456
2026-04-01 11:43:35,-95.2369,39.1698,221.3,11385.0,-59.4,-64.6,-60.0,52,92,0.03,268,27.7,27.683125908428952,0.966716058659271,72456
2026-04-01 11:43:36,-95.2366,39.1699,221.1,11392.0,-59.5,-64.8,-60.3,50,90,0.03,268,27.5,27.483247743025135,0.9597361593187709,72456
2026-04-01 11:43:37,-95.2363,39.1699,220.8,11398.0,-59.5,-65.0,-60.5,49,88,0.03,269,27.3,27.295842077769482,0.4764506957378395,72456
2026-04-01 11:43:38,-95.2359,39.1698,220.7,11403.0,-59.6,-65.2,-60.7,48,86,0.03,269,27.1,27.095872538738206,0.47296021445038283,72456
2026-04-01 11:43:39,-95.2356,39.1698,220.6,11406.0,-59.6,-65.4,-60.8,47,84,0.03,269,26.9,26.895902999706923,0.46946973316292606,72456
2026-04-01 11:43:40,-95.2353,39.1697,220.4,11409.0,-59.6,-65.5,-61.0,46,82,0.03,269,26.7,26.695933460675647,0.4659792518754694,72456
2026-04-01 11:43:41,-95.235,39.1697,220.3,11413.0,-59.6,-65.7,-61.2,45,80,0.03,269,26.6,26.59594869116001,0.4642340112317411,72456
2026-04-01 11:43:42,-95.2347,39.1697,220.2,11417.0,-59.6,-66.0,-61.4,44,78,0.03,270,26.4,26.4,4.849601324623518e-15,72456
2026-04-01 11:43:43,-95.2344,39.1697,220.0,11422.0,-59.6,-66.2,-61.6,43,76,0.02,270,26.3,26.3,4.831231622636308e-15,72456
2026-04-01 11:43:44,-95.2342,39.1697,219.8,11427.0,-59.7,-66.4,-61.8,42,75,0.02,270,26.1,26.1,4.7944922186618875e-15,72456
2026-04-01 11:43:45,-95.2339,39.1697,219.7,11430.0,-59.7,-66.5,-62.0,41,74,0.02,270,26.0,26.0,4.776122516674677e-15,72456
2026-04-01 11:43:46,-95.2336,39.1697,219.6,11433.0,-59.8,-66.7,-62.1,41,73,0.02,270,25.9,25.9,4.757752814687467e-15,72456
2026-04-01 11:43:47,-95.2334,39.1697,219.5,11436.0,-59.8,-66.7,-62.2,40,72,0.02,270,25.9,25.9,4.757752814687467e-15,72456
2026-04-01 11:43:48,-95.2331,39.1697,219.3,11442.0,-59.8,-66.8,-62.3,40,72,0.02,270,25.8,25.8,4.739383112700257e-15,72456
2026-04-01 11:43:49,-95.2328,39.1697,219.1,11449.0,-59.9,-66.9,-62.3,40,72,0.02,270,25.8,25.8,4.739383112700257e-15,72456
2026-04-01 11:43:50,-95.2325,39.1696,218.8,11457.0,-60.0,-66.9,-62.4,40,72,0.02,270,25.8,25.8,4.739383112700257e-15,72456
2026-04-01 11:43:51,-95.2322,39.1696,218.5,11465.0,-60.0,-66.9,-62.4,41,73,0.02,270,25.8,25.8,4.739383112700257e-15,72456
2026-04-01 11:43:52,-95.2319,39.1696,218.3,11472.0,-60.1,-66.9,-62.3,41,74,0.02,270,25.8,25.8,4.739383112700257e-15,72456
2026-04-01 11:43:53,-95.2317,39.1696,218.1,11477.0,-60.1,-66.8,-62.2,42,75,0.02,270,25.9,25.9,4.757752814687467e-15,72456
2026-04-01 11:43:54,-95.2314,39.1696,217.9,11481.0,-60.2,-66.7,-62.2,43,76,0.02,270,26.0,26.0,4.776122516674677e-15,72456
2026-04-01 11:43:55,-95.2312,39.1696,217.8,11486.0,-60.2,-66.6,-62.1,43,78,0.02,270,26.0,26.0,4.776122516674677e-15,72456
2026-04-01 11:43:56,-95.2309,39.1696,217.6,11490.0,-60.3,-66.6,-62.0,44,79,0.02,269,26.1,26.096024843581812,0.4555078080130993,72456
2026-04-01 11:43:57,-95.2306,39.1697,217.4,11496.0,-60.3,-66.5,-62.0,45,80,0.02,269,26.3,26.29599438261309,0.45899828930055603,72456
2026-04-01 11:43:58,-95.2302,39.1697,217.2,11501.0,-60.4,-66.5,-61.9,45,81,0.02,269,26.4,26.395979152128728,0.4607435299442843,72456
2026-04-01 11:43:59,-95.2299,39.1697,217.1,11506.0,-60.4,-66.4,-61.9,46,82,0.02,269,26.6,26.59594869116001,0.4642340112317411,72456
2026-04-01 11:44:00,-95.2295,39.1698,216.9,11511.0,-60.4,-66.4,-61.8,46,83,0.02,269,26.7,26.695933460675647,0.4659792518754694,72456
2026-04-01 11:44:01,-95.2292,39.1698,216.7,11517.0,-60.5,-66.3,-61.8,47,84,0.02,269,26.9,26.895902999706923,0.46946973316292606,72456
2026-04-01 11:44:02,-95.2289,39.1697,216.5,11522.0,-60.6,-66.3,-61.8,47,85,0.02,269,27.0,26.995887769222563,0.47121497380665445,72456
2026-04-01 11:44:03,-95.2287,39.1697,216.3,11527.0,-60.6,-66.3,-61.7,48,86,0.02,269,27.2,27.195857308253842,0.4747054550941111,72456
2026-04-01 11:44:04,-95.2284,39.1697,216.1,11532.0,-60.7,-66.2,-61.7,48,87,0.02,269,27.4,27.395826847285118,0.4781959363815678,72456
2026-04-01 11:44:05,-95.2281,39.1697,215.9,11539.0,-60.7,-66.2,-61.6,49,88,0.02,269,27.5,27.49581161680076,0.4799411770252962,72456
2026-04-01 11:44:06,-95.2277,39.1697,215.6,11547.0,-60.8,-66.2,-61.6,49,89,0.02,269,27.7,27.695781155832037,0.48343165831275287,72456
2026-04-01 11:44:07,-95.2273,39.1697,215.4,11555.0,-60.9,-66.2,-61.6,50,90,0.03,269,27.9,27.895750694863317,0.4869221396002096,72456
2026-04-01 11:44:08,-95.2269,39.1698,215.2,11560.0,-60.9,-66.1,-61.6,51,92,0.03,269,28.0,27.995735464378956,0.48866738024393797,72456
2026-04-01 11:44:09,-95.2266,39.1699,215.1,11563.0,-61.0,-66.0,-61.5,51,93,0.03,269,28.2,28.195705003410232,0.4921578615313946,72456
2026-04-01 11:44:10,-95.2262,39.1699,215.0,11566.0,-61.0,-66.0,-61.4,52,94,0.03,269,28.3,28.295689772925872,0.493903102175123,72456
2026-04-01 11:44:11,-95.2259,39.1699,214.9,11569.0,-61.0,-65.9,-61.4,53,95,0.03,269,28.5,28.49565931195715,0.49739358346257967,72456
2026-04-01 11:44:12,-95.2256,39.17,214.7,11573.0,-61.1,-65.9,-61.3,53,96,0.03,269,28.6,28.59564408147279,0.49913882410630805,72456
2026-04-01 11:44:13,-95.2253,39.1699,214.5,11579.0,-61.1,-65.9,-61.3,54,97,0.03,269,28.8,28.79561362050407,0.5026293053937647,72456
2026-04-01 11:44:14,-95.225,39.1699,214.3,11584.0,-61.2,-65.9,-61.3,54,98,0.03,269,28.9,28.895598390019707,0.5043745460374931,72456
2026-04-01 11:44:15,-95.2246,39.1699,214.2,11590.0,-61.3,-65.9,-61.3,55,99,0.03,269,29.0,28.995583159535347,0.5061197866812215,72456
2026-04-01 11:44:16,-95.2243,39.1698,214.0,11595.0,-61.3,-65.8,-61.3,55,100,0.03,269,29.1,29.095567929050986,0.5078650273249498,72456
2026-04-01 11:44:17,-95.224,39.1698,213.8,11599.0,-61.3,-65.8,-61.3,56,101,0.03,269,29.2,29.195552698566626,0.5096102679686781,72456
2026-04-01 11:44:18,-95.2237,39.1698,213.7,11604.0,-61.4,-65.8,-61.2,56,102,0.03,269,29.3,29.295537468082266,0.5113555086124065,72456
2026-04-01 11:44:19,-95.2234,39.1698,213.5,11610.0,-61.4,-65.8,-61.2,57,103,0.03,269,29.4,29.395522237597902,0.5131007492561348,72456
2026-04-01 11:44:20,-95.2231,39.1698,213.3,11615.0,-61.5,-65.8,-61.2,57,104,0.03,269,29.5,29.49550700711354,0.5148459898998632,72456
2026-04-01 11:44:21,-95.2227,39.1698,213.1,11621.0,-61.5,-65.8,-61.2,57,104,0.03,269,29.5,29.49550700711354,0.5148459898998632,72456
2026-04-01 11:44:22,-95.2223,39.1698,212.9,11626.0,-61.6,-65.8,-61.2,58,105,0.03,269,29.6,29.59549177662918,0.5165912305435916,72456
2026-04-01 11:44:23,-95.2219,39.1697,212.7,11632.0,-61.6,-65.8,-61.3,58,105,0.03,269,29.6,29.59549177662918,0.5165912305435916,72456
2026-04-01 11:44:24,-95.2215,39.1697,212.5,11638.0,-61.7,-65.8,-61.3,58,106,0.03,269,29.6,29.59549177662918,0.5165912305435916,72456
2026-04-01 11:44:25,-95.2211,39.1697,212.3,11644.0,-61.7,-65.9,-61.3,58,106,0.03,269,29.6,29.59549177662918,0.5165912305435916,72456
2026-04-01 11:44:26,-95.2208,39.1697,212.1,11651.0,-61.8,-65.9,-61.4,58,106,0.03,269,29.6,29.59549177662918,0.5165912305435916,72456
2026-04-01 11:44:27,-95.2204,39.1697,211.8,11658.0,-61.9,-65.9,-61.4,59,107,0.03,269,29.6,29.59549177662918,0.5165912305435916,72456
2026-04-01 11:44:28,-95.22,39.1697,211.6,11665.0,-62.0,-65.9,-61.4,59,108,0.03,269,29.6,29.59549177662918,0.5165912305435916,72456
2026-04-01 11:44:29,-95.2197,39.1698,211.3,11672.0,-62.0,-65.9,-61.4,60,109,0.03,269,29.6,29.59549177662918,0.5165912305435916,72456
2026-04-01 11:44:30,-95.2194,39.1698,211.1,11679.0,-62.1,-66.0,-61.4,60,110,0.03,268,29.5,29.482029397063325,1.0295351527237724,72456
2026-04-01 11:44:31,-95.2191,39.1699,210.9,11684.0,-62.1,-66.0,-61.4,60,110,0.03,268,29.5,29.482029397063325,1.0295351527237724,72456
2026-04-01 11:44:32,-95.2188,39.1699,210.7,11690.0,-62.2,-66.0,-61.5,60,110,0.03,268,29.5,29.482029397063325,1.0295351527237724,72456
2026-04-01 11:44:33,-95.2185,39.1699,210.5,11695.0,-62.2,-66.1,-61.5,60,110,0.03,268,29.4,29.382090314361413,1.0260452030535223,72456
2026-04-01 11:44:34,-95.2182,39.1699,210.3,11702.0,-62.3,-66.2,-61.6,60,110,0.03,268,29.4,29.382090314361413,1.0260452030535223,72456
2026-04-01 11:44:35,-95.2178,39.1699,210.1,11709.0,-62.4,-66.3,-61.8,59,109,0.03,268,29.3,29.28215123165951,1.0225552533832722,72456
2026-04-01 11:44:36,-95.2174,39.1699,209.8,11716.0,-62.4,-66.4,-61.9,59,108,0.02,268,29.3,29.28215123165951,1.0225552533832722,72456
2026-04-01 11:44:37,-95.217,39.1699,209.6,11723.0,-62.5,-66.6,-62.0,58,107,0.02,268,29.3,29.28215123165951,1.0225552533832722,72456
2026-04-01 11:44:38,-95.2166,39.17,209.4,11730.0,-62.5,-66.7,-62.2,57,105,0.02,268,29.2,29.182212148957596,1.0190653037130222,72456
2026-04-01 11:44:39,-95.2163,39.17,209.1,11736.0,-62.6,-66.9,-62.3,57,104,0.02,268,29.2,29.182212148957596,1.0190653037130222,72456
2026-04-01 11:44:40,-95.216,39.1701,208.9,11742.0,-62.6,-67.0,-62.5,56,103,0.02,268,29.2,29.182212148957596,1.0190653037130222,72456
2026-04-01 11:44:41,-95.2157,39.1701,208.8,11747.0,-62.7,-67.2,-62.6,55,101,0.02,268,29.2,29.182212148957596,1.0190653037130222,72456
2026-04-01 11:44:42,-95.2154,39.1701,208.6,11751.0,-62.7,-67.3,-62.7,54,100,0.02,269,29.2,29.195552698566626,0.5096102679686781,72456
2026-04-01 11:44:43,-95.2151,39.17,208.5,11756.0,-62.7,-67.4,-62.8,54,99,0.02,269,29.2,29.195552698566626,0.5096102679686781,72456
2026-04-01 11:44:44,-95.2148,39.17,208.3,11762.0,-62.7,-67.5,-62.9,53,97,0.02,269,29.3,29.295537468082266,0.5113555086124065,72456
2026-04-01 11:44:45,-95.2145,39.17,208.0,11769.0,-62.8,-67.7,-63.1,52,96,0.02,269,29.3,29.295537468082266,0.5113555086124065,72456
2026-04-01 11:44:46,-95.2142,39.17,207.8,11775.0,-62.9,-67.8,-63.2,52,95,0.02,270,29.4,29.4,5.400692384239827e-15,72456
2026-04-01 11:44:47,-95.2139,39.1701,207.6,11781.0,-62.9,-68.0,-63.4,51,94,0.02,270,29.5,29.5,5.4190620862270374e-15,72456
2026-04-01 11:44:48,-95.2136,39.1701,207.5,11785.0,-63.0,-68.1,-63.5,51,93,0.02,270,29.5,29.5,5.4190620862270374e-15,72456
2026-04-01 11:44:49,-95.2133,39.1702,207.4,11789.0,-63.0,-68.2,-63.6,50,92,0.02,271,29.6,29.59549177662918,-0.5165912305435807,72456
2026-04-01 11:44:50,-95.213,39.1702,207.2,11793.0,-63.0,-68.3,-63.7,49,91,0.02,271,29.8,29.79546131566046,-0.5200817118310372,72456
2026-04-01 11:44:51,-95.2126,39.1702,207.0,11799.0,-63.1,-68.5,-63.9,48,89,0.02,271,29.9,29.895446085176097,-0.5218269524747655,72456
2026-04-01 11:44:52,-95.2123,39.1701,206.8,11806.0,-63.1,-68.6,-64.0,48,88,0.02,272,30.0,29.981724810572874,-1.0469849010750385,72456
2026-04-01 11:44:53,-95.2119,39.1701,206.6,11812.0,-63.1,-68.7,-64.1,47,87,0.02,272,30.1,30.081663893274783,-1.0504748507452886,72456
2026-04-01 11:44:54,-95.2115,39.17,206.4,11817.0,-63.1,-68.8,-64.2,47,86,0.02,272,30.3,30.281542058678603,-1.057454750085789,72456
2026-04-01 11:44:55,-95.2111,39.17,206.3,11820.0,-63.2,-68.9,-64.3,46,86,0.02,273,30.4,30.358337856539045,-1.5910130697854958,72456
2026-04-01 11:44:56,-95.2107,39.17,206.2,11825.0,-63.2,-68.9,-64.3,46,85,0.02,273,30.5,30.458200810014503,-1.5962466654097904,72456
2026-04-01 11:44:57,-95.2103,39.17,206.0,11830.0,-63.3,-69.0,-64.4,46,86,0.02,273,30.7,30.657926716965417,-1.6067138566583792,72456
2026-04-01 11:44:58,-95.2099,39.1699,205.8,11835.0,-63.3,-69.0,-64.4,46,86,0.02,273,30.8,30.757789670440875,-1.6119474522826736,72456
2026-04-01 11:44:59,-95.2095,39.1699,205.6,11842.0,-63.3,-69.0,-64.4,47,86,0.02,274,30.9,30.82472915302857,-2.1554750386934693,72456
2026-04-01 11:45:00,-95.2092,39.1698,205.4,11847.0,-63.4,-69.0,-64.4,47,87,0.02,274,31.0,30.924485558054553,-2.162450686067882,72456
2026-04-01 11:45:01,-95.2088,39.1698,205.2,11852.0,-63.4,-69.0,-64.4,47,87,0.02,274,31.1,31.024241963080538,-2.1694263334422943,72456
2026-04-01 11:45:02,-95.2085,39.1697,205.1,11855.0,-63.5,-69.0,-64.4,47,88,0.02,274,31.2,31.123998368106516,-2.1764019808167068,72456
2026-04-01 11:45:03,-95.2081,39.1697,205.0,11859.0,-63.5,-69.0,-64.4,48,88,0.02,274,31.3,31.2237547731325,-2.1833776281911192,72456
2026-04-01 11:45:04,-95.2077,39.1696,204.9,11862.0,-63.6,-69.0,-64.4,48,89,0.02,274,31.4,31.323511178158483,-2.1903532755655317,72456
2026-04-01 11:45:05,-95.2073,39.1696,204.8,11866.0,-63.6,-69.1,-64.5,48,89,0.02,274,31.5,31.423267583184465,-2.197328922939944,72456
2026-04-01 11:45:06,-95.207,39.1696,204.6,11870.0,-63.7,-69.1,-64.5,48,89,0.02,274,31.6,31.52302398821045,-2.204304570314357,72456
2026-04-01 11:45:07,-95.2066,39.1696,204.5,11875.0,-63.7,-69.1,-64.5,48,90,0.02,274,31.6,31.52302398821045,-2.204304570314357,72456
2026-04-01 11:45:08,-95.2062,39.1696,204.3,11879.0,-63.8,-69.2,-64.5,48,90,0.02,274,31.7,31.62278039323643,-2.2112802176887696,72456
2026-04-01 11:45:09,-95.2058,39.1696,204.2,11884.0,-63.8,-69.2,-64.6,48,90,0.02,274,31.7,31.62278039323643,-2.2112802176887696,72456
2026-04-01 11:45:10,-95.2055,39.1696,204.0,11889.0,-63.8,-69.2,-64.6,48,90,0.02,274,31.8,31.722536798262414,-2.218255865063182,72456
2026-04-01 11:45:11,-95.2052,39.1696,203.9,11893.0,-63.8,-69.2,-64.6,48,90,0.02,273,31.8,31.75641920519545,-1.6642834085256175,72456
2026-04-01 11:45:12,-95.2049,39.1695,203.7,11898.0,-63.9,-69.3,-64.7,48,90,0.02,273,31.9,31.856282158670904,-1.6695170041499119,72456
2026-04-01 11:45:13,-95.2045,39.1695,203.5,11903.0,-63.9,-69.3,-64.7,48,90,0.02,273,31.9,31.856282158670904,-1.6695170041499119,72456
2026-04-01 11:45:14,-95.2042,39.1694,203.4,11909.0,-64.0,-69.3,-64.7,49,91,0.02,273,32.0,31.956145112146363,-1.6747505997742063,72456
2026-04-01 11:45:15,-95.2038,39.1695,203.2,11914.0,-64.0,-69.3,-64.7,49,91,0.02,273,32.0,31.956145112146363,-1.6747505997742063,72456
2026-04-01 11:45:16,-95.2035,39.1695,203.0,11919.0,-64.1,-69.3,-64.7,49,91,0.02,273,32.1,32.056008065621825,-1.6799841953985006,72456
2026-04-01 11:45:17,-95.2031,39.1696,202.9,11923.0,-64.1,-69.3,-64.7,49,92,0.02,273,32.1,32.056008065621825,-1.6799841953985006,72456
2026-04-01 11:45:18,-95.2027,39.1696,202.8,11927.0,-64.1,-69.3,-64.7,50,92,0.02,273,32.1,32.056008065621825,-1.6799841953985006,72456
2026-04-01 11:45:19,-95.2023,39.1697,202.6,11930.0,-64.1,-69.3,-64.7,50,92,0.02,273,32.2,32.15587101909728,-1.6852177910227952,72456
2026-04-01 11:45:20,-95.202,39.1697,202.5,11933.0,-64.2,-69.4,-64.8,49,92,0.02,273,32.2,32.15587101909728,-1.6852177910227952,72456
2026-04-01 11:45:21,-95.2015,39.1696,202.4,11937.0,-64.2,-69.5,-64.8,49,92,0.02,273,32.3,32.255733972572735,-1.6904513866470894,72456
2026-04-01 11:45:22,-95.2011,39.1696,202.3,11941.0,-64.3,-69.6,-65.0,49,91,0.02,273,32.3,32.255733972572735,-1.6904513866470894,72456
2026-04-01 11:45:23,-95.2007,39.1696,202.1,11947.0,-64.3,-69.7,-65.1,48,89,0.02,273,32.4,32.35559692604819,-1.6956849822713838,72456
2026-04-01 11:45:24,-95.2003,39.1695,201.8,11955.0,-64.4,-69.9,-65.3,47,88,0.02,273,32.5,32.45545987952365,-1.7009185778956781,72456
2026-04-01 11:45:25,-95.1999,39.1695,201.6,11963.0,-64.5,-70.1,-65.4,47,87,0.02,273,32.5,32.45545987952365,-1.7009185778956781,72456
2026-04-01 11:45:26,-95.1995,39.1695,201.3,11971.0,-64.6,-70.2,-65.6,46,87,0.02,273,32.6,32.55532283299911,-1.7061521735199727,72456
2026-04-01 11:45:27,-95.1991,39.1694,201.1,11978.0,-64.5,-70.3,-65.6,46,86,0.02,273,32.6,32.55532283299911,-1.7061521735199727,72456
2026-04-01 11:45:28,-95.1987,39.1694,200.9,11983.0,-64.5,-70.2,-65.6,46,85,0.02,273,32.7,32.65518578647457,-1.711385769144267,72456
2026-04-01 11:45:29,-95.1984,39.1693,200.8,11987.0,-64.5,-70.3,-65.6,45,85,0.02,273,32.8,32.75504873995002,-1.7166193647685613,72456
2026-04-01 11:45:30,-95.198,39.1692,200.7,11989.0,-64.5,-70.3,-65.7,45,84,0.02,273,32.8,32.75504873995002,-1.7166193647685613,72456
2026-04-01 11:45:31,-95.1977,39.1692,200.6,11992.0,-64.5,-70.3,-65.7,45,84,0.02,273,32.9,32.85491169342548,-1.7218529603928558,72456
2026-04-01 11:45:32,-95.1974,39.1692,200.5,11996.0,-64.5,-70.4,-65.8,44,83,0.01,273,33.0,32.95477464690094,-1.7270865560171502,72456
2026-04-01 11:45:33,-95.197,39.1692,200.3,12001.0,-64.5,-70.5,-65.9,44,82,0.01,273,33.1,33.054637600376395,-1.7323201516414446,72456
2026-04-01 11:45:34,-95.1967,39.1692,200.1,12006.0,-64.5,-70.6,-66.0,44,81,0.01,273,33.1,33.054637600376395,-1.7323201516414446,72456
2026-04-01 11:45:35,-95.1963,39.1692,200.0,12010.0,-64.5,-70.7,-66.1,43,80,0.01,273,33.1,33.054637600376395,-1.7323201516414446,72456
2026-04-01 11:45:36,-95.1959,39.1693,199.8,12016.0,-64.6,-70.8,-66.2,42,79,0.01,273,33.3,33.254363507327305,-1.7427873428900333,72456
2026-04-01 11:45:37,-95.1955,39.1693,199.6,12022.0,-64.6,-71.0,-66.3,42,79,0.01,273,33.3,33.254363507327305,-1.7427873428900333,72456
2026-04-01 11:45:38,-95.1952,39.1693,199.4,12028.0,-64.7,-71.1,-66.4,42,78,0.01,273,33.4,33.354226460802764,-1.7480209385143277,72456
2026-04-01 11:45:39,-95.1948,39.1693,199.2,12034.0,-64.8,-71.2,-66.5,42,78,0.01,273,33.5,33.45408941427822,-1.753254534138622,72456
2026-04-01 11:45:40,-95.1943,39.1693,199.1,12039.0,-64.8,-71.2,-66.6,42,78,0.01,273,33.5,33.45408941427822,-1.753254534138622,72456
2026-04-01 11:45:41,-95.1939,39.1693,198.9,12043.0,-64.9,-71.3,-66.6,42,78,0.01,273,33.6,33.55395236775368,-1.7584881297629167,72456
2026-04-01 11:45:42,-95.1935,39.1692,198.8,12046.0,-64.9,-71.3,-66.6,42,78,0.01,273,33.6,33.55395236775368,-1.7584881297629167,72456
2026-04-01 11:45:43,-95.1931,39.1692,198.7,12049.0,-64.9,-71.3,-66.6,42,78,0.01,273,33.7,33.65381532122914,-1.763721725387211,72456
2026-04-01 11:45:44,-95.1927,39.1691,198.6,12054.0,-64.9,-71.3,-66.6,42,79,0.01,273,33.7,33.65381532122914,-1.763721725387211,72456
2026-04-01 11:45:45,-95.1923,39.1691,198.4,12061.0,-65.0,-71.3,-66.7,42,79,0.01,273,33.7,33.65381532122914,-1.763721725387211,72456
2026-04-01 11:45:46,-95.192,39.1691,198.1,12067.0,-65.1,-71.3,-66.7,42,80,0.01,273,33.7,33.65381532122914,-1.763721725387211,72456
2026-04-01 11:45:47,-95.1916,39.1691,198.0,12073.0,-65.1,-71.3,-66.7,43,80,0.01,273,33.7,33.65381532122914,-1.763721725387211,72456
2026-04-01 11:45:48,-95.1911,39.1691,197.8,12077.0,-65.1,-71.3,-66.7,43,81,0.01,273,33.7,33.65381532122914,-1.763721725387211,72456
2026-04-01 11:45:49,-95.1907,39.1692,197.7,12079.0,-65.2,-71.3,-66.6,43,81,0.01,272,33.7,33.67947087054353,-1.1761130388742933,72456
2026-04-01 11:45:50,-95.1903,39.1692,197.6,12083.0,-65.2,-71.3,-66.6,43,82,0.01,272,33.7,33.67947087054353,-1.1761130388742933,72456
2026-04-01 11:45:51,-95.1899,39.1691,197.5,12088.0,-65.3,-71.3,-66.7,44,82,0.01,272,33.6,33.57953178784162,-1.172623089204043,72456
2026-04-01 11:45:52,-95.1895,39.1691,197.3,12094.0,-65.3,-71.3,-66.7,44,82,0.01,272,33.5,33.47959270513971,-1.169133139533793,72456
2026-04-01 11:45:53,-95.1891,39.1691,197.1,12101.0,-65.4,-71.4,-66.7,44,83,0.01,272,33.4,33.3796536224378,-1.1656431898635427,72456
2026-04-01 11:45:54,-95.1887,39.169,196.9,12106.0,-65.5,-71.5,-66.8,44,83,0.01,272,33.3,33.279714539735885,-1.1621532401932926,72456
2026-04-01 11:45:55,-95.1883,39.1689,196.7,12110.0,-65.5,-71.5,-66.8,44,82,0.01,272,33.2,33.17977545703398,-1.1586632905230427,72456
2026-04-01 11:45:56,-95.1879,39.1689,196.6,12114.0,-65.5,-71.6,-66.9,43,82,0.01,272,33.1,33.07983637433207,-1.1551733408527924,72456
2026-04-01 11:45:57,-95.1875,39.1689,196.5,12119.0,-65.5,-71.6,-67.0,43,82,0.01,272,32.9,32.87995820892825,-1.148193441512292,72456
2026-04-01 11:45:58,-95.1871,39.1689,196.2,12126.0,-65.5,-71.6,-66.9,43,81,0.01,272,32.8,32.780019126226335,-1.144703491842042,72456
2026-04-01 11:45:59,-95.1868,39.1689,196.0,12134.0,-65.4,-71.6,-66.9,43,80,0.01,272,32.6,32.580140960822526,-1.1377235925015419,72456
2026-04-01 11:46:00,-95.1864,39.1689,195.7,12142.0,-65.4,-71.6,-67.0,43,80,0.01,272,32.4,32.3802627954187,-1.1307436931610415,72456
2026-04-01 11:46:01,-95.1861,39.1689,195.4,12150.0,-65.5,-71.7,-67.0,43,80,0.01,272,32.2,32.180384630014885,-1.1237637938205414,72456
2026-04-01 11:46:02,-95.1857,39.1689,195.2,12157.0,-65.6,-71.7,-67.1,43,81,0.01,272,32.0,31.980506464611064,-1.116783894480041,72456
2026-04-01 11:46:03,-95.1853,39.1689,195.1,12162.0,-65.6,-71.7,-67.1,43,81,0.01,272,31.8,31.780628299207248,-1.1098039951395409,72456
2026-04-01 11:46:04,-95.1849,39.169,194.9,12166.0,-65.6,-71.7,-67.0,43,82,0.01,272,31.6,31.580750133803427,-1.1028240957990405,72456
2026-04-01 11:46:05,-95.1845,39.169,194.8,12170.0,-65.6,-71.7,-67.0,43,82,0.01,272,31.4,31.380871968399607,-1.0958441964585401,72456
2026-04-01 11:46:06,-95.1842,39.169,194.7,12174.0,-65.6,-71.6,-67.0,44,82,0.01,272,31.1,31.08105472029388,-1.08537434744779,72456
2026-04-01 11:46:07,-95.1839,39.169,194.6,12177.0,-65.7,-71.6,-67.0,44,83,0.01,272,30.9,30.881176554890057,-1.0783944481072896,72456
2026-04-01 11:46:08,-95.1836,39.169,194.5,12181.0,-65.7,-71.6,-67.0,44,83,0.01,272,30.7,30.68129838948624,-1.0714145487667892,72456
2026-04-01 11:46:09,-95.1833,39.169,194.3,12186.0,-65.7,-71.7,-67.0,44,83,0.01,272,30.5,30.48142022408242,-1.064434649426289,72456
2026-04-01 11:46:10,-95.183,39.1689,194.1,12193.0,-65.8,-71.7,-67.0,44,83,0.01,272,30.3,30.281542058678603,-1.057454750085789,72456
2026-04-01 11:46:11,-95.1826,39.1689,193.8,12201.0,-65.8,-71.7,-67.1,44,84,0.01,272,30.1,30.081663893274783,-1.0504748507452886,72456
2026-04-01 11:46:12,-95.1822,39.1689,193.5,12211.0,-65.9,-71.8,-67.1,44,84,0.01,272,29.9,29.881785727870962,-1.0434949514047882,72456
2026-04-01 11:46:13,-95.1818,39.1688,193.2,12222.0,-66.0,-71.8,-67.2,45,85,0.01,272,29.7,29.681907562467142,-1.036515052064288,72456
2026-04-01 11:46:14,-95.1814,39.1688,192.8,12232.0,-66.1,-71.8,-67.2,45,86,0.01,272,29.6,29.581968479765237,-1.033025102394038,72456
2026-04-01 11:46:15,-95.1811,39.1688,192.6,12240.0,-66.2,-71.8,-67.2,46,87,0.01,272,29.4,29.382090314361413,-1.0260452030535376,72456
2026-04-01 11:46:16,-95.1808,39.1688,192.4,12246.0,-66.3,-71.8,-67.2,46,88,0.01,272,29.3,29.28215123165951,-1.0225552533832876,72456
2026-04-01 11:46:17,-95.1804,39.1687,192.2,12251.0,-66.3,-71.7,-67.1,47,89,0.01,272,29.2,29.182212148957596,-1.0190653037130375,72456
2026-04-01 11:46:18,-95.1801,39.1687,192.1,12255.0,-66.3,-71.7,-67.0,48,90,0.01,271,29.1,29.095567929050986,-0.5078650273249391,72456
2026-04-01 11:46:19,-95.1798,39.1686,192.0,12260.0,-66.3,-71.6,-67.0,48,91,0.01,271,29.0,28.995583159535347,-0.5061197866812108,72456
2026-04-01 11:46:20,-95.1795,39.1686,191.8,12264.0,-66.4,-71.7,-67.0,48,92,0.01,271,29.0,28.995583159535347,-0.5061197866812108,72456
2026-04-01 11:46:21,-95.1792,39.1686,191.6,12270.0,-66.5,-71.7,-67.0,49,92,0.01,271,28.9,28.895598390019707,-0.5043745460374824,72456
2026-04-01 11:46:22,-95.1789,39.1686,191.4,12277.0,-66.5,-71.7,-67.1,49,92,0.01,270,28.9,28.9,5.308843874303776e-15,72456
2026-04-01 11:46:23,-95.1786,39.1686,191.1,12285.0,-66.6,-71.8,-67.1,49,93,0.01,270,28.9,28.9,5.308843874303776e-15,72456
2026-04-01 11:46:24,-95.1783,39.1686,190.9,12294.0,-66.6,-71.8,-67.1,49,93,0.01,270,29.0,29.0,5.327213576290986e-15,72456
2026-04-01 11:46:25,-95.178,39.1686,190.6,12301.0,-66.7,-71.9,-67.2,49,93,0.01,270,29.0,29.0,5.327213576290986e-15,72456
2026-04-01 11:46:26,-95.1777,39.1686,190.4,12308.0,-66.8,-71.9,-67.2,49,94,0.01,269,29.1,29.095567929050986,0.5078650273249498,72456
2026-04-01 11:46:27,-95.1774,39.1687,190.2,12315.0,-66.8,-71.9,-67.2,50,95,0.01,269,29.2,29.195552698566626,0.5096102679686781,72456
2026-04-01 11:46:28,-95.1771,39.1687,190.0,12321.0,-66.9,-71.9,-67.2,50,95,0.01,269,29.2,29.195552698566626,0.5096102679686781,72456
2026-04-01 11:46:29,-95.1768,39.1688,189.8,12327.0,-67.0,-71.9,-67.2,51,97,0.01,269,29.4,29.395522237597902,0.5131007492561348,72456
2026-04-01 11:46:30,-95.1765,39.1688,189.6,12333.0,-67.0,-71.8,-67.2,51,98,0.01,268,29.5,29.482029397063325,1.0295351527237724,72456
2026-04-01 11:46:31,-95.1761,39.1688,189.5,12338.0,-67.1,-71.8,-67.1,52,99,0.01,268,29.6,29.581968479765237,1.0330251023940227,72456
2026-04-01 11:46:32,-95.1757,39.1689,189.4,12342.0,-67.1,-71.7,-67.1,53,100,0.01,268,29.7,29.681907562467142,1.0365150520642725,72456
2026-04-01 11:46:33,-95.1753,39.1689,189.2,12346.0,-67.1,-71.7,-67.0,53,101,0.01,268,29.9,29.881785727870962,1.0434949514047727,72456
2026-04-01 11:46:34,-95.1749,39.1689,189.1,12350.0,-67.1,-71.6,-67.0,53,102,0.01,268,30.0,29.981724810572874,1.0469849010750227,72456
2026-04-01 11:46:35,-95.1745,39.1689,189.0,12353.0,-67.2,-71.6,-67.0,54,103,0.01,268,30.2,30.18160297597669,1.0539648004155229,72456
2026-04-01 11:46:36,-95.1741,39.1689,188.9,12356.0,-67.2,-71.6,-67.0,54,104,0.01,268,30.3,30.281542058678603,1.0574547500857732,72456
2026-04-01 11:46:37,-95.1738,39.1689,188.8,12360.0,-67.2,-71.6,-67.0,54,104,0.01,268,30.5,30.48142022408242,1.0644346494262733,72456
2026-04-01 11:46:38,-95.1735,39.1689,188.7,12364.0,-67.3,-71.6,-67.0,54,104,0.01,268,30.6,30.581359306784332,1.0679245990965234,72456
2026-04-01 11:46:39,-95.1731,39.1689,188.5,12368.0,-67.3,-71.7,-67.0,55,105,0.01,268,30.8,30.78123747218815,1.0749044984370235,72456
2026-04-01 11:46:40,-95.1728,39.1689,188.3,12375.0,-67.4,-71.7,-67.1,55,105,0.01,268,30.9,30.881176554890057,1.0783944481072734,72456
2026-04-01 11:46:41,-95.1724,39.1689,188.1,12382.0,-67.4,-71.8,-67.1,54,104,0.01,268,31.0,30.98111563759197,1.0818843977775237,72456
2026-04-01 11:46:42,-95.172,39.1689,187.9,12388.0,-67.5,-71.8,-67.2,54,104,0.01,268,31.1,31.08105472029388,1.0853743474477737,72456
2026-04-01 11:46:43,-95.1716,39.1689,187.8,12392.0,-67.5,-71.9,-67.2,54,104,0.01,268,31.2,31.180993802995786,1.0888642971180238,72456
2026-04-01 11:46:45,-95.1708,39.169,187.7,12394.0,-67.5,-71.9,-67.2,54,104,0.01,268,31.3,31.2809328856977,1.0923542467882739,72456
2026-04-01 11:46:46,-95.1704,39.169,187.5,12400.0,-67.6,-71.9,-67.3,54,105,0.01,268,31.5,31.480811051101515,1.099334146128774,72456
2026-04-01 11:46:47,-95.1701,39.169,187.4,12405.0,-67.6,-72.0,-67.3,54,105,0.01,268,31.5,31.480811051101515,1.099334146128774,72456
2026-04-01 11:46:48,-95.1698,39.169,187.3,12409.0,-67.7,-72.0,-67.3,55,105,0.01,268,31.6,31.580750133803427,1.102824095799024,72456
2026-04-01 11:46:49,-95.1694,39.169,187.1,12414.0,-67.7,-72.0,-67.3,55,106,0.01,268,31.6,31.580750133803427,1.102824095799024,72456
2026-04-01 11:46:50,-95.1691,39.169,187.0,12419.0,-67.8,-72.0,-67.4,55,106,0.01,268,31.6,31.580750133803427,1.102824095799024,72456
2026-04-01 11:46:51,-95.1687,39.169,186.8,12424.0,-67.8,-72.0,-67.4,55,107,0.01,268,31.6,31.580750133803427,1.102824095799024,72456
2026-04-01 11:46:52,-95.1684,39.169,186.7,12428.0,-67.9,-72.0,-67.4,56,107,0.01,268,31.6,31.580750133803427,1.102824095799024,72456
2026-04-01 11:46:53,-95.168,39.1691,186.5,12433.0,-67.9,-72.0,-67.4,56,108,0.01,268,31.5,31.480811051101515,1.099334146128774,72456
2026-04-01 11:46:54,-95.1676,39.1691,186.4,12437.0,-67.9,-72.0,-67.4,56,109,0.01,268,31.5,31.480811051101515,1.099334146128774,72456
2026-04-01 11:46:55,-95.1672,39.1691,186.3,12441.0,-68.0,-72.0,-67.4,57,109,0.01,268,31.4,31.380871968399607,1.095844196458524,72456
2026-04-01 11:46:56,-95.1669,39.1691,186.2,12444.0,-68.0,-72.0,-67.4,57,110,0.01,268,31.3,31.2809328856977,1.0923542467882739,72456
2026-04-01 11:46:57,-95.1666,39.1691,186.0,12449.0,-68.0,-72.1,-67.4,57,110,0.01,268,31.3,31.2809328856977,1.0923542467882739,72456
2026-04-01 11:46:58,-95.1662,39.1691,185.9,12454.0,-68.1,-72.1,-67.4,57,110,0.01,268,31.2,31.180993802995786,1.0888642971180238,72456
2026-04-01 11:46:59,-95.1658,39.1691,185.7,12460.0,-68.1,-72.1,-67.5,57,110,0.01,268,31.1,31.08105472029388,1.0853743474477737,72456
2026-04-01 11:47:00,-95.1654,39.1691,185.5,12466.0,-68.1,-72.2,-67.5,57,109,0.01,267,31.0,30.95751557739179,1.6224146435312734,72456
2026-04-01 11:47:03,-95.1642,39.1691,185.4,12468.0,-68.2,-72.2,-67.6,56,109,0.01,267,30.8,30.757789670440875,1.6119474522826847,72456
2026-04-01 11:47:04,-95.1638,39.1692,185.3,12473.0,-68.3,-72.4,-67.8,56,107,0.01,267,30.5,30.458200810014503,1.5962466654098013,72456
2026-04-01 11:47:05,-95.1635,39.1692,185.1,12478.0,-68.3,-72.5,-67.8,55,107,0.01,267,30.3,30.258474903063586,1.5857794741612126,72456
2026-04-01 11:47:06,-95.1631,39.1692,185.0,12483.0,-68.3,-72.6,-67.9,55,107,0.01,267,30.2,30.158611949588128,1.580545878536918,72456
2026-04-01 11:47:07,-95.1628,39.1691,184.8,12487.0,-68.4,-72.6,-67.9,55,106,0.01,267,30.1,30.058748996112673,1.5753122829126236,72456
2026-04-01 11:47:08,-95.1624,39.1692,184.7,12491.0,-68.4,-72.6,-68.0,55,106,0.01,266,30.0,29.926921507794727,2.0926942123237673,72456
2026-04-01 11:47:09,-95.1621,39.1692,184.6,12497.0,-68.4,-72.7,-68.0,55,106,0.01,266,29.8,29.72740869774276,2.0787429175749423,72456
2026-04-01 11:47:10,-95.1618,39.1692,184.3,12504.0,-68.4,-72.7,-68.1,54,105,0.01,266,29.7,29.62765229271678,2.07176727020053,72456
2026-04-01 11:47:11,-95.1615,39.1693,184.1,12512.0,-68.5,-72.8,-68.1,54,106,0.01,266,29.6,29.527895887690796,2.0647916228261174,72456
2026-04-01 11:47:12,-95.1612,39.1693,183.8,12520.0,-68.5,-72.8,-68.1,55,106,0.01,266,29.5,29.428139482664815,2.0578159754517045,72456
2026-04-01 11:47:13,-95.1609,39.1693,183.6,12528.0,-68.6,-72.8,-68.2,55,107,0.01,266,29.4,29.32838307763883,2.050840328077292,72456
2026-04-01 11:47:14,-95.1606,39.1693,183.4,12534.0,-68.7,-72.8,-68.2,55,107,0.01,266,29.3,29.22862667261285,2.0438646807028795,72456
2026-04-01 11:47:15,-95.1603,39.1693,183.2,12540.0,-68.7,-72.8,-68.2,56,109,0.01,266,29.3,29.22862667261285,2.0438646807028795,72456
2026-04-01 11:47:16,-95.16,39.1694,183.1,12545.0,-68.8,-72.8,-68.2,56,110,0.01,265,29.2,29.08888518427897,2.5449476882316207,72456
2026-04-01 11:47:17,-95.1597,39.1694,182.9,12550.0,-68.8,-72.8,-68.1,57,111,0.01,265,29.1,28.9892657144698,2.536232113956855,72456
2026-04-01 11:47:18,-95.1594,39.1695,182.8,12554.0,-68.8,-72.7,-68.1,58,112,0.01,265,29.1,28.9892657144698,2.536232113956855,72456
2026-04-01 11:47:19,-95.1591,39.1696,182.7,12557.0,-68.9,-72.7,-68.0,58,113,0.01,265,29.0,28.88964624466062,2.527516539682089,72456
2026-04-01 11:47:20,-95.1587,39.1696,182.6,12561.0,-68.9,-72.7,-68.0,59,114,0.01,265,29.0,28.88964624466062,2.527516539682089,72456
2026-04-01 11:47:21,-95.1584,39.1696,182.5,12564.0,-68.9,-72.7,-68.0,59,115,0.01,265,29.0,28.88964624466062,2.527516539682089,72456
2026-04-01 11:47:22,-95.158,39.1696,182.4,12568.0,-69.0,-72.7,-68.0,59,115,0.01,265,29.0,28.88964624466062,2.527516539682089,72456
2026-04-01 11:47:23,-95.1576,39.1696,182.3,12571.0,-69.0,-72.7,-68.0,59,116,0.01,265,28.9,28.790026774851444,2.518800965407323,72456
2026-04-01 11:47:24,-95.1573,39.1696,182.1,12575.0,-69.0,-72.7,-68.0,59,116,0.01,265,28.9,28.790026774851444,2.518800965407323,72456
2026-04-01 11:47:25,-95.1569,39.1696,182.0,12580.0,-69.1,-72.7,-68.1,60,116,0.01,265,28.9,28.790026774851444,2.518800965407323,72456
2026-04-01 11:47:26,-95.1566,39.1696,181.8,12585.0,-69.1,-72.8,-68.1,60,116,0.01,265,28.9,28.790026774851444,2.518800965407323,72456
2026-04-01 11:47:27,-95.1562,39.1697,181.7,12590.0,-69.2,-72.8,-68.2,60,116,0.01,265,28.9,28.790026774851444,2.518800965407323,72456
2026-04-01 11:47:28,-95.1559,39.1697,181.6,12594.0,-69.2,-72.9,-68.2,60,116,0.01,264,28.9,28.7416827761431,3.020872588435182,72456
2026-04-01 11:47:29,-95.1555,39.1697,181.4,12599.0,-69.2,-72.9,-68.2,60,116,0.01,264,28.8,28.642230586606274,3.0104197421084167,72456
2026-04-01 11:47:30,-95.1552,39.1697,181.3,12604.0,-69.3,-72.9,-68.3,60,116,0.01,264,28.8,28.642230586606274,3.0104197421084167,72456
2026-04-01 11:47:31,-95.1548,39.1697,181.1,12610.0,-69.3,-73.0,-68.3,60,117,0.01,264,28.8,28.642230586606274,3.0104197421084167,72456
2026-04-01 11:47:32,-95.1545,39.1697,180.9,12615.0,-69.4,-73.0,-68.3,60,117,0.01,264,28.8,28.642230586606274,3.0104197421084167,72456
2026-04-01 11:47:33,-95.1542,39.1698,180.8,12620.0,-69.4,-73.0,-68.4,60,117,0.01,264,28.7,28.542778397069444,2.999966895781651,72456
2026-04-01 11:47:34,-95.154,39.1698,180.6,12624.0,-69.4,-73.0,-68.4,60,117,0.01,263,28.7,28.486074552105944,3.4976501557277238,72456
2026-04-01 11:47:35,-95.1537,39.1698,180.5,12628.0,-69.4,-73.0,-68.4,60,117,0.01,263,28.7,28.486074552105944,3.4976501557277238,72456
2026-04-01 11:47:36,-95.1534,39.1698,180.4,12632.0,-69.5,-73.0,-68.4,60,118,0.01,263,28.6,28.386819936941812,3.485463221387209,72456
2026-04-01 11:47:37,-95.153,39.1698,180.3,12637.0,-69.5,-73.1,-68.4,60,118,0.01,263,28.6,28.386819936941812,3.485463221387209,72456
2026-04-01 11:47:38,-95.1527,39.1698,180.1,12641.0,-69.5,-73.1,-68.4,60,118,0.01,262,28.5,28.222639959134753,3.966433377361876,72456
2026-04-01 11:47:39,-95.1523,39.1699,180.0,12646.0,-69.6,-73.1,-68.4,60,118,0.01,262,28.5,28.222639959134753,3.966433377361876,72456
2026-04-01 11:47:40,-95.1519,39.1699,179.9,12650.0,-69.6,-73.1,-68.5,61,119,0.01,262,28.4,28.123613152260592,3.9525160672658695,72456
2026-04-01 11:47:41,-95.1516,39.17,179.7,12654.0,-69.6,-73.2,-68.5,61,119,0.01,262,28.4,28.123613152260592,3.9525160672658695,72456
2026-04-01 11:47:42,-95.1513,39.1701,179.6,12659.0,-69.7,-73.2,-68.5,61,119,0.01,261,28.3,27.951580038842398,4.427095360638538,72456
2026-04-01 11:47:43,-95.151,39.1701,179.5,12663.0,-69.7,-73.2,-68.5,61,119,0.01,261,28.3,27.951580038842398,4.427095360638538,72456
2026-04-01 11:47:44,-95.1507,39.1702,179.4,12667.0,-69.8,-73.2,-68.6,61,120,0.01,261,28.2,27.85281120478288,4.411451914134515,72456
2026-04-01 11:47:45,-95.1504,39.1703,179.2,12672.0,-69.8,-73.2,-68.6,61,120,0.01,260,28.2,27.771578634944266,4.896878610207435,72456
2026-04-01 11:47:46,-95.1501,39.1703,179.1,12677.0,-69.8,-73.3,-68.6,61,120,0.01,260,28.1,27.673097859643047,4.879513792440743,72456
2026-04-01 11:47:47,-95.1498,39.1704,178.9,12681.0,-69.8,-73.2,-68.6,61,120,0.01,260,28.1,27.673097859643047,4.879513792440743,72456
2026-04-01 11:47:48,-95.1495,39.1704,178.8,12686.0,-69.8,-73.2,-68.5,61,120,0.01,259,28.1,27.58372385487936,5.361732770080904,72456
2026-04-01 11:47:49,-95.1492,39.1704,178.7,12690.0,-69.7,-73.1,-68.5,61,120,0.01,259,28.0,27.485561136534592,5.342651870543249,72456
2026-04-01 11:47:50,-95.1488,39.1704,178.5,12695.0,-69.6,-73.0,-68.4,61,119,0.01,259,28.0,27.485561136534592,5.342651870543249,72456
2026-04-01 11:47:51,-95.1485,39.1705,178.4,12700.0,-69.5,-73.0,-68.3,61,119,0.01,259,28.0,27.485561136534592,5.342651870543249,72456
2026-04-01 11:47:52,-95.1482,39.1705,178.2,12704.0,-69.4,-72.9,-68.3,61,119,0.01,258,28.0,27.388132820546556,5.821527342897274,72456
2026-04-01 11:47:53,-95.1479,39.1706,178.1,12709.0,-69.4,-72.9,-68.2,61,119,0.01,258,28.0,27.388132820546556,5.821527342897274,72456
2026-04-01 11:47:54,-95.1476,39.1707,178.0,12713.0,-69.4,-72.9,-68.2,61,118,0.01,258,28.0,27.388132820546556,5.821527342897274,72456
2026-04-01 11:47:55,-95.1473,39.1708,177.9,12717.0,-69.4,-72.9,-68.2,61,119,0.01,258,28.0,27.388132820546556,5.821527342897274,72456
2026-04-01 11:47:56,-95.147,39.1708,177.8,12721.0,-69.4,-72.9,-68.2,61,119,0.01,257,28.0,27.282361813986583,6.298629521628227,72456
2026-04-01 11:47:57,-95.1467,39.1709,177.6,12725.0,-69.3,-72.8,-68.2,61,119,0.01,257,28.0,27.282361813986583,6.298629521628227,72456
2026-04-01 11:47:58,-95.1463,39.1709,177.5,12729.0,-69.3,-72.8,-68.1,61,120,0.01,257,28.0,27.282361813986583,6.298629521628227,72456
2026-04-01 11:47:59,-95.146,39.171,177.4,12733.0,-69.4,-72.8,-68.1,62,120,0.01,257,28.0,27.282361813986583,6.298629521628227,72456
2026-04-01 11:48:00,-95.1457,39.171,177.2,12738.0,-69.4,-72.8,-68.1,62,121,0.01,257,28.1,27.37979882046511,6.321124627062614,72456
2026-04-01 11:48:01,-95.1454,39.1711,177.1,12742.0,-69.4,-72.8,-68.1,62,122,0.01,257,28.1,27.37979882046511,6.321124627062614,72456
2026-04-01 11:48:02,-95.1451,39.1711,177.0,12746.0,-69.4,-72.8,-68.1,62,122,0.01,256,28.2,27.3623394809831,6.822197455910631,72456
2026-04-01 11:48:03,-95.1448,39.1712,176.9,12750.0,-69.5,-72.7,-68.1,63,123,0.01,256,28.2,27.3623394809831,6.822197455910631,72456
2026-04-01 11:48:04,-95.1445,39.1713,176.8,12754.0,-69.5,-72.7,-68.1,63,124,0.01,256,28.3,27.4593690536107,6.846389645470598,72456
2026-04-01 11:48:05,-95.1442,39.1713,176.6,12759.0,-69.5,-72.7,-68.0,64,124,0.01,256,28.3,27.4593690536107,6.846389645470598,72456
2026-04-01 11:48:06,-95.1439,39.1714,176.5,12764.0,-69.5,-72.7,-68.0,64,125,0.01,256,28.4,27.5563986262383,6.870581835030565,72456
2026-04-01 11:48:07,-95.1435,39.1715,176.3,12768.0,-69.6,-72.7,-68.0,64,125,0.01,256,28.5,27.6534281988659,6.894774024590532,72456
2026-04-01 11:48:08,-95.1432,39.1715,176.2,12773.0,-69.6,-72.7,-68.0,64,126,0.01,256,28.5,27.6534281988659,6.894774024590532,72456
2026-04-01 11:48:09,-95.1429,39.1716,176.1,12778.0,-69.6,-72.7,-68.0,64,126,0.01,256,28.6,27.7504577714935,6.918966214150499,72456
2026-04-01 11:48:10,-95.1426,39.1717,175.9,12783.0,-69.7,-72.7,-68.1,65,127,0.01,256,28.7,27.8474873441211,6.943158403710465,72456
2026-04-01 11:48:11,-95.1423,39.1717,175.8,12787.0,-69.7,-72.8,-68.1,65,127,0.01,256,28.8,27.9445169167487,6.9673505932704325,72456
2026-04-01 11:48:12,-95.1419,39.1718,175.6,12792.0,-69.7,-72.8,-68.1,65,127,0.01,255,28.9,27.915256379754073,7.479870403462845,72456
2026-04-01 11:48:13,-95.1416,39.1719,175.5,12797.0,-69.8,-72.8,-68.1,65,128,0.01,255,29.0,28.01184896238298,7.505752307973098,72456
2026-04-01 11:48:14,-95.1413,39.1719,175.4,12802.0,-69.8,-72.8,-68.1,66,129,0.01,255,29.1,28.10844154501189,7.53163421248335,72456
2026-04-01 11:48:15,-95.141,39.172,175.2,12807.0,-69.8,-72.8,-68.1,66,129,0.01,255,29.2,28.205034127640793,7.557516116993602,72456
2026-04-01 11:48:16,-95.1407,39.1721,175.1,12812.0,-69.9,-72.8,-68.1,66,130,0.01,255,29.3,28.3016267102697,7.583398021503855,72456
2026-04-01 11:48:17,-95.1403,39.1722,174.9,12817.0,-69.9,-72.7,-68.1,67,131,0.01,255,29.4,28.398219292898606,7.609279926014106,72456
2026-04-01 11:48:18,-95.14,39.1722,174.8,12822.0,-69.9,-72.7,-68.1,67,131,0.01,255,29.5,28.494811875527514,7.635161830524359,72456
2026-04-01 11:48:19,-95.1397,39.1723,174.6,12826.0,-69.9,-72.7,-68.1,67,132,0.01,255,29.6,28.591404458156422,7.661043735034611,72456
2026-04-01 11:48:20,-95.1394,39.1724,174.5,12831.0,-69.9,-72.7,-68.0,67,132,0.01,255,29.7,28.687997040785326,7.686925639544863,72456
2026-04-01 11:48:21,-95.139,39.1724,174.3,12836.0,-69.9,-72.6,-68.0,68,133,0.01,256,29.8,28.914812643024696,7.2092724888701,72456
2026-04-01 11:48:22,-95.1387,39.1725,174.2,12841.0,-69.9,-72.6,-67.9,68,133,0.01,256,29.9,29.011842215652294,7.2334646784300665,72456
2026-04-01 11:48:23,-95.1383,39.1726,174.0,12846.0,-69.9,-72.6,-67.9,68,133,0.01,256,30.0,29.108871788279895,7.2576568679900335,72456
2026-04-01 11:48:24,-95.138,39.1727,173.9,12851.0,-69.9,-72.6,-67.9,68,134,0.01,256,30.1,29.205901360907497,7.281849057550001,72456
2026-04-01 11:48:25,-95.1376,39.1728,173.8,12856.0,-69.9,-72.6,-67.9,68,134,0.01,256,30.2,29.302930933535094,7.306041247109967,72456
2026-04-01 11:48:26,-95.1373,39.1728,173.6,12861.0,-69.9,-72.6,-67.9,68,134,0.01,256,30.3,29.399960506162692,7.330233436669934,72456
2026-04-01 11:48:27,-95.1369,39.1729,173.5,12865.0,-69.9,-72.6,-68.0,68,134,0.01,256,30.4,29.49699007879029,7.3544256262299,72456
2026-04-01 11:48:28,-95.1366,39.173,173.4,12870.0,-69.9,-72.6,-67.9,68,134,0.01,256,30.5,29.59401965141789,7.378617815789868,72456
2026-04-01 11:48:29,-95.1363,39.173,173.2,12874.0,-69.9,-72.6,-67.9,68,134,0.01,257,30.6,29.815723982428196,6.883502262922277,72456
2026-04-01 11:48:30,-95.1359,39.1731,173.1,12879.0,-69.8,-72.6,-67.9,68,133,0.01,257,30.7,29.913160988906718,6.905997368356664,72456
2026-04-01 11:48:31,-95.1356,39.1731,173.0,12883.0,-69.8,-72.6,-67.9,68,133,0.01,257,30.8,30.010597995385243,6.92849247379105,72456
2026-04-01 11:48:32,-95.1352,39.1732,172.8,12887.0,-69.9,-72.6,-67.9,68,133,0.01,257,30.9,30.108035001863765,6.950987579225436,72456
2026-04-01 11:48:33,-95.1349,39.1732,172.7,12892.0,-69.9,-72.6,-67.9,68,133,0.01,257,31.0,30.20547200834229,6.973482684659823,72456
2026-04-01 11:48:34,-95.1345,39.1733,172.6,12896.0,-69.9,-72.7,-68.0,67,132,0.01,257,31.1,30.302909014820813,6.9959777900942095,72456
2026-04-01 11:48:35,-95.1342,39.1734,172.5,12900.0,-69.9,-72.7,-68.0,68,133,0.01,258,31.2,30.518205142894733,6.486844753514105,72456
2026-04-01 11:48:36,-95.1338,39.1734,172.4,12904.0,-70.0,-72.7,-68.1,67,132,0.01,258,31.3,30.616019902968116,6.507635922595881,72456
2026-04-01 11:48:37,-95.1335,39.1735,172.2,12908.0,-70.0,-72.8,-68.1,67,132,0.01,258,31.4,30.713834663041492,6.528427091677657,72456
2026-04-01 11:48:38,-95.1331,39.1735,172.1,12913.0,-70.0,-72.8,-68.2,67,132,0.01,258,31.6,30.90946418318826,6.5700094298412095,72456
2026-04-01 11:48:39,-95.1328,39.1736,172.0,12917.0,-70.1,-72.9,-68.2,67,132,0.01,258,31.7,31.007278943261635,6.590800598922985,72456
2026-04-01 11:48:40,-95.1324,39.1736,171.9,12922.0,-70.1,-72.9,-68.3,67,132,0.01,258,31.8,31.10509370333502,6.611591768004762,72456
2026-04-01 11:48:41,-95.1321,39.1737,171.7,12926.0,-70.1,-73.0,-68.3,67,132,0.01,258,31.9,31.202908463408395,6.632382937086537,72456
2026-04-01 11:48:42,-95.1317,39.1738,171.6,12931.0,-70.1,-73.0,-68.3,67,131,0.01,259,32.0,31.412069870325247,6.1058878520494275,72456
2026-04-01 11:48:43,-95.1313,39.1738,171.5,12935.0,-70.1,-73.0,-68.3,67,131,0.01,259,32.1,31.510232588670014,6.124968751587082,72456
2026-04-01 11:48:44,-95.131,39.1739,171.3,12940.0,-70.1,-72.9,-68.3,66,131,0.01,259,32.3,31.706558025359545,6.16313055066239,72456
2026-04-01 11:48:45,-95.1306,39.1739,171.2,12944.0,-70.0,-72.9,-68.2,66,130,0.01,259,32.4,31.804720743704312,6.182211450200045,72456
2026-04-01 11:48:46,-95.1303,39.174,171.1,12948.0,-70.0,-72.9,-68.2,66,130,0.01,259,32.5,31.90288346204908,6.2012923497377,72456
2026-04-01 11:48:47,-95.1299,39.174,171.0,12952.0,-70.0,-72.9,-68.2,66,129,0.01,259,32.6,32.00104618039385,6.2203732492753545,72456
2026-04-01 11:48:48,-95.1295,39.1741,170.9,12956.0,-69.9,-72.9,-68.2,66,129,0.01,259,32.7,32.09920889873862,6.239454148813009,72456
2026-04-01 11:48:49,-95.1291,39.1741,170.7,12961.0,-69.9,-72.9,-68.2,65,128,0.01,260,32.8,32.30169429880042,5.695660227475314,72456
2026-04-01 11:48:50,-95.1287,39.1742,170.6,12965.0,-69.8,-72.9,-68.2,65,128,0.01,260,32.9,32.40017507410164,5.7130250452420075,72456
2026-04-01 11:48:51,-95.1283,39.1743,170.5,12969.0,-69.8,-72.8,-68.2,65,127,0.01,260,33.0,32.498655849402866,5.730389863008701,72456
2026-04-01 11:48:52,-95.1279,39.1743,170.4,12973.0,-69.8,-72.8,-68.2,65,127,0.01,260,33.1,32.597136624704085,5.747754680775394,72456
2026-04-01 11:48:53,-95.1275,39.1743,170.3,12977.0,-69.8,-72.9,-68.2,64,126,0.01,260,33.2,32.69561740000531,5.765119498542087,72456
2026-04-01 11:48:54,-95.1271,39.1744,170.2,12981.0,-69.7,-72.8,-68.1,64,126,0.01,260,33.3,32.79409817530652,5.782484316308779,72456
2026-04-01 11:48:55,-95.1267,39.1744,170.1,12984.0,-69.7,-72.8,-68.1,64,125,0.01,260,33.3,32.79409817530652,5.782484316308779,72456
2026-04-01 11:48:56,-95.1264,39.1745,169.9,12988.0,-69.7,-72.9,-68.2,64,125,0.01,260,33.4,32.89257895060775,5.7998491340754725,72456
2026-04-01 11:48:57,-95.126,39.1746,169.8,12992.0,-69.7,-72.9,-68.3,63,124,0.01,260,33.5,32.99105972590897,5.817213951842166,72456
2026-04-01 11:48:58,-95.1257,39.1746,169.7,12996.0,-69.7,-73.0,-68.3,63,123,0.01,261,33.5,33.087559409937114,5.24055457884774,72456
2026-04-01 11:48:59,-95.1253,39.1747,169.6,13000.0,-69.7,-73.0,-68.3,62,122,0.01,261,33.6,33.18632824399663,5.256198025351763,72456
2026-04-01 11:49:00,-95.1249,39.1747,169.5,13004.0,-69.6,-73.0,-68.3,62,121,0.01,261,33.6,33.18632824399663,5.256198025351763,72456
2026-04-01 11:49:01,-95.1245,39.1748,169.4,13009.0,-69.6,-73.0,-68.3,62,121,0.01,261,33.7,33.28509707805614,5.271841471855787,72456
2026-04-01 11:49:02,-95.1241,39.1748,169.2,13013.0,-69.5,-72.9,-68.3,61,120,0.01,261,33.7,33.28509707805614,5.271841471855787,72456
2026-04-01 11:49:03,-95.1237,39.1749,169.1,13017.0,-69.4,-72.9,-68.2,61,119,0.01,261,33.8,33.38386591211565,5.287484918359809,72456
2026-04-01 11:49:04,-95.1233,39.1749,169.0,13021.0,-69.3,-72.8,-68.1,61,118,0.01,261,33.8,33.38386591211565,5.287484918359809,72456
2026-04-01 11:49:05,-95.123,39.1749,168.9,13025.0,-69.2,-72.8,-68.1,60,118,0.01,261,33.9,33.482634746175165,5.303128364863832,72456
2026-04-01 11:49:06,-95.1226,39.175,168.8,13030.0,-69.2,-72.8,-68.1,60,117,0.01,262,33.9,33.57008753033923,4.717968122546231,72456
2026-04-01 11:49:07,-95.1222,39.175,168.6,13034.0,-69.2,-72.8,-68.1,60,117,0.01,262,34.0,33.66911433721339,4.731885432642238,72456
2026-04-01 11:49:08,-95.1218,39.1751,168.5,13039.0,-69.2,-72.9,-68.2,60,116,0.01,262,34.0,33.66911433721339,4.731885432642238,72456
2026-04-01 11:49:09,-95.1214,39.1751,168.4,13043.0,-69.2,-72.9,-68.3,59,116,0.01,262,34.0,33.66911433721339,4.731885432642238,72456
2026-04-01 11:49:10,-95.121,39.1752,168.3,13048.0,-69.3,-73.0,-68.3,59,115,0.01,262,34.1,33.768141144087544,4.7458027427382445,72456
2026-04-01 11:49:11,-95.1206,39.1752,168.1,13052.0,-69.3,-73.1,-68.4,58,114,0.01,262,34.1,33.768141144087544,4.7458027427382445,72456
2026-04-01 11:49:12,-95.1202,39.1752,168.0,13057.0,-69.3,-73.1,-68.5,58,113,0.01,263,34.2,33.94507838613322,4.167931544456033,72456
2026-04-01 11:49:13,-95.1198,39.1753,167.9,13062.0,-69.3,-73.2,-68.6,57,112,0.01,263,34.2,33.94507838613322,4.167931544456033,72456
2026-04-01 11:49:14,-95.1194,39.1753,167.7,13067.0,-69.4,-73.3,-68.7,57,111,0.01,263,34.3,34.044333001297346,4.1801184787965475,72456
2026-04-01 11:49:15,-95.119,39.1754,167.6,13072.0,-69.3,-73.4,-68.7,56,109,0.01,263,34.4,34.14358761646148,4.1923054131370625,72456
2026-04-01 11:49:16,-95.1186,39.1754,167.5,13076.0,-69.3,-73.5,-68.8,55,108,0.01,263,34.4,34.14358761646148,4.1923054131370625,72456
2026-04-01 11:49:17,-95.1182,39.1754,167.3,13081.0,-69.1,-73.4,-68.7,55,106,0.01,264,34.5,34.31100539020543,3.606231982734041,72456
2026-04-01 11:49:18,-95.1178,39.1754,167.2,13085.0,-68.9,-73.3,-68.6,54,105,0.01,264,34.6,34.410457579742264,3.6166848290608065,72456
2026-04-01 11:49:19,-95.1175,39.1754,167.1,13089.0,-68.8,-73.2,-68.6,53,103,0.01,264,34.6,34.410457579742264,3.6166848290608065,72456
2026-04-01 11:49:20,-95.1171,39.1755,167.0,13093.0,-68.7,-73.2,-68.5,53,102,0.01,264,34.7,34.50990976927909,3.627137675387572,72456
2026-04-01 11:49:21,-95.1167,39.1756,166.8,13098.0,-68.6,-73.2,-68.5,52,101,0.01,265,34.8,34.66757549359274,3.033019847618507,72456
2026-04-01 11:49:22,-95.1163,39.1756,166.7,13103.0,-68.6,-73.3,-68.6,52,100,0.01,265,34.9,34.76719496340192,3.041735421893273,72456
2026-04-01 11:49:23,-95.1159,39.1756,166.6,13108.0,-68.6,-73.3,-68.7,51,100,0.01,265,34.9,34.76719496340192,3.041735421893273,72456
2026-04-01 11:49:24,-95.1155,39.1757,166.4,13113.0,-68.6,-73.4,-68.7,51,99,0.01,265,35.0,34.8668144332111,3.050450996168039,72456
2026-04-01 11:49:25,-95.115,39.1757,166.3,13117.0,-68.7,-73.4,-68.8,51,99,0.01,266,35.1,35.01449816411983,2.448452228418808,72456
2026-04-01 11:49:26,-95.1146,39.1757,166.2,13122.0,-68.7,-73.5,-68.8,51,98,0.01,266,35.2,35.114254569145814,2.4554278757932204,72456
2026-04-01 11:49:27,-95.1142,39.1757,166.0,13127.0,-68.6,-73.5,-68.8,50,97,0.01,266,35.2,35.114254569145814,2.4554278757932204,72456
2026-04-01 11:49:28,-95.1138,39.1758,165.9,13131.0,-68.7,-73.6,-68.9,50,97,0.01,266,35.3,35.21401097417179,2.462403523167633,72456
2026-04-01 11:49:29,-95.1134,39.1758,165.8,13136.0,-68.7,-73.6,-69.0,49,96,0.01,267,35.4,35.35148553031191,1.8526928510002283,72456
2026-04-01 11:49:30,-95.113,39.1758,165.7,13140.0,-68.7,-73.7,-69.0,49,95,0.01,267,35.4,35.35148553031191,1.8526928510002283,72456
2026-04-01 11:49:31,-95.1127,39.1758,165.5,13145.0,-68.7,-73.8,-69.1,49,94,0.01,267,35.5,35.45134848378737,1.8579264466245229,72456
2026-04-01 11:49:32,-95.1123,39.1758,165.4,13151.0,-68.7,-73.9,-69.2,48,94,0.01,267,35.5,35.45134848378737,1.8579264466245229,72456
2026-04-01 11:49:33,-95.1118,39.1758,165.2,13156.0,-68.8,-74.0,-69.3,48,93,0.01,268,35.6,35.57831344187981,1.242422082609027,72456
2026-04-01 11:49:34,-95.1114,39.1758,165.1,13162.0,-68.7,-74.0,-69.3,47,92,0.01,268,35.6,35.57831344187981,1.242422082609027,72456
2026-04-01 11:49:35,-95.1109,39.1759,164.9,13167.0,-68.8,-74.1,-69.4,47,91,0.01,268,35.7,35.67825252458172,1.2459120322792772,72456
2026-04-01 11:49:36,-95.1105,39.1759,164.8,13172.0,-68.8,-74.1,-69.4,47,91,0.01,268,35.7,35.67825252458172,1.2459120322792772,72456
2026-04-01 11:49:37,-95.1101,39.1759,164.7,13177.0,-68.8,-74.2,-69.5,46,90,0.01,269,35.7,35.69456271708317,0.623050909811021,72456
2026-04-01 11:49:38,-95.1096,39.1758,164.5,13182.0,-68.8,-74.2,-69.5,46,90,0.01,269,35.7,35.69456271708317,0.623050909811021,72456
2026-04-01 11:49:39,-95.1092,39.1758,164.4,13188.0,-68.8,-74.3,-69.6,46,89,0.01,269,35.8,35.7945474865988,0.6247961504547491,72456
2026-04-01 11:49:40,-95.1088,39.1758,164.2,13193.0,-68.8,-74.3,-69.6,46,89,0.01,269,35.8,35.7945474865988,0.6247961504547491,72456
2026-04-01 11:49:41,-95.1084,39.1758,164.1,13198.0,-68.9,-74.4,-69.7,46,89,0.01,270,35.8,35.8,6.576353311421286e-15,72456
2026-04-01 11:49:42,-95.1079,39.1758,164.0,13203.0,-68.8,-74.3,-69.6,46,89,0.01,270,35.8,35.8,6.576353311421286e-15,72456
2026-04-01 11:49:43,-95.1075,39.1758,163.8,13207.0,-68.8,-74.3,-69.6,46,89,0.01,270,35.8,35.8,6.576353311421286e-15,72456
2026-04-01 11:49:44,-95.1072,39.1758,163.7,13211.0,-68.9,-74.4,-69.7,46,89,0.01,270,35.8,35.8,6.576353311421286e-15,72456
2026-04-01 11:49:45,-95.1068,39.1758,163.6,13215.0,-68.9,-74.4,-69.7,45,88,0.01,270,35.8,35.8,6.576353311421286e-15,72456
2026-04-01 11:49:46,-95.1064,39.1758,163.5,13219.0,-68.9,-74.5,-69.8,45,88,0.01,271,35.8,35.7945474865988,-0.624796150454736,72456
2026-04-01 11:49:47,-95.106,39.1758,163.4,13223.0,-68.9,-74.5,-69.8,45,88,0.01,271,35.8,35.7945474865988,-0.624796150454736,72456
2026-04-01 11:49:48,-95.1055,39.1758,163.3,13227.0,-69.0,-74.6,-69.9,45,87,0.01,271,35.7,35.69456271708317,-0.6230509098110077,72456
2026-04-01 11:49:49,-95.1051,39.1758,163.2,13231.0,-69.0,-74.7,-70.0,44,87,0.01,271,35.7,35.69456271708317,-0.6230509098110077,72456
2026-04-01 11:49:50,-95.1046,39.1758,163.1,13235.0,-69.0,-74.8,-70.1,44,86,0.01,271,35.7,35.69456271708317,-0.6230509098110077,72456
2026-04-01 11:49:51,-95.1042,39.1758,162.9,13239.0,-69.1,-74.8,-70.1,44,86,0.01,272,35.7,35.67825252458172,-1.2459120322792958,72456
2026-04-01 11:49:52,-95.1039,39.1758,162.8,13245.0,-69.1,-74.9,-70.2,44,85,0.01,272,35.7,35.67825252458172,-1.2459120322792958,72456
2026-04-01 11:49:53,-95.1035,39.1758,162.7,13250.0,-69.1,-74.9,-70.2,43,85,0.01,272,35.7,35.67825252458172,-1.2459120322792958,72456
2026-04-01 11:49:54,-95.1032,39.1758,162.5,13255.0,-69.1,-75.0,-70.3,43,84,0.01,272,35.7,35.67825252458172,-1.2459120322792958,72456
2026-04-01 11:49:55,-95.1028,39.1758,162.4,13260.0,-69.2,-75.0,-70.3,43,84,0.01,272,35.7,35.67825252458172,-1.2459120322792958,72456
2026-04-01 11:49:56,-95.1023,39.1757,162.3,13264.0,-69.2,-75.1,-70.4,43,84,0.01,273,35.7,35.65107439073829,-1.868393637873099,72456
2026-04-01 11:49:57,-95.1019,39.1757,162.2,13269.0,-69.2,-75.1,-70.4,43,83,0.01,273,35.7,35.65107439073829,-1.868393637873099,72456
2026-04-01 11:49:58,-95.1015,39.1757,162.0,13274.0,-69.2,-75.1,-70.4,43,83,0.01,273,35.7,35.65107439073829,-1.868393637873099,72456
2026-04-01 11:49:59,-95.1011,39.1757,161.9,13279.0,-69.2,-75.2,-70.5,42,83,0.01,273,35.7,35.65107439073829,-1.868393637873099,72456
2026-04-01 11:50:00,-95.1006,39.1757,161.7,13284.0,-69.3,-75.3,-70.6,42,82,0.01,273,35.8,35.75093734421374,-1.8736272334973931,72456
2026-04-01 11:50:01,-95.1002,39.1757,161.6,13290.0,-69.3,-75.4,-70.7,42,81,0.01,274,35.8,35.712792999301705,-2.497281760039683,72456
2026-04-01 11:50:02,-95.0998,39.1757,161.4,13295.0,-69.4,-75.5,-70.8,41,81,0.01,274,35.8,35.712792999301705,-2.497281760039683,72456
2026-04-01 11:50:03,-95.0993,39.1756,161.3,13300.0,-69.4,-75.6,-70.9,41,80,0.01,274,35.8,35.712792999301705,-2.497281760039683,72456
2026-04-01 11:50:04,-95.0989,39.1756,161.2,13305.0,-69.4,-75.7,-71.0,40,79,0.01,274,35.8,35.712792999301705,-2.497281760039683,72456
2026-04-01 11:50:05,-95.0985,39.1755,161.1,13309.0,-69.3,-75.8,-71.1,40,77,0.01,275,35.8,35.663770191684485,-3.120175590366152,72456
2026-04-01 11:50:06,-95.0981,39.1755,161.0,13312.0,-69.3,-75.9,-71.2,39,76,0.01,275,35.8,35.663770191684485,-3.120175590366152,72456
2026-04-01 11:50:07,-95.0977,39.1755,160.9,13316.0,-69.3,-76.0,-71.3,38,74,0.01,275,35.7,35.56415072187532,-3.111460016091387,72456
2026-04-01 11:50:08,-95.0973,39.1755,160.7,13321.0,-69.3,-76.2,-71.5,37,73,0.01,275,35.7,35.56415072187532,-3.111460016091387,72456
2026-04-01 11:50:09,-95.0969,39.1754,160.6,13326.0,-69.3,-76.4,-71.6,36,71,0.01,276,35.7,35.50443166464736,-3.731666138655212,72456
2026-04-01 11:50:10,-95.0964,39.1754,160.5,13331.0,-69.3,-76.5,-71.8,35,68,0.01,276,35.7,35.50443166464736,-3.731666138655212,72456
2026-04-01 11:50:11,-95.096,39.1753,160.3,13336.0,-69.1,-76.7,-71.9,34,66,0.01,276,35.6,35.40497947511054,-3.7212132923284464,72456
2026-04-01 11:50:12,-95.0956,39.1753,160.2,13342.0,-68.8,-76.6,-71.9,32,63,0.01,277,35.6,35.334642998431065,-4.3385486252232575,72456
2026-04-01 11:50:13,-95.0952,39.1753,160.0,13347.0,-68.6,-76.8,-72.0,31,60,0.01,277,35.5,35.23538838326693,-4.3263616908827425,72456
2026-04-01 11:50:14,-95.0948,39.1753,159.9,13353.0,-68.5,-77.0,-72.2,30,57,0.01,277,35.5,35.23538838326693,-4.3263616908827425,72456
2026-04-01 11:50:15,-95.0945,39.1753,159.7,13358.0,-68.5,-77.3,-72.5,28,55,0.01,277,35.4,35.136133768102795,-4.3141747565422275,72456
2026-04-01 11:50:16,-95.0941,39.1752,159.6,13363.0,-68.4,-77.5,-72.8,27,52,0.01,278,35.3,34.95646282657743,-4.9128104638903105,72456
2026-04-01 11:50:17,-95.0937,39.1752,159.4,13370.0,-68.3,-77.7,-73.0,26,49,0.01,278,35.2,34.85743601970328,-4.898893153794305,72456
2026-04-01 11:50:18,-95.0933,39.1751,159.3,13376.0,-68.1,-77.9,-73.1,24,47,0.01,278,35.0,34.659382405954965,-4.871058533602291,72456
2026-04-01 11:50:19,-95.0929,39.175,159.1,13384.0,-68.0,-78.1,-73.3,23,45,0.01,279,34.9,34.47032308677031,-5.45956282990405,72456
2026-04-01 11:50:20,-95.0924,39.1749,158.9,13391.0,-67.8,-78.3,-73.5,22,42,0.01,279,34.7,34.27278541865128,-5.4282759368960045,72456
2026-04-01 11:50:21,-95.092,39.1748,158.7,13397.0,-67.6,-78.4,-73.6,21,40,0.01,279,34.5,34.075247750532256,-5.396989043887959,72456
2026-04-01 11:50:22,-95.0915,39.1748,158.5,13404.0,-67.5,-78.6,-73.8,20,38,0.01,279,34.3,33.87771008241322,-5.365702150879912,72456
2026-04-01 11:50:23,-95.0912,39.1748,158.4,13409.0,-67.5,-78.9,-74.2,19,37,0.01,279,34.0,33.581403580234685,-5.318771811367843,72456
2026-04-01 11:50:24,-95.0908,39.1748,158.3,13413.0,-67.6,-79.3,-74.6,18,35,0.01,280,33.8,33.28650205181263,-5.869308405142233,72456
2026-04-01 11:50:25,-95.0904,39.1747,158.2,13418.0,-67.6,-79.7,-74.9,17,33,0.0,280,33.5,32.991059725908976,-5.817213951842154,72456
2026-04-01 11:50:26,-95.0901,39.1747,158.0,13423.0,-67.5,-80.0,-75.2,16,31,0.0,280,33.1,32.59713662470409,-5.747754680775382,72456
2026-04-01 11:50:27,-95.0897,39.1746,157.9,13429.0,-67.4,-80.2,-75.4,15,30,0.0,280,32.8,32.30169429880043,-5.695660227475303,72456
2026-04-01 11:50:28,-95.0893,39.1745,157.7,13435.0,-67.3,-80.5,-75.8,14,28,0.0,280,32.5,32.00625197289676,-5.643565774175224,72456
2026-04-01 11:50:29,-95.0889,39.1744,157.5,13441.0,-67.3,-80.9,-76.2,14,26,0.0,280,32.1,31.612328871691883,-5.574106503108452,72456
2026-04-01 11:50:30,-95.0884,39.1744,157.4,13447.0,-67.1,-81.2,-76.5,13,24,0.0,280,31.7,31.218405770486996,-5.5046472320416795,72456
2026-04-01 11:50:31,-95.088,39.1743,157.3,13453.0,-67.0,-81.5,-76.8,12,23,0.0,280,31.3,30.824482669282116,-5.4351879609749085,72456
2026-04-01 11:50:32,-95.0877,39.1742,157.1,13458.0,-66.9,-81.9,-77.2,11,21,0.0,280,30.9,30.43055956807723,-5.365728689908136,72456
2026-04-01 11:50:33,-95.0873,39.1742,157.0,13463.0,-66.9,-82.5,-77.7,10,19,0.0,280,30.5,30.03663646687235,-5.296269418841364,72456
2026-04-01 11:50:34,-95.087,39.1741,156.8,13469.0,-66.9,-83.0,-78.3,9,18,0.0,280,30.0,29.544232590366242,-5.209445330007899,72456
2026-04-01 11:50:35,-95.0867,39.174,156.7,13476.0,-66.8,-83.6,-78.8,8,16,0.0,280,29.6,29.150309489161362,-5.139986058941127,72456
2026-04-01 11:50:36,-95.0863,39.1739,156.5,13483.0,-66.8,-84.1,-79.3,8,14,0.0,280,29.2,28.75638638795648,-5.070526787874355,72456
2026-04-01 11:50:37,-95.086,39.1739,156.3,13491.0,-66.7,-84.6,-79.9,7,13,0.0,279,28.8,28.44542420913997,-4.505312593158644,72456
2026-04-01 11:50:38,-95.0857,39.1739,156.1,13498.0,-66.6,-85.2,-80.4,6,12,0.0,279,28.4,28.05034887290191,-4.442738807142551,72456
2026-04-01 11:50:39,-95.0854,39.1739,155.9,13506.0,-66.6,-85.7,-80.9,6,11,0.0,279,28.0,27.655273536663856,-4.380165021126459,72456
2026-04-01 11:50:40,-95.0851,39.1739,155.6,13515.0,-66.5,-86.1,-81.4,5,10,0.0,279,27.6,27.260198200425805,-4.317591235110367,72456
2026-04-01 11:50:41,-95.0849,39.1739,155.4,13524.0,-66.5,-86.5,-81.7,5,9,0.0,279,27.2,26.865122864187747,-4.255017449094274,72456
2026-04-01 11:50:42,-95.0847,39.1738,155.2,13532.0,-66.3,-86.7,-81.9,5,9,0.0,278,26.9,26.638211049148243,-3.743756415825761,72456
2026-04-01 11:50:43,-95.0844,39.1738,155.0,13540.0,-66.1,-86.8,-82.0,4,8,0.0,278,26.6,26.34113062852577,-3.7020044855377416,72456
2026-04-01 11:50:44,-95.0842,39.1738,154.8,13547.0,-66.1,-86.9,-82.1,4,8,0.0,278,26.2,25.945023401029143,-3.646335245153715,72456
2026-04-01 11:50:45,-95.084,39.1738,154.7,13552.0,-66.0,-86.9,-82.2,4,8,0.0,278,26.0,25.74696978728083,-3.618500624961702,72456
2026-04-01 11:50:46,-95.0838,39.1738,154.6,13557.0,-65.8,-87.0,-82.2,4,8,0.0,277,25.7,25.508436097181974,-3.1320421255122954,72456
2026-04-01 11:50:47,-95.0835,39.1738,154.4,13563.0,-65.9,-87.1,-82.4,4,8,0.0,277,25.4,25.210672251689576,-3.095481322490751,72456
2026-04-01 11:50:48,-95.0833,39.1738,154.2,13570.0,-66.0,-87.3,-82.6,4,8,0.0,277,25.2,25.012163021361314,-3.0711074538097214,72456
2026-04-01 11:50:49,-95.083,39.1737,154.0,13579.0,-66.0,-87.5,-82.8,4,7,0.0,277,25.0,24.81365379103305,-3.0467335851286923,72456
2026-04-01 11:50:50,-95.0827,39.1737,153.8,13588.0,-66.1,-87.8,-83.0,4,7,0.0,276,24.8,24.66414300513318,-2.592305889037794,72456
2026-04-01 11:50:51,-95.0824,39.1737,153.5,13598.0,-66.2,-88.0,-83.3,4,7,0.0,276,24.6,24.465238626059527,-2.5714001963842636,72456
2026-04-01 11:50:52,-95.082,39.1736,153.3,13607.0,-66.3,-88.3,-83.5,4,7,0.0,276,24.5,24.365786436522697,-2.560947350057498,72456
2026-04-01 11:50:53,-95.0816,39.1736,153.1,13615.0,-66.3,-88.4,-83.6,3,7,0.0,275,24.3,24.20753116362942,-2.1178845487680866,72456
2026-04-01 11:50:54,-95.0813,39.1736,152.9,13623.0,-66.4,-88.5,-83.7,3,7,0.0,275,24.1,24.00829222401107,-2.100453400218555,72456
2026-04-01 11:50:55,-95.081,39.1736,152.7,13631.0,-66.4,-88.5,-83.7,3,7,0.0,275,24.0,23.908672754201895,-2.091737825943789,72456
2026-04-01 11:50:56,-95.0806,39.1736,152.5,13639.0,-66.5,-88.4,-83.7,4,7,0.0,274,23.9,23.8417808012098,-1.6671797224845926,72456
2026-04-01 11:50:57,-95.0804,39.1735,152.3,13647.0,-66.6,-88.4,-83.6,4,7,0.0,274,23.8,23.74202439618382,-1.6602040751101803,72456
2026-04-01 11:50:58,-95.0801,39.1735,152.1,13654.0,-66.6,-88.2,-83.4,4,7,0.0,274,23.6,23.542511586131855,-1.6462527803613554,72456
2026-04-01 11:50:59,-95.0799,39.1734,152.0,13660.0,-66.6,-87.9,-83.1,4,7,0.0,273,23.5,23.467794066732484,-1.2298949717091827,72456
2026-04-01 11:51:00,-95.0796,39.1734,151.8,13666.0,-66.6,-87.7,-82.9,4,8,0.0,273,23.4,23.367931113257026,-1.2246613760848883,72456
2026-04-01 11:51:01,-95.0794,39.1733,151.7,13671.0,-66.6,-87.4,-82.6,4,8,0.0,272,23.2,23.18586718684302,-0.8096683234980298,72456
2026-04-01 11:51:02,-95.0792,39.1733,151.5,13677.0,-66.7,-87.2,-82.4,4,9,0.0,272,23.1,23.085928104141114,-0.8061783738277797,72456
2026-04-01 11:51:03,-95.0789,39.1734,151.4,13683.0,-66.7,-87.0,-82.2,5,9,0.0,272,23.0,22.985989021439202,-0.8026884241575295,72456
2026-04-01 11:51:04,-95.0786,39.1734,151.2,13688.0,-66.8,-86.8,-82.1,5,9,0.0,271,22.9,22.89651221908136,-0.39966010741378366,72456
2026-04-01 11:51:05,-95.0783,39.1734,151.1,13694.0,-66.8,-86.7,-81.9,5,9,0.0,271,22.7,22.69654268005008,-0.39616962612632706,72456
2026-04-01 11:51:06,-95.0781,39.1734,151.0,13699.0,-66.9,-86.5,-81.8,5,10,0.0,270,22.6,22.6,4.151552649109527e-15,72456
2026-04-01 11:51:07,-95.0779,39.1735,150.8,13704.0,-66.9,-86.4,-81.7,5,10,0.0,270,22.5,22.5,4.133182947122317e-15,72456
2026-04-01 11:51:08,-95.0777,39.1735,150.7,13708.0,-66.9,-86.3,-81.5,5,10,0.0,269,22.4,22.396588371503164,0.39093390419515034,72456
2026-04-01 11:51:09,-95.0775,39.1735,150.6,13712.0,-67.0,-86.1,-81.4,6,11,0.0,269,22.2,22.196618832471884,0.3874434229076936,72456
2026-04-01 11:51:10,-95.0773,39.1735,150.5,13716.0,-67.0,-86.0,-81.2,6,11,0.0,268,22.1,22.08653727712202,0.7712788771252669,72456
2026-04-01 11:51:11,-95.077,39.1735,150.4,13721.0,-67.0,-85.9,-81.1,6,11,0.0,268,22.0,21.986598194420107,0.7677889274550167,72456
2026-04-01 11:51:12,-95.0767,39.1735,150.3,13727.0,-67.1,-85.8,-81.0,6,11,0.0,268,21.9,21.886659111718195,0.7642989777847666,72456
2026-04-01 11:51:13,-95.0765,39.1735,150.1,13733.0,-67.1,-85.6,-80.9,6,12,0.0,267,21.8,21.77012385764971,1.140923846096186,72456
2026-04-01 11:51:14,-95.0761,39.1735,150.0,13738.0,-67.2,-85.6,-80.8,6,12,0.0,267,21.8,21.77012385764971,1.140923846096186,72456
2026-04-01 11:51:15,-95.0759,39.1735,149.8,13745.0,-67.2,-85.4,-80.7,6,12,0.0,266,21.6,21.547383485612205,1.5067398328731125,72456
2026-04-01 11:51:16,-95.0756,39.1736,149.7,13750.0,-67.3,-85.3,-80.6,7,13,0.0,266,21.6,21.547383485612205,1.5067398328731125,72456
2026-04-01 11:51:17,-95.0754,39.1736,149.6,13755.0,-67.3,-85.2,-80.4,7,13,0.0,266,21.5,21.44762708058622,1.4997641854987,72456
2026-04-01 11:51:18,-95.0751,39.1736,149.5,13759.0,-67.3,-85.1,-80.3,7,13,0.0,265,21.5,21.41818600897253,1.8738484690746524,72456
2026-04-01 11:51:19,-95.0748,39.1737,149.3,13764.0,-67.3,-84.9,-80.2,7,14,0.0,265,21.4,21.318566539163353,1.8651328947998864,72456
2026-04-01 11:51:20,-95.0746,39.1737,149.2,13769.0,-67.4,-84.8,-80.1,7,14,0.0,265,21.4,21.318566539163353,1.8651328947998864,72456
2026-04-01 11:51:21,-95.0744,39.1737,149.1,13775.0,-67.4,-84.7,-80.0,7,14,0.0,264,21.4,21.28276856088105,2.2369091139277817,72456
2026-04-01 11:51:22,-95.0742,39.1737,149.0,13780.0,-67.5,-84.6,-79.9,8,15,0.0,264,21.4,21.28276856088105,2.2369091139277817,72456
2026-04-01 11:51:23,-95.0739,39.1738,148.8,13785.0,-67.5,-84.6,-79.8,8,15,0.0,264,21.4,21.28276856088105,2.2369091139277817,72456
2026-04-01 11:51:24,-95.0737,39.1738,148.7,13790.0,-67.5,-84.5,-79.7,8,15,0.0,264,21.4,21.28276856088105,2.2369091139277817,72456
2026-04-01 11:51:25,-95.0735,39.1738,148.6,13795.0,-67.5,-84.4,-79.6,8,15,0.0,263,21.4,21.24048764512429,2.608003948870149,72456
2026-04-01 11:51:26,-95.0733,39.1738,148.5,13801.0,-67.6,-84.4,-79.6,8,16,0.0,263,21.5,21.339742260288425,2.620190883210664,72456
2026-04-01 11:51:27,-95.073,39.1738,148.3,13807.0,-67.6,-84.3,-79.6,8,16,0.0,263,21.5,21.339742260288425,2.620190883210664,72456
2026-04-01 11:51:28,-95.0728,39.1738,148.1,13813.0,-67.6,-84.3,-79.5,8,16,0.0,263,21.6,21.43899687545256,2.632377817551179,72456
2026-04-01 11:51:29,-95.0726,39.1739,148.0,13819.0,-67.7,-84.3,-79.5,8,16,0.0,263,21.6,21.43899687545256,2.632377817551179,72456
2026-04-01 11:51:30,-95.0723,39.1739,147.8,13826.0,-67.7,-84.3,-79.5,8,16,0.0,263,21.7,21.538251490616688,2.6445647518916937,72456
2026-04-01 11:51:31,-95.0721,39.1739,147.6,13833.0,-67.8,-84.3,-79.5,8,16,0.0,262,21.8,21.58784389856623,3.033973600929435,72456
2026-04-01 11:51:32,-95.0719,39.174,147.5,13841.0,-67.9,-84.3,-79.5,9,16,0.0,262,21.9,21.686870705440388,3.0478909110254415,72456
2026-04-01 11:51:33,-95.0716,39.174,147.3,13848.0,-67.9,-84.3,-79.5,9,17,0.0,262,22.0,21.785897512314545,3.0618082211214483,72456
2026-04-01 11:51:34,-95.0713,39.174,147.1,13854.0,-68.0,-84.3,-79.5,9,17,0.0,262,22.1,21.884924319188706,3.075725531217455,72456
2026-04-01 11:51:35,-95.071,39.174,147.0,13860.0,-68.0,-84.3,-79.5,9,17,0.0,262,22.2,21.98395112606286,3.089642841313461,72456
2026-04-01 11:51:36,-95.0707,39.174,146.9,13865.0,-68.0,-84.3,-79.5,9,17,0.0,262,22.4,22.182004739811173,3.1174774615054743,72456
2026-04-01 11:51:37,-95.0705,39.1741,146.7,13871.0,-68.1,-84.3,-79.5,9,17,0.0,262,22.5,22.28103154668533,3.131394771601481,72456
2026-04-01 11:51:38,-95.0703,39.1741,146.6,13877.0,-68.1,-84.3,-79.6,9,17,0.0,261,22.6,22.321756497450114,3.5354189099092217,72456
2026-04-01 11:51:39,-95.0701,39.1741,146.4,13882.0,-68.1,-84.4,-79.6,9,17,0.0,261,22.7,22.420525331509623,3.551062356413244,72456
2026-04-01 11:51:40,-95.0698,39.1741,146.3,13888.0,-68.2,-84.5,-79.7,9,17,0.0,261,22.9,22.618062999628652,3.5823492494212905,72456
2026-04-01 11:51:41,-95.0695,39.1742,146.2,13894.0,-68.2,-84.6,-79.8,9,17,0.0,261,23.0,22.716831833688165,3.597992695925314,72456
2026-04-01 11:51:42,-95.0692,39.1743,146.0,13899.0,-68.2,-84.7,-79.9,8,16,0.0,261,23.1,22.81560066774768,3.6136361424293373,72456
2026-04-01 11:51:43,-95.0689,39.1744,145.9,13903.0,-68.2,-84.8,-80.0,8,16,0.0,261,23.3,23.013138335866707,3.644923035437383,72456
2026-04-01 11:51:44,-95.0686,39.1744,145.8,13908.0,-68.2,-84.9,-80.1,8,16,0.0,262,23.4,23.17227280855274,3.25665056246554,72456
2026-04-01 11:51:45,-95.0684,39.1745,145.7,13913.0,-68.1,-84.9,-80.2,8,15,0.0,262,23.5,23.2712996154269,3.270567872561547,72456
2026-04-01 11:51:46,-95.0681,39.1745,145.6,13918.0,-68.0,-84.9,-80.2,8,15,0.0,262,23.6,23.37032642230106,3.2844851826575536,72456
2026-04-01 11:51:47,-95.0679,39.1745,145.4,13923.0,-67.6,-84.8,-80.0,8,15,0.0,262,23.7,23.469353229175216,3.29840249275356,72456
2026-04-01 11:51:48,-95.0676,39.1745,145.3,13929.0,-67.2,-84.6,-79.8,7,14,0.0,262,23.8,23.568380036049373,3.312319802849567,72456
2026-04-01 11:51:49,-95.0673,39.1746,145.2,13934.0,-66.9,-84.6,-79.8,7,14,0.0,262,23.9,23.667406842923526,3.3262371129455732,72456
2026-04-01 11:51:50,-95.067,39.1746,145.1,13939.0,-66.7,-84.5,-79.7,7,13,0.0,263,24.0,23.82110763939173,2.924864241723532,72456
2026-04-01 11:51:51,-95.0667,39.1747,144.9,13944.0,-66.5,-84.5,-79.8,7,13,0.0,263,24.1,23.920362254555865,2.937051176064047,72456
2026-04-01 11:51:52,-95.0664,39.1747,144.8,13950.0,-66.5,-84.7,-79.9,7,13,0.0,263,24.2,24.019616869719993,2.9492381104045613,72456
2026-04-01 11:51:53,-95.0662,39.1747,144.7,13956.0,-66.5,-84.9,-80.1,6,12,0.0,264,24.3,24.166882057449044,2.5400416574039766,72456
2026-04-01 11:51:54,-95.0659,39.1747,144.5,13962.0,-66.5,-85.0,-80.3,6,12,0.0,264,24.4,24.26633424698587,2.550494503730742,72456
2026-04-01 11:51:55,-95.0656,39.1747,144.4,13968.0,-66.5,-85.2,-80.5,6,12,0.0,264,24.4,24.26633424698587,2.550494503730742,72456
2026-04-01 11:51:56,-95.0653,39.1748,144.2,13973.0,-66.6,-85.4,-80.6,6,11,0.0,265,24.5,24.406770103247766,2.135315697317627,72456
2026-04-01 11:51:57,-95.0651,39.1748,144.1,13979.0,-66.6,-85.6,-80.8,6,11,0.0,265,24.6,24.506389573056943,2.144031271592393,72456
2026-04-01 11:51:58,-95.0648,39.1748,144.0,13985.0,-66.7,-85.7,-81.0,6,11,0.0,265,24.7,24.606009042866113,2.1527468458671586,72456
2026-04-01 11:51:59,-95.0645,39.1748,143.8,13990.0,-66.7,-85.8,-81.1,6,11,0.0,266,24.7,24.639832041417655,1.7229849014799017,72456
2026-04-01 11:52:00,-95.0642,39.1748,143.7,13995.0,-66.7,-85.9,-81.2,6,11,0.0,266,24.8,24.73958844644364,1.7299605488543144,72456
2026-04-01 11:52:01,-95.0639,39.1748,143.6,14000.0,-66.7,-86.0,-81.2,5,10,0.0,266,24.9,24.839344851469622,1.7369361962287269,72456
2026-04-01 11:52:02,-95.0636,39.1748,143.5,14005.0,-66.7,-86.0,-81.3,5,10,0.0,266,24.9,24.839344851469622,1.7369361962287269,72456
2026-04-01 11:52:03,-95.0633,39.1748,143.4,14011.0,-66.7,-86.1,-81.3,5,10,0.0,267,25.0,24.965738368864347,1.3083989060736076,72456
2026-04-01 11:52:04,-95.063,39.1748,143.2,14016.0,-66.7,-86.1,-81.4,5,10,0.0,267,25.1,25.065601322339806,1.3136325016979022,72456
2026-04-01 11:52:05,-95.0628,39.1748,143.1,14021.0,-66.7,-86.2,-81.4,5,10,0.0,267,25.2,25.16546427581526,1.3188660973221964,72456
2026-04-01 11:52:06,-95.0625,39.1748,143.0,14026.0,-66.7,-86.2,-81.4,5,10,0.0,267,25.2,25.16546427581526,1.3188660973221964,72456
2026-04-01 11:52:07,-95.0622,39.1748,142.9,14030.0,-66.7,-86.2,-81.4,5,10,0.0,267,25.3,25.26532722929072,1.324099692946491,72456
2026-04-01 11:52:08,-95.0619,39.1748,142.8,14034.0,-66.7,-86.2,-81.5,5,10,0.0,268,25.4,25.38452700628503,0.8864472162435193,72456
2026-04-01 11:52:09,-95.0616,39.1748,142.7,14039.0,-66.6,-86.2,-81.4,5,10,0.0,268,25.4,25.38452700628503,0.8864472162435193,72456
2026-04-01 11:52:10,-95.0613,39.1748,142.6,14043.0,-66.5,-86.1,-81.4,5,10,0.0,268,25.5,25.48446608898694,0.8899371659137694,72456
2026-04-01 11:52:11,-95.061,39.1748,142.5,14047.0,-66.4,-86.1,-81.3,5,10,0.0,268,25.6,25.584405171688854,0.8934271155840195,72456
2026-04-01 11:52:12,-95.0607,39.1748,142.4,14051.0,-66.3,-86.0,-81.3,5,10,0.0,268,25.7,25.684344254390762,0.8969170652542695,72456
2026-04-01 11:52:13,-95.0604,39.1748,142.3,14056.0,-66.3,-86.0,-81.3,5,10,0.0,268,25.7,25.684344254390762,0.8969170652542695,72456
2026-04-01 11:52:14,-95.0601,39.1748,142.2,14060.0,-66.4,-86.1,-81.3,5,10,0.0,268,25.8,25.78428333709267,0.9004070149245197,72456
2026-04-01 11:52:15,-95.0598,39.1748,142.1,14065.0,-66.4,-86.1,-81.4,5,10,0.0,268,25.9,25.88422241979458,0.9038969645947696,72456
2026-04-01 11:52:16,-95.0594,39.1748,142.0,14069.0,-66.4,-86.2,-81.4,5,10,0.0,268,25.9,25.88422241979458,0.9038969645947696,72456
2026-04-01 11:52:17,-95.0592,39.1748,141.9,14073.0,-66.4,-86.2,-81.4,5,10,0.0,268,26.0,25.98416150249649,0.9073869142650198,72456
2026-04-01 11:52:18,-95.0589,39.1749,141.8,14078.0,-66.5,-86.2,-81.5,5,10,0.0,268,26.1,26.0841005851984,0.9108768639352699,72456
2026-04-01 11:52:19,-95.0586,39.1749,141.7,14083.0,-66.5,-86.2,-81.5,5,10,0.0,268,26.1,26.0841005851984,0.9108768639352699,72456
2026-04-01 11:52:20,-95.0583,39.1749,141.5,14088.0,-66.5,-86.3,-81.5,5,10,0.0,267,26.2,26.164093810569835,1.3712020535651408,72456
2026-04-01 11:52:21,-95.058,39.1749,141.4,14094.0,-66.6,-86.3,-81.5,5,10,0.0,267,26.2,26.164093810569835,1.3712020535651408,72456
2026-04-01 11:52:22,-95.0577,39.1749,141.3,14099.0,-66.6,-86.3,-81.5,5,10,0.0,267,26.3,26.263956764045293,1.3764356491894354,72456
2026-04-01 11:52:23,-95.0574,39.175,141.2,14104.0,-66.6,-86.3,-81.5,5,10,0.0,268,26.3,26.28397875060222,0.91785676327577,72456
2026-04-01 11:52:24,-95.0571,39.175,141.1,14108.0,-66.6,-86.2,-81.5,5,10,0.0,268,26.4,26.383917833304128,0.92134671294602,72456
2026-04-01 11:52:25,-95.0568,39.175,141.0,14112.0,-66.7,-86.2,-81.5,5,10,0.0,268,26.4,26.383917833304128,0.92134671294602,72456
2026-04-01 11:52:26,-95.0565,39.175,140.9,14116.0,-66.7,-86.2,-81.5,5,10,0.0,268,26.5,26.483856916006037,0.9248366626162702,72456
2026-04-01 11:52:27,-95.0561,39.175,140.8,14120.0,-66.7,-86.2,-81.5,5,10,0.0,268,26.5,26.483856916006037,0.9248366626162702,72456
2026-04-01 11:52:28,-95.0558,39.1751,140.7,14124.0,-66.7,-86.2,-81.5,5,10,0.0,268,26.6,26.58379599870795,0.9283266122865202,72456
2026-04-01 11:52:29,-95.0555,39.1751,140.6,14129.0,-66.7,-86.2,-81.5,5,10,0.0,268,26.6,26.58379599870795,0.9283266122865202,72456
2026-04-01 11:52:30,-95.0552,39.1751,140.5,14133.0,-66.7,-86.2,-81.5,5,10,0.0,268,26.6,26.58379599870795,0.9283266122865202,72456
2026-04-01 11:52:31,-95.0549,39.1751,140.4,14138.0,-66.5,-86.2,-81.4,5,10,0.0,268,26.7,26.683735081409857,0.9318165619567703,72456
2026-04-01 11:52:32,-95.0546,39.1751,140.3,14143.0,-66.4,-86.1,-81.4,5,10,0.0,268,26.7,26.683735081409857,0.9318165619567703,72456
2026-04-01 11:52:33,-95.0543,39.1751,140.2,14147.0,-66.4,-86.2,-81.4,5,10,0.0,269,26.7,26.695933460675647,0.4659792518754694,72456
2026-04-01 11:52:34,-95.054,39.1751,140.1,14152.0,-66.4,-86.2,-81.4,5,10,0.0,269,26.7,26.695933460675647,0.4659792518754694,72456
2026-04-01 11:52:35,-95.0536,39.1751,140.0,14156.0,-66.3,-86.2,-81.4,5,10,0.0,269,26.8,26.795918230191287,0.46772449251919773,72456
2026-04-01 11:52:36,-95.0533,39.1751,139.9,14160.0,-66.2,-86.2,-81.4,5,10,0.0,269,26.8,26.795918230191287,0.46772449251919773,72456
2026-04-01 11:52:37,-95.053,39.1751,139.8,14164.0,-66.2,-86.2,-81.4,5,9,0.0,269,26.8,26.795918230191287,0.46772449251919773,72456
2026-04-01 11:52:38,-95.0527,39.1751,139.7,14169.0,-66.2,-86.2,-81.5,5,9,0.0,270,26.9,26.9,4.941449834559569e-15,72456
2026-04-01 11:52:39,-95.0524,39.1751,139.6,14173.0,-66.1,-86.2,-81.5,5,9,0.0,270,26.9,26.9,4.941449834559569e-15,72456
2026-04-01 11:52:40,-95.0521,39.1751,139.5,14177.0,-66.1,-86.3,-81.5,5,9,0.0,270,26.9,26.9,4.941449834559569e-15,72456
2026-04-01 11:52:41,-95.0519,39.1751,139.4,14181.0,-66.0,-86.3,-81.5,5,9,0.0,270,26.9,26.9,4.941449834559569e-15,72456
2026-04-01 11:52:42,-95.0515,39.175,139.3,14185.0,-66.0,-86.3,-81.5,5,9,0.0,270,27.0,27.0,4.95981953654678e-15,72456
2026-04-01 11:52:43,-95.0512,39.175,139.2,14189.0,-65.9,-86.3,-81.5,5,9,0.0,270,27.0,27.0,4.95981953654678e-15,72456
2026-04-01 11:52:44,-95.0509,39.175,139.1,14194.0,-65.8,-86.2,-81.5,5,9,0.0,271,27.0,26.995887769222563,-0.4712149738066445,72456
2026-04-01 11:52:45,-95.0506,39.175,139.0,14198.0,-65.6,-86.2,-81.4,5,9,0.0,271,27.1,27.095872538738206,-0.47296021445037284,72456
2026-04-01 11:52:46,-95.0502,39.175,138.9,14203.0,-65.5,-86.1,-81.4,5,9,0.0,271,27.1,27.095872538738206,-0.47296021445037284,72456
2026-04-01 11:52:47,-95.0499,39.175,138.8,14207.0,-65.5,-86.1,-81.4,5,9,0.0,271,27.2,27.195857308253842,-0.4747054550941011,72456
2026-04-01 11:52:48,-95.0496,39.175,138.7,14212.0,-65.5,-86.2,-81.4,4,8,0.0,271,27.2,27.195857308253842,-0.4747054550941011,72456
2026-04-01 11:52:49,-95.0493,39.175,138.6,14216.0,-65.5,-86.3,-81.5,4,8,0.0,271,27.2,27.195857308253842,-0.4747054550941011,72456
2026-04-01 11:52:50,-95.049,39.175,138.5,14220.0,-65.5,-86.3,-81.5,4,8,0.0,271,27.3,27.295842077769482,-0.47645069573782944,72456
2026-04-01 11:52:51,-95.0487,39.175,138.4,14225.0,-65.4,-86.3,-81.6,4,8,0.0,271,27.3,27.295842077769482,-0.47645069573782944,72456
2026-04-01 11:52:52,-95.0484,39.175,138.3,14230.0,-65.4,-86.4,-81.6,4,8,0.0,271,27.4,27.395826847285118,-0.4781959363815577,72456
2026-04-01 11:52:53,-95.0481,39.175,138.2,14234.0,-65.4,-86.4,-81.7,4,8,0.0,271,27.4,27.395826847285118,-0.4781959363815577,72456
2026-04-01 11:52:54,-95.0477,39.175,138.1,14238.0,-65.4,-86.4,-81.7,4,8,0.0,271,27.4,27.395826847285118,-0.4781959363815577,72456
2026-04-01 11:52:55,-95.0474,39.175,138.0,14243.0,-65.4,-86.5,-81.7,4,8,0.0,271,27.5,27.49581161680076,-0.47994117702528605,72456
2026-04-01 11:52:56,-95.0471,39.175,137.9,14247.0,-65.3,-86.5,-81.7,4,8,0.0,272,27.5,27.483247743025135,-0.9597361593187852,72456
2026-04-01 11:52:57,-95.0468,39.175,137.8,14251.0,-65.3,-86.5,-81.8,4,8,0.0,272,27.5,27.483247743025135,-0.9597361593187852,72456
2026-04-01 11:52:58,-95.0465,39.175,137.7,14255.0,-65.3,-86.6,-81.8,4,8,0.0,272,27.6,27.583186825727044,-0.9632261089890354,72456
2026-04-01 11:52:59,-95.0461,39.175,137.6,14259.0,-65.3,-86.6,-81.8,4,8,0.0,272,27.6,27.583186825727044,-0.9632261089890354,72456
2026-04-01 11:53:00,-95.0458,39.175,137.5,14263.0,-65.2,-86.6,-81.9,4,8,0.0,272,27.6,27.583186825727044,-0.9632261089890354,72456
2026-04-01 11:53:01,-95.0455,39.175,137.4,14268.0,-65.2,-86.7,-81.9,4,8,0.0,272,27.6,27.583186825727044,-0.9632261089890354,72456
2026-04-01 11:53:02,-95.0452,39.175,137.3,14272.0,-65.2,-86.7,-81.9,4,7,0.0,272,27.6,27.583186825727044,-0.9632261089890354,72456
2026-04-01 11:53:03,-95.0448,39.175,137.2,14277.0,-65.1,-86.7,-82.0,4,7,0.0,272,27.6,27.583186825727044,-0.9632261089890354,72456
2026-04-01 11:53:04,-95.0445,39.1749,137.1,14281.0,-65.1,-86.7,-82.0,4,7,0.0,272,27.6,27.583186825727044,-0.9632261089890354,72456
2026-04-01 11:53:05,-95.0442,39.1749,137.0,14286.0,-65.1,-86.8,-82.0,4,7,0.0,272,27.6,27.583186825727044,-0.9632261089890354,72456
2026-04-01 11:53:06,-95.0439,39.1749,136.9,14290.0,-65.1,-86.8,-82.0,4,7,0.0,272,27.6,27.583186825727044,-0.9632261089890354,72456
2026-04-01 11:53:07,-95.0435,39.1749,136.8,14294.0,-65.0,-86.8,-82.1,4,7,0.0,273,27.5,27.46231220575078,-1.4392387966809586,72456
2026-04-01 11:53:08,-95.0432,39.1749,136.7,14298.0,-65.0,-86.8,-82.1,4,7,0.0,273,27.5,27.46231220575078,-1.4392387966809586,72456
2026-04-01 11:53:09,-95.0429,39.1749,136.6,14302.0,-64.9,-86.8,-82.0,4,7,0.0,273,27.5,27.46231220575078,-1.4392387966809586,72456
2026-04-01 11:53:10,-95.0426,39.1749,136.5,14306.0,-64.9,-86.8,-82.0,4,7,0.0,273,27.5,27.46231220575078,-1.4392387966809586,72456
2026-04-01 11:53:11,-95.0422,39.1748,136.4,14311.0,-64.8,-86.7,-82.0,4,7,0.0,273,27.4,27.362449252275322,-1.434005201056664,72456
2026-04-01 11:53:12,-95.0419,39.1748,136.3,14315.0,-64.7,-86.7,-81.9,4,7,0.0,273,27.4,27.362449252275322,-1.434005201056664,72456
2026-04-01 11:53:13,-95.0416,39.1748,136.2,14320.0,-64.6,-86.7,-81.9,4,7,0.0,273,27.4,27.362449252275322,-1.434005201056664,72456
2026-04-01 11:53:15,-95.041,39.1748,136.1,14324.0,-64.6,-86.7,-81.9,4,7,0.0,273,27.3,27.262586298799867,-1.4287716054323698,72456
2026-04-01 11:53:16,-95.0407,39.1748,136.0,14332.0,-64.4,-86.6,-81.8,4,7,0.0,274,27.3,27.233498572093204,-1.9043517332146185,72456
2026-04-01 11:53:17,-95.0404,39.1748,135.9,14336.0,-64.3,-86.5,-81.8,4,7,0.0,274,27.2,27.133742167067222,-1.897376085840206,72456
2026-04-01 11:53:18,-95.0401,39.1748,135.8,14341.0,-64.2,-86.5,-81.7,4,7,0.0,274,27.2,27.133742167067222,-1.897376085840206,72456
2026-04-01 11:53:19,-95.0398,39.1747,135.7,14345.0,-64.2,-86.5,-81.8,4,7,0.0,274,27.2,27.133742167067222,-1.897376085840206,72456
2026-04-01 11:53:20,-95.0395,39.1747,135.6,14350.0,-64.1,-86.5,-81.8,4,7,0.0,274,27.2,27.133742167067222,-1.897376085840206,72456
2026-04-01 11:53:21,-95.0392,39.1747,135.5,14354.0,-64.1,-86.5,-81.8,4,7,0.0,274,27.2,27.133742167067222,-1.897376085840206,72456
2026-04-01 11:53:22,-95.0388,39.1747,135.4,14358.0,-64.1,-86.6,-81.8,4,7,0.0,274,27.2,27.133742167067222,-1.897376085840206,72456
2026-04-01 11:53:23,-95.0385,39.1746,135.3,14362.0,-64.1,-86.7,-81.9,3,7,0.0,274,27.2,27.133742167067222,-1.897376085840206,72456
2026-04-01 11:53:24,-95.0383,39.1746,135.2,14366.0,-64.1,-86.7,-81.9,3,6,0.0,274,27.2,27.133742167067222,-1.897376085840206,72456
2026-04-01 11:53:25,-95.038,39.1746,135.1,14371.0,-64.1,-86.8,-82.0,3,6,0.0,274,27.2,27.133742167067222,-1.897376085840206,72456
2026-04-01 11:53:26,-95.0377,39.1746,135.0,14376.0,-64.1,-86.8,-82.0,3,6,0.0,274,27.2,27.133742167067222,-1.897376085840206,72456
2026-04-01 11:53:27,-95.0374,39.1746,134.9,14380.0,-64.0,-86.7,-82.0,3,6,0.0,274,27.2,27.133742167067222,-1.897376085840206,72456
2026-04-01 11:53:28,-95.0371,39.1745,134.8,14385.0,-63.9,-86.7,-81.9,3,6,0.0,274,27.3,27.233498572093204,-1.9043517332146185,72456
2026-04-01 11:53:29,-95.0367,39.1745,134.7,14389.0,-63.8,-86.7,-81.9,3,6,0.0,274,27.3,27.233498572093204,-1.9043517332146185,72456
2026-04-01 11:53:30,-95.0364,39.1745,134.6,14393.0,-63.8,-86.6,-81.9,3,6,0.0,274,27.4,27.333254977119186,-1.911327380589031,72456
2026-04-01 11:53:31,-95.0361,39.1745,134.5,14397.0,-63.7,-86.6,-81.8,3,6,0.0,274,27.4,27.333254977119186,-1.911327380589031,72456
2026-04-01 11:53:32,-95.0357,39.1745,134.4,14402.0,-63.7,-86.5,-81.8,3,6,0.0,274,27.5,27.433011382145168,-1.9183030279634434,72456
2026-04-01 11:53:33,-95.0354,39.1745,134.3,14406.0,-63.7,-86.5,-81.8,3,6,0.0,274,27.5,27.433011382145168,-1.9183030279634434,72456
2026-04-01 11:53:34,-95.0351,39.1745,134.2,14410.0,-63.7,-86.5,-81.8,3,6,0.0,274,27.6,27.532767787171153,-1.9252786753378561,72456
2026-04-01 11:53:36,-95.0345,39.1744,134.1,14414.0,-63.7,-86.5,-81.8,3,6,0.0,274,27.7,27.63252419219713,-1.9322543227122686,72456
2026-04-01 11:53:37,-95.0342,39.1744,134.0,14423.0,-63.8,-86.5,-81.8,3,6,0.0,274,27.8,27.732280597223117,-1.939229970086681,72456
2026-04-01 11:53:38,-95.0339,39.1744,133.9,14428.0,-63.8,-86.5,-81.8,3,6,0.0,273,27.9,27.861764019652608,-1.460173179178136,72456
2026-04-01 11:53:39,-95.0335,39.1744,133.8,14432.0,-63.8,-86.5,-81.8,3,6,0.0,273,28.0,27.961626973128066,-1.4654067748024304,72456
2026-04-01 11:53:40,-95.0332,39.1744,133.7,14436.0,-63.8,-86.5,-81.8,3,6,0.0,273,28.0,27.961626973128066,-1.4654067748024304,72456
2026-04-01 11:53:41,-95.0328,39.1744,133.6,14440.0,-63.8,-86.5,-81.8,3,6,0.0,273,28.1,28.061489926603524,-1.470640370426725,72456
2026-04-01 11:53:42,-95.0325,39.1744,133.5,14444.0,-63.9,-86.5,-81.8,3,6,0.0,273,28.2,28.161352880078983,-1.4758739660510192,72456
2026-04-01 11:53:43,-95.0322,39.1743,133.4,14449.0,-63.9,-86.5,-81.8,3,6,0.0,273,28.3,28.26121583355444,-1.4811075616753138,72456
2026-04-01 11:53:44,-95.0318,39.1743,133.3,14453.0,-63.9,-86.6,-81.8,3,6,0.0,273,28.4,28.361078787029896,-1.486341157299608,72456
2026-04-01 11:53:45,-95.0315,39.1743,133.2,14458.0,-64.0,-86.6,-81.8,3,6,0.0,273,28.4,28.361078787029896,-1.486341157299608,72456
2026-04-01 11:53:46,-95.0312,39.1743,133.1,14462.0,-64.0,-86.6,-81.8,3,6,0.0,273,28.5,28.460941740505355,-1.4915747529239025,72456
2026-04-01 11:53:47,-95.0309,39.1743,133.0,14466.0,-64.1,-86.6,-81.8,3,6,0.0,273,28.6,28.560804693980813,-1.4968083485481969,72456
2026-04-01 11:53:48,-95.0306,39.1743,132.9,14471.0,-64.1,-86.6,-81.9,3,7,0.0,273,28.6,28.560804693980813,-1.4968083485481969,72456
2026-04-01 11:53:49,-95.0302,39.1743,132.8,14476.0,-64.1,-86.6,-81.9,4,7,0.0,273,28.7,28.66066764745627,-1.5020419441724913,72456
2026-04-01 11:53:50,-95.0299,39.1743,132.7,14480.0,-64.2,-86.6,-81.9,4,7,0.0,273,28.8,28.760530600931727,-1.5072755397967856,72456
2026-04-01 11:53:51,-95.0296,39.1743,132.6,14485.0,-64.2,-86.7,-81.9,4,7,0.0,273,28.8,28.760530600931727,-1.5072755397967856,72456
2026-04-01 11:53:52,-95.0292,39.1742,132.5,14490.0,-64.2,-86.7,-81.9,4,7,0.0,273,28.8,28.760530600931727,-1.5072755397967856,72456
2026-04-01 11:53:53,-95.0289,39.1742,132.4,14494.0,-64.2,-86.7,-81.9,4,7,0.0,273,28.9,28.86039355440718,-1.51250913542108,72456
2026-04-01 11:53:55,-95.0282,39.1742,132.3,14498.0,-64.3,-86.7,-82.0,4,7,0.0,273,28.9,28.86039355440718,-1.51250913542108,72456
2026-04-01 11:53:56,-95.0279,39.1742,132.2,14505.0,-64.3,-86.8,-82.1,3,6,0.0,273,29.0,28.96025650788264,-1.5177427310453744,72456
2026-04-01 11:53:57,-95.0275,39.1742,132.1,14510.0,-64.3,-86.8,-82.1,3,6,0.0,273,29.0,28.96025650788264,-1.5177427310453744,72456
2026-04-01 11:53:58,-95.0272,39.1742,132.0,14515.0,-64.3,-86.9,-82.1,3,6,0.0,273,29.0,28.96025650788264,-1.5177427310453744,72456
2026-04-01 11:53:59,-95.0268,39.1741,131.9,14519.0,-64.2,-86.8,-82.1,3,6,0.0,274,28.9,28.82960105250892,-2.0159620912052185,72456
2026-04-01 11:54:00,-95.0264,39.1741,131.8,14524.0,-64.1,-86.7,-82.0,3,6,0.0,274,28.9,28.82960105250892,-2.0159620912052185,72456
2026-04-01 11:54:01,-95.0261,39.1741,131.7,14528.0,-64.0,-86.7,-81.9,3,6,0.0,274,28.9,28.82960105250892,-2.0159620912052185,72456
2026-04-01 11:54:02,-95.0258,39.1741,131.6,14533.0,-63.8,-86.6,-81.8,3,6,0.0,274,28.9,28.82960105250892,-2.0159620912052185,72456
2026-04-01 11:54:03,-95.0255,39.174,131.5,14537.0,-63.6,-86.4,-81.7,3,6,0.0,274,28.8,28.729844647482942,-2.0089864438308065,72456
2026-04-01 11:54:04,-95.0252,39.174,131.4,14541.0,-63.4,-86.4,-81.6,3,6,0.0,274,28.8,28.729844647482942,-2.0089864438308065,72456
2026-04-01 11:54:05,-95.0248,39.174,131.3,14546.0,-63.4,-86.4,-81.6,3,6,0.0,274,28.7,28.630088242456956,-2.0020107964563936,72456
2026-04-01 11:54:06,-95.0245,39.174,131.2,14550.0,-63.3,-86.4,-81.6,3,6,0.0,274,28.7,28.630088242456956,-2.0020107964563936,72456
2026-04-01 11:54:07,-95.0241,39.174,131.1,14554.0,-63.3,-86.4,-81.6,3,6,0.0,274,28.6,28.53033183743098,-1.9950351490819813,72456
2026-04-01 11:54:08,-95.0238,39.174,131.0,14559.0,-63.3,-86.4,-81.7,3,6,0.0,274,28.5,28.430575432404993,-1.9880595017075688,72456
2026-04-01 11:54:09,-95.0235,39.174,130.9,14564.0,-63.3,-86.5,-81.7,3,6,0.0,274,28.5,28.430575432404993,-1.9880595017075688,72456
2026-04-01 11:54:10,-95.0232,39.1739,130.8,14569.0,-63.3,-86.5,-81.7,3,6,0.0,275,28.4,28.291929425805574,-2.475223094033484,72456
2026-04-01 11:54:11,-95.0229,39.1739,130.7,14574.0,-63.2,-86.5,-81.7,3,6,0.0,275,28.3,28.1923099559964,-2.4665075197587183,72456
2026-04-01 11:54:12,-95.0225,39.1739,130.6,14579.0,-63.2,-86.5,-81.7,3,6,0.0,275,28.2,28.092690486187223,-2.4577919454839523,72456
2026-04-01 11:54:13,-95.0222,39.1739,130.5,14583.0,-63.2,-86.5,-81.8,3,6,0.0,275,28.1,27.99307101637805,-2.4490763712091868,72456
2026-04-01 11:54:14,-95.0219,39.1738,130.4,14588.0,-63.2,-86.5,-81.8,3,6,0.0,275,28.1,27.99307101637805,-2.4490763712091868,72456
2026-04-01 11:54:15,-95.0215,39.1738,130.3,14592.0,-63.1,-86.6,-81.8,3,6,0.0,275,28.0,27.893451546568876,-2.4403607969344208,72456
2026-04-01 11:54:16,-95.0212,39.1738,130.2,14597.0,-63.1,-86.6,-81.8,3,6,0.0,275,27.9,27.7938320767597,-2.4316452226596548,72456
2026-04-01 11:54:17,-95.0209,39.1738,130.1,14601.0,-63.1,-86.6,-81.8,3,6,0.0,275,27.8,27.694212606950526,-2.4229296483848892,72456
2026-04-01 11:54:18,-95.0206,39.1737,130.0,14606.0,-63.1,-86.6,-81.8,3,6,0.0,275,27.8,27.694212606950526,-2.4229296483848892,72456
2026-04-01 11:54:19,-95.0203,39.1737,129.9,14611.0,-63.0,-86.6,-81.9,3,6,0.0,275,27.7,27.594593137141352,-2.4142140741101232,72456
2026-04-01 11:54:20,-95.02,39.1737,129.8,14615.0,-63.0,-86.6,-81.9,3,6,0.0,275,27.7,27.594593137141352,-2.4142140741101232,72456
2026-04-01 11:54:21,-95.0197,39.1736,129.7,14620.0,-62.9,-86.6,-81.9,3,6,0.0,276,27.6,27.44880431216435,-2.8849855861872227,72456
2026-04-01 11:54:22,-95.0194,39.1736,129.6,14625.0,-62.9,-86.6,-81.9,3,5,0.0,276,27.6,27.44880431216435,-2.8849855861872227,72456
2026-04-01 11:54:23,-95.0191,39.1736,129.5,14629.0,-62.8,-86.6,-81.9,3,5,0.0,276,27.5,27.34935212262752,-2.874532739860457,72456
2026-04-01 11:54:24,-95.0187,39.1736,129.4,14633.0,-62.8,-86.6,-81.9,3,5,0.0,276,27.5,27.34935212262752,-2.874532739860457,72456
2026-04-01 11:54:25,-95.0184,39.1736,129.3,14638.0,-62.6,-86.5,-81.7,3,5,0.0,276,27.4,27.24989993309069,-2.8640798935336917,72456
2026-04-01 11:54:26,-95.0181,39.1735,129.2,14643.0,-62.4,-86.4,-81.6,3,5,0.0,276,27.4,27.24989993309069,-2.8640798935336917,72456
2026-04-01 11:54:27,-95.0178,39.1735,129.1,14647.0,-62.4,-86.4,-81.6,3,5,0.0,276,27.4,27.24989993309069,-2.8640798935336917,72456
2026-04-01 11:54:28,-95.0175,39.1735,129.0,14652.0,-62.3,-86.4,-81.6,3,5,0.0,276,27.4,27.24989993309069,-2.8640798935336917,72456
2026-04-01 11:54:30,-95.0169,39.1734,128.9,14657.0,-62.3,-86.4,-81.6,3,5,0.0,276,27.4,27.24989993309069,-2.8640798935336917,72456
2026-04-01 11:54:31,-95.0166,39.1734,128.8,14666.0,-62.3,-86.3,-81.5,3,5,0.0,276,27.3,27.150447743553865,-2.8536270472069267,72456
2026-04-01 11:54:32,-95.0163,39.1734,128.7,14670.0,-62.2,-86.3,-81.5,3,5,0.0,276,27.3,27.150447743553865,-2.8536270472069267,72456
2026-04-01 11:54:33,-95.016,39.1734,128.6,14675.0,-62.3,-86.2,-81.5,3,5,0.0,276,27.3,27.150447743553865,-2.8536270472069267,72456
2026-04-01 11:54:34,-95.0156,39.1733,128.5,14679.0,-62.3,-86.2,-81.5,3,5,0.0,276,27.3,27.150447743553865,-2.8536270472069267,72456
2026-04-01 11:54:35,-95.0153,39.1733,128.4,14684.0,-62.3,-86.3,-81.5,3,5,0.0,276,27.3,27.150447743553865,-2.8536270472069267,72456
2026-04-01 11:54:36,-95.015,39.1733,128.3,14688.0,-62.4,-86.3,-81.5,3,5,0.0,276,27.4,27.24989993309069,-2.8640798935336917,72456
2026-04-01 11:54:37,-95.0147,39.1733,128.2,14693.0,-62.4,-86.3,-81.5,3,5,0.0,276,27.4,27.24989993309069,-2.8640798935336917,72456
2026-04-01 11:54:38,-95.0144,39.1733,128.1,14698.0,-62.4,-86.3,-81.5,3,5,0.0,276,27.4,27.24989993309069,-2.8640798935336917,72456
2026-04-01 11:54:39,-95.0141,39.1732,128.0,14702.0,-62.4,-86.3,-81.5,3,5,0.0,276,27.4,27.24989993309069,-2.8640798935336917,72456
2026-04-01 11:54:40,-95.0138,39.1732,127.9,14707.0,-62.4,-86.3,-81.5,3,5,0.0,276,27.4,27.24989993309069,-2.8640798935336917,72456
2026-04-01 11:54:41,-95.0135,39.1732,127.8,14712.0,-62.5,-86.3,-81.5,3,5,0.0,276,27.4,27.24989993309069,-2.8640798935336917,72456
2026-04-01 11:54:42,-95.0132,39.1732,127.7,14716.0,-62.5,-86.3,-81.5,3,5,0.0,276,27.4,27.24989993309069,-2.8640798935336917,72456
2026-04-01 11:54:43,-95.0128,39.1731,127.6,14721.0,-62.5,-86.3,-81.5,3,5,0.0,276,27.4,27.24989993309069,-2.8640798935336917,72456
2026-04-01 11:54:44,-95.0125,39.1731,127.5,14725.0,-62.5,-86.3,-81.5,3,5,0.0,276,27.4,27.24989993309069,-2.8640798935336917,72456
2026-04-01 11:54:45,-95.0122,39.1731,127.4,14730.0,-62.5,-86.3,-81.5,3,5,0.0,276,27.4,27.24989993309069,-2.8640798935336917,72456
2026-04-01 11:54:46,-95.0118,39.173,127.3,14735.0,-62.5,-86.3,-81.6,3,5,0.0,276,27.4,27.24989993309069,-2.8640798935336917,72456
2026-04-01 11:54:47,-95.0115,39.173,127.2,14740.0,-62.5,-86.3,-81.6,3,5,0.0,276,27.4,27.24989993309069,-2.8640798935336917,72456
2026-04-01 11:54:48,-95.0112,39.173,127.1,14744.0,-62.6,-86.4,-81.6,3,6,0.0,276,27.4,27.24989993309069,-2.8640798935336917,72456
2026-04-01 11:54:50,-95.0106,39.173,127.0,14749.0,-62.6,-86.4,-81.6,3,6,0.0,276,27.4,27.24989993309069,-2.8640798935336917,72456
2026-04-01 11:54:51,-95.0103,39.1729,126.9,14757.0,-62.6,-86.4,-81.6,3,6,0.0,276,27.4,27.24989993309069,-2.8640798935336917,72456
2026-04-01 11:54:52,-95.01,39.1729,126.8,14762.0,-62.6,-86.4,-81.6,3,6,0.0,276,27.3,27.150447743553865,-2.8536270472069267,72456
2026-04-01 11:54:53,-95.0096,39.1728,126.7,14766.0,-62.6,-86.4,-81.6,3,6,0.0,276,27.3,27.150447743553865,-2.8536270472069267,72456
2026-04-01 11:54:54,-95.0093,39.1728,126.6,14770.0,-62.6,-86.3,-81.6,3,6,0.0,276,27.3,27.150447743553865,-2.8536270472069267,72456
2026-04-01 11:54:55,-95.009,39.1728,126.5,14775.0,-62.6,-86.3,-81.6,3,6,0.0,276,27.3,27.150447743553865,-2.8536270472069267,72456
2026-04-01 11:54:56,-95.0087,39.1728,126.4,14781.0,-62.6,-86.3,-81.6,3,6,0.0,276,27.3,27.150447743553865,-2.8536270472069267,72456
2026-04-01 11:54:57,-95.0084,39.1728,126.3,14786.0,-62.6,-86.4,-81.6,3,6,0.0,276,27.3,27.150447743553865,-2.8536270472069267,72456
2026-04-01 11:54:58,-95.0081,39.1727,126.2,14791.0,-62.6,-86.4,-81.6,3,5,0.0,276,27.2,27.050995554017035,-2.8431742008801613,72456
2026-04-01 11:54:59,-95.0077,39.1727,126.1,14796.0,-62.6,-86.4,-81.7,3,5,0.0,275,27.2,27.096495788095478,-2.3706362027362946,72456
2026-04-01 11:55:00,-95.0074,39.1727,126.0,14801.0,-62.7,-86.4,-81.7,3,5,0.0,275,27.2,27.096495788095478,-2.3706362027362946,72456
2026-04-01 11:55:01,-95.0072,39.1726,125.9,14806.0,-62.7,-86.5,-81.7,3,5,0.0,275,27.2,27.096495788095478,-2.3706362027362946,72456
2026-04-01 11:55:02,-95.0069,39.1726,125.8,14810.0,-62.7,-86.5,-81.7,3,5,0.0,275,27.2,27.096495788095478,-2.3706362027362946,72456
2026-04-01 11:55:03,-95.0066,39.1726,125.7,14815.0,-62.7,-86.5,-81.7,3,5,0.0,275,27.2,27.096495788095478,-2.3706362027362946,72456
2026-04-01 11:55:04,-95.0063,39.1726,125.6,14820.0,-62.6,-86.4,-81.7,3,5,0.0,275,27.2,27.096495788095478,-2.3706362027362946,72456
2026-04-01 11:55:05,-95.006,39.1726,125.5,14825.0,-62.6,-86.4,-81.7,3,5,0.0,275,27.2,27.096495788095478,-2.3706362027362946,72456
2026-04-01 11:55:06,-95.0056,39.1726,125.4,14829.0,-62.6,-86.4,-81.7,3,5,0.0,274,27.1,27.03398576204124,-1.8904004384657935,72456
2026-04-01 11:55:07,-95.0053,39.1725,125.3,14834.0,-62.6,-86.4,-81.7,3,5,0.0,274,27.1,27.03398576204124,-1.8904004384657935,72456
2026-04-01 11:55:08,-95.005,39.1725,125.2,14839.0,-62.7,-86.4,-81.7,3,5,0.0,274,27.1,27.03398576204124,-1.8904004384657935,72456
2026-04-01 11:55:09,-95.0047,39.1725,125.1,14843.0,-62.7,-86.4,-81.7,3,6,0.0,274,27.1,27.03398576204124,-1.8904004384657935,72456
2026-04-01 11:55:10,-95.0044,39.1724,125.0,14848.0,-62.7,-86.5,-81.7,3,6,0.0,274,27.1,27.03398576204124,-1.8904004384657935,72456
2026-04-01 11:55:11,-95.0041,39.1724,124.9,14853.0,-62.8,-86.5,-81.7,3,6,0.0,273,27.1,27.062860391848954,-1.418304414183781,72456
2026-04-01 11:55:12,-95.0038,39.1725,124.8,14859.0,-62.8,-86.5,-81.8,3,6,0.0,273,27.1,27.062860391848954,-1.418304414183781,72456
2026-04-01 11:55:13,-95.0035,39.1724,124.7,14864.0,-62.9,-86.5,-81.8,3,6,0.0,273,27.2,27.16272334532441,-1.4235380098080752,72456
2026-04-01 11:55:14,-95.0032,39.1724,124.6,14870.0,-62.9,-86.5,-81.8,3,6,0.0,273,27.2,27.16272334532441,-1.4235380098080752,72456
2026-04-01 11:55:15,-95.0028,39.1724,124.5,14875.0,-62.9,-86.6,-81.8,3,6,0.0,273,27.2,27.16272334532441,-1.4235380098080752,72456
2026-04-01 11:55:16,-95.0025,39.1724,124.4,14880.0,-62.9,-86.6,-81.8,3,6,0.0,272,27.2,27.183430494919403,-0.9492663103080349,72456
2026-04-01 11:55:17,-95.0022,39.1724,124.3,14884.0,-62.9,-86.6,-81.8,3,6,0.0,272,27.2,27.183430494919403,-0.9492663103080349,72456
2026-04-01 11:55:18,-95.0018,39.1724,124.2,14888.0,-63.0,-86.6,-81.8,3,6,0.0,272,27.2,27.183430494919403,-0.9492663103080349,72456
2026-04-01 11:55:19,-95.0015,39.1724,124.1,14892.0,-63.0,-86.6,-81.8,3,6,0.0,272,27.1,27.083491412217498,-0.9457763606377848,72456
2026-04-01 11:55:20,-95.0012,39.1724,124.0,14897.0,-62.9,-86.6,-81.8,3,6,0.0,271,27.1,27.095872538738206,-0.47296021445037284,72456
2026-04-01 11:55:21,-95.0009,39.1724,123.9,14902.0,-62.9,-86.5,-81.8,3,6,0.0,271,27.1,27.095872538738206,-0.47296021445037284,72456
2026-04-01 11:55:22,-95.0006,39.1724,123.8,14907.0,-62.9,-86.5,-81.7,3,6,0.0,271,27.1,27.095872538738206,-0.47296021445037284,72456
2026-04-01 11:55:23,-95.0003,39.1724,123.7,14912.0,-62.9,-86.5,-81.7,3,6,0.0,271,27.1,27.095872538738206,-0.47296021445037284,72456
2026-04-01 11:55:24,-95.0,39.1724,123.6,14917.0,-62.9,-86.5,-81.7,3,6,0.0,271,27.1,27.095872538738206,-0.47296021445037284,72456
2026-04-01 11:55:25,-94.9996,39.1724,123.5,14922.0,-62.9,-86.5,-81.7,3,6,0.0,270,27.0,27.0,4.95981953654678e-15,72456
2026-04-01 11:55:26,-94.9993,39.1724,123.4,14927.0,-62.9,-86.5,-81.7,3,6,0.0,270,27.0,27.0,4.95981953654678e-15,72456
2026-04-01 11:55:27,-94.999,39.1724,123.3,14932.0,-62.9,-86.5,-81.8,3,6,0.0,270,27.0,27.0,4.95981953654678e-15,72456
2026-04-01 11:55:28,-94.9987,39.1724,123.2,14937.0,-62.9,-86.5,-81.8,3,6,0.0,270,26.9,26.9,4.941449834559569e-15,72456
2026-04-01 11:55:29,-94.9984,39.1724,123.1,14941.0,-63.0,-86.6,-81.8,3,6,0.0,270,26.9,26.9,4.941449834559569e-15,72456
2026-04-01 11:55:31,-94.9978,39.1724,123.0,14946.0,-63.0,-86.6,-81.8,3,6,0.0,270,26.8,26.8,4.92308013257236e-15,72456
2026-04-01 11:55:32,-94.9975,39.1724,122.9,14955.0,-63.0,-86.6,-81.8,3,6,0.0,269,26.7,26.695933460675647,0.4659792518754694,72456
2026-04-01 11:55:33,-94.9972,39.1724,122.8,14959.0,-63.0,-86.6,-81.8,3,6,0.0,269,26.7,26.695933460675647,0.4659792518754694,72456
2026-04-01 11:55:34,-94.9969,39.1724,122.7,14964.0,-63.0,-86.6,-81.9,3,6,0.0,269,26.6,26.59594869116001,0.4642340112317411,72456
2026-04-01 11:55:35,-94.9966,39.1725,122.6,14969.0,-63.0,-86.6,-81.9,3,6,0.0,269,26.5,26.495963921644368,0.4624887705880127,72456
2026-04-01 11:55:36,-94.9962,39.1725,122.5,14973.0,-63.0,-86.6,-81.9,3,6,0.0,269,26.4,26.395979152128728,0.4607435299442843,72456
2026-04-01 11:55:37,-94.9959,39.1725,122.4,14978.0,-63.0,-86.6,-81.9,3,6,0.0,269,26.4,26.395979152128728,0.4607435299442843,72456
2026-04-01 11:55:38,-94.9956,39.1725,122.3,14983.0,-63.0,-86.6,-81.9,3,6,0.0,269,26.3,26.29599438261309,0.45899828930055603,72456
2026-04-01 11:55:39,-94.9953,39.1725,122.2,14988.0,-63.0,-86.7,-81.9,3,6,0.0,269,26.2,26.196009613097452,0.45725304865682764,72456
2026-04-01 11:55:40,-94.995,39.1725,122.1,14993.0,-63.0,-86.6,-81.9,3,6,0.0,269,26.1,26.096024843581812,0.4555078080130993,72456
2026-04-01 11:55:41,-94.9948,39.1725,122.0,14998.0,-62.9,-86.6,-81.9,3,6,0.0,269,26.1,26.096024843581812,0.4555078080130993,72456
2026-04-01 11:55:42,-94.9944,39.1725,121.9,15003.0,-62.9,-86.6,-81.9,3,5,0.0,269,26.0,25.996040074066173,0.45376256736937093,72456
2026-04-01 11:55:43,-94.9941,39.1725,121.8,15008.0,-62.9,-86.7,-81.9,3,5,0.0,270,25.9,25.9,4.757752814687467e-15,72456
2026-04-01 11:55:44,-94.9938,39.1725,121.7,15012.0,-62.9,-86.7,-81.9,3,5,0.0,270,25.9,25.9,4.757752814687467e-15,72456
2026-04-01 11:55:45,-94.9935,39.1725,121.6,15017.0,-62.9,-86.7,-82.0,3,5,0.0,270,25.8,25.8,4.739383112700257e-15,72456
2026-04-01 11:55:47,-94.993,39.1725,121.5,15021.0,-63.0,-86.8,-82.0,3,5,0.0,270,25.7,25.7,4.721013410713046e-15,72456
2026-04-01 11:55:48,-94.9927,39.1725,121.4,15030.0,-63.0,-86.9,-82.1,3,5,0.0,270,25.7,25.7,4.721013410713046e-15,72456
2026-04-01 11:55:49,-94.9924,39.1725,121.3,15034.0,-62.9,-86.8,-82.1,3,5,0.0,270,25.6,25.6,4.702643708725836e-15,72456
2026-04-01 11:55:50,-94.9921,39.1725,121.2,15039.0,-62.9,-86.8,-82.1,3,5,0.0,270,25.6,25.6,4.702643708725836e-15,72456
2026-04-01 11:55:51,-94.9918,39.1725,121.1,15044.0,-62.9,-86.9,-82.1,3,5,0.0,270,25.6,25.6,4.702643708725836e-15,72456
2026-04-01 11:55:52,-94.9915,39.1725,121.0,15049.0,-62.9,-86.9,-82.1,3,5,0.0,270,25.6,25.6,4.702643708725836e-15,72456
2026-04-01 11:55:53,-94.9912,39.1725,120.9,15054.0,-62.9,-86.9,-82.1,3,5,0.0,270,25.6,25.6,4.702643708725836e-15,72456
2026-04-01 11:55:54,-94.991,39.1725,120.8,15058.0,-62.8,-86.9,-82.1,3,5,0.0,270,25.6,25.6,4.702643708725836e-15,72456
2026-04-01 11:55:55,-94.9907,39.1725,120.7,15063.0,-62.7,-86.8,-82.1,3,5,0.0,270,25.7,25.7,4.721013410713046e-15,72456
2026-04-01 11:55:56,-94.9904,39.1725,120.6,15067.0,-62.7,-86.8,-82.0,3,5,0.0,270,25.7,25.7,4.721013410713046e-15,72456
2026-04-01 11:55:58,-94.9899,39.1724,120.5,15072.0,-62.6,-86.8,-82.0,3,5,0.0,270,25.8,25.8,4.739383112700257e-15,72456
2026-04-01 11:55:59,-94.9896,39.1724,120.4,15081.0,-62.6,-86.8,-82.0,3,5,0.0,270,25.9,25.9,4.757752814687467e-15,72456
2026-04-01 11:56:00,-94.9893,39.1724,120.3,15086.0,-62.6,-86.8,-82.1,3,5,0.0,270,26.0,26.0,4.776122516674677e-15,72456
2026-04-01 11:56:01,-94.9889,39.1724,120.2,15091.0,-62.7,-86.8,-82.1,3,5,0.0,270,26.1,26.1,4.7944922186618875e-15,72456
2026-04-01 11:56:02,-94.9886,39.1724,120.1,15096.0,-62.7,-86.9,-82.1,3,5,0.0,270,26.2,26.2,4.812861920649098e-15,72456
2026-04-01 11:56:03,-94.9883,39.1724,120.0,15101.0,-62.7,-86.9,-82.1,3,5,0.0,270,26.3,26.3,4.831231622636308e-15,72456
2026-04-01 11:56:04,-94.988,39.1724,119.9,15105.0,-62.7,-86.9,-82.1,3,5,0.0,270,26.4,26.4,4.849601324623518e-15,72456
2026-04-01 11:56:05,-94.9877,39.1724,119.8,15110.0,-62.7,-86.9,-82.1,3,5,0.0,270,26.5,26.5,4.8679710266107285e-15,72456
2026-04-01 11:56:06,-94.9874,39.1724,119.7,15114.0,-62.7,-86.9,-82.1,3,5,0.0,270,26.6,26.6,4.886340728597939e-15,72456
2026-04-01 11:56:07,-94.9871,39.1724,119.6,15119.0,-62.7,-86.9,-82.2,3,5,0.0,270,26.7,26.7,4.904710430585149e-15,72456
2026-04-01 11:56:08,-94.9868,39.1724,119.5,15124.0,-62.7,-86.9,-82.2,3,5,0.0,270,26.8,26.8,4.92308013257236e-15,72456
2026-04-01 11:56:10,-94.9861,39.1724,119.4,15129.0,-62.8,-87.0,-82.2,3,5,0.0,270,26.9,26.9,4.941449834559569e-15,72456
2026-04-01 11:56:11,-94.9858,39.1724,119.3,15138.0,-62.8,-87.0,-82.2,3,5,0.0,270,27.1,27.1,4.978189238533991e-15,72456
2026-04-01 11:56:12,-94.9855,39.1724,119.2,15142.0,-62.8,-87.0,-82.2,3,5,0.0,270,27.2,27.2,4.996558940521201e-15,72456
2026-04-01 11:56:13,-94.9852,39.1724,119.1,15146.0,-62.8,-87.0,-82.2,3,5,0.0,270,27.3,27.3,5.014928642508411e-15,72456
2026-04-01 11:56:14,-94.9849,39.1724,119.0,15151.0,-62.7,-86.9,-82.2,3,5,0.0,270,27.4,27.4,5.033298344495621e-15,72456
2026-04-01 11:56:15,-94.9846,39.1724,118.9,15156.0,-62.6,-86.9,-82.1,3,5,0.0,270,27.5,27.5,5.051668046482832e-15,72456
2026-04-01 11:56:16,-94.9842,39.1724,118.8,15160.0,-62.6,-86.9,-82.1,3,5,0.0,270,27.5,27.5,5.051668046482832e-15,72456
2026-04-01 11:56:17,-94.9839,39.1724,118.7,15165.0,-62.6,-86.8,-82.1,3,5,0.0,270,27.6,27.6,5.070037748470042e-15,72456
2026-04-01 11:56:18,-94.9836,39.1725,118.6,15170.0,-62.6,-86.8,-82.0,3,5,0.0,270,27.7,27.7,5.088407450457252e-15,72456
2026-04-01 11:56:20,-94.9829,39.1725,118.5,15175.0,-62.5,-86.7,-82.0,3,5,0.0,270,27.8,27.8,5.1067771524444625e-15,72456
2026-04-01 11:56:21,-94.9826,39.1725,118.4,15184.0,-62.6,-86.7,-82.0,3,5,0.0,270,27.9,27.9,5.125146854431673e-15,72456
2026-04-01 11:56:22,-94.9823,39.1725,118.3,15188.0,-62.6,-86.8,-82.0,3,5,0.0,270,27.9,27.9,5.125146854431673e-15,72456
2026-04-01 11:56:23,-94.982,39.1725,118.2,15193.0,-62.6,-86.8,-82.0,3,5,0.0,270,28.0,28.0,5.143516556418883e-15,72456
2026-04-01 11:56:24,-94.9816,39.1725,118.1,15197.0,-62.7,-86.8,-82.0,3,5,0.0,270,28.0,28.0,5.143516556418883e-15,72456
2026-04-01 11:56:26,-94.981,39.1725,118.0,15201.0,-62.7,-86.8,-82.1,3,5,0.0,270,28.1,28.1,5.161886258406094e-15,72456
2026-04-01 11:56:27,-94.9807,39.1725,117.9,15210.0,-62.8,-86.9,-82.1,3,5,0.0,270,28.2,28.2,5.180255960393303e-15,72456
2026-04-01 11:56:28,-94.9803,39.1725,117.8,15215.0,-62.8,-86.9,-82.1,3,5,0.0,270,28.2,28.2,5.180255960393303e-15,72456
2026-04-01 11:56:29,-94.98,39.1725,117.7,15219.0,-62.8,-86.9,-82.1,3,5,0.0,270,28.3,28.3,5.198625662380514e-15,72456
2026-04-01 11:56:30,-94.9797,39.1725,117.6,15224.0,-62.8,-86.9,-82.1,3,5,0.0,270,28.3,28.3,5.198625662380514e-15,72456
2026-04-01 11:56:31,-94.9794,39.1725,117.5,15228.0,-62.8,-86.9,-82.1,3,5,0.0,270,28.3,28.3,5.198625662380514e-15,72456
2026-04-01 11:56:33,-94.9787,39.1725,117.4,15233.0,-62.8,-86.9,-82.1,3,5,0.0,270,28.4,28.4,5.216995364367724e-15,72456
2026-04-01 11:56:34,-94.9784,39.1725,117.3,15241.0,-62.8,-86.9,-82.2,3,5,0.0,270,28.5,28.5,5.235365066354935e-15,72456
2026-04-01 11:56:35,-94.9781,39.1725,117.2,15246.0,-62.9,-86.9,-82.2,3,5,0.0,270,28.5,28.5,5.235365066354935e-15,72456
2026-04-01 11:56:36,-94.9777,39.1725,117.1,15250.0,-62.9,-87.0,-82.2,3,5,0.0,270,28.6,28.6,5.253734768342145e-15,72456
2026-04-01 11:56:38,-94.9771,39.1725,117.0,15254.0,-62.9,-87.0,-82.2,3,5,0.0,270,28.6,28.6,5.253734768342145e-15,72456
2026-04-01 11:56:39,-94.9767,39.1725,116.9,15262.0,-62.9,-87.0,-82.2,3,5,0.0,270,28.7,28.7,5.272104470329355e-15,72456
2026-04-01 11:56:40,-94.9764,39.1725,116.8,15266.0,-62.8,-86.9,-82.2,3,5,0.0,270,28.8,28.8,5.290474172316566e-15,72456
2026-04-01 11:56:41,-94.9761,39.1725,116.7,15270.0,-62.8,-86.9,-82.2,3,5,0.0,270,28.8,28.8,5.290474172316566e-15,72456
2026-04-01 11:56:43,-94.9754,39.1725,116.6,15274.0,-62.8,-86.9,-82.2,3,5,0.0,271,28.8,28.79561362050407,-0.5026293053937542,72456
2026-04-01 11:56:44,-94.9751,39.1725,116.5,15284.0,-62.8,-87.0,-82.2,3,5,0.0,271,28.9,28.895598390019707,-0.5043745460374824,72456
2026-04-01 11:56:45,-94.9748,39.1725,116.4,15289.0,-62.9,-87.0,-82.3,3,5,0.0,271,28.9,28.895598390019707,-0.5043745460374824,72456
2026-04-01 11:56:46,-94.9744,39.1725,116.3,15294.0,-62.9,-87.1,-82.3,3,5,0.0,271,28.9,28.895598390019707,-0.5043745460374824,72456
2026-04-01 11:56:47,-94.9741,39.1725,116.2,15298.0,-62.9,-87.1,-82.4,3,5,0.0,271,28.9,28.895598390019707,-0.5043745460374824,72456
2026-04-01 11:56:48,-94.9737,39.1725,116.1,15303.0,-62.9,-87.2,-82.4,3,5,0.0,272,28.9,28.882394900851867,-1.008595454702287,72456
2026-04-01 11:56:50,-94.973,39.1725,116.0,15307.0,-62.9,-87.2,-82.4,3,5,0.0,272,28.9,28.882394900851867,-1.008595454702287,72456
2026-04-01 11:56:51,-94.9727,39.1725,115.9,15315.0,-62.9,-87.3,-82.5,3,5,0.0,272,28.9,28.882394900851867,-1.008595454702287,72456
2026-04-01 11:56:52,-94.9723,39.1725,115.8,15319.0,-62.8,-87.3,-82.5,3,5,0.0,272,28.9,28.882394900851867,-1.008595454702287,72456
2026-04-01 11:56:53,-94.972,39.1725,115.7,15324.0,-62.8,-87.3,-82.5,3,5,0.0,273,28.9,28.86039355440718,-1.51250913542108,72456
2026-04-01 11:56:54,-94.9717,39.1725,115.6,15328.0,-62.7,-87.3,-82.5,3,5,0.0,273,28.8,28.760530600931727,-1.5072755397967856,72456
2026-04-01 11:56:56,-94.971,39.1724,115.5,15333.0,-62.6,-87.3,-82.5,3,5,0.0,273,28.8,28.760530600931727,-1.5072755397967856,72456
2026-04-01 11:56:57,-94.9706,39.1724,115.4,15342.0,-62.5,-87.3,-82.5,3,5,0.0,274,28.7,28.630088242456956,-2.0020107964563936,72456
2026-04-01 11:56:58,-94.9703,39.1724,115.3,15346.0,-62.3,-87.3,-82.5,2,5,0.0,274,28.6,28.53033183743098,-1.9950351490819813,72456
2026-04-01 11:56:59,-94.97,39.1724,115.2,15350.0,-62.2,-87.2,-82.4,2,5,0.0,274,28.6,28.53033183743098,-1.9950351490819813,72456
2026-04-01 11:57:01,-94.9694,39.1723,115.1,15355.0,-62.1,-87.2,-82.4,2,4,0.0,275,28.5,28.391548895614747,-2.48393866830825,72456
2026-04-01 11:57:02,-94.9691,39.1723,115.0,15362.0,-62.1,-87.2,-82.5,2,4,0.0,275,28.4,28.291929425805574,-2.475223094033484,72456
2026-04-01 11:57:03,-94.9687,39.1722,114.9,15366.0,-62.1,-87.3,-82.5,2,4,0.0,276,28.3,28.144969638922138,-2.9581555104745796,72456
2026-04-01 11:57:05,-94.9681,39.1722,114.8,15371.0,-62.0,-87.3,-82.5,2,4,0.0,276,28.2,28.045517449385308,-2.947702664147814,72456
2026-04-01 11:57:06,-94.9678,39.1722,114.7,15379.0,-62.0,-87.3,-82.6,2,4,0.0,277,28.1,27.89054686112115,-3.4245285496846503,72456
2026-04-01 11:57:07,-94.9674,39.1721,114.6,15384.0,-62.0,-87.4,-82.6,2,4,0.0,277,28.0,27.791292245957017,-3.4123416153441353,72456
2026-04-01 11:57:08,-94.9671,39.1721,114.5,15388.0,-62.0,-87.4,-82.6,2,4,0.0,278,27.9,27.62847911788981,-3.8829295167858264,72456
2026-04-01 11:57:10,-94.9665,39.172,114.4,15393.0,-62.0,-87.4,-82.7,2,4,0.0,278,27.9,27.62847911788981,-3.8829295167858264,72456
2026-04-01 11:57:11,-94.9662,39.172,114.3,15400.0,-62.0,-87.5,-82.7,2,4,0.0,279,27.8,27.45773586854483,-4.348878128118413,72456
2026-04-01 11:57:13,-94.9656,39.1719,114.2,15403.0,-62.0,-87.5,-82.7,2,4,0.0,279,27.7,27.358967034485314,-4.33323468161439,72456
2026-04-01 11:57:14,-94.9652,39.1719,114.1,15412.0,-62.0,-87.5,-82.8,2,4,0.0,279,27.6,27.260198200425805,-4.317591235110367,72456
2026-04-01 11:57:15,-94.9649,39.1718,114.0,15416.0,-61.9,-87.5,-82.8,2,4,0.0,280,27.6,27.180693983136944,-4.792689703607268,72456
2026-04-01 11:57:16,-94.9646,39.1718,113.9,15421.0,-61.8,-87.5,-82.7,2,4,0.0,280,27.5,27.082213207835725,-4.775324885840575,72456
2026-04-01 11:57:18,-94.964,39.1716,113.8,15425.0,-61.8,-87.5,-82.7,2,4,0.0,280,27.5,27.082213207835725,-4.775324885840575,72456
2026-04-01 11:57:19,-94.9637,39.1716,113.7,15433.0,-61.8,-87.5,-82.8,2,4,0.0,281,27.5,26.994747544810757,-5.24724737285499,72456
2026-04-01 11:57:20,-94.9634,39.1716,113.6,15438.0,-61.8,-87.5,-82.8,2,4,0.0,281,27.5,26.994747544810757,-5.24724737285499,72456
2026-04-01 11:57:22,-94.9628,39.1715,113.5,15442.0,-61.8,-87.5,-82.8,2,4,0.0,281,27.5,26.994747544810757,-5.24724737285499,72456
2026-04-01 11:57:23,-94.9625,39.1714,113.4,15450.0,-61.7,-87.5,-82.7,2,4,0.0,282,27.5,26.899059020179653,-5.717571497488385,72456
2026-04-01 11:57:24,-94.9622,39.1714,113.3,15454.0,-61.6,-87.4,-82.7,2,4,0.0,282,27.5,26.899059020179653,-5.717571497488385,72456
2026-04-01 11:57:25,-94.9619,39.1713,113.2,15458.0,-61.4,-87.4,-82.6,2,4,0.0,282,27.5,26.899059020179653,-5.717571497488385,72456
2026-04-01 11:57:27,-94.9613,39.1712,113.1,15462.0,-61.4,-87.3,-82.6,2,4,0.0,282,27.5,26.899059020179653,-5.717571497488385,72456
2026-04-01 11:57:28,-94.961,39.1711,113.0,15472.0,-61.3,-87.3,-82.6,2,4,0.0,283,27.5,26.79517678159397,-6.186153994456285,72456
2026-04-01 11:57:29,-94.9607,39.1711,112.9,15476.0,-61.3,-87.3,-82.6,2,4,0.0,283,27.5,26.79517678159397,-6.186153994456285,72456
2026-04-01 11:57:31,-94.96,39.171,112.8,15480.0,-61.2,-87.3,-82.6,2,4,0.0,283,27.5,26.79517678159397,-6.186153994456285,72456
2026-04-01 11:57:32,-94.9597,39.171,112.7,15488.0,-61.2,-87.3,-82.5,2,4,0.0,284,27.5,26.683132472589907,-6.652852128990855,72456
2026-04-01 11:57:33,-94.9594,39.1709,112.6,15493.0,-61.2,-87.3,-82.5,2,4,0.0,284,27.5,26.683132472589907,-6.652852128990855,72456
2026-04-01 11:57:34,-94.9591,39.1708,112.5,15497.0,-61.2,-87.3,-82.5,2,4,0.0,284,27.5,26.683132472589907,-6.652852128990855,72456
2026-04-01 11:57:36,-94.9585,39.1707,112.4,15501.0,-61.2,-87.3,-82.5,2,4,0.0,284,27.5,26.683132472589907,-6.652852128990855,72456
2026-04-01 11:57:37,-94.9581,39.1706,112.3,15509.0,-61.2,-87.3,-82.5,2,4,0.0,284,27.4,26.586102899962306,-6.628659939430888,72456
2026-04-01 11:57:39,-94.9575,39.1704,112.2,15513.0,-61.2,-87.2,-82.5,2,4,0.0,284,27.4,26.586102899962306,-6.628659939430888,72456
2026-04-01 11:57:40,-94.9572,39.1704,112.1,15522.0,-61.1,-87.2,-82.4,2,4,0.0,284,27.3,26.489073327334708,-6.6044677498709214,72456
2026-04-01 11:57:41,-94.9569,39.1703,112.0,15526.0,-61.1,-87.2,-82.4,2,4,0.0,284,27.3,26.489073327334708,-6.6044677498709214,72456
2026-04-01 11:57:42,-94.9565,39.1703,111.9,15530.0,-61.1,-87.1,-82.3,2,4,0.0,284,27.2,26.392043754707107,-6.580275560310954,72456
2026-04-01 11:57:44,-94.9559,39.1701,111.8,15535.0,-61.1,-87.1,-82.3,2,4,0.0,285,27.1,26.176589892433757,-7.0139961222783,72456
2026-04-01 11:57:45,-94.9556,39.17,111.7,15543.0,-61.1,-87.0,-82.3,2,4,0.0,285,27.0,26.07999730980485,-6.988114217768048,72456
2026-04-01 11:57:47,-94.955,39.1699,111.6,15547.0,-61.1,-87.0,-82.3,2,4,0.0,285,26.9,25.98340472717594,-6.962232313257796,72456
2026-04-01 11:57:48,-94.9547,39.1699,111.5,15555.0,-61.1,-87.0,-82.2,2,4,0.0,285,26.7,25.790219561918125,-6.910468504237292,72456
2026-04-01 11:57:49,-94.9545,39.1698,111.4,15559.0,-61.1,-86.9,-82.2,2,4,0.0,285,26.7,25.790219561918125,-6.910468504237292,72456
2026-04-01 11:57:50,-94.9542,39.1697,111.3,15564.0,-61.1,-86.9,-82.2,2,4,0.0,285,26.6,25.69362697928922,-6.88458659972704,72456
2026-04-01 11:57:52,-94.9536,39.1696,111.2,15568.0,-61.1,-86.9,-82.1,2,4,0.0,285,26.5,25.597034396660312,-6.858704695216788,72456
2026-04-01 11:57:53,-94.9533,39.1696,111.1,15577.0,-61.0,-86.8,-82.1,2,4,0.0,285,26.3,25.4038492314025,-6.806940886196284,72456
2026-04-01 11:57:54,-94.953,39.1695,111.0,15581.0,-61.0,-86.8,-82.0,2,4,0.0,285,26.2,25.307256648773592,-6.781058981686032,72456
2026-04-01 11:57:56,-94.9525,39.1694,110.9,15585.0,-61.0,-86.7,-82.0,2,4,0.0,285,26.1,25.210664066144687,-6.75517707717578,72456
2026-04-01 11:57:57,-94.9522,39.1694,110.8,15593.0,-60.9,-86.7,-81.9,2,4,0.0,285,25.9,25.01747890088687,-6.703413268155275,72456
2026-04-01 11:57:59,-94.9516,39.1693,110.7,15597.0,-60.9,-86.6,-81.8,2,4,0.0,285,25.8,24.920886318257967,-6.6775313636450235,72456
2026-04-01 11:58:00,-94.9513,39.1692,110.6,15605.0,-60.7,-86.5,-81.7,2,4,0.0,285,25.6,24.727701153000154,-6.62576755462452,72456
2026-04-01 11:58:01,-94.951,39.1691,110.5,15609.0,-60.7,-86.4,-81.7,2,4,0.0,285,25.5,24.631108570371246,-6.599885650114268,72456
2026-04-01 11:58:03,-94.9505,39.169,110.4,15613.0,-60.7,-86.4,-81.7,2,4,0.0,285,25.4,24.534515987742335,-6.574003745604015,72456
2026-04-01 11:58:04,-94.9502,39.169,110.3,15622.0,-60.7,-86.5,-81.7,2,4,0.0,285,25.2,24.341330822484522,-6.522239936583511,72456
2026-04-01 11:58:05,-94.9499,39.1689,110.2,15626.0,-60.7,-86.5,-81.7,2,4,0.0,285,25.1,24.244738239855618,-6.4963580320732595,72456
2026-04-01 11:58:06,-94.9496,39.1689,110.1,15631.0,-60.6,-86.5,-81.7,2,4,0.0,285,25.0,24.14814565722671,-6.470476127563007,72456
2026-04-01 11:58:08,-94.949,39.1687,110.0,15635.0,-60.6,-86.5,-81.7,2,4,0.0,285,24.9,24.051553074597802,-6.444594223052755,72456
2026-04-01 11:58:09,-94.9487,39.1687,109.9,15644.0,-60.5,-86.5,-81.7,2,4,0.0,285,24.6,23.761775326711085,-6.3669485095219995,72456
2026-04-01 11:58:10,-94.9485,39.1686,109.8,15648.0,-60.4,-86.5,-81.7,2,4,0.0,285,24.4,23.56859016145327,-6.3151847005014945,72456
2026-04-01 11:58:12,-94.9479,39.1685,109.7,15652.0,-60.3,-86.5,-81.7,2,4,0.0,285,24.3,23.471997578824364,-6.289302795991244,72456
2026-04-01 11:58:13,-94.9477,39.1684,109.6,15661.0,-60.2,-86.5,-81.7,2,4,0.0,285,24.0,23.18221983093764,-6.211657082460487,72456
2026-04-01 11:58:14,-94.9474,39.1684,109.5,15666.0,-60.2,-86.5,-81.8,2,4,0.0,285,23.8,22.989034665679828,-6.159893273439983,72456
2026-04-01 11:58:16,-94.9469,39.1683,109.4,15670.0,-60.2,-86.6,-81.8,2,4,0.0,285,23.6,22.795849500422015,-6.10812946441948,72456
2026-04-01 11:58:17,-94.9466,39.1682,109.3,15678.0,-60.3,-86.7,-82.0,2,4,0.0,286,23.3,22.39739751536283,-6.422350390536086,72456
2026-04-01 11:58:18,-94.9463,39.1681,109.2,15682.0,-60.3,-86.8,-82.1,2,4,0.0,286,23.1,22.205145176175165,-6.367222919372686,72456
2026-04-01 11:58:19,-94.946,39.1681,109.1,15687.0,-60.3,-86.9,-82.1,2,4,0.0,286,22.9,22.012892836987497,-6.312095448209286,72456
2026-04-01 11:58:20,-94.9458,39.168,109.0,15692.0,-60.3,-86.9,-82.2,2,4,0.0,286,22.7,21.820640497799836,-6.2569679770458855,72456
2026-04-01 11:58:22,-94.9453,39.168,108.9,15697.0,-60.3,-87.0,-82.2,2,4,0.0,286,22.5,21.62838815861217,-6.201840505882486,72456
2026-04-01 11:58:23,-94.9451,39.1679,108.8,15707.0,-60.1,-87.0,-82.2,2,4,0.0,286,22.2,21.340009649830677,-6.119149299137386,72456
2026-04-01 11:58:24,-94.9449,39.1678,108.7,15712.0,-60.0,-86.9,-82.1,2,4,0.0,286,22.0,21.147757310643012,-6.064021827973987,72456
2026-04-01 11:58:26,-94.9445,39.1677,108.6,15715.0,-59.8,-86.8,-82.1,2,3,0.0,286,21.8,20.95550497145535,-6.008894356810587,72456
2026-04-01 11:58:27,-94.9443,39.1677,108.5,15723.0,-59.7,-86.8,-82.0,2,3,0.0,286,21.4,20.571000293080022,-5.898639414483786,72456
2026-04-01 11:58:28,-94.944,39.1677,108.4,15727.0,-59.7,-86.8,-82.0,2,3,0.0,286,21.3,20.47487412348619,-5.871075678902087,72456
2026-04-01 11:58:29,-94.9438,39.1676,108.3,15733.0,-59.7,-86.8,-82.0,2,3,0.0,286,21.1,20.282621784298527,-5.815948207738687,72456
2026-04-01 11:58:30,-94.9435,39.1676,108.2,15739.0,-59.8,-86.8,-82.0,2,3,0.0,286,20.9,20.090369445110863,-5.760820736575287,72456
2026-04-01 11:58:31,-94.9433,39.1675,108.1,15744.0,-59.8,-86.8,-82.0,2,3,0.0,286,20.8,19.994243275517032,-5.7332570009935875,72456
2026-04-01 11:58:33,-94.9428,39.1673,108.0,15749.0,-59.8,-86.8,-82.0,2,4,0.0,286,20.6,19.801990936329368,-5.678129529830188,72456
2026-04-01 11:58:34,-94.9426,39.1673,107.9,15759.0,-59.9,-86.8,-82.0,2,4,0.0,286,20.3,19.513612427547873,-5.595438323085088,72456
2026-04-01 11:58:35,-94.9424,39.1672,107.8,15763.0,-59.9,-86.8,-82.0,2,4,0.0,286,20.2,19.41748625795404,-5.567874587503387,72456
2026-04-01 11:58:37,-94.9419,39.1672,107.7,15767.0,-59.9,-86.8,-82.0,2,4,0.0,286,20.0,19.225233918766374,-5.5127471163399875,72456
2026-04-01 11:58:38,-94.9417,39.1671,107.6,15775.0,-60.0,-86.7,-82.0,2,4,0.0,286,19.7,18.93685540998488,-5.430055909594888,72456
2026-04-01 11:58:40,-94.9413,39.167,107.5,15779.0,-60.0,-86.7,-81.9,2,4,0.0,286,19.6,18.84072924039105,-5.402492174013188,72456
2026-04-01 11:58:41,-94.9411,39.167,107.4,15788.0,-60.1,-86.7,-81.9,2,4,0.0,286,19.3,18.552350731609554,-5.319800967268089,72456
2026-04-01 11:58:42,-94.9409,39.1669,107.3,15793.0,-60.1,-86.6,-81.9,2,4,0.0,286,19.2,18.45622456201572,-5.292237231686388,72456
2026-04-01 11:58:43,-94.9407,39.1669,107.2,15799.0,-60.2,-86.6,-81.9,2,4,0.0,286,19.1,18.36009839242189,-5.264673496104689,72456
2026-04-01 11:58:44,-94.9405,39.1668,107.1,15804.0,-60.2,-86.6,-81.9,2,4,0.0,286,18.9,18.167846053234225,-5.209546024941288,72456
2026-04-01 11:58:46,-94.94,39.1668,107.0,15809.0,-60.3,-86.6,-81.9,2,4,0.0,286,18.8,18.071719883640394,-5.181982289359588,72456
2026-04-01 11:58:47,-94.9398,39.1667,106.9,15817.0,-60.3,-86.6,-81.9,2,4,0.0,285,18.5,17.869627786347767,-4.788152334396625,72456
2026-04-01 11:58:48,-94.9396,39.1667,106.8,15822.0,-60.3,-86.6,-81.9,2,4,0.0,285,18.4,17.77303520371886,-4.762270429886373,72456
2026-04-01 11:58:49,-94.9394,39.1666,106.7,15827.0,-60.4,-86.6,-81.9,2,4,0.0,285,18.3,17.676442621089954,-4.736388525376122,72456
2026-04-01 11:58:50,-94.9393,39.1666,106.6,15832.0,-60.4,-86.7,-81.9,2,4,0.0,285,18.1,17.48325745583214,-4.684624716355618,72456
2026-04-01 11:58:51,-94.9391,39.1665,106.5,15837.0,-60.4,-86.7,-81.9,2,4,0.0,285,18.0,17.38666487320323,-4.658742811845365,72456
2026-04-01 11:58:52,-94.9389,39.1664,106.4,15843.0,-60.5,-86.7,-82.0,2,4,0.0,284,17.9,17.368293500340336,-4.330401931234047,72456
2026-04-01 11:58:53,-94.9387,39.1664,106.3,15849.0,-60.5,-86.7,-82.0,2,4,0.0,284,17.7,17.17423435508514,-4.282017552114114,72456
2026-04-01 11:58:54,-94.9384,39.1664,106.2,15855.0,-60.5,-86.7,-81.9,2,4,0.0,284,17.6,17.077204782457542,-4.257825362554147,72456
2026-04-01 11:58:55,-94.9382,39.1664,106.1,15861.0,-60.4,-86.7,-81.9,2,4,0.0,283,17.5,17.051476133741616,-3.9366434510176362,72456
2026-04-01 11:58:57,-94.9379,39.1664,106.0,15866.0,-60.4,-86.7,-81.9,2,4,0.0,283,17.3,16.856602120784572,-3.8916532401488633,72456
2026-04-01 11:58:58,-94.9377,39.1663,105.9,15875.0,-60.3,-86.6,-81.8,2,4,0.0,282,17.1,16.726323972548077,-3.555289912983687,72456
2026-04-01 11:58:59,-94.9375,39.1663,105.8,15880.0,-60.3,-86.5,-81.8,2,4,0.0,282,17.0,16.628509212474693,-3.534498743901911,72456
2026-04-01 11:59:00,-94.9373,39.1662,105.7,15884.0,-60.3,-86.6,-81.8,2,4,0.0,282,16.9,16.530694452401313,-3.5137075748201343,72456
2026-04-01 11:59:02,-94.9369,39.1661,105.6,15889.0,-60.4,-86.6,-81.8,2,4,0.0,281,16.8,16.491336681920753,-3.205591122325958,72456
2026-04-01 11:59:03,-94.9368,39.1661,105.5,15901.0,-60.3,-86.5,-81.8,2,4,0.0,280,16.6,16.347808700002656,-2.8825597492710378,72456
2026-04-01 11:59:04,-94.9366,39.1661,105.4,15905.0,-60.3,-86.5,-81.7,2,4,0.0,280,16.5,16.249327924701433,-2.8651949315043446,72456
2026-04-01 11:59:06,-94.9362,39.1661,105.3,15909.0,-60.3,-86.5,-81.7,2,4,0.0,279,16.4,16.19808878576026,-2.565525226659783,72456
2026-04-01 11:59:07,-94.9361,39.1661,105.2,15916.0,-60.3,-86.4,-81.7,2,4,0.0,278,16.2,16.04234271361344,-2.2546042355530607,72456
2026-04-01 11:59:09,-94.9357,39.166,105.1,15920.0,-60.3,-86.4,-81.6,2,4,0.0,278,16.2,16.04234271361344,-2.2546042355530607,72456
2026-04-01 11:59:10,-94.9355,39.1659,105.0,15929.0,-60.3,-86.4,-81.6,2,4,0.0,277,16.1,15.979993041425285,-1.962096428822878,72456
2026-04-01 11:59:11,-94.9353,39.1659,104.9,15935.0,-60.3,-86.4,-81.6,2,4,0.0,276,16.1,16.011802515429203,-1.6829082586092132,72456
2026-04-01 11:59:12,-94.9351,39.1659,104.8,15940.0,-60.3,-86.4,-81.6,2,4,0.0,276,16.0,15.912350325892374,-1.6724554122824478,72456
2026-04-01 11:59:13,-94.935,39.1659,104.7,15944.0,-60.4,-86.4,-81.6,2,4,0.0,275,16.0,15.939115169467929,-1.3944918839625262,72456
2026-04-01 11:59:15,-94.9346,39.1659,104.6,15949.0,-60.4,-86.4,-81.6,2,4,0.0,274,16.0,15.961024804157189,-1.1161035799060035,72456
2026-04-01 11:59:16,-94.9345,39.1659,104.5,15958.0,-60.4,-86.4,-81.6,2,4,0.0,273,16.0,15.978072556073181,-0.8373752998871031,72456
2026-04-01 11:59:17,-94.9343,39.1659,104.4,15963.0,-60.4,-86.4,-81.6,2,4,0.0,273,16.0,15.978072556073181,-0.8373752998871031,72456
2026-04-01 11:59:19,-94.9338,39.1659,104.3,15967.0,-60.5,-86.4,-81.6,2,4,0.0,272,16.1,16.090192315007442,-0.5618818969102707,72456
2026-04-01 11:59:20,-94.9337,39.1659,104.2,15977.0,-60.5,-86.4,-81.6,2,4,0.0,272,16.1,16.090192315007442,-0.5618818969102707,72456
2026-04-01 11:59:21,-94.9335,39.1659,104.1,15982.0,-60.5,-86.4,-81.6,2,4,0.0,271,16.2,16.197532661533536,-0.2827289842839867,72456
2026-04-01 11:59:22,-94.9333,39.1659,104.0,15987.0,-60.5,-86.4,-81.6,2,4,0.0,271,16.2,16.197532661533536,-0.2827289842839867,72456
2026-04-01 11:59:23,-94.9332,39.1659,103.9,15992.0,-60.5,-86.4,-81.6,2,4,0.0,270,16.2,16.2,2.975891721928068e-15,72456
2026-04-01 11:59:25,-94.9328,39.1659,103.8,15997.0,-60.5,-86.4,-81.6,2,4,0.0,270,16.3,16.3,2.9942614239152784e-15,72456
2026-04-01 11:59:26,-94.9326,39.1659,103.7,16006.0,-60.6,-86.4,-81.6,2,4,0.0,269,16.4,16.397502200564816,0.28621946557144934,72456
2026-04-01 11:59:27,-94.9324,39.1659,103.6,16011.0,-60.6,-86.4,-81.7,2,4,0.0,269,16.5,16.497486970080455,0.2879647062151777,72456
2026-04-01 11:59:29,-94.932,39.1659,103.5,16015.0,-60.7,-86.4,-81.7,2,4,0.0,269,16.5,16.497486970080455,0.2879647062151777,72456
2026-04-01 11:59:30,-94.9318,39.166,103.4,16024.0,-60.7,-86.4,-81.7,2,4,0.0,268,16.7,16.6898268112189,0.5828215949317627,72456
2026-04-01 11:59:31,-94.9316,39.166,103.3,16029.0,-60.7,-86.4,-81.7,2,4,0.0,268,16.7,16.6898268112189,0.5828215949317627,72456
2026-04-01 11:59:32,-94.9314,39.166,103.2,16034.0,-60.8,-86.4,-81.7,2,4,0.0,268,16.8,16.78976589392081,0.5863115446020128,72456
2026-04-01 11:59:34,-94.9311,39.166,103.1,16039.0,-60.8,-86.4,-81.7,2,4,0.0,268,16.9,16.889704976622717,0.5898014942722628,72456
2026-04-01 11:59:35,-94.9309,39.166,103.0,16048.0,-60.9,-86.4,-81.7,2,4,0.0,267,17.0,16.976702090827754,0.8897112561300532,72456
2026-04-01 11:59:36,-94.9306,39.166,102.9,16053.0,-60.9,-86.4,-81.7,2,4,0.0,267,17.1,17.076565044303212,0.8949448517543477,72456
2026-04-01 11:59:38,-94.9302,39.166,102.8,16057.0,-61.0,-86.4,-81.7,2,4,0.0,267,17.2,17.17642799777867,0.900178447378642,72456
2026-04-01 11:59:39,-94.93,39.166,102.7,16067.0,-61.1,-86.5,-81.7,2,4,0.0,266,17.4,17.35761447452094,1.213762643147785,72456
2026-04-01 11:59:40,-94.9298,39.166,102.6,16072.0,-61.1,-86.5,-81.7,2,4,0.0,266,17.5,17.457370879546925,1.2207382905221977,72456
2026-04-01 11:59:41,-94.9296,39.166,102.5,16076.0,-61.1,-86.5,-81.7,2,4,0.0,266,17.6,17.557127284572907,1.2277139378966102,72456
2026-04-01 11:59:43,-94.9292,39.166,102.4,16081.0,-61.2,-86.5,-81.7,2,4,0.0,266,17.7,17.65688368959889,1.2346895852710227,72456
2026-04-01 11:59:44,-94.929,39.166,102.3,16091.0,-61.3,-86.5,-81.8,2,4,0.0,265,17.9,17.831885095842242,1.5600877951830825,72456
2026-04-01 11:59:45,-94.9288,39.166,102.2,16096.0,-61.3,-86.6,-81.8,2,4,0.0,265,18.0,17.93150456565142,1.5688033694578485,72456
2026-04-01 11:59:46,-94.9286,39.1661,102.1,16101.0,-61.3,-86.6,-81.8,2,4,0.0,265,18.1,18.031124035460596,1.5775189437326145,72456
2026-04-01 11:59:48,-94.9282,39.1661,102.0,16106.0,-61.3,-86.6,-81.8,2,4,0.0,264,18.2,18.100298495702575,1.902418031471291,72456
2026-04-01 11:59:49,-94.928,39.1662,101.9,16116.0,-61.3,-86.6,-81.8,2,4,0.0,264,18.5,18.398655064313058,1.9337765704515872,72456
2026-04-01 11:59:50,-94.9278,39.1662,101.8,16120.0,-61.3,-86.6,-81.9,2,4,0.0,264,18.6,18.498107253849888,1.9442294167783527,72456
2026-04-01 11:59:51,-94.9276,39.1662,101.7,16125.0,-61.3,-86.6,-81.9,2,4,0.0,264,18.7,18.59755944338671,1.9546822631051177,72456
2026-04-01 11:59:53,-94.9271,39.1662,101.6,16130.0,-61.2,-86.6,-81.9,2,4,0.0,263,18.8,18.659867650856857,2.291143656016767,72456
2026-04-01 11:59:54,-94.9269,39.1663,101.5,16140.0,-61.2,-86.7,-81.9,2,4,0.0,263,19.1,18.957631496349254,2.327704459038311,72456
2026-04-01 11:59:55,-94.9267,39.1663,101.4,16144.0,-61.2,-86.7,-81.9,2,4,0.0,263,19.2,19.056886111513382,2.3398913933788257,72456
2026-04-01 11:59:56,-94.9264,39.1663,101.3,16149.0,-61.1,-86.7,-81.9,2,4,0.0,263,19.4,19.25539534184165,2.3642652620598548,72456
2026-04-01 11:59:58,-94.926,39.1663,101.2,16154.0,-61.1,-86.7,-81.9,2,4,0.0,262,19.5,19.31022734046062,2.713875468721284,72456
2026-04-01 11:59:59,-94.9258,39.1664,101.1,16164.0,-61.1,-86.7,-82.0,2,4,0.0,262,19.7,19.50828095420893,2.7417100889132966,72456
2026-04-01 12:00:00,-94.9255,39.1664,101.0,16169.0,-61.0,-86.7,-82.0,2,4,0.0,262,19.8,19.607307761083092,2.7556273990093034,72456
2026-04-01 12:00:01,-94.9253,39.1665,100.9,16173.0,-61.0,-86.7,-82.0,2,4,0.0,262,19.9,19.706334567957246,2.76954470910531,72456
2026-04-01 12:00:03,-94.9248,39.1665,100.8,16178.0,-60.9,-86.7,-81.9,2,4,0.0,262,20.0,19.805361374831406,2.7834620192013166,72456
2026-04-01 12:00:04,-94.9246,39.1665,100.7,16188.0,-60.8,-86.6,-81.9,2,4,0.0,261,20.2,19.95130448002178,3.1599761938126667,72456
2026-04-01 12:00:05,-94.9244,39.1666,100.6,16194.0,-60.7,-86.6,-81.9,2,4,0.0,261,20.3,20.050073314081295,3.17561964031669,72456
2026-04-01 12:00:06,-94.9241,39.1666,100.5,16199.0,-60.7,-86.6,-81.8,2,4,0.0,261,20.4,20.148842148140808,3.191263086820713,72456
2026-04-01 12:00:08,-94.9236,39.1666,100.4,16204.0,-60.7,-86.6,-81.8,2,4,0.0,261,20.4,20.148842148140808,3.191263086820713,72456
2026-04-01 12:00:09,-94.9234,39.1667,100.3,16214.0,-60.6,-86.5,-81.8,2,4,0.0,261,20.6,20.346379816259837,3.2225499798287593,72456
2026-04-01 12:00:10,-94.9232,39.1667,100.2,16218.0,-60.7,-86.5,-81.8,2,4,0.0,261,20.6,20.346379816259837,3.2225499798287593,72456
2026-04-01 12:00:12,-94.9228,39.1667,100.1,16223.0,-60.7,-86.5,-81.8,2,4,0.0,261,20.7,20.44514865031935,3.2381934263327823,72456
2026-04-01 12:00:13,-94.9225,39.1668,100.0,16231.0,-60.7,-86.5,-81.8,2,4,0.0,261,20.7,20.44514865031935,3.2381934263327823,72456
2026-04-01 12:00:14,-94.9223,39.1668,99.9,16237.0,-60.8,-86.5,-81.8,2,4,0.0,261,20.8,20.543917484378863,3.2538368728368057,72456
2026-04-01 12:00:16,-94.9217,39.1669,99.8,16242.0,-60.8,-86.5,-81.8,2,4,0.0,261,20.8,20.543917484378863,3.2538368728368057,72456
2026-04-01 12:00:17,-94.9215,39.1669,99.7,16251.0,-60.9,-86.5,-81.8,2,4,0.0,261,20.9,20.642686318438376,3.2694803193408286,72456
2026-04-01 12:00:18,-94.9212,39.167,99.6,16256.0,-61.0,-86.5,-81.8,2,4,0.0,261,20.9,20.642686318438376,3.2694803193408286,72456
2026-04-01 12:00:19,-94.921,39.167,99.5,16261.0,-61.0,-86.5,-81.8,2,4,0.0,261,20.9,20.642686318438376,3.2694803193408286,72456
2026-04-01 12:00:21,-94.9206,39.167,99.4,16266.0,-61.0,-86.5,-81.7,2,4,0.0,261,20.9,20.642686318438376,3.2694803193408286,72456
2026-04-01 12:00:22,-94.9204,39.1671,99.3,16275.0,-61.1,-86.5,-81.7,2,4,0.0,261,21.0,20.741455152497892,3.2851237658448516,72456
2026-04-01 12:00:23,-94.9201,39.1671,99.2,16280.0,-61.1,-86.4,-81.7,2,4,0.0,261,21.0,20.741455152497892,3.2851237658448516,72456
2026-04-01 12:00:25,-94.9196,39.1672,99.1,16285.0,-61.2,-86.4,-81.7,2,4,0.0,261,21.0,20.741455152497892,3.2851237658448516,72456
2026-04-01 12:00:26,-94.9193,39.1672,99.0,16295.0,-61.3,-86.5,-81.7,2,5,0.0,262,21.1,20.894656250447134,2.936552430257389,72456
2026-04-01 12:00:27,-94.9191,39.1672,98.9,16301.0,-61.3,-86.5,-81.7,3,5,0.0,262,21.1,20.894656250447134,2.936552430257389,72456
2026-04-01 12:00:28,-94.9189,39.1672,98.8,16305.0,-61.4,-86.5,-81.7,3,5,0.0,262,21.1,20.894656250447134,2.936552430257389,72456
2026-04-01 12:00:30,-94.9184,39.1673,98.7,16310.0,-61.4,-86.5,-81.7,3,5,0.0,262,21.1,20.894656250447134,2.936552430257389,72456
2026-04-01 12:00:31,-94.9182,39.1674,98.6,16319.0,-61.5,-86.5,-81.7,3,5,0.0,262,21.2,20.993683057321288,2.9504697403533955,72456
2026-04-01 12:00:32,-94.918,39.1674,98.5,16325.0,-61.5,-86.5,-81.7,3,5,0.0,263,21.2,21.041978414796027,2.58363008018912,72456
2026-04-01 12:00:33,-94.9177,39.1674,98.4,16330.0,-61.6,-86.5,-81.8,3,5,0.0,263,21.3,21.141233029960162,2.5958170145296346,72456
2026-04-01 12:00:35,-94.9172,39.1674,98.3,16335.0,-61.6,-86.6,-81.8,3,5,0.0,263,21.3,21.141233029960162,2.5958170145296346,72456
2026-04-01 12:00:36,-94.917,39.1674,98.2,16345.0,-61.6,-86.6,-81.8,3,5,0.0,263,21.4,21.24048764512429,2.608003948870149,72456
2026-04-01 12:00:37,-94.9167,39.1675,98.1,16350.0,-61.6,-86.6,-81.8,3,5,0.0,264,21.4,21.28276856088105,2.2369091139277817,72456
2026-04-01 12:00:38,-94.9165,39.1675,98.0,16355.0,-61.7,-86.6,-81.8,3,5,0.0,264,21.5,21.38222075041788,2.247361960254547,72456
2026-04-01 12:00:40,-94.916,39.1676,97.9,16360.0,-61.7,-86.6,-81.8,3,5,0.0,264,21.5,21.38222075041788,2.247361960254547,72456
2026-04-01 12:00:41,-94.9157,39.1676,97.8,16369.0,-61.7,-86.6,-81.9,3,5,0.0,264,21.6,21.481672939954706,2.2578148065813126,72456
2026-04-01 12:00:42,-94.9155,39.1676,97.7,16373.0,-61.7,-86.6,-81.9,3,5,0.0,265,21.7,21.617424948590877,1.891279617624184,72456
2026-04-01 12:00:44,-94.915,39.1676,97.6,16378.0,-61.7,-86.6,-81.9,3,5,0.0,265,21.7,21.617424948590877,1.891279617624184,72456
2026-04-01 12:00:45,-94.9147,39.1676,97.5,16388.0,-61.7,-86.6,-81.9,3,5,0.0,265,21.8,21.717044418400054,1.89999519189895,72456
2026-04-01 12:00:46,-94.9145,39.1676,97.4,16393.0,-61.7,-86.6,-81.9,3,5,0.0,266,21.9,21.84665270069015,1.5276667749963502,72456
2026-04-01 12:00:48,-94.914,39.1677,97.3,16398.0,-61.8,-86.6,-81.9,3,5,0.0,266,21.9,21.84665270069015,1.5276667749963502,72456
2026-04-01 12:00:49,-94.9137,39.1677,97.2,16408.0,-61.8,-86.6,-81.9,3,5,0.0,266,22.0,21.946409105716132,1.5346424223707626,72456
2026-04-01 12:00:50,-94.9134,39.1677,97.1,16413.0,-61.8,-86.6,-81.9,3,5,0.0,267,22.0,21.969849764600625,1.1513910373447747,72456
2026-04-01 12:00:52,-94.9129,39.1677,97.0,16418.0,-61.8,-86.6,-81.9,3,5,0.0,267,22.1,22.069712718076083,1.1566246329690693,72456
2026-04-01 12:00:53,-94.9127,39.1677,96.9,16427.0,-61.8,-86.6,-81.9,3,5,0.0,267,22.2,22.169575671551538,1.1618582285933636,72456
2026-04-01 12:00:54,-94.9124,39.1677,96.8,16432.0,-61.7,-86.6,-81.9,3,5,0.0,267,22.2,22.169575671551538,1.1618582285933636,72456
2026-04-01 12:00:56,-94.9119,39.1677,96.7,16437.0,-61.8,-86.6,-81.9,3,5,0.0,268,22.2,22.186476359823924,0.7747688267955168,72456
2026-04-01 12:00:57,-94.9117,39.1677,96.6,16446.0,-61.8,-86.7,-81.9,3,5,0.0,268,22.3,22.286415442525836,0.778258776465767,72456
2026-04-01 12:00:58,-94.9114,39.1678,96.5,16451.0,-61.8,-86.7,-81.9,3,5,0.0,268,22.3,22.286415442525836,0.778258776465767,72456
2026-04-01 12:01:00,-94.9109,39.1678,96.4,16456.0,-61.8,-86.7,-81.9,3,5,0.0,269,22.4,22.396588371503164,0.39093390419515034,72456
2026-04-01 12:01:01,-94.9106,39.1678,96.3,16466.0,-61.8,-86.7,-82.0,3,5,0.0,269,22.4,22.396588371503164,0.39093390419515034,72456
2026-04-01 12:01:02,-94.9104,39.1678,96.2,16470.0,-61.8,-86.7,-82.0,3,5,0.0,269,22.4,22.396588371503164,0.39093390419515034,72456
2026-04-01 12:01:04,-94.9099,39.1678,96.1,16475.0,-61.8,-86.7,-82.0,3,5,0.0,269,22.4,22.396588371503164,0.39093390419515034,72456
2026-04-01 12:01:05,-94.9096,39.1678,96.0,16484.0,-61.9,-86.8,-82.0,3,5,0.0,270,22.5,22.5,4.133182947122317e-15,72456
2026-04-01 12:01:07,-94.909,39.1678,95.9,16489.0,-61.9,-86.8,-82.0,3,5,0.0,270,22.5,22.5,4.133182947122317e-15,72456
2026-04-01 12:01:08,-94.9088,39.1678,95.8,16498.0,-61.8,-86.7,-82.0,3,5,0.0,270,22.4,22.4,4.114813245135106e-15,72456
2026-04-01 12:01:09,-94.9085,39.1678,95.7,16503.0,-61.9,-86.8,-82.0,3,5,0.0,271,22.4,22.396588371503164,-0.39093390419514207,72456
2026-04-01 12:01:10,-94.9083,39.1678,95.6,16508.0,-61.8,-86.7,-82.0,3,5,0.0,271,22.4,22.396588371503164,-0.39093390419514207,72456
2026-04-01 12:01:12,-94.9078,39.1678,95.5,16513.0,-61.8,-86.7,-82.0,3,5,0.0,271,22.4,22.396588371503164,-0.39093390419514207,72456
2026-04-01 12:01:13,-94.9075,39.1677,95.4,16523.0,-61.7,-86.7,-81.9,3,5,0.0,271,22.3,22.296603601987528,-0.3891886635514138,72456
2026-04-01 12:01:14,-94.9072,39.1677,95.3,16528.0,-61.7,-86.7,-81.9,3,5,0.0,272,22.3,22.286415442525836,-0.7782587764657786,72456
2026-04-01 12:01:16,-94.9067,39.1677,95.2,16533.0,-61.8,-86.7,-81.9,3,5,0.0,272,22.2,22.186476359823924,-0.7747688267955284,72456
2026-04-01 12:01:17,-94.9064,39.1677,95.1,16543.0,-61.8,-86.7,-81.9,3,5,0.0,272,22.1,22.08653727712202,-0.7712788771252783,72456
2026-04-01 12:01:18,-94.9062,39.1677,95.0,16548.0,-61.7,-86.7,-81.9,3,5,0.0,272,22.0,21.986598194420107,-0.7677889274550282,72456
2026-04-01 12:01:20,-94.9057,39.1677,94.9,16552.0,-61.7,-86.6,-81.9,3,5,0.0,272,21.9,21.886659111718195,-0.7642989777847781,72456
2026-04-01 12:01:21,-94.9054,39.1677,94.8,16561.0,-61.7,-86.6,-81.9,3,5,0.0,273,21.7,21.670260904174253,-1.1356902504718835,72456
2026-04-01 12:01:23,-94.9049,39.1676,94.7,16566.0,-61.7,-86.6,-81.9,3,5,0.0,273,21.6,21.570397950698798,-1.1304566548475894,72456
2026-04-01 12:01:24,-94.9047,39.1676,94.6,16576.0,-61.7,-86.6,-81.9,3,5,0.0,273,21.4,21.370672043747877,-1.1199894635990004,72456
2026-04-01 12:01:25,-94.9044,39.1676,94.5,16581.0,-61.6,-86.6,-81.9,3,5,0.0,273,21.3,21.270809090272422,-1.114755867974706,72456
2026-04-01 12:01:27,-94.9039,39.1676,94.4,16586.0,-61.6,-86.6,-81.9,3,5,0.0,273,21.1,21.07108318332151,-1.1042886767261173,72456
2026-04-01 12:01:28,-94.9037,39.1676,94.3,16595.0,-61.6,-86.6,-81.9,3,5,0.0,273,20.8,20.771494322895137,-1.0885878898532342,72456
2026-04-01 12:01:30,-94.9032,39.1675,94.2,16600.0,-61.6,-86.7,-81.9,3,5,0.0,273,20.7,20.67163136941968,-1.0833542942289396,72456
2026-04-01 12:01:31,-94.903,39.1675,94.1,16608.0,-61.7,-86.7,-81.9,3,5,0.0,273,20.4,20.372042508993303,-1.0676535073560565,72456
2026-04-01 12:01:32,-94.9027,39.1675,94.0,16613.0,-61.6,-86.7,-81.9,3,5,0.0,273,20.2,20.17231660204239,-1.0571863161074677,72456
2026-04-01 12:01:34,-94.9023,39.1675,93.9,16618.0,-61.6,-86.7,-81.9,3,5,0.0,273,20.1,20.072453648566935,-1.0519527204831733,72456
2026-04-01 12:01:35,-94.902,39.1675,93.8,16628.0,-61.6,-86.7,-81.9,3,5,0.0,273,19.7,19.673001834665104,-1.0310183379859956,72456
2026-04-01 12:01:36,-94.9018,39.1675,93.7,16633.0,-61.6,-86.7,-82.0,3,5,0.0,273,19.6,19.57313888118965,-1.0257847423617015,72456
2026-04-01 12:01:38,-94.9014,39.1675,93.6,16638.0,-61.6,-86.7,-82.0,3,5,0.0,273,19.4,19.373412974238732,-1.0153175511131125,72456
2026-04-01 12:01:39,-94.9012,39.1674,93.5,16648.0,-61.7,-86.8,-82.0,2,5,0.0,273,19.1,19.07382411381236,-0.9996167642402294,72456
2026-04-01 12:01:40,-94.901,39.1674,93.4,16653.0,-61.7,-86.8,-82.0,3,5,0.0,273,18.9,18.874098206861444,-0.9891495729916405,72456
2026-04-01 12:01:42,-94.9005,39.1674,93.3,16658.0,-61.7,-86.8,-82.0,3,5,0.0,273,18.8,18.77423525338599,-0.9839159773673463,72456
2026-04-01 12:01:43,-94.9003,39.1674,93.2,16667.0,-61.7,-86.8,-82.0,3,5,0.0,273,18.5,18.474646392959617,-0.968215190494463,72456
2026-04-01 12:01:45,-94.8999,39.1674,93.1,16672.0,-61.7,-86.8,-82.0,3,5,0.0,273,18.3,18.274920486008703,-0.9577479992458743,72456
2026-04-01 12:01:46,-94.8997,39.1674,93.0,16682.0,-61.7,-86.7,-82.0,3,5,0.0,273,18.0,17.975331625582328,-0.942047212372991,72456
2026-04-01 12:01:47,-94.8995,39.1674,92.9,16687.0,-61.7,-86.7,-82.0,3,5,0.0,273,17.9,17.87546867210687,-0.9368136167486966,72456
2026-04-01 12:01:49,-94.8991,39.1674,92.8,16692.0,-61.7,-86.7,-81.9,3,5,0.0,273,17.8,17.775605718631414,-0.9315800211244023,72456
2026-04-01 12:01:50,-94.8989,39.1674,92.7,16701.0,-61.7,-86.7,-81.9,3,5,0.0,272,17.5,17.489339472834175,-0.6107411922937724,72456
2026-04-01 12:01:52,-94.8986,39.1674,92.6,16706.0,-61.7,-86.7,-81.9,3,5,0.0,272,17.4,17.389400390132266,-0.6072512426235223,72456
2026-04-01 12:01:53,-94.8984,39.1674,92.5,16715.0,-61.8,-86.7,-82.0,3,5,0.0,272,17.2,17.189522224728446,-0.600271343283022,72456
2026-04-01 12:01:54,-94.8982,39.1674,92.4,16720.0,-61.8,-86.7,-82.0,3,5,0.0,272,17.2,17.189522224728446,-0.600271343283022,72456
2026-04-01 12:01:56,-94.8977,39.1673,92.3,16725.0,-61.9,-86.7,-82.0,3,5,0.0,272,17.1,17.089583142026537,-0.5967813936127719,72456
2026-04-01 12:01:57,-94.8976,39.1673,92.2,16735.0,-61.9,-86.8,-82.0,3,5,0.0,272,16.9,16.889704976622717,-0.5898014942722716,72456
2026-04-01 12:01:58,-94.8974,39.1673,92.1,16740.0,-62.0,-86.8,-82.0,3,5,0.0,272,16.9,16.889704976622717,-0.5898014942722716,72456
2026-04-01 12:02:00,-94.897,39.1673,92.0,16745.0,-62.0,-86.8,-82.0,3,5,0.0,272,16.8,16.78976589392081,-0.5863115446020215,72456
2026-04-01 12:02:01,-94.8968,39.1673,91.9,16756.0,-62.0,-86.8,-82.1,3,5,0.0,272,16.7,16.6898268112189,-0.5828215949317713,72456
2026-04-01 12:02:02,-94.8966,39.1673,91.8,16761.0,-62.1,-86.8,-82.1,3,5,0.0,272,16.7,16.6898268112189,-0.5828215949317713,72456
2026-04-01 12:02:03,-94.8964,39.1673,91.7,16766.0,-62.1,-86.8,-82.1,3,5,0.0,272,16.7,16.6898268112189,-0.5828215949317713,72456
2026-04-01 12:02:05,-94.896,39.1673,91.6,16771.0,-62.1,-86.8,-82.0,3,5,0.0,273,16.7,16.677113230401382,-0.8740104692571639,72456
2026-04-01 12:02:06,-94.8959,39.1673,91.5,16781.0,-62.0,-86.8,-82.0,3,5,0.0,273,16.7,16.677113230401382,-0.8740104692571639,72456
2026-04-01 12:02:08,-94.8955,39.1673,91.4,16785.0,-62.0,-86.8,-82.0,3,5,0.0,273,16.7,16.677113230401382,-0.8740104692571639,72456
2026-04-01 12:02:09,-94.8954,39.1673,91.3,16794.0,-62.1,-86.8,-82.1,3,5,0.0,274,16.7,16.659319639339067,-1.164933111526891,72456
2026-04-01 12:02:11,-94.895,39.1673,91.2,16799.0,-62.1,-86.9,-82.1,3,5,0.0,274,16.7,16.659319639339067,-1.164933111526891,72456
2026-04-01 12:02:12,-94.8948,39.1673,91.1,16808.0,-62.2,-86.9,-82.1,3,5,0.0,275,16.8,16.736070927941327,-1.4642164781606526,72456
2026-04-01 12:02:14,-94.8943,39.1672,91.0,16812.0,-62.1,-86.9,-82.1,3,5,0.0,276,16.8,16.707967842186992,-1.7560781828965701,72456
2026-04-01 12:02:16,-94.894,39.1672,90.9,16820.0,-62.1,-86.9,-82.2,3,5,0.0,277,16.9,16.77402996273834,-2.0595919035469956,72456
2026-04-01 12:02:17,-94.8938,39.1672,90.8,16830.0,-62.2,-87.0,-82.3,3,5,0.0,278,17.0,16.834557168606697,-2.365942716321113,72456
2026-04-01 12:02:18,-94.8936,39.1672,90.7,16836.0,-62.2,-87.1,-82.3,3,5,0.0,279,17.0,16.790701790117343,-2.6593859056839215,72456
2026-04-01 12:02:19,-94.8934,39.1672,90.6,16842.0,-62.3,-87.2,-82.4,3,5,0.0,279,17.1,16.88947062417686,-2.675029352187945,72456
2026-04-01 12:02:20,-94.8932,39.1671,90.5,16848.0,-62.3,-87.2,-82.4,3,5,0.0,280,17.2,16.93869335180998,-2.9867486558711955,72456
2026-04-01 12:02:22,-94.8928,39.1671,90.4,16853.0,-62.3,-87.2,-82.5,2,5,0.0,280,17.2,16.93869335180998,-2.9867486558711955,72456
2026-04-01 12:02:23,-94.8926,39.1671,90.3,16863.0,-62.1,-87.2,-82.4,2,4,0.0,282,17.4,17.019768252768216,-3.617663420229014,72456
2026-04-01 12:02:24,-94.8924,39.167,90.2,16869.0,-62.1,-87.2,-82.5,2,4,0.0,282,17.5,17.117583012841596,-3.6384545893107902,72456
2026-04-01 12:02:26,-94.892,39.167,90.1,16874.0,-62.0,-87.2,-82.5,2,4,0.0,283,17.5,17.051476133741616,-3.9366434510176362,72456
2026-04-01 12:02:27,-94.8918,39.1669,90.0,16884.0,-61.7,-87.1,-82.3,2,4,0.0,284,17.7,17.17423435508514,-4.282017552114114,72456
2026-04-01 12:02:28,-94.8916,39.1668,89.9,16889.0,-61.5,-87.0,-82.2,2,4,0.0,285,17.7,17.09688712531651,-4.581097098314609,72456
2026-04-01 12:02:30,-94.8912,39.1667,89.8,16893.0,-61.3,-86.8,-82.1,2,4,0.0,286,17.8,17.110458187702076,-4.906344933542589,72456
2026-04-01 12:02:31,-94.891,39.1666,89.7,16903.0,-61.0,-86.7,-81.9,2,4,0.0,287,17.9,17.117855131738335,-5.233453514536987,72456
2026-04-01 12:02:33,-94.8906,39.1666,89.6,16908.0,-60.9,-86.6,-81.9,2,4,0.0,287,18.0,17.213485607334636,-5.262690685009261,72456
2026-04-01 12:02:34,-94.8904,39.1665,89.5,16919.0,-60.8,-86.7,-81.9,2,4,0.0,288,18.1,17.214122944942282,-5.593207598186545,72456
2026-04-01 12:02:35,-94.8902,39.1664,89.4,16924.0,-60.8,-86.7,-81.9,2,4,0.0,288,18.1,17.214122944942282,-5.593207598186545,72456
2026-04-01 12:02:37,-94.8898,39.1663,89.3,16929.0,-60.9,-86.7,-82.0,2,4,0.0,289,18.2,17.20843807590757,-5.925340411120245,72456
2026-04-01 12:02:38,-94.8896,39.1662,89.2,16939.0,-60.9,-86.8,-82.0,2,4,0.0,289,18.2,17.20843807590757,-5.925340411120245,72456
2026-04-01 12:02:40,-94.8892,39.1661,89.1,16944.0,-60.9,-86.8,-82.0,2,4,0.0,290,18.2,17.10240569830353,-6.224766608527175,72456
2026-04-01 12:02:41,-94.889,39.166,89.0,16954.0,-61.0,-86.8,-82.1,2,4,0.0,290,18.2,17.10240569830353,-6.224766608527175,72456
2026-04-01 12:02:42,-94.8888,39.166,88.9,16959.0,-61.0,-86.8,-82.1,2,4,0.0,290,18.2,17.10240569830353,-6.224766608527175,72456
2026-04-01 12:02:44,-94.8884,39.1659,88.8,16964.0,-61.0,-86.9,-82.1,2,4,0.0,290,18.2,17.10240569830353,-6.224766608527175,72456
2026-04-01 12:02:45,-94.8882,39.1658,88.7,16974.0,-61.0,-86.9,-82.1,2,4,0.0,290,18.1,17.00843643622494,-6.190564594194609,72456
2026-04-01 12:02:46,-94.888,39.1657,88.6,16980.0,-61.0,-86.9,-82.1,2,4,0.0,290,18.1,17.00843643622494,-6.190564594194609,72456
2026-04-01 12:02:48,-94.8876,39.1656,88.5,16985.0,-61.0,-86.8,-82.1,2,4,0.0,290,18.0,16.91446717414635,-6.156362579862042,72456
2026-04-01 12:02:49,-94.8874,39.1656,88.4,16995.0,-60.8,-86.7,-82.0,2,4,0.0,290,17.9,16.820497912067758,-6.122160565529475,72456
2026-04-01 12:02:50,-94.8872,39.1655,88.3,17000.0,-60.8,-86.7,-81.9,2,4,0.0,290,17.8,16.72652864998917,-6.087958551196908,72456
2026-04-01 12:02:52,-94.8869,39.1654,88.2,17005.0,-60.7,-86.6,-81.9,2,4,0.0,290,17.8,16.72652864998917,-6.087958551196908,72456
2026-04-01 12:02:53,-94.8867,39.1653,88.1,17016.0,-60.7,-86.6,-81.8,2,4,0.0,290,17.6,16.538590125831988,-6.019554522531775,72456
2026-04-01 12:02:54,-94.8865,39.1653,88.0,17021.0,-60.7,-86.6,-81.9,2,4,0.0,290,17.6,16.538590125831988,-6.019554522531775,72456
2026-04-01 12:02:56,-94.8861,39.1652,87.9,17026.0,-60.7,-86.6,-81.9,2,4,0.0,289,17.5,16.54657507298805,-5.6974427030002355,72456
2026-04-01 12:02:57,-94.8859,39.1651,87.8,17036.0,-60.8,-86.7,-81.9,2,4,0.0,289,17.3,16.357471357868185,-5.632329072108805,72456
2026-04-01 12:02:59,-94.8855,39.165,87.7,17040.0,-60.9,-86.7,-81.9,2,4,0.0,289,17.2,16.26291950030825,-5.599772256663089,72456
2026-04-01 12:03:00,-94.8853,39.165,87.6,17050.0,-60.9,-86.7,-81.9,2,4,0.0,288,17.1,16.26306642864713,-5.284190603811598,72456
2026-04-01 12:03:02,-94.885,39.1649,87.5,17055.0,-60.9,-86.7,-81.9,2,4,0.0,288,17.0,16.167960777017612,-5.253288904374103,72456
2026-04-01 12:03:03,-94.8848,39.1648,87.4,17065.0,-61.0,-86.7,-81.9,2,4,0.0,287,16.8,16.065919900178997,-4.911844639341977,72456
2026-04-01 12:03:05,-94.8845,39.1648,87.3,17070.0,-61.0,-86.7,-81.9,2,4,0.0,287,16.8,16.065919900178997,-4.911844639341977,72456
2026-04-01 12:03:06,-94.8843,39.1647,87.2,17080.0,-61.1,-86.7,-81.9,2,4,0.0,287,16.6,15.87465894898639,-4.85337029839743,72456
2026-04-01 12:03:07,-94.8841,39.1647,87.1,17086.0,-61.1,-86.7,-81.9,2,4,0.0,286,16.5,15.86081798298226,-4.5480163709804895,72456
2026-04-01 12:03:09,-94.8837,39.1646,87.0,17091.0,-61.2,-86.7,-81.9,2,4,0.0,286,16.5,15.86081798298226,-4.5480163709804895,72456
2026-04-01 12:03:10,-94.8835,39.1646,86.9,17102.0,-61.2,-86.7,-81.9,2,4,0.0,285,16.4,15.841183551140722,-4.244632339681332,72456
2026-04-01 12:03:11,-94.8834,39.1645,86.8,17107.0,-61.3,-86.7,-81.9,2,4,0.0,285,16.3,15.744590968511815,-4.218750435171081,72456
2026-04-01 12:03:13,-94.883,39.1645,86.7,17112.0,-61.3,-86.7,-81.9,2,4,0.0,285,16.3,15.744590968511815,-4.218750435171081,72456
2026-04-01 12:03:14,-94.8828,39.1645,86.6,17122.0,-61.4,-86.7,-82.0,2,4,0.0,284,16.2,15.718790765671145,-3.9191347087146124,72456
2026-04-01 12:03:16,-94.8825,39.1644,86.5,17128.0,-61.4,-86.7,-82.0,2,4,0.0,283,16.1,15.68735804304229,-3.6217119749362254,72456
2026-04-01 12:03:17,-94.8823,39.1643,86.4,17138.0,-61.5,-86.7,-82.0,2,4,0.0,283,16.1,15.68735804304229,-3.6217119749362254,72456
2026-04-01 12:03:18,-94.8821,39.1643,86.3,17143.0,-61.6,-86.7,-82.0,2,4,0.0,282,16.1,15.74817637181427,-3.3473782221659274,72456
2026-04-01 12:03:20,-94.8817,39.1642,86.2,17148.0,-61.6,-86.7,-82.0,2,5,0.0,282,16.0,15.65036161174089,-3.3265870530841513,72456
2026-04-01 12:03:21,-94.8816,39.1643,86.1,17157.0,-61.7,-86.7,-82.0,2,5,0.0,281,16.0,15.706034935162622,-3.0529439260247218,72456
2026-04-01 12:03:23,-94.8813,39.1642,86.0,17163.0,-61.7,-86.8,-82.0,3,5,0.0,281,16.0,15.706034935162622,-3.0529439260247218,72456
2026-04-01 12:03:24,-94.8811,39.1642,85.9,17174.0,-61.8,-86.8,-82.0,3,5,0.0,280,16.0,15.75692404819533,-2.7783708426708795,72456
2026-04-01 12:03:25,-94.8808,39.1641,85.8,17179.0,-61.9,-86.8,-82.0,3,5,0.0,279,16.0,15.803013449522204,-2.502951440643691,72456
2026-04-01 12:03:27,-94.8805,39.1641,85.7,17184.0,-61.9,-86.8,-82.1,3,5,0.0,279,16.0,15.803013449522204,-2.502951440643691,72456
2026-04-01 12:03:28,-94.8803,39.1641,85.6,17193.0,-62.0,-86.9,-82.1,3,5,0.0,278,16.0,15.844289099865126,-2.2267696153610474,72456
2026-04-01 12:03:30,-94.88,39.164,85.5,17198.0,-62.0,-86.9,-82.1,3,5,0.0,278,16.0,15.844289099865126,-2.2267696153610474,72456
2026-04-01 12:03:31,-94.8798,39.164,85.4,17208.0,-62.1,-86.9,-82.1,3,5,0.0,277,16.1,15.979993041425285,-1.962096428822878,72456
2026-04-01 12:03:33,-94.8794,39.164,85.3,17213.0,-62.1,-86.9,-82.1,3,5,0.0,276,16.1,16.011802515429203,-1.6829082586092132,72456
2026-04-01 12:03:34,-94.8792,39.164,85.2,17223.0,-62.2,-86.9,-82.2,3,5,0.0,275,16.1,16.038734639277106,-1.4032074582372922,72456
2026-04-01 12:03:35,-94.879,39.164,85.1,17229.0,-62.3,-87.0,-82.2,3,5,0.0,275,16.1,16.038734639277106,-1.4032074582372922,72456
2026-04-01 12:03:37,-94.8787,39.1639,85.0,17234.0,-62.3,-87.0,-82.2,3,5,0.0,274,16.1,16.060781209183173,-1.1230792272804162,72456
2026-04-01 12:03:38,-94.8785,39.1639,84.9,17244.0,-62.4,-87.1,-82.3,3,5,0.0,273,16.2,16.177798463024097,-0.8478424911356919,72456
2026-04-01 12:03:40,-94.8781,39.1639,84.8,17250.0,-62.5,-87.1,-82.4,3,5,0.0,272,16.2,16.19013139770935,-0.5653718465805208,72456
2026-04-01 12:03:41,-94.8779,39.1639,84.7,17259.0,-62.5,-87.2,-82.4,3,5,0.0,271,16.2,16.197532661533536,-0.2827289842839867,72456
2026-04-01 12:03:43,-94.8775,39.1639,84.6,17264.0,-62.6,-87.2,-82.5,3,5,0.0,271,16.2,16.197532661533536,-0.2827289842839867,72456
2026-04-01 12:03:44,-94.8773,39.1639,84.5,17273.0,-62.6,-87.3,-82.5,3,5,0.0,270,16.3,16.3,2.9942614239152784e-15,72456
2026-04-01 12:03:46,-94.8769,39.164,84.4,17278.0,-62.6,-87.3,-82.6,3,5,0.0,269,16.3,16.29751743104918,0.284474224927721,72456
2026-04-01 12:03:47,-94.8767,39.164,84.3,17288.0,-62.5,-87.4,-82.6,3,5,0.0,268,16.3,16.290070480411263,0.5688617962507624,72456
2026-04-01 12:03:49,-94.8764,39.164,84.2,17294.0,-62.4,-87.3,-82.6,2,5,0.0,268,16.4,16.390009563113168,0.5723517459210125,72456
2026-04-01 12:03:50,-94.8762,39.164,84.1,17304.0,-62.1,-87.2,-82.4,2,4,0.0,267,16.4,16.37752436997501,0.8583096823842865,72456
2026-04-01 12:03:52,-94.8758,39.164,84.0,17309.0,-61.9,-87.1,-82.4,2,4,0.0,266,16.4,16.360050424261114,1.1440061694036594,72456
2026-04-01 12:03:53,-94.8757,39.164,83.9,17319.0,-61.7,-87.0,-82.3,2,4,0.0,265,16.5,16.437212518513803,1.438069755336361,72456
2026-04-01 12:03:55,-94.8753,39.1641,83.8,17324.0,-61.6,-87.0,-82.3,2,4,0.0,265,16.5,16.437212518513803,1.438069755336361,72456
2026-04-01 12:03:56,-94.8751,39.1641,83.7,17334.0,-61.6,-87.1,-82.3,2,4,0.0,264,16.6,16.50906346311334,1.7351724902430459,72456
2026-04-01 12:03:58,-94.8747,39.1641,83.6,17339.0,-61.6,-87.1,-82.4,2,4,0.0,264,16.6,16.50906346311334,1.7351724902430459,72456
2026-04-01 12:03:59,-94.8745,39.1641,83.5,17348.0,-61.6,-87.2,-82.5,2,4,0.0,263,16.7,16.575520732410077,2.0352180348659576,72456
2026-04-01 12:04:01,-94.8741,39.1642,83.4,17353.0,-61.6,-87.3,-82.5,2,4,0.0,263,16.8,16.67477534757421,2.0474049692064726,72456
2026-04-01 12:04:02,-94.8739,39.1642,83.3,17363.0,-61.6,-87.4,-82.6,2,4,0.0,263,16.9,16.774029962738343,2.059591903546987,72456
2026-04-01 12:04:04,-94.8735,39.1643,83.2,17368.0,-61.6,-87.4,-82.6,2,4,0.0,263,16.9,16.774029962738343,2.059591903546987,72456
2026-04-01 12:04:05,-94.8734,39.1643,83.1,17377.0,-61.5,-87.4,-82.6,2,4,0.0,262,17.1,16.933583975480854,2.3798600264171257,72456
2026-04-01 12:04:07,-94.873,39.1643,83.0,17382.0,-61.4,-87.3,-82.6,2,4,0.0,262,17.1,16.933583975480854,2.3798600264171257,72456
2026-04-01 12:04:08,-94.8728,39.1644,82.9,17391.0,-61.2,-87.2,-82.4,2,4,0.0,262,17.2,17.032610782355007,2.393777336513132,72456
2026-04-01 12:04:10,-94.8724,39.1645,82.8,17396.0,-61.2,-87.2,-82.4,2,4,0.0,262,17.3,17.131637589229165,2.407694646609139,72456
2026-04-01 12:04:11,-94.8722,39.1645,82.7,17406.0,-61.1,-87.1,-82.4,2,4,0.0,263,17.4,17.270303038559003,2.120526575249561,72456
2026-04-01 12:04:13,-94.8718,39.1645,82.6,17411.0,-61.1,-87.1,-82.4,2,4,0.0,263,17.4,17.270303038559003,2.120526575249561,72456
2026-04-01 12:04:14,-94.8716,39.1645,82.5,17421.0,-61.1,-87.1,-82.4,2,4,0.0,263,17.5,17.369557653723138,2.1327135095900753,72456
2026-04-01 12:04:16,-94.8712,39.1646,82.4,17427.0,-61.2,-87.1,-82.4,2,4,0.0,263,17.6,17.46881226888727,2.1449004439305903,72456
2026-04-01 12:04:17,-94.871,39.1646,82.3,17437.0,-61.2,-87.2,-82.4,2,4,0.0,264,17.6,17.50358535848161,1.8397009535106992,72456
2026-04-01 12:04:19,-94.8706,39.1646,82.2,17442.0,-61.3,-87.2,-82.5,2,4,0.0,264,17.6,17.50358535848161,1.8397009535106992,72456
2026-04-01 12:04:20,-94.8703,39.1646,82.1,17452.0,-61.3,-87.2,-82.5,2,4,0.0,264,17.7,17.60303754801844,1.8501537998374644,72456
2026-04-01 12:04:22,-94.8699,39.1646,82.0,17458.0,-61.3,-87.3,-82.5,2,4,0.0,265,17.6,17.533026686414722,1.5339410723587854,72456
2026-04-01 12:04:23,-94.8697,39.1647,81.9,17468.0,-61.4,-87.3,-82.5,2,4,0.0,265,17.6,17.533026686414722,1.5339410723587854,72456
2026-04-01 12:04:25,-94.8693,39.1647,81.8,17473.0,-61.4,-87.3,-82.6,2,4,0.0,265,17.6,17.533026686414722,1.5339410723587854,72456
2026-04-01 12:04:26,-94.869,39.1647,81.7,17482.0,-61.3,-87.3,-82.5,2,4,0.0,266,17.5,17.457370879546925,1.2207382905221977,72456
2026-04-01 12:04:28,-94.8687,39.1647,81.6,17487.0,-61.3,-87.2,-82.5,2,4,0.0,266,17.4,17.35761447452094,1.213762643147785,72456
2026-04-01 12:04:29,-94.8685,39.1647,81.5,17497.0,-61.1,-87.1,-82.4,2,4,0.0,267,17.3,17.27629095125413,0.9054120430029365,72456
2026-04-01 12:04:31,-94.8681,39.1647,81.4,17503.0,-61.1,-87.1,-82.3,2,4,0.0,267,17.3,17.27629095125413,0.9054120430029365,72456
2026-04-01 12:04:32,-94.8679,39.1647,81.3,17513.0,-61.0,-87.1,-82.3,2,4,0.0,268,17.1,17.089583142026537,0.5967813936127631,72456
2026-04-01 12:04:34,-94.8675,39.1648,81.2,17517.0,-61.0,-87.1,-82.3,2,4,0.0,268,17.0,16.98964405932463,0.593291443942513,72456
2026-04-01 12:04:36,-94.8671,39.1648,81.1,17526.0,-61.0,-87.1,-82.3,2,4,0.0,269,16.9,16.89742604814301,0.2949456687900911,72456
2026-04-01 12:04:37,-94.8669,39.1648,81.0,17536.0,-61.0,-87.1,-82.3,2,4,0.0,269,16.7,16.697456509111735,0.2914551875026344,72456
2026-04-01 12:04:39,-94.8665,39.1648,80.9,17541.0,-61.0,-87.1,-82.3,2,4,0.0,269,16.7,16.697456509111735,0.2914551875026344,72456
2026-04-01 12:04:40,-94.8664,39.1647,80.8,17551.0,-61.0,-87.1,-82.3,2,4,0.0,270,16.5,16.5,3.031000827889699e-15,72456
2026-04-01 12:04:42,-94.866,39.1647,80.7,17556.0,-61.0,-87.1,-82.3,2,4,0.0,270,16.5,16.5,3.031000827889699e-15,72456
2026-04-01 12:04:43,-94.8658,39.1648,80.6,17566.0,-61.1,-87.1,-82.4,2,4,0.0,271,16.4,16.397502200564816,-0.2862194655714433,72456
2026-04-01 12:04:45,-94.8654,39.1648,80.5,17571.0,-61.1,-87.2,-82.4,2,4,0.0,271,16.3,16.29751743104918,-0.284474224927715,72456
2026-04-01 12:04:47,-94.8651,39.1647,80.4,17580.0,-61.2,-87.2,-82.4,2,4,0.0,272,16.3,16.290070480411263,-0.5688617962507709,72456
2026-04-01 12:04:48,-94.8649,39.1647,80.3,17589.0,-61.2,-87.2,-82.4,2,4,0.0,272,16.2,16.19013139770935,-0.5653718465805208,72456
2026-04-01 12:04:50,-94.8646,39.1647,80.2,17594.0,-61.2,-87.2,-82.4,2,4,0.0,273,16.2,16.177798463024097,-0.8478424911356919,72456
2026-04-01 12:04:52,-94.8642,39.1647,80.1,17603.0,-61.3,-87.1,-82.4,2,4,0.0,273,16.2,16.177798463024097,-0.8478424911356919,72456
2026-04-01 12:04:53,-94.864,39.1647,80.0,17613.0,-61.3,-87.1,-82.4,2,4,0.0,274,16.2,16.160537614209154,-1.1300548746548285,72456
2026-04-01 12:04:55,-94.8637,39.1647,79.9,17617.0,-61.3,-87.1,-82.4,2,4,0.0,274,16.2,16.160537614209154,-1.1300548746548285,72456
2026-04-01 12:04:57,-94.8632,39.1647,79.8,17626.0,-61.4,-87.1,-82.4,2,4,0.0,275,16.3,16.237973578895453,-1.4206386067868237,72456
2026-04-01 12:04:59,-94.8628,39.1646,79.7,17635.0,-61.5,-87.1,-82.4,2,4,0.0,275,16.4,16.337593048704626,-1.4293541810615893,72456
2026-04-01 12:05:00,-94.8627,39.1646,79.6,17644.0,-61.5,-87.2,-82.4,2,4,0.0,276,16.4,16.310159084039682,-1.7142667975895087,72456
2026-04-01 12:05:02,-94.8623,39.1645,79.5,17648.0,-61.6,-87.2,-82.4,2,4,0.0,276,16.5,16.409611273576513,-1.7247196439162742,72456
2026-04-01 12:05:04,-94.8619,39.1645,79.4,17657.0,-61.6,-87.1,-82.4,2,4,0.0,276,16.6,16.50906346311334,-1.7351724902430397,72456
2026-04-01 12:05:05,-94.8617,39.1645,79.3,17668.0,-61.6,-87.1,-82.3,2,4,0.0,277,16.7,16.575520732410077,-2.035218034865966,72456
2026-04-01 12:05:07,-94.8614,39.1645,79.2,17673.0,-61.6,-87.1,-82.3,2,4,0.0,277,16.8,16.67477534757421,-2.047404969206481,72456
2026-04-01 12:05:09,-94.861,39.1644,79.1,17682.0,-61.6,-87.1,-82.3,2,4,0.0,277,16.9,16.77402996273834,-2.0595919035469956,72456
2026-04-01 12:05:10,-94.8608,39.1644,79.0,17691.0,-61.6,-87.1,-82.3,2,4,0.0,278,17.0,16.834557168606697,-2.365942716321113,72456
2026-04-01 12:05:12,-94.8604,39.1643,78.9,17696.0,-61.7,-87.1,-82.3,2,4,0.0,278,17.1,16.933583975480854,-2.3798600264171195,72456
2026-04-01 12:05:13,-94.8602,39.1643,78.8,17706.0,-61.7,-87.1,-82.4,2,4,0.0,278,17.3,17.131637589229168,-2.4076946466091327,72456
2026-04-01 12:05:15,-94.8598,39.1643,78.7,17711.0,-61.8,-87.2,-82.4,2,4,0.0,278,17.4,17.23066439610332,-2.421611956705139,72456
2026-04-01 12:05:17,-94.8594,39.1642,78.6,17721.0,-61.8,-87.2,-82.4,2,4,0.0,278,17.5,17.329691202977482,-2.4355292668011455,72456
2026-04-01 12:05:18,-94.8592,39.1642,78.5,17731.0,-61.9,-87.2,-82.5,2,4,0.0,279,17.7,17.48208362853394,-2.768890031212083,72456
2026-04-01 12:05:20,-94.8588,39.1642,78.4,17735.0,-62.0,-87.3,-82.5,2,4,0.0,279,17.7,17.48208362853394,-2.768890031212083,72456
2026-04-01 12:05:22,-94.8583,39.1642,78.3,17744.0,-62.0,-87.3,-82.5,2,4,0.0,279,17.9,17.679621296652964,-2.800176924220129,72456
2026-04-01 12:05:23,-94.8581,39.1642,78.2,17753.0,-62.1,-87.3,-82.5,2,4,0.0,280,18.0,17.726539554219748,-3.1256671980047397,72456
2026-04-01 12:05:25,-94.8577,39.1641,78.1,17758.0,-62.1,-87.3,-82.6,2,4,0.0,280,18.1,17.825020329520967,-3.143032015771433,72456
2026-04-01 12:05:27,-94.8573,39.164,78.0,17767.0,-62.2,-87.4,-82.6,2,4,0.0,280,18.2,17.923501104822186,-3.160396833538125,72456
2026-04-01 12:05:29,-94.8568,39.164,77.9,17776.0,-62.1,-87.3,-82.5,2,4,0.0,281,18.3,17.96377745709225,-3.491804615390776,72456
2026-04-01 12:05:30,-94.8566,39.164,77.8,17786.0,-62.1,-87.2,-82.5,2,4,0.0,281,18.4,18.061940175437012,-3.5108855149284297,72456
2026-04-01 12:05:32,-94.8562,39.1639,77.7,17791.0,-62.1,-87.2,-82.5,2,4,0.0,282,18.4,17.997915853502022,-3.8255751110467737,72456
2026-04-01 12:05:34,-94.8558,39.1637,77.6,17800.0,-62.2,-87.3,-82.5,2,4,0.0,282,18.4,17.997915853502022,-3.8255751110467737,72456
2026-04-01 12:05:36,-94.8554,39.1637,77.5,17809.0,-62.2,-87.3,-82.5,2,4,0.0,283,18.4,17.928409192048328,-4.139099399927114,72456
2026-04-01 12:05:37,-94.8552,39.1637,77.4,17817.0,-62.2,-87.3,-82.5,2,4,0.0,283,18.4,17.928409192048328,-4.139099399927114,72456
2026-04-01 12:05:39,-94.8548,39.1636,77.3,17822.0,-62.2,-87.3,-82.5,2,4,0.0,284,18.4,17.853441363478336,-4.451362879033881,72456
2026-04-01 12:05:41,-94.8543,39.1635,77.2,17831.0,-62.3,-87.3,-82.6,2,4,0.0,284,18.3,17.756411790850738,-4.427170689473915,72456
2026-04-01 12:05:43,-94.8539,39.1634,77.1,17840.0,-62.4,-87.4,-82.6,2,5,0.0,285,18.2,17.579850038461046,-4.7105066208658695,72456
2026-04-01 12:05:44,-94.8537,39.1633,77.0,17849.0,-62.4,-87.4,-82.6,2,5,0.0,285,18.1,17.48325745583214,-4.684624716355618,72456
2026-04-01 12:05:46,-94.8533,39.1633,76.9,17854.0,-62.3,-87.3,-82.6,2,5,0.0,285,18.0,17.38666487320323,-4.658742811845365,72456
2026-04-01 12:05:48,-94.8529,39.1632,76.8,17864.0,-62.2,-87.2,-82.5,2,5,0.0,286,17.9,17.206584357295906,-4.933908669124289,72456
2026-04-01 12:05:49,-94.8527,39.1631,76.7,17874.0,-62.2,-87.2,-82.4,2,5,0.0,286,17.7,17.01433201810824,-4.878781197960889,72456
2026-04-01 12:05:51,-94.8523,39.163,76.6,17879.0,-62.2,-87.2,-82.4,2,5,0.0,286,17.6,16.91820584851441,-4.851217462379189,72456
2026-04-01 12:05:52,-94.8521,39.163,76.5,17889.0,-62.3,-87.3,-82.5,2,5,0.0,286,17.3,16.629827339732916,-4.7685262556340895,72456
2026-04-01 12:05:54,-94.8518,39.1629,76.4,17895.0,-62.3,-87.3,-82.5,2,5,0.0,285,17.2,16.613924212171977,-4.451687575763349,72456
2026-04-01 12:05:55,-94.8516,39.1628,76.3,17905.0,-62.4,-87.3,-82.6,2,5,0.0,285,17.0,16.420739046914164,-4.399923766742845,72456
2026-04-01 12:05:57,-94.8512,39.1627,76.2,17910.0,-62.4,-87.3,-82.6,2,5,0.0,285,16.9,16.324146464285256,-4.374041862232593,72456
2026-04-01 12:05:59,-94.8509,39.1626,76.1,17920.0,-62.4,-87.3,-82.6,2,5,0.0,285,16.6,16.034368716398536,-4.296396148701837,72456
2026-04-01 12:06:00,-94.8507,39.1626,76.0,17930.0,-62.5,-87.4,-82.6,3,5,0.0,284,16.4,15.912849910926342,-3.967519087834546,72456
2026-04-01 12:06:02,-94.8503,39.1625,75.9,17935.0,-62.5,-87.4,-82.6,3,5,0.0,284,16.3,15.815820338298746,-3.9433268982745795,72456
2026-04-01 12:06:04,-94.85,39.1625,75.8,17945.0,-62.6,-87.4,-82.7,3,5,0.0,283,16.1,15.68735804304229,-3.6217119749362254,72456
2026-04-01 12:06:05,-94.8498,39.1624,75.7,17954.0,-62.7,-87.5,-82.7,3,5,0.0,282,15.9,15.55254685166751,-3.3057958840023756,72456
2026-04-01 12:06:07,-94.8495,39.1624,75.6,17959.0,-62.7,-87.5,-82.7,3,5,0.0,282,15.8,15.45473209159413,-3.2850047149205994,72456
2026-04-01 12:06:09,-94.8491,39.1624,75.5,17968.0,-62.7,-87.5,-82.7,3,5,0.0,281,15.6,15.313384061783555,-2.9766203278741035,72456
2026-04-01 12:06:10,-94.8489,39.1624,75.4,17978.0,-62.7,-87.5,-82.7,3,5,0.0,280,15.5,15.264520171689226,-2.6915467538374145,72456
2026-04-01 12:06:12,-94.8486,39.1623,75.3,17983.0,-62.7,-87.4,-82.7,3,5,0.0,280,15.4,15.166039396388005,-2.6741819360707217,72456
2026-04-01 12:06:14,-94.8483,39.1623,75.2,17993.0,-62.6,-87.4,-82.7,3,5,0.0,279,15.3,15.111631611105608,-2.3934473151155293,72456
2026-04-01 12:06:15,-94.8481,39.1623,75.1,18003.0,-62.6,-87.4,-82.7,3,5,0.0,278,15.2,15.052074644871869,-2.115431134592995,72456
2026-04-01 12:06:17,-94.8477,39.1622,75.0,18008.0,-62.7,-87.5,-82.7,3,5,0.0,277,15.1,14.987446889783962,-1.84022708541773,72456
2026-04-01 12:06:19,-94.8474,39.1622,74.9,18018.0,-62.8,-87.5,-82.7,3,5,0.0,277,15.0,14.88819227461983,-1.8280401510772153,72456
2026-04-01 12:06:20,-94.8472,39.1622,74.8,18028.0,-62.8,-87.5,-82.7,3,5,0.0,276,15.0,14.917828430524102,-1.5679269490147947,72456
2026-04-01 12:06:22,-94.8469,39.1622,74.7,18033.0,-62.8,-87.5,-82.7,3,5,0.0,275,14.9,14.843301001567008,-1.2986205669401025,72456
2026-04-01 12:06:23,-94.8467,39.1622,74.6,18044.0,-62.9,-87.5,-82.8,3,5,0.0,275,14.8,14.743681531757835,-1.2899049926653368,72456
2026-04-01 12:06:25,-94.8463,39.1622,74.5,18049.0,-62.9,-87.5,-82.8,3,5,0.0,274,14.8,14.7639479438454,-1.0323958114130534,72456
2026-04-01 12:06:27,-94.846,39.1621,74.4,18058.0,-63.0,-87.6,-82.8,3,5,0.0,274,14.8,14.7639479438454,-1.0323958114130534,72456
2026-04-01 12:06:29,-94.8457,39.1621,74.3,18067.0,-63.0,-87.6,-82.8,3,5,0.0,273,14.7,14.679854160892235,-0.7693385567712759,72456
2026-04-01 12:06:30,-94.8455,39.1621,74.2,18078.0,-63.1,-87.6,-82.8,3,5,0.0,272,14.7,14.691045157180707,-0.5130226015267688,72456
2026-04-01 12:06:32,-94.8452,39.1621,74.1,18084.0,-63.1,-87.6,-82.8,3,5,0.0,272,14.7,14.691045157180707,-0.5130226015267688,72456
2026-04-01 12:06:33,-94.845,39.1621,74.0,18095.0,-63.3,-87.7,-82.9,3,5,0.0,271,14.6,14.597776349283313,-0.2548051339843337,72456
2026-04-01 12:06:35,-94.8447,39.1621,73.9,18100.0,-63.3,-87.7,-82.9,3,5,0.0,271,14.6,14.597776349283313,-0.2548051339843337,72456
2026-04-01 12:06:37,-94.8444,39.1621,73.8,18109.0,-63.4,-87.7,-82.9,3,5,0.0,270,14.6,14.6,2.6819764901327035e-15,72456
2026-04-01 12:06:38,-94.8442,39.1622,73.7,18118.0,-63.4,-87.7,-83.0,3,5,0.0,269,14.7,14.697761118798951,0.2565503746280674,72456
2026-04-01 12:06:40,-94.8438,39.1621,73.6,18123.0,-63.5,-87.8,-83.0,3,5,0.0,269,14.7,14.697761118798951,0.2565503746280674,72456
2026-04-01 12:06:42,-94.8435,39.1622,73.5,18133.0,-63.6,-87.8,-83.1,3,5,0.0,268,14.7,14.691045157180707,0.5130226015267612,72456
2026-04-01 12:06:44,-94.8432,39.1622,73.4,18143.0,-63.6,-87.9,-83.1,3,5,0.0,267,14.7,14.679854160892235,0.7693385567712813,72456
2026-04-01 12:06:45,-94.843,39.1622,73.3,18152.0,-63.7,-88.0,-83.2,3,5,0.0,267,14.8,14.779717114367694,0.7745721523955758,72456
2026-04-01 12:06:47,-94.8427,39.1622,73.2,18157.0,-63.7,-88.0,-83.2,3,5,0.0,267,14.8,14.779717114367694,0.7745721523955758,72456
2026-04-01 12:06:49,-94.8423,39.1622,73.1,18167.0,-63.8,-88.1,-83.3,3,5,0.0,266,14.8,14.763947943845398,1.0323958114130587,72456
2026-04-01 12:06:50,-94.8421,39.1623,73.0,18177.0,-63.8,-88.1,-83.4,3,5,0.0,266,14.9,14.86370434887138,1.0393714587874712,72456
2026-04-01 12:06:52,-94.8418,39.1623,72.9,18182.0,-63.8,-88.1,-83.4,3,5,0.0,266,14.9,14.86370434887138,1.0393714587874712,72456
2026-04-01 12:06:54,-94.8415,39.1623,72.8,18191.0,-63.6,-88.1,-83.3,3,5,0.0,266,14.9,14.86370434887138,1.0393714587874712,72456
2026-04-01 12:06:56,-94.8411,39.1624,72.7,18200.0,-63.4,-87.9,-83.2,3,5,0.0,265,15.0,14.942920471376183,1.3073361412148738,72456
2026-04-01 12:06:58,-94.8407,39.1624,72.6,18209.0,-63.2,-87.9,-83.1,3,5,0.0,266,15.0,14.963460753897364,1.0463471061618836,72456
2026-04-01 12:07:00,-94.8404,39.1624,72.5,18219.0,-63.2,-87.9,-83.2,2,5,0.0,266,15.1,15.063217158923345,1.0533227535362963,72456
2026-04-01 12:07:01,-94.8402,39.1624,72.4,18229.0,-63.2,-88.0,-83.3,2,5,0.0,266,15.2,15.162973563949327,1.0602984009107088,72456
2026-04-01 12:07:03,-94.8399,39.1625,72.3,18234.0,-63.2,-88.0,-83.3,2,5,0.0,266,15.3,15.26272996897531,1.0672740482851215,72456
2026-04-01 12:07:05,-94.8396,39.1624,72.2,18243.0,-63.1,-88.0,-83.3,2,4,0.0,266,15.4,15.362486374001293,1.074249695659534,72456
2026-04-01 12:07:06,-94.8394,39.1624,72.1,18254.0,-63.1,-88.0,-83.3,2,4,0.0,266,15.5,15.462242779027275,1.0812253430339465,72456
2026-04-01 12:07:08,-94.839,39.1624,72.0,18259.0,-63.1,-88.0,-83.3,2,4,0.0,267,15.6,15.578620742171351,0.8164409173899312,72456
2026-04-01 12:07:10,-94.8387,39.1625,71.9,18269.0,-63.0,-88.0,-83.2,2,4,0.0,267,15.7,15.678483695646808,0.8216745130142256,72456
2026-04-01 12:07:12,-94.8383,39.1625,71.8,18279.0,-63.1,-88.0,-83.3,2,4,0.0,267,15.9,15.878209602597725,0.8321417042628145,72456
2026-04-01 12:07:13,-94.8381,39.1625,71.7,18288.0,-63.1,-88.0,-83.3,2,4,0.0,267,16.1,16.07793550954864,0.8426088955114034,72456
2026-04-01 12:07:15,-94.8378,39.1625,71.6,18292.0,-63.1,-88.0,-83.3,2,4,0.0,267,16.2,16.177798463024097,0.8478424911356978,72456
2026-04-01 12:07:17,-94.8374,39.1625,71.5,18301.0,-63.2,-88.1,-83.3,2,4,0.0,268,16.4,16.390009563113168,0.5723517459210125,72456
2026-04-01 12:07:19,-94.8369,39.1625,71.4,18311.0,-63.2,-88.1,-83.3,2,4,0.0,268,16.6,16.58988772851699,0.5793316452615127,72456
2026-04-01 12:07:20,-94.8367,39.1625,71.3,18322.0,-63.2,-88.0,-83.3,2,4,0.0,268,16.8,16.78976589392081,0.5863115446020128,72456
2026-04-01 12:07:22,-94.8364,39.1626,71.2,18327.0,-63.2,-88.0,-83.3,2,5,0.0,268,16.9,16.889704976622717,0.5898014942722628,72456
2026-04-01 12:07:24,-94.836,39.1625,71.1,18337.0,-63.2,-88.0,-83.3,2,5,0.0,268,17.2,17.189522224728446,0.600271343283013,72456
2026-04-01 12:07:26,-94.8356,39.1625,71.0,18348.0,-63.3,-88.0,-83.3,2,5,0.0,268,17.4,17.389400390132266,0.6072512426235132,72456
2026-04-01 12:07:28,-94.8352,39.1626,70.9,18356.0,-63.3,-88.0,-83.3,2,5,0.0,268,17.7,17.689217638237995,0.6177210916342635,72456
2026-04-01 12:07:29,-94.835,39.1626,70.8,18365.0,-63.3,-88.0,-83.3,2,5,0.0,268,18.0,17.989034886343724,0.6281909406450137,72456
2026-04-01 12:07:31,-94.8345,39.1626,70.7,18370.0,-63.4,-88.0,-83.3,2,5,0.0,268,18.1,18.088973969045636,0.6316808903152639,72456
2026-04-01 12:07:33,-94.8341,39.1626,70.6,18380.0,-63.4,-88.1,-83.3,2,5,0.0,268,18.4,18.38879121715136,0.642150739326014,72456
2026-04-01 12:07:35,-94.8337,39.1626,70.5,18391.0,-63.5,-88.1,-83.3,3,5,0.0,268,18.7,18.68860846525709,0.6526205883367642,72456
2026-04-01 12:07:36,-94.8335,39.1626,70.4,18401.0,-63.6,-88.2,-83.4,3,5,0.0,268,19.0,18.98842571336282,0.6630904373475145,72456
2026-04-01 12:07:38,-94.833,39.1626,70.3,18406.0,-63.6,-88.2,-83.4,3,5,0.0,268,19.1,19.08836479606473,0.6665803870177646,72456
2026-04-01 12:07:40,-94.8326,39.1626,70.2,18416.0,-63.7,-88.2,-83.5,3,5,0.0,268,19.3,19.288242961468548,0.6735602863582647,72456
2026-04-01 12:07:42,-94.8321,39.1626,70.1,18426.0,-63.6,-88.2,-83.4,3,5,0.0,268,19.6,19.588060209574277,0.6840301353690149,72456
2026-04-01 12:07:43,-94.8319,39.1626,70.0,18435.0,-63.5,-88.1,-83.4,3,5,0.0,268,19.6,19.588060209574277,0.6840301353690149,72456
2026-04-01 12:07:45,-94.8314,39.1627,69.9,18441.0,-63.5,-88.1,-83.4,3,5,0.0,268,19.8,19.787938374978097,0.691010034709515,72456
2026-04-01 12:07:47,-94.8309,39.1626,69.8,18452.0,-63.5,-88.2,-83.4,2,5,0.0,268,19.9,19.887877457680005,0.6944999843797651,72456
2026-04-01 12:07:48,-94.8307,39.1626,69.7,18462.0,-63.6,-88.3,-83.5,2,5,0.0,268,19.9,19.887877457680005,0.6944999843797651,72456
2026-04-01 12:07:50,-94.8302,39.1626,69.6,18467.0,-63.6,-88.3,-83.5,2,5,0.0,268,19.9,19.887877457680005,0.6944999843797651,72456
2026-04-01 12:07:52,-94.8297,39.1627,69.5,18476.0,-63.6,-88.4,-83.6,2,5,0.0,268,19.9,19.887877457680005,0.6944999843797651,72456
2026-04-01 12:07:54,-94.8292,39.1627,69.4,18485.0,-63.6,-88.4,-83.6,2,4,0.0,268,19.8,19.787938374978097,0.691010034709515,72456
2026-04-01 12:07:56,-94.8287,39.1627,69.3,18496.0,-63.5,-88.4,-83.6,2,4,0.0,268,19.6,19.588060209574277,0.6840301353690149,72456
2026-04-01 12:07:57,-94.8285,39.1627,69.2,18506.0,-63.4,-88.3,-83.6,2,4,0.0,268,19.3,19.288242961468548,0.6735602863582647,72456
2026-04-01 12:07:59,-94.8281,39.1628,69.1,18511.0,-63.3,-88.3,-83.6,2,4,0.0,268,19.2,19.18830387876664,0.6700703366880146,72456
2026-04-01 12:08:01,-94.8276,39.1628,69.0,18522.0,-63.2,-88.3,-83.5,2,4,0.0,268,18.9,18.888486630660907,0.6596004876772643,72456
2026-04-01 12:08:02,-94.8274,39.1628,68.9,18533.0,-63.1,-88.3,-83.5,2,4,0.0,268,18.5,18.488730299853273,0.645640688996264,72456
2026-04-01 12:08:04,-94.827,39.1628,68.8,18539.0,-63.1,-88.3,-83.5,2,4,0.0,268,18.3,18.288852134449453,0.638660789655764,72456
2026-04-01 12:08:06,-94.8266,39.1628,68.7,18550.0,-63.1,-88.3,-83.6,2,4,0.0,267,17.9,17.87546867210687,0.936813616748703,72456
2026-04-01 12:08:07,-94.8264,39.1628,68.6,18560.0,-63.0,-88.3,-83.5,2,4,0.0,267,17.6,17.5758798116805,0.9211128298758199,72456
2026-04-01 12:08:09,-94.826,39.1628,68.5,18565.0,-63.0,-88.3,-83.5,2,4,0.0,267,17.4,17.376153904729584,0.9106456386272309,72456
2026-04-01 12:08:11,-94.8257,39.1628,68.4,18576.0,-63.0,-88.3,-83.5,2,4,0.0,267,17.0,16.976702090827754,0.8897112561300532,72456
2026-04-01 12:08:13,-94.8253,39.1628,68.3,18585.0,-63.1,-88.3,-83.6,2,4,0.0,266,16.7,16.659319639339063,1.164933111526897,72456
2026-04-01 12:08:14,-94.8251,39.1628,68.2,18595.0,-63.1,-88.3,-83.6,2,4,0.0,266,16.4,16.360050424261114,1.1440061694036594,72456
2026-04-01 12:08:16,-94.8247,39.1628,68.1,18601.0,-63.1,-88.3,-83.5,2,4,0.0,266,16.2,16.16053761420915,1.1300548746548345,72456
2026-04-01 12:08:18,-94.8244,39.1629,68.0,18613.0,-63.1,-88.3,-83.5,2,4,0.0,265,16.0,15.939115169467929,1.394491883962532,72456
2026-04-01 12:08:19,-94.8243,39.1629,67.9,18623.0,-63.2,-88.3,-83.5,2,4,0.0,264,15.8,15.713445946818721,1.651549719628923,72456
2026-04-01 12:08:21,-94.8239,39.1629,67.8,18628.0,-63.2,-88.3,-83.5,2,4,0.0,264,15.7,15.613993757281891,1.6410968733021576,72456
2026-04-01 12:08:23,-94.8236,39.163,67.7,18639.0,-63.3,-88.3,-83.6,2,4,0.0,263,15.6,15.483719965604624,1.901161757120296,72456
2026-04-01 12:08:25,-94.8232,39.163,67.6,18649.0,-63.3,-88.3,-83.5,2,4,0.0,263,15.4,15.28521073527636,1.8767878884392666,72456
2026-04-01 12:08:26,-94.823,39.1631,67.5,18658.0,-63.4,-88.3,-83.5,2,4,0.0,262,15.4,15.250128258620181,2.1432657547850136,72456
2026-04-01 12:08:28,-94.8227,39.1631,67.4,18664.0,-63.4,-88.3,-83.5,2,4,0.0,262,15.3,15.151101451746026,2.129348444689007,72456
2026-04-01 12:08:30,-94.8224,39.1631,67.3,18674.0,-63.6,-88.4,-83.6,2,4,0.0,262,15.3,15.151101451746026,2.129348444689007,72456
2026-04-01 12:08:32,-94.8221,39.1631,67.2,18684.0,-63.7,-88.4,-83.7,2,5,0.0,262,15.3,15.151101451746026,2.129348444689007,72456
2026-04-01 12:08:34,-94.8217,39.1632,67.1,18695.0,-63.8,-88.5,-83.7,2,5,0.0,261,15.3,15.111631611105606,2.393447315115535,72456
2026-04-01 12:08:35,-94.8215,39.1633,67.0,18705.0,-63.9,-88.5,-83.8,2,5,0.0,262,15.3,15.151101451746026,2.129348444689007,72456
2026-04-01 12:08:37,-94.8212,39.1634,66.9,18710.0,-63.9,-88.6,-83.8,2,5,0.0,262,15.3,15.151101451746026,2.129348444689007,72456
2026-04-01 12:08:39,-94.8208,39.1634,66.8,18720.0,-64.0,-88.6,-83.9,2,5,0.0,262,15.3,15.151101451746026,2.129348444689007,72456
2026-04-01 12:08:41,-94.8205,39.1634,66.7,18730.0,-64.0,-88.7,-83.9,2,5,0.0,262,15.4,15.250128258620181,2.1432657547850136,72456
2026-04-01 12:08:43,-94.8201,39.1635,66.6,18739.0,-64.0,-88.7,-84.0,2,4,0.0,263,15.5,15.384465350440493,1.8889748227797811,72456
2026-04-01 12:08:45,-94.8198,39.1635,66.5,18749.0,-63.9,-88.6,-83.9,2,4,0.0,263,15.5,15.384465350440493,1.8889748227797811,72456
2026-04-01 12:08:47,-94.8195,39.1635,66.4,18759.0,-63.5,-88.4,-83.7,2,4,0.0,264,15.6,15.514541567745065,1.6306440269753923,72456
2026-04-01 12:08:48,-94.8193,39.1636,66.3,18769.0,-63.3,-88.3,-83.6,2,4,0.0,265,15.7,15.640256760040405,1.3683451611382345,72456
2026-04-01 12:08:50,-94.8189,39.1636,66.2,18774.0,-63.3,-88.3,-83.5,2,4,0.0,265,15.8,15.73987622984958,1.3770607354130004,72456
2026-04-01 12:08:52,-94.8185,39.1635,66.1,18784.0,-63.3,-88.3,-83.5,2,4,0.0,266,15.9,15.861268399131205,1.1091279325315968,72456
2026-04-01 12:08:54,-94.8182,39.1635,66.0,18795.0,-63.2,-88.3,-83.5,2,4,0.0,267,16.0,15.978072556073181,0.8373752998871089,72456
2026-04-01 12:08:56,-94.8178,39.1636,65.9,18805.0,-63.2,-88.3,-83.5,2,4,0.0,267,16.2,16.177798463024097,0.8478424911356978,72456
2026-04-01 12:08:57,-94.8176,39.1636,65.8,18815.0,-63.3,-88.3,-83.5,2,4,0.0,268,16.3,16.290070480411263,0.5688617962507624,72456
2026-04-01 12:08:59,-94.8172,39.1636,65.7,18820.0,-63.3,-88.3,-83.5,2,4,0.0,268,16.4,16.390009563113168,0.5723517459210125,72456
2026-04-01 12:09:01,-94.8168,39.1636,65.6,18831.0,-63.4,-88.3,-83.6,2,4,0.0,269,16.6,16.597471739596095,0.2897099468589061,72456
2026-04-01 12:09:03,-94.8165,39.1636,65.5,18841.0,-63.5,-88.3,-83.6,2,4,0.0,269,16.8,16.797441278627375,0.29320042814636277,72456
2026-04-01 12:09:05,-94.816,39.1636,65.4,18851.0,-63.5,-88.3,-83.6,2,4,0.0,270,16.9,16.9,3.1044796358385398e-15,72456
2026-04-01 12:09:07,-94.8156,39.1636,65.3,18861.0,-63.6,-88.3,-83.6,2,5,0.0,271,17.1,17.097395587174294,-0.29843615007754154,72456
2026-04-01 12:09:08,-94.8155,39.1635,65.2,18872.0,-63.7,-88.3,-83.6,2,5,0.0,271,17.3,17.29736512620557,-0.30192663136499814,72456
2026-04-01 12:09:10,-94.8151,39.1635,65.1,18877.0,-63.7,-88.3,-83.6,2,5,0.0,271,17.4,17.397349895721206,-0.3036718720087264,72456
2026-04-01 12:09:12,-94.8147,39.1636,65.0,18887.0,-63.8,-88.3,-83.6,3,5,0.0,272,17.6,17.589278555536087,-0.6142311419640226,72456
2026-04-01 12:09:14,-94.8143,39.1636,64.9,18897.0,-63.9,-88.4,-83.6,3,5,0.0,273,17.8,17.775605718631414,-0.9315800211244023,72456
2026-04-01 12:09:16,-94.8138,39.1635,64.8,18906.0,-63.9,-88.4,-83.6,3,5,0.0,273,18.0,17.975331625582328,-0.942047212372991,72456
2026-04-01 12:09:18,-94.8134,39.1635,64.7,18917.0,-64.0,-88.4,-83.6,3,5,0.0,274,18.2,18.1556657147288,-1.2695678221430788,72456
2026-04-01 12:09:20,-94.813,39.1635,64.6,18927.0,-64.0,-88.4,-83.7,3,5,0.0,275,18.3,18.230362975078943,-1.5949500922821394,72456
2026-04-01 12:09:22,-94.8125,39.1635,64.5,18936.0,-64.1,-88.5,-83.7,3,5,0.0,275,18.5,18.429601914697294,-1.612381240831671,72456
2026-04-01 12:09:23,-94.8123,39.1634,64.4,18947.0,-64.1,-88.5,-83.7,3,5,0.0,276,18.7,18.59755944338671,-1.9546822631051108,72456
2026-04-01 12:09:25,-94.8119,39.1634,64.3,18952.0,-64.1,-88.5,-83.7,3,5,0.0,276,18.7,18.59755944338671,-1.9546822631051108,72456
2026-04-01 12:09:28,-94.8112,39.1633,64.2,18962.0,-64.1,-88.5,-83.7,3,5,0.0,277,18.9,18.759122266020984,-2.303330590357291,72456
2026-04-01 12:09:30,-94.8108,39.1632,64.1,18975.0,-64.1,-88.5,-83.8,3,5,0.0,279,19.0,18.76607847130762,-2.972254835764383,72456
2026-04-01 12:09:31,-94.8106,39.1632,64.0,18985.0,-64.2,-88.6,-83.8,3,5,0.0,280,19.1,18.809828082533176,-3.3166801934383625,72456
2026-04-01 12:09:33,-94.8102,39.1632,63.9,18991.0,-64.2,-88.6,-83.9,3,5,0.0,280,19.1,18.809828082533176,-3.3166801934383625,72456
2026-04-01 12:09:35,-94.8097,39.1631,63.8,19000.0,-64.2,-88.7,-83.9,3,5,0.0,281,19.2,18.847241922195145,-3.663532711229666,72456
2026-04-01 12:09:37,-94.8092,39.163,63.7,19010.0,-64.2,-88.7,-83.9,2,5,0.0,282,19.2,18.780433934089068,-3.9919044637009815,72456
2026-04-01 12:09:39,-94.8088,39.1629,63.6,19019.0,-64.2,-88.7,-83.9,2,5,0.0,283,19.2,18.707905243876517,-4.319060243402206,72456
2026-04-01 12:09:42,-94.8081,39.1628,63.5,19029.0,-64.1,-88.7,-83.9,2,5,0.0,284,19.1,18.532648371871534,-4.620708205953648,72456
2026-04-01 12:09:44,-94.8077,39.1627,63.4,19043.0,-64.0,-88.6,-83.9,2,5,0.0,285,19.0,18.3525906994923,-4.917561856947886,72456
2026-04-01 12:09:46,-94.8073,39.1626,63.3,19052.0,-64.1,-88.7,-83.9,2,5,0.0,286,18.9,18.167846053234225,-5.209546024941288,72456
2026-04-01 12:09:48,-94.8068,39.1625,63.2,19062.0,-64.1,-88.7,-83.9,2,5,0.0,287,18.8,17.97852941210507,-5.4965880487874506,72456
2026-04-01 12:09:50,-94.8064,39.1624,63.1,19072.0,-63.9,-88.6,-83.9,2,5,0.0,288,18.6,17.68965120308986,-5.7477160953740185,72456
2026-04-01 12:09:51,-94.8063,39.1623,63.0,19082.0,-63.9,-88.6,-83.8,2,5,0.0,288,18.4,17.499439899830826,-5.685912696499028,72456
2026-04-01 12:09:53,-94.8059,39.1622,62.9,19087.0,-63.9,-88.6,-83.8,2,5,0.0,289,18.3,17.3029899334675,-5.957897226565961,72456
2026-04-01 12:09:55,-94.8055,39.1621,62.8,19096.0,-63.9,-88.6,-83.8,2,5,0.0,290,18.1,17.00843643622494,-6.190564594194609,72456
2026-04-01 12:09:57,-94.8051,39.162,62.7,19106.0,-63.9,-88.6,-83.8,2,5,0.0,290,17.9,16.820497912067758,-6.122160565529475,72456
2026-04-01 12:09:59,-94.8047,39.1619,62.6,19116.0,-63.9,-88.6,-83.8,2,5,0.0,291,17.7,16.52437354900047,-6.343112706951817,72456
2026-04-01 12:10:01,-94.8044,39.1618,62.5,19126.0,-64.0,-88.6,-83.8,2,5,0.0,291,17.4,16.24429942105131,-6.235602322088226,72456
2026-04-01 12:10:03,-94.804,39.1616,62.4,19136.0,-63.9,-88.6,-83.8,2,5,0.0,292,17.2,15.947562298548743,-6.443233406753685,72456
2026-04-01 12:10:05,-94.8036,39.1615,62.3,19147.0,-63.9,-88.5,-83.8,2,5,0.0,292,16.9,15.669407142178706,-6.330851428728912,72456
2026-04-01 12:10:07,-94.8033,39.1614,62.2,19157.0,-64.0,-88.6,-83.8,2,5,0.0,292,16.6,15.391251985808672,-6.218469450704139,72456
2026-04-01 12:10:09,-94.8029,39.1612,62.1,19166.0,-64.1,-88.6,-83.9,2,5,0.0,292,16.3,15.113096829438636,-6.1060874726793655,72456
2026-04-01 12:10:11,-94.8026,39.1611,62.0,19176.0,-64.1,-88.7,-83.9,2,5,0.0,292,16.0,14.834941673068599,-5.993705494654591,72456
2026-04-01 12:10:13,-94.8023,39.161,61.9,19186.0,-64.1,-88.7,-84.0,2,5,0.0,292,15.6,14.464068131241884,-5.843862857288227,72456
2026-04-01 12:10:15,-94.8019,39.1609,61.8,19196.0,-64.2,-88.8,-84.0,2,5,0.0,292,15.3,14.185912974871849,-5.7314808792634535,72456
2026-04-01 12:10:17,-94.8016,39.1608,61.7,19205.0,-64.1,-88.8,-84.0,2,5,0.0,292,15.0,13.90775781850181,-5.619098901238679,72456
2026-04-01 12:10:20,-94.8012,39.1607,61.6,19214.0,-64.1,-88.8,-84.0,2,4,0.0,292,14.6,13.536884276675096,-5.469256263872315,72456
2026-04-01 12:10:22,-94.8009,39.1606,61.5,19229.0,-64.0,-88.8,-84.0,2,4,0.0,292,14.1,13.073292349391702,-5.281952967164359,72456
2026-04-01 12:10:24,-94.8005,39.1606,61.4,19239.0,-63.8,-88.7,-84.0,2,4,0.0,291,13.8,12.883409885661385,-4.945477703725145,72456
2026-04-01 12:10:26,-94.8003,39.1605,61.3,19249.0,-63.6,-88.6,-83.9,2,4,0.0,291,13.5,12.603335757712223,-4.837967318861555,72456
2026-04-01 12:10:28,-94.8,39.1604,61.2,19258.0,-63.6,-88.6,-83.8,2,4,0.0,291,13.2,12.323261629763062,-4.7304569339979645,72456
2026-04-01 12:10:30,-94.7997,39.1603,61.1,19268.0,-63.5,-88.6,-83.8,2,4,0.0,291,13.0,12.136545544463623,-4.658783344088905,72456
2026-04-01 12:10:32,-94.7995,39.1602,61.0,19278.0,-63.5,-88.6,-83.8,2,4,0.0,291,12.7,11.856471416514461,-4.551272959225314,72456
2026-04-01 12:10:34,-94.7992,39.1601,60.9,19288.0,-63.4,-88.6,-83.8,2,4,0.0,290,12.5,11.746157759823854,-4.275251791570862,72456
2026-04-01 12:10:36,-94.7989,39.1601,60.8,19298.0,-63.4,-88.6,-83.8,2,4,0.0,290,12.3,11.558219235666673,-4.206847762905729,72456
2026-04-01 12:10:38,-94.7987,39.16,60.7,19308.0,-63.5,-88.6,-83.8,2,4,0.0,290,12.1,11.37028071150949,-4.138443734240595,72456
2026-04-01 12:10:40,-94.7985,39.1599,60.6,19319.0,-63.5,-88.6,-83.9,2,4,0.0,289,11.9,11.251671049631872,-3.87426103804016,72456
2026-04-01 12:10:42,-94.7982,39.1598,60.5,19328.0,-63.5,-88.6,-83.8,2,4,0.0,289,11.7,11.062567334512007,-3.809147407148729,72456
2026-04-01 12:10:44,-94.7979,39.1598,60.4,19338.0,-63.5,-88.5,-83.8,2,4,0.0,288,11.6,11.032255589023782,-3.5845971347493877,72456
2026-04-01 12:10:45,-94.7978,39.1598,60.3,19350.0,-63.5,-88.6,-83.8,2,4,0.0,288,11.5,10.937149937394267,-3.553695435311893,72456
2026-04-01 12:10:48,-94.7975,39.1596,60.2,19356.0,-63.5,-88.6,-83.8,2,4,0.0,287,11.4,10.901874217978603,-3.333037433839199,72456
2026-04-01 12:10:50,-94.7972,39.1596,60.1,19369.0,-63.6,-88.6,-83.8,2,4,0.0,286,11.2,10.76613099450917,-3.087138385150393,72456
2026-04-01 12:10:52,-94.7969,39.1596,60.0,19379.0,-63.5,-88.6,-83.8,2,4,0.0,286,11.1,10.670004824915338,-3.059574649568693,72456
2026-04-01 12:10:53,-94.7968,39.1596,59.9,19391.0,-63.5,-88.5,-83.7,2,4,0.0,285,11.0,10.625184089179752,-2.8470094961277232,72456
2026-04-01 12:10:55,-94.7966,39.1595,59.8,19396.0,-63.4,-88.4,-83.7,2,4,0.0,285,10.9,10.528591506550846,-2.821127591617471,72456
2026-04-01 12:10:57,-94.7964,39.1595,59.7,19407.0,-63.4,-88.4,-83.6,2,4,0.0,285,10.8,10.43199892392194,-2.7952456871072195,72456
2026-04-01 12:11:00,-94.796,39.1594,59.6,19417.0,-63.4,-88.4,-83.6,2,4,0.0,284,10.7,10.382164271153163,-2.5885642829164417,72456
2026-04-01 12:11:02,-94.7957,39.1594,59.5,19430.0,-63.5,-88.4,-83.6,2,4,0.0,284,10.5,10.188105125897964,-2.540179903796508,72456
2026-04-01 12:11:04,-94.7955,39.1593,59.4,19441.0,-63.5,-88.4,-83.6,2,4,0.0,284,10.4,10.091075553270365,-2.5159877142365414,72456
2026-04-01 12:11:06,-94.7953,39.1593,59.3,19452.0,-63.5,-88.3,-83.6,2,4,0.0,284,10.2,9.897016408015164,-2.467603335116608,72456
2026-04-01 12:11:08,-94.7951,39.1592,59.2,19462.0,-63.5,-88.3,-83.6,2,4,0.0,283,10.1,9.841137654330876,-2.272005648873036,72456
2026-04-01 12:11:10,-94.7949,39.1592,59.1,19472.0,-63.6,-88.4,-83.6,2,4,0.0,283,9.9,9.64626364137383,-2.227015438004263,72456
2026-04-01 12:11:12,-94.7947,39.1592,59.0,19482.0,-63.7,-88.4,-83.7,2,4,0.0,283,9.7,9.45138962841678,-2.1820252271354894,72456
2026-04-01 12:11:14,-94.7944,39.1591,58.9,19494.0,-63.7,-88.5,-83.7,2,5,0.0,283,9.6,9.353952621938259,-2.159530121701103,72456
2026-04-01 12:11:15,-94.7943,39.1591,58.8,19505.0,-63.8,-88.5,-83.7,2,5,0.0,282,9.4,9.194587446897772,-1.954369893686939,72456
2026-04-01 12:11:17,-94.7941,39.159,58.7,19511.0,-63.8,-88.5,-83.7,2,5,0.0,282,9.4,9.194587446897772,-1.954369893686939,72456
2026-04-01 12:11:19,-94.794,39.159,58.6,19521.0,-63.9,-88.5,-83.8,2,5,0.0,281,9.2,9.030970087718506,-1.7554427574642149,72456
2026-04-01 12:11:21,-94.7937,39.159,58.5,19532.0,-63.9,-88.5,-83.8,2,5,0.0,281,9.1,8.93280736937374,-1.7363618579265605,72456
2026-04-01 12:11:23,-94.7935,39.159,58.4,19542.0,-63.8,-88.4,-83.7,2,5,0.0,280,9.1,8.961750552411093,-1.5801984167690626,72456
2026-04-01 12:11:26,-94.7933,39.1589,58.3,19552.0,-63.8,-88.4,-83.6,2,5,0.0,279,9.0,8.88919506535624,-1.4079101853620761,72456
2026-04-01 12:11:28,-94.7931,39.1589,58.2,19567.0,-63.9,-88.4,-83.7,3,5,0.0,278,9.0,8.912412618674134,-1.2525579086405891,72456
2026-04-01 12:11:30,-94.7929,39.1589,58.1,19576.0,-64.0,-88.5,-83.7,3,5,0.0,277,9.0,8.932915364771898,-1.0968240906463291,72456
2026-04-01 12:11:32,-94.7927,39.1589,58.0,19586.0,-64.0,-88.5,-83.7,3,5,0.0,276,9.0,8.95069705831446,-0.9407561694088769,72456
2026-04-01 12:11:34,-94.7925,39.1589,57.9,19597.0,-64.1,-88.5,-83.7,3,5,0.0,275,9.1,9.065371752634885,-0.7931172590036868,72456
2026-04-01 12:11:36,-94.7923,39.1589,57.8,19607.0,-64.1,-88.5,-83.7,3,5,0.0,274,9.2,9.177589262390383,-0.641759558445952,72456
2026-04-01 12:11:38,-94.7921,39.1588,57.7,19617.0,-64.2,-88.5,-83.7,3,5,0.0,273,9.3,9.287254673217538,-0.48672439305937876,72456
2026-04-01 12:11:40,-94.7919,39.1588,57.6,19627.0,-64.3,-88.5,-83.7,3,5,0.0,272,9.4,9.394273773979501,-0.32805526900351206,72456
2026-04-01 12:11:42,-94.7916,39.1588,57.5,19637.0,-64.4,-88.5,-83.8,3,5,0.0,271,9.6,9.598537873501355,-0.16754310179791804,72456
2026-04-01 12:11:45,-94.7913,39.1588,57.4,19647.0,-64.4,-88.5,-83.8,3,5,0.0,271,9.7,9.698522643016995,-0.16928834244164634,72456
2026-04-01 12:11:47,-94.7911,39.1588,57.3,19662.0,-64.5,-88.5,-83.8,3,5,0.0,270,10.0,10.0,1.8369701987210296e-15,72456
2026-04-01 12:11:49,-94.7908,39.1589,57.2,19672.0,-64.6,-88.6,-83.8,3,5,0.0,269,10.2,10.19844649059519,0.17801454566029168,72456
2026-04-01 12:11:51,-94.7906,39.1589,57.1,19681.0,-64.7,-88.6,-83.9,3,5,0.0,269,10.3,10.298431260110831,0.17975978630402004,72456
2026-04-01 12:11:53,-94.7903,39.1589,57.0,19692.0,-64.7,-88.6,-83.9,3,5,0.0,268,10.5,10.493603683700506,0.366444715376258,72456
2026-04-01 12:11:55,-94.7901,39.1589,56.9,19702.0,-64.7,-88.6,-83.9,3,5,0.0,268,10.7,10.693481849104323,0.37342461471675814,72456
2026-04-01 12:11:57,-94.7899,39.1589,56.8,19712.0,-64.7,-88.6,-83.9,3,5,0.0,268,10.9,10.893360014508144,0.3804045140572583,72456
2026-04-01 12:11:59,-94.7895,39.1589,56.7,19722.0,-64.7,-88.6,-83.9,3,5,0.0,268,11.1,11.093238179911962,0.3873844133977584,72456
2026-04-01 12:12:02,-94.7892,39.1589,56.6,19733.0,-64.8,-88.7,-83.9,3,5,0.0,267,11.3,11.284513742726684,0.5913963055452707,72456
2026-04-01 12:12:04,-94.7889,39.1589,56.5,19747.0,-64.8,-88.7,-84.0,3,5,0.0,267,11.7,11.683965556628513,0.6123306880424484,72456
2026-04-01 12:12:06,-94.7886,39.159,56.4,19757.0,-64.8,-88.8,-84.0,3,5,0.0,267,11.9,11.88369146357943,0.6227978792910372,72456
2026-04-01 12:12:08,-94.7883,39.159,56.3,19767.0,-64.9,-88.9,-84.1,3,5,0.0,267,12.2,12.1832803240058,0.6384986661639205,72456
2026-04-01 12:12:10,-94.7881,39.159,56.2,19777.0,-64.9,-88.9,-84.2,3,5,0.0,267,12.4,12.383006230956715,0.6489658574125095,72456
2026-04-01 12:12:12,-94.7878,39.159,56.1,19787.0,-65.0,-89.0,-84.3,3,5,0.0,267,12.6,12.58273213790763,0.6594330486610982,72456
2026-04-01 12:12:15,-94.7873,39.159,56.0,19798.0,-65.0,-89.1,-84.3,3,5,0.0,267,12.9,12.882320998334002,0.6751338355339815,72456
2026-04-01 12:12:17,-94.787,39.159,55.9,19812.0,-64.8,-89.0,-84.3,3,5,0.0,268,13.3,13.291897999353974,0.4641633061432601,72456
2026-04-01 12:12:19,-94.7867,39.1591,55.8,19822.0,-64.6,-88.9,-84.2,3,5,0.0,268,13.6,13.591715247459701,0.47463315515401033,72456
2026-04-01 12:12:21,-94.7864,39.1591,55.7,19833.0,-64.4,-88.9,-84.1,2,5,0.0,268,13.8,13.791593412863522,0.48161305449451053,72456
2026-04-01 12:12:23,-94.786,39.1591,55.6,19843.0,-64.3,-88.8,-84.0,2,5,0.0,269,14.1,14.097852501705116,0.2460789307656973,72456
2026-04-01 12:12:26,-94.7855,39.1591,55.5,19853.0,-64.3,-88.8,-84.0,2,5,0.0,269,14.3,14.297822040736396,0.24956941205315403,72456
2026-04-01 12:12:28,-94.7852,39.1591,55.4,19868.0,-64.3,-88.9,-84.1,2,5,0.0,270,14.7,14.7,2.7003461921199135e-15,72456
2026-04-01 12:12:30,-94.7848,39.1591,55.3,19878.0,-64.3,-88.9,-84.1,2,5,0.0,271,14.9,14.89773065783023,-0.2600408559155186,72456
2026-04-01 12:12:32,-94.7845,39.159,55.2,19888.0,-64.3,-88.9,-84.1,2,5,0.0,272,15.2,15.190740570690254,-0.5304723498780195,72456
2026-04-01 12:12:34,-94.7841,39.159,55.1,19898.0,-64.3,-88.9,-84.2,2,5,0.0,272,15.4,15.390618736094074,-0.5374522492185198,72456
2026-04-01 12:12:37,-94.7836,39.159,55.0,19908.0,-64.4,-89.0,-84.2,2,5,0.0,273,15.6,15.578620742171351,-0.8164409173899255,72456
2026-04-01 12:12:39,-94.7832,39.159,54.9,19923.0,-64.4,-89.0,-84.2,2,5,0.0,274,15.8,15.761511994105225,-1.1021522851571786,72456
2026-04-01 12:12:41,-94.7828,39.159,54.8,19934.0,-64.4,-89.0,-84.2,2,5,0.0,275,15.9,15.839495699658755,-1.3857763096877604,72456
2026-04-01 12:12:43,-94.7824,39.159,54.7,19945.0,-64.4,-89.0,-84.2,2,5,0.0,276,16.0,15.912350325892374,-1.6724554122824478,72456
2026-04-01 12:12:45,-94.782,39.1589,54.6,19955.0,-64.3,-89.0,-84.2,2,4,0.0,277,16.1,15.979993041425285,-1.962096428822878,72456
2026-04-01 12:12:47,-94.7817,39.1589,54.5,19965.0,-64.2,-88.9,-84.2,2,4,0.0,277,16.1,15.979993041425285,-1.962096428822878,72456
2026-04-01 12:12:50,-94.7811,39.1588,54.4,19975.0,-64.1,-88.9,-84.1,2,4,0.0,278,16.1,15.943315906739285,-2.2406869254570543,72456
2026-04-01 12:12:52,-94.7808,39.1587,54.3,19990.0,-64.0,-88.8,-84.1,2,4,0.0,279,16.0,15.803013449522204,-2.502951440643691,72456
2026-04-01 12:12:54,-94.7803,39.1587,54.2,20000.0,-63.9,-88.8,-84.0,2,4,0.0,280,16.0,15.75692404819533,-2.7783708426708795,72456
2026-04-01 12:12:56,-94.78,39.1586,54.1,20011.0,-63.8,-88.7,-84.0,2,4,0.0,281,15.9,15.607872216817857,-3.0338630264870674,72456
2026-04-01 12:12:58,-94.7797,39.1585,54.0,20022.0,-63.8,-88.7,-83.9,2,4,0.0,282,15.7,15.356917331520746,-3.2642135458388233,72456
2026-04-01 12:13:00,-94.7793,39.1584,53.9,20033.0,-63.8,-88.7,-84.0,2,4,0.0,283,15.6,15.200173010649669,-3.5092364477642928,72456
2026-04-01 12:13:03,-94.7788,39.1584,53.8,20043.0,-63.9,-88.8,-84.0,2,4,0.0,283,15.5,15.102736004171147,-3.486741342329906,72456
2026-04-01 12:13:05,-94.7785,39.1583,53.7,20058.0,-63.9,-88.8,-84.0,2,4,0.0,284,15.3,14.845524612022748,-3.701405002674912,72456
2026-04-01 12:13:07,-94.7782,39.1583,53.6,20068.0,-64.0,-88.8,-84.0,2,4,0.0,285,15.1,14.585479976964933,-3.9081675810480565,72456
2026-04-01 12:13:09,-94.7778,39.1581,53.5,20078.0,-64.0,-88.8,-84.0,2,4,0.0,285,15.0,14.488887394336027,-3.8822856765378044,72456
2026-04-01 12:13:11,-94.7775,39.158,53.4,20089.0,-64.1,-88.8,-84.0,2,4,0.0,286,14.8,14.226673099887119,-4.079432866091591,72456
2026-04-01 12:13:14,-94.777,39.158,53.3,20099.0,-64.1,-88.8,-84.0,2,5,0.0,287,14.6,13.962049437060317,-4.268626888951956,72456
2026-04-01 12:13:17,-94.7766,39.1578,53.2,20112.0,-64.2,-88.8,-84.0,2,5,0.0,288,14.4,13.695213834650213,-4.44984471899924,72456
2026-04-01 12:13:19,-94.7763,39.1577,53.1,20128.0,-64.3,-88.8,-84.0,2,5,0.0,289,14.2,13.4263637735103,-4.62306779329162,72456
2026-04-01 12:13:21,-94.7759,39.1577,53.0,20139.0,-64.3,-88.8,-84.0,2,5,0.0,290,14.0,13.155696691002717,-4.788282006559366,72456
2026-04-01 12:13:23,-94.7757,39.1576,52.9,20148.0,-64.4,-88.8,-84.0,3,5,0.0,291,13.9,12.976767928311105,-4.981314498679676,72456
2026-04-01 12:13:26,-94.7752,39.1574,52.8,20157.0,-64.4,-88.8,-84.0,3,5,0.0,291,13.8,12.883409885661385,-4.945477703725145,72456
2026-04-01 12:13:28,-94.7749,39.1573,52.7,20173.0,-64.5,-88.9,-84.1,3,5,0.0,293,13.6,12.518866006953191,-5.31394334745412,72456
2026-04-01 12:13:30,-94.7747,39.1573,52.6,20183.0,-64.5,-88.9,-84.1,3,5,0.0,294,13.5,12.332863678175114,-5.490944681523297,72456
2026-04-01 12:13:33,-94.7742,39.1571,52.5,20193.0,-64.6,-88.9,-84.1,3,5,0.0,295,13.5,12.235155124994773,-5.705346533499445,72456
2026-04-01 12:13:35,-94.774,39.157,52.4,20208.0,-64.6,-88.9,-84.2,3,5,0.0,296,13.4,12.043840220408839,-5.874173366973637,72456
2026-04-01 12:13:37,-94.7737,39.1569,52.3,20219.0,-64.5,-88.9,-84.2,2,5,0.0,297,13.4,11.93948742412413,-6.083472696509925,72456
2026-04-01 12:13:39,-94.7734,39.1568,52.2,20230.0,-64.5,-88.9,-84.2,2,5,0.0,298,13.3,11.74320298502373,-6.243971785052343,72456
2026-04-01 12:13:41,-94.7732,39.1566,52.1,20240.0,-64.5,-88.9,-84.2,2,5,0.0,299,13.3,11.632442104953963,-6.447967949276286,72456
2026-04-01 12:13:44,-94.7728,39.1565,52.0,20250.0,-64.4,-88.9,-84.2,2,5,0.0,300,13.3,11.518137870333033,-6.650000000000002,72456
2026-04-01 12:13:46,-94.7725,39.1563,51.9,20265.0,-64.4,-89.0,-84.2,2,5,0.0,301,13.2,11.314608369267882,-6.798502588812714,72456
2026-04-01 12:13:48,-94.7723,39.1562,51.8,20276.0,-64.4,-89.0,-84.2,2,5,0.0,301,13.1,11.228891639197672,-6.746998781321709,72456
2026-04-01 12:13:51,-94.7719,39.156,51.7,20286.0,-64.3,-88.9,-84.2,2,4,0.0,302,13.1,11.109430059649183,-6.941942361454981,72456
2026-04-01 12:13:53,-94.7716,39.1558,51.6,20302.0,-64.2,-88.9,-84.1,2,4,0.0,302,12.9,10.939820440417899,-6.835958508608341,72456
2026-04-01 12:13:55,-94.7714,39.1557,51.5,20312.0,-64.2,-88.9,-84.2,2,4,0.0,302,12.8,10.855015630802257,-6.78296658218502,72456
2026-04-01 12:13:57,-94.7711,39.1556,51.4,20322.0,-64.2,-88.9,-84.2,2,4,0.0,302,12.7,10.770210821186613,-6.729974655761699,72456
2026-04-01 12:14:00,-94.7709,39.1554,51.3,20333.0,-64.2,-88.9,-84.2,2,4,0.0,301,12.6,10.800307988846615,-6.489479743866682,72456
2026-04-01 12:14:02,-94.7706,39.1553,51.2,20349.0,-64.1,-88.8,-84.1,2,4,0.0,300,12.4,10.73871500692704,-6.200000000000002,72456
2026-04-01 12:14:04,-94.7702,39.1552,51.1,20359.0,-64.2,-88.9,-84.1,2,5,0.0,300,12.3,10.652112466548596,-6.150000000000002,72456
2026-04-01 12:14:07,-94.77,39.155,51.0,20370.0,-64.3,-88.9,-84.1,2,5,0.0,299,12.1,10.582898456386687,-5.8661964049806805,72456
2026-04-01 12:14:09,-94.7697,39.155,50.9,20385.0,-64.3,-88.9,-84.1,2,5,0.0,298,11.9,10.507076355021233,-5.586711597152096,72456
2026-04-01 12:14:11,-94.7694,39.1548,50.8,20395.0,-64.4,-88.9,-84.1,2,5,0.0,297,11.7,10.424776333003903,-5.311688846952696,72456
2026-04-01 12:14:14,-94.7691,39.1547,50.7,20406.0,-64.6,-89.0,-84.2,2,5,0.0,296,11.6,10.426010937070338,-5.0851053027532975,72456
2026-04-01 12:14:16,-94.7688,39.1547,50.6,20420.0,-64.6,-88.9,-84.2,3,5,0.0,295,11.4,10.331908772217808,-4.817848183843975,72456
2026-04-01 12:14:18,-94.7686,39.1546,50.5,20431.0,-64.6,-88.9,-84.1,3,5,0.0,294,11.2,10.231709125597131,-4.555450402448957,72456
2026-04-01 12:14:20,-94.7684,39.1545,50.4,20442.0,-64.5,-88.8,-84.1,3,5,0.0,294,11.1,10.140354579832872,-4.514776738141377,72456
2026-04-01 12:14:23,-94.768,39.1544,50.3,20453.0,-64.6,-88.9,-84.1,3,5,0.0,294,11.0,10.049000034068612,-4.474103073833797,72456
2026-04-01 12:14:25,-94.7678,39.1544,50.2,20468.0,-64.7,-88.9,-84.1,3,5,0.0,293,10.8,9.941452417286358,-4.219896187684154,72456
2026-04-01 12:14:28,-94.7674,39.1542,50.1,20479.0,-64.8,-88.9,-84.1,3,5,0.0,293,10.7,9.849401931941113,-4.180823074835226,72456
2026-04-01 12:14:30,-94.7672,39.1542,50.0,20496.0,-64.8,-88.9,-84.1,3,5,0.0,294,10.5,9.592227305247311,-4.270734752295898,72456
2026-04-01 12:14:32,-94.767,39.1541,49.9,20504.0,-64.8,-88.9,-84.1,3,5,0.0,294,10.4,9.500872759483052,-4.230061087988318,72456
2026-04-01 12:14:35,-94.7667,39.154,49.8,20515.0,-64.9,-88.9,-84.2,3,5,0.0,295,10.3,9.334970206477493,-4.3529680959292065,72456
2026-04-01 12:14:37,-94.7665,39.1539,49.7,20530.0,-65.0,-88.9,-84.2,3,5,0.0,296,10.2,9.167699272251504,-4.471385697248589,72456
2026-04-01 12:14:39,-94.7663,39.1538,49.6,20541.0,-65.0,-88.9,-84.1,3,5,0.0,296,10.1,9.077819867621587,-4.427548582569681,72456
2026-04-01 12:14:42,-94.7659,39.1537,49.5,20552.0,-65.0,-88.9,-84.1,3,5,0.0,297,10.0,8.910065241883679,-4.539904997395467,72456
2026-04-01 12:14:44,-94.7658,39.1536,49.4,20567.0,-65.0,-88.9,-84.1,3,5,0.0,298,9.9,8.74118116930338,-4.647768471580315,72456
2026-04-01 12:14:46,-94.7656,39.1535,49.3,20577.0,-65.2,-88.9,-84.2,3,5,0.0,299,9.8,8.571273129966078,-4.7511342784141055,72456
2026-04-01 12:14:49,-94.7653,39.1534,49.2,20588.0,-65.4,-89.1,-84.3,3,5,0.0,299,9.7,8.483811159252136,-4.702653316389472,72456
2026-04-01 12:14:51,-94.7651,39.1533,49.1,20604.0,-65.5,-89.1,-84.4,3,5,0.0,300,9.5,8.227241335952167,-4.750000000000001,72456
2026-04-01 12:14:54,-94.7648,39.1531,49.0,20614.0,-65.6,-89.1,-84.4,3,5,0.0,300,9.3,8.05403625519528,-4.650000000000001,72456
2026-04-01 12:14:56,-94.7646,39.153,48.9,20630.0,-65.7,-89.2,-84.4,3,5,0.0,301,9.1,7.800222436389222,-4.686846481681493,72456
2026-04-01 12:14:59,-94.7644,39.1529,48.8,20639.0,-65.6,-89.1,-84.4,3,5,0.0,301,8.9,7.6287889762488,-4.583838866699482,72456
2026-04-01 12:15:01,-94.7642,39.1529,48.7,20654.0,-65.5,-89.0,-84.3,3,5,0.0,301,8.6,7.371638786038166,-4.429327444226465,72456
2026-04-01 12:15:03,-94.7641,39.1528,48.6,20666.0,-65.4,-88.9,-84.1,3,5,0.0,301,8.4,7.200205325897744,-4.326319829244455,72456
2026-04-01 12:15:06,-94.7638,39.1527,48.5,20676.0,-65.4,-88.9,-84.1,3,5,0.0,301,8.3,7.114488595827533,-4.27481602175345,72456
2026-04-01 12:15:08,-94.7636,39.1526,48.4,20692.0,-65.5,-89.0,-84.2,3,5,0.0,301,8.0,6.857338405616899,-4.120304599280433,72456
2026-04-01 12:15:11,-94.7635,39.1525,48.3,20702.0,-65.6,-89.0,-84.3,3,5,0.0,301,7.9,6.771621675546688,-4.068800791789428,72456
2026-04-01 12:15:13,-94.7633,39.1524,48.2,20717.0,-65.8,-89.1,-84.3,3,5,0.0,302,7.7,6.529970340404482,-4.080378334595676,72456
2026-04-01 12:15:15,-94.7632,39.1524,48.1,20728.0,-65.9,-89.1,-84.4,3,5,0.0,302,7.5,6.360360721173197,-3.974394481749035,72456
2026-04-01 12:15:18,-94.7629,39.1523,48.0,20739.0,-65.9,-89.2,-84.4,3,5,0.0,302,7.4,6.275555911557554,-3.921402555325715,72456
2026-04-01 12:15:20,-94.7628,39.1522,47.9,20754.0,-66.1,-89.3,-84.5,3,5,0.0,303,7.3,6.122295146001597,-3.9758649556096946,72456
2026-04-01 12:15:23,-94.7626,39.1521,47.8,20765.0,-66.2,-89.4,-84.6,3,5,0.0,303,7.2,6.038428089207055,-3.921401052108192,72456
2026-04-01 12:15:25,-94.7625,39.152,47.7,20779.0,-66.4,-89.5,-84.7,3,5,0.0,304,7.1,5.886166765140795,-3.9702696146423038,72456
2026-04-01 12:15:27,-94.7623,39.152,47.6,20790.0,-66.4,-89.6,-84.8,3,5,0.0,305,7.1,5.815979514451842,-4.072392698092426,72456
2026-04-01 12:15:30,-94.7622,39.1519,47.5,20801.0,-66.4,-89.6,-84.8,3,5,0.0,305,7.0,5.7340643100229425,-4.015035054457322,72456
2026-04-01 12:15:32,-94.762,39.1518,47.4,20815.0,-66.0,-89.3,-84.6,3,5,0.0,307,6.9,5.5105850193263235,-4.152523659749131,72456
2026-04-01 12:15:34,-94.7619,39.1517,47.3,20827.0,-65.9,-89.3,-84.5,3,5,0.0,307,6.7,5.350857917316865,-4.032160655118721,72456
2026-04-01 12:15:37,-94.7617,39.1516,47.2,20839.0,-65.9,-89.3,-84.6,3,5,0.0,308,6.6,5.2008709738043635,-4.063365737149346,72456
2026-04-01 12:15:39,-94.7616,39.1514,47.1,20856.0,-65.9,-89.4,-84.7,3,5,0.0,310,6.4,4.9026844359614605,-4.113840701993851,72456
2026-04-01 12:15:42,-94.7614,39.1513,47.0,20867.0,-65.9,-89.5,-84.7,3,5,0.0,311,6.2,4.679199397381188,-4.067565979741143,72456
2026-04-01 12:15:44,-94.7613,39.1513,46.9,20882.0,-65.8,-89.5,-84.8,3,5,0.0,313,5.8,4.241851469391188,-3.955590488362492,72456
2026-04-01 12:15:46,-94.7612,39.1512,46.8,20894.0,-65.9,-89.6,-84.9,3,5,0.0,314,5.6,4.028302881896447,-3.8900868745703843,72456
2026-04-01 12:15:49,-94.7611,39.1511,46.7,20905.0,-65.8,-89.6,-84.8,3,5,0.0,315,5.3,3.7476659402887025,-3.7476659402887007,72456
2026-04-01 12:15:51,-94.761,39.1511,46.6,20919.0,-65.5,-89.5,-84.7,3,5,0.0,316,4.9,3.4038260152490882,-3.5247650216593893,72456
2026-04-01 12:15:54,-94.761,39.151,46.5,20931.0,-65.4,-89.4,-84.6,3,5,0.0,317,4.7,3.2053922922937423,-3.4373623976101024,72456
2026-04-01 12:15:56,-94.7609,39.1509,46.4,20947.0,-65.4,-89.4,-84.7,3,5,0.0,318,4.2,2.8103485467072042,-3.1212082670050565,72456
2026-04-01 12:15:59,-94.7608,39.1508,46.3,20957.0,-65.5,-89.5,-84.7,3,5,0.0,318,4.0,2.6765224254354325,-2.9725793019095774,72456
2026-04-01 12:16:01,-94.7608,39.1508,46.2,20972.0,-65.5,-89.4,-84.7,3,5,0.0,319,3.6,2.3618125043658265,-2.7169544888019788,72456
2026-04-01 12:16:04,-94.7608,39.1507,46.1,20983.0,-65.4,-89.4,-84.6,3,5,0.0,319,3.4,2.230600698567725,-2.5660125727574243,72456
2026-04-01 12:16:06,-94.7608,39.1507,46.0,20999.0,-65.5,-89.4,-84.7,3,5,0.0,318,3.2,2.141217940348346,-2.378063441527662,72456
2026-04-01 12:16:09,-94.7606,39.1506,45.9,21010.0,-65.6,-89.5,-84.7,3,5,0.0,317,3.0,2.0459950801874953,-2.194061104857512,72456
2026-04-01 12:16:11,-94.7606,39.1506,45.8,21027.0,-65.8,-89.5,-84.7,3,5,0.0,315,2.9,2.050609665440988,-2.0506096654409873,72456
2026-04-01 12:16:13,-94.7606,39.1506,45.7,21040.0,-65.8,-89.5,-84.7,3,5,0.0,314,2.8,2.0141514409482233,-1.9450434372851921,72456
2026-04-01 12:16:16,-94.7605,39.1506,45.6,21050.0,-65.8,-89.4,-84.6,3,5,0.0,312,2.8,2.0808055113367048,-1.8735656978048016,72456
2026-04-01 12:16:18,-94.7605,39.1505,45.5,21065.0,-65.8,-89.3,-84.6,3,5,0.0,309,2.8,2.176008692079518,-1.762097094939545,72456
2026-04-01 12:16:21,-94.7604,39.1505,45.4,21076.0,-65.9,-89.3,-84.6,3,5,0.0,307,2.8,2.2361794281324205,-1.685082064825734,72456
2026-04-01 12:16:23,-94.7603,39.1505,45.3,21092.0,-66.0,-89.3,-84.6,3,5,0.0,305,2.9,2.375540928438076,-1.6633716654180335,72456
2026-04-01 12:16:26,-94.7603,39.1504,45.2,21103.0,-66.1,-89.3,-84.6,3,5,0.0,303,3.0,2.5160117038362726,-1.63391710504508,72456
2026-04-01 12:16:28,-94.7602,39.1503,45.1,21119.0,-66.3,-89.4,-84.6,3,6,0.0,301,3.1,2.6572186321765483,-1.5966180322211678,72456
2026-04-01 12:16:31,-94.7601,39.1503,45.0,21129.0,-66.4,-89.4,-84.7,3,6,0.0,300,3.2,2.7712812921102037,-1.6000000000000005,72456
2026-04-01 12:16:33,-94.76,39.1503,44.9,21145.0,-66.5,-89.4,-84.7,3,6,0.0,299,3.4,2.973707004273945,-1.6483527088375467,72456
2026-04-01 12:16:36,-94.7599,39.1502,44.8,21156.0,-66.6,-89.4,-84.7,3,6,0.0,298,3.5,3.090316575006245,-1.6431504697506165,72456
2026-04-01 12:16:39,-94.7597,39.1503,44.7,21171.0,-66.8,-89.5,-84.8,3,6,0.0,298,3.8,3.355200852863923,-1.7839919385863836,72456
2026-04-01 12:16:41,-94.7597,39.1502,44.6,21187.0,-66.9,-89.6,-84.9,3,6,0.0,297,4.1,3.653126749172308,-1.861361048932141,72456
2026-04-01 12:16:44,-94.7596,39.1501,44.5,21198.0,-67.0,-89.7,-85.0,3,6,0.0,297,4.3,3.831328054009982,-1.9521591488800505,72456
2026-04-01 12:16:46,-94.7595,39.1501,44.4,21215.0,-67.2,-89.9,-85.1,3,6,0.0,296,4.7,4.224332017606085,-2.0603443899086638,72456
2026-04-01 12:16:48,-94.7594,39.1501,44.3,21226.0,-67.1,-89.9,-85.1,3,6,0.0,296,5.1,4.583849636125752,-2.2356928486242946,72456
2026-04-01 12:16:51,-94.7593,39.15,44.2,21237.0,-67.1,-89.9,-85.2,3,6,0.0,295,5.4,4.89406204999791,-2.282138613399778,72456
2026-04-01 12:16:53,-94.7592,39.1499,44.1,21254.0,-67.2,-90.1,-85.4,3,6,0.0,294,6.0,5.481272745855606,-2.4404198584547987,72456
2026-04-01 12:16:56,-94.7589,39.1499,44.0,21265.0,-67.2,-90.2,-85.4,3,5,0.0,293,6.5,5.983281547440863,-2.5397523351802778,72456
2026-04-01 12:16:58,-94.7587,39.1498,43.9,21282.0,-66.7,-89.9,-85.2,3,5,0.0,292,7.2,6.675723752880869,-2.697167472594566,72456
2026-04-01 12:17:01,-94.7585,39.1497,43.8,21295.0,-66.3,-89.8,-85.0,3,5,0.0,292,7.6,7.046597294707584,-2.8470101099609306,72456
2026-04-01 12:17:04,-94.7581,39.1497,43.7,21309.0,-66.2,-89.9,-85.1,3,5,0.0,291,8.3,7.748717539926775,-2.9744539812259934,72456
2026-04-01 12:17:06,-94.7579,39.1496,43.6,21324.0,-66.2,-90.0,-85.3,3,5,0.0,291,9.0,8.402223838474816,-3.2253115459077035,72456
2026-04-01 12:17:09,-94.7576,39.1495,43.5,21334.0,-66.1,-90.1,-85.4,3,5,0.0,291,9.4,8.775656009073696,-3.368658725725824,72456
2026-04-01 12:17:12,-94.7572,39.1495,43.4,21349.0,-66.0,-90.2,-85.5,2,5,0.0,291,9.9,9.242446222322297,-3.547842700498474,72456
2026-04-01 12:17:14,-94.757,39.1494,43.3,21367.0,-65.9,-90.3,-85.6,2,4,0.0,292,10.2,9.457275316581232,-3.820987252842302,72456
2026-04-01 12:17:17,-94.7566,39.1493,43.2,21378.0,-65.8,-90.4,-85.7,2,4,0.0,292,10.4,9.642712087494589,-3.8959085715254846,72456
2026-04-01 12:17:19,-94.7564,39.1492,43.1,21394.0,-65.7,-90.5,-85.8,2,4,0.0,292,10.5,9.735430472951268,-3.9333692308670756,72456
2026-04-01 12:17:22,-94.756,39.149,43.0,21405.0,-65.4,-90.4,-85.7,2,4,0.0,293,10.5,9.665300961250626,-4.102676849137372,72456
2026-04-01 12:17:25,-94.7556,39.1488,42.9,21421.0,-64.6,-90.0,-85.3,2,4,0.0,293,10.4,9.57325047590538,-4.063603736288444,72456
2026-04-01 12:17:28,-94.7553,39.1488,42.8,21436.0,-64.1,-89.8,-85.1,2,4,0.0,293,10.2,9.389149505214892,-3.985457510590589,72456
2026-04-01 12:17:30,-94.7551,39.1487,42.7,21451.0,-63.9,-89.8,-85.0,2,4,0.0,293,9.8,9.020947563833918,-3.8291650591948807,72456
2026-04-01 12:17:33,-94.7549,39.1486,42.6,21461.0,-63.8,-89.8,-85.0,2,4,0.0,292,9.6,8.90096500384116,-3.5962232967927545,72456
2026-04-01 12:17:36,-94.7546,39.1485,42.5,21476.0,-63.5,-89.6,-84.9,2,4,0.0,291,9.1,8.495581881124535,-3.2611483408622335,72456
2026-04-01 12:17:39,-94.7543,39.1485,42.4,21490.0,-63.3,-89.5,-84.7,2,4,0.0,289,8.7,8.226011607714057,-2.83244294377726,72456
2026-04-01 12:17:42,-94.754,39.1483,42.3,21504.0,-63.3,-89.5,-84.8,2,4,0.0,286,8.2,7.882345906694213,-2.2602263176993946,72456
2026-04-01 12:17:45,-94.7538,39.1483,42.2,21521.0,-63.3,-89.6,-84.8,2,4,0.0,283,7.9,7.697523511803359,-1.7771133293165329,72456
2026-04-01 12:17:48,-94.7535,39.1484,42.1,21536.0,-63.3,-89.5,-84.8,2,4,0.0,280,7.6,7.484538922892781,-1.3197261502686677,72456
2026-04-01 12:17:51,-94.7533,39.1483,42.0,21551.0,-63.2,-89.4,-84.7,2,4,0.0,277,7.3,7.24558690698165,-0.8896462068575781,72456
2026-04-01 12:17:54,-94.753,39.1484,41.9,21565.0,-63.0,-89.3,-84.5,2,4,0.0,274,7.2,7.1824611618707355,-0.5022466109577016,72456
2026-04-01 12:17:57,-94.7528,39.1484,41.8,21579.0,-62.8,-89.1,-84.4,2,4,0.0,272,7.0,6.99573578913367,-0.24429647691750897,72456
2026-04-01 12:18:00,-94.7526,39.1483,41.7,21594.0,-62.7,-89.0,-84.3,2,4,0.0,271,6.9,6.8989490965791,-0.12042160441725361,72456
2026-04-01 12:18:03,-94.7524,39.1484,41.6,21610.0,-62.7,-89.0,-84.3,2,4,0.0,270,6.7,6.7,1.23077003314309e-15,72456
2026-04-01 12:18:06,-94.7521,39.1484,41.5,21625.0,-62.7,-89.0,-84.2,2,4,0.0,270,6.6,6.6,1.2124003311558795e-15,72456
2026-04-01 12:18:09,-94.7519,39.1484,41.4,21640.0,-62.7,-88.9,-84.2,2,4,0.0,271,6.5,6.499010018516543,-0.11344064184234035,72456
2026-04-01 12:18:12,-94.7517,39.1484,41.3,21654.0,-62.7,-88.9,-84.1,2,4,0.0,272,6.3,6.296162210220303,-0.21986682922575806,72456
2026-04-01 12:18:15,-94.7515,39.1484,41.2,21670.0,-62.7,-88.8,-84.0,2,4,0.0,273,6.2,6.1915031154783575,-0.32448292870625245,72456
2026-04-01 12:18:18,-94.7513,39.1483,41.1,21685.0,-62.7,-88.7,-83.9,2,4,0.0,274,6.1,6.085140706584928,-0.4255144898391638,72456
2026-04-01 12:18:21,-94.7511,39.1483,41.0,21699.0,-62.8,-88.7,-84.0,2,4,0.0,275,6.1,6.076787658359647,-0.531650030760713,72456
2026-04-01 12:18:24,-94.7509,39.1483,40.9,21714.0,-63.0,-88.7,-84.0,2,4,0.0,277,6.1,6.054531525012064,-0.7434029947714008,72456
2026-04-01 12:18:27,-94.7507,39.1483,40.8,21730.0,-63.1,-88.7,-84.0,2,4,0.0,279,6.1,6.02489887763034,-0.9542502367454071,72456
2026-04-01 12:18:30,-94.7505,39.1483,40.7,21744.0,-63.2,-88.8,-84.0,2,4,0.0,282,6.2,6.064515124549595,-1.2890524830701087,72456
2026-04-01 12:18:33,-94.7502,39.1482,40.6,21759.0,-63.3,-88.8,-84.0,2,4,0.0,285,6.4,6.181925288250039,-1.65644188865613,72456
2026-04-01 12:18:36,-94.7501,39.1482,40.5,21775.0,-63.4,-88.9,-84.1,2,4,0.0,288,6.6,6.276973007548014,-2.0395121628746518,72456
2026-04-01 12:18:38,-94.75,39.1482,40.4,21791.0,-63.6,-88.9,-84.2,2,4,0.0,291,6.9,6.441704942830692,-2.4727388518625726,72456
2026-04-01 12:18:41,-94.7497,39.148,40.3,21803.0,-63.7,-89.0,-84.2,2,4,0.0,293,7.1,6.535584459512327,-2.7741910122738416,72456
2026-04-01 12:18:44,-94.7494,39.148,40.2,21817.0,-63.7,-89.0,-84.3,2,4,0.0,295,7.4,6.706677624071209,-3.1273751368811773,72456
2026-04-01 12:18:47,-94.7493,39.1478,40.1,21832.0,-63.8,-89.0,-84.3,2,4,0.0,297,7.7,6.860750236250433,-3.495726847994509,72456
2026-04-01 12:18:50,-94.7489,39.1477,40.0,21850.0,-64.0,-89.2,-84.4,2,4,0.0,298,7.9,6.9752859835855245,-3.7088253460085343,72456
2026-04-01 12:18:53,-94.7487,39.1475,39.9,21866.0,-64.1,-89.3,-84.6,2,4,0.0,299,8.0,6.996957657115165,-3.8784769619706982,72456
2026-04-01 12:18:56,-94.7484,39.1474,39.8,21881.0,-64.1,-89.3,-84.6,2,4,0.0,299,8.1,7.084419627829105,-3.9269579239953316,72456
2026-04-01 12:18:58,-94.7482,39.1473,39.7,21899.0,-63.8,-89.1,-84.4,2,4,0.0,297,8.1,7.21715284592578,-3.6773230478903276,72456
2026-04-01 12:19:01,-94.748,39.1472,39.6,21909.0,-63.6,-89.0,-84.2,2,4,0.0,296,8.0,7.190352370393336,-3.5069691743126192,72456
2026-04-01 12:19:04,-94.7478,39.1472,39.5,21925.0,-63.6,-89.0,-84.2,2,4,0.0,294,7.9,7.217009115376549,-3.213219480298818,72456
2026-04-01 12:19:08,-94.7475,39.1471,39.4,21940.0,-63.6,-89.0,-84.3,2,4,0.0,292,7.8,7.232034065620942,-2.9219314286441134,72456
2026-04-01 12:19:11,-94.7472,39.1471,39.3,21959.0,-63.8,-89.1,-84.4,2,4,0.0,288,7.8,7.418240827102198,-2.4103325561245885,72456
2026-04-01 12:19:13,-94.7471,39.147,39.2,21976.0,-63.9,-89.2,-84.5,2,4,0.0,286,7.9,7.593967397912719,-2.1775351109542953,72456
2026-04-01 12:19:16,-94.7468,39.1469,39.1,21987.0,-64.0,-89.3,-84.6,2,4,0.0,285,8.0,7.727406610312547,-2.0705523608201624,72456
2026-04-01 12:19:19,-94.7465,39.147,39.0,22003.0,-64.1,-89.4,-84.7,2,4,0.0,284,8.2,7.956424955463171,-1.983759543917273,72456
2026-04-01 12:19:22,-94.7463,39.1469,38.9,22018.0,-64.1,-89.4,-84.7,2,4,0.0,283,8.5,8.2821455506745,-1.9120839619228518,72456
2026-04-01 12:19:25,-94.7459,39.1469,38.8,22035.0,-64.0,-89.4,-84.7,2,4,0.0,284,8.8,8.538602391228771,-2.1289126812770736,72456
2026-04-01 12:19:28,-94.7457,39.1469,38.7,22049.0,-63.9,-89.4,-84.7,2,4,0.0,284,9.2,8.926720681739168,-2.2256814395169404,72456
2026-04-01 12:19:31,-94.7453,39.1467,38.6,22066.0,-63.9,-89.4,-84.7,2,4,0.0,286,9.6,9.22811228100786,-2.646118615843194,72456
2026-04-01 12:19:35,-94.7448,39.1466,38.5,22081.0,-63.7,-89.4,-84.6,2,4,0.0,287,10.0,9.563047559630354,-2.9237170472273672,72456
2026-04-01 12:19:38,-94.7445,39.1465,38.4,22101.0,-63.5,-89.3,-84.5,2,4,0.0,289,10.6,10.02249690135276,-3.451022437245857,72456
2026-04-01 12:19:41,-94.7442,39.1464,38.3,22116.0,-63.5,-89.3,-84.6,2,4,0.0,291,10.9,10.1760266488195,-3.906210650043774,72456
2026-04-01 12:19:43,-94.7438,39.1463,38.2,22134.0,-63.5,-89.4,-84.6,2,4,0.0,292,11.2,10.384459171148018,-4.195593846258213,72456
2026-04-01 12:19:47,-94.7434,39.1461,38.1,22145.0,-63.5,-89.4,-84.6,2,4,0.0,293,11.4,10.493755329357821,-4.454334864777718,72456
2026-04-01 12:19:50,-94.743,39.146,38.0,22164.0,-63.4,-89.3,-84.5,2,4,0.0,295,11.7,10.603801108328803,-4.9446336623661855,72456
2026-04-01 12:19:53,-94.7426,39.1458,37.9,22181.0,-63.4,-89.2,-84.5,2,4,0.0,296,11.8,10.605769746330171,-5.172779532111114,72456
2026-04-01 12:19:56,-94.7422,39.1457,37.8,22198.0,-63.4,-89.2,-84.5,2,4,0.0,297,11.9,10.602977637841578,-5.402486946900605,72456
2026-04-01 12:19:59,-94.7419,39.1455,37.7,22215.0,-63.5,-89.3,-84.5,2,4,0.0,298,11.9,10.507076355021233,-5.586711597152096,72456
2026-04-01 12:20:02,-94.7415,39.1453,37.6,22230.0,-63.6,-89.3,-84.6,2,4,0.0,299,11.9,10.407974514958807,-5.769234480931414,72456
2026-04-01 12:20:06,-94.7411,39.1452,37.5,22243.0,-63.7,-89.3,-84.6,2,4,0.0,300,11.8,10.219099764656375,-5.900000000000001,72456
2026-04-01 12:20:09,-94.7407,39.145,37.4,22263.0,-63.7,-89.3,-84.6,2,4,0.0,302,11.7,9.922162725030185,-6.200055391528494,72456
2026-04-01 12:20:12,-94.7403,39.1448,37.3,22279.0,-63.7,-89.3,-84.6,2,4,0.0,303,11.6,9.728578588166922,-6.317812806174309,72456
2026-04-01 12:20:15,-94.7401,39.1446,37.2,22293.0,-63.6,-89.2,-84.5,2,4,0.0,304,11.5,9.533932084382979,-6.430718389913591,72456
2026-04-01 12:20:18,-94.7397,39.1445,37.1,22311.0,-63.6,-89.2,-84.4,2,4,0.0,304,11.3,9.368124569871972,-6.318879809219442,72456
2026-04-01 12:20:21,-94.7395,39.1443,37.0,22326.0,-63.6,-89.3,-84.5,2,4,0.0,305,11.2,9.174502896036708,-6.424056087131715,72456
2026-04-01 12:20:24,-94.7391,39.1441,36.9,22344.0,-63.8,-89.4,-84.6,2,4,0.0,305,11.1,9.09258769160781,-6.3666984434966105,72456
2026-04-01 12:20:27,-94.7388,39.1439,36.8,22361.0,-63.8,-89.5,-84.7,2,4,0.0,306,11.1,8.980088637561918,-6.5244163004464495,72456
2026-04-01 12:20:30,-94.7386,39.1437,36.7,22378.0,-63.8,-89.5,-84.7,2,4,0.0,306,11.1,8.980088637561918,-6.5244163004464495,72456
2026-04-01 12:20:33,-94.7382,39.1436,36.6,22394.0,-63.5,-89.3,-84.6,2,4,0.0,305,11.1,9.09258769160781,-6.3666984434966105,72456
2026-04-01 12:20:36,-94.7379,39.1434,36.5,22410.0,-63.3,-89.2,-84.5,2,4,0.0,304,11.2,9.285220812616465,-6.262960518872366,72456
2026-04-01 12:20:39,-94.7376,39.1433,36.4,22427.0,-63.4,-89.3,-84.5,2,4,0.0,303,11.3,9.476977417783296,-6.154421095669801,72456
2026-04-01 12:20:42,-94.7373,39.1431,36.3,22443.0,-63.3,-89.3,-84.5,2,4,0.0,302,11.4,9.667748296183259,-6.0410796122585335,72456
2026-04-01 12:20:45,-94.7369,39.1429,36.2,22459.0,-63.3,-89.3,-84.5,2,4,0.0,300,11.5,9.959292143521044,-5.750000000000001,72456
2026-04-01 12:20:48,-94.7366,39.1428,36.1,22476.0,-63.4,-89.3,-84.6,2,4,0.0,298,11.7,10.330486836449447,-5.492817284594918,72456
2026-04-01 12:20:51,-94.7362,39.1426,36.0,22493.0,-63.3,-89.3,-84.5,2,4,0.0,296,11.9,10.695649150960088,-5.216616646790022,72456
2026-04-01 12:20:54,-94.7358,39.1425,35.9,22509.0,-63.3,-89.2,-84.5,2,4,0.0,294,12.1,11.053900037475472,-4.921513381217177,72456
2026-04-01 12:20:57,-94.7354,39.1424,35.8,22527.0,-63.3,-89.2,-84.5,2,4,0.0,292,12.3,11.404361411171486,-4.607661099015718,72456
2026-04-01 12:21:00,-94.7349,39.1423,35.7,22545.0,-63.4,-89.3,-84.5,2,4,0.0,290,12.6,11.840127021902445,-4.309453805903429,72456
2026-04-01 12:21:03,-94.7346,39.1422,35.6,22561.0,-63.4,-89.3,-84.5,2,4,0.0,289,12.8,12.102637767671258,-4.167272377051601,72456
2026-04-01 12:21:07,-94.7339,39.1421,35.5,22579.0,-63.5,-89.4,-84.6,2,4,0.0,288,13.1,12.458840363466512,-4.048122626311809,72456
2026-04-01 12:21:09,-94.7337,39.142,35.4,22600.0,-63.7,-89.5,-84.7,2,4,0.0,287,13.3,12.718853254308373,-3.8885436728123985,72456
2026-04-01 12:21:12,-94.7332,39.142,35.3,22613.0,-63.7,-89.5,-84.7,2,4,0.0,287,13.4,12.814483729904675,-3.917780843284672,72456
2026-04-01 12:21:15,-94.7328,39.1418,35.2,22631.0,-63.7,-89.5,-84.8,2,4,0.0,288,13.5,12.839262969984574,-4.1717294240617875,72456
2026-04-01 12:21:19,-94.732,39.1417,35.1,22648.0,-63.4,-89.4,-84.7,2,4,0.0,288,13.5,12.839262969984574,-4.1717294240617875,72456
2026-04-01 12:21:22,-94.7317,39.1416,35.0,22670.0,-63.1,-89.2,-84.5,2,4,0.0,289,13.5,12.764500770590779,-4.3951700851716105,72456
2026-04-01 12:21:25,-94.7312,39.1414,34.9,22686.0,-63.0,-89.2,-84.4,2,4,0.0,291,13.4,12.509977715062504,-4.802130523907025,72456
2026-04-01 12:21:28,-94.7308,39.1414,34.8,22705.0,-63.0,-89.2,-84.5,2,4,0.0,292,13.2,12.238826880281593,-4.944807033090037,72456
2026-04-01 12:21:31,-94.7304,39.1412,34.7,22721.0,-63.2,-89.3,-84.6,2,4,0.0,293,13.0,11.966563094881726,-5.0795046703605555,72456
2026-04-01 12:21:34,-94.7301,39.141,34.6,22736.0,-63.2,-89.4,-84.6,2,4,0.0,294,12.9,11.784736403589555,-5.246902695677817,72456
2026-04-01 12:21:38,-94.7295,39.1409,34.5,22754.0,-63.3,-89.4,-84.7,2,4,0.0,295,12.7,11.510108895365452,-5.367251924106885,72456
2026-04-01 12:21:41,-94.7292,39.1406,34.4,22774.0,-63.5,-89.5,-84.8,2,4,0.0,296,12.5,11.234925578739588,-5.479639334863467,72456
2026-04-01 12:21:45,-94.7286,39.1404,34.3,22789.0,-63.6,-89.6,-84.9,2,4,0.0,296,12.3,11.055166769479754,-5.391965105505652,72456
2026-04-01 12:21:48,-94.7283,39.1404,34.2,22811.0,-63.6,-89.7,-85.0,2,4,0.0,296,12.2,10.965287364849837,-5.348127990826744,72456
2026-04-01 12:21:52,-94.7278,39.1401,34.1,22826.0,-63.3,-89.6,-84.9,2,3,0.0,295,12.1,10.966324223143463,-5.113680967062465,72456
2026-04-01 12:21:55,-94.7274,39.14,34.0,22847.0,-63.1,-89.6,-84.8,2,3,0.0,294,12.0,10.962545491711213,-4.880839716909597,72456
2026-04-01 12:21:59,-94.7269,39.1398,33.9,22862.0,-63.0,-89.7,-84.9,2,3,0.0,294,11.8,10.779836400182694,-4.799492388294437,72456
2026-04-01 12:22:03,-94.7264,39.1396,33.8,22881.0,-62.7,-89.7,-84.9,2,3,0.0,293,11.6,10.67785630004831,-4.532481090475573,72456
2026-04-01 12:22:06,-94.7261,39.1396,33.7,22902.0,-62.4,-89.6,-84.9,2,3,0.0,293,11.2,10.309654358667332,-4.376188639079863,72456
2026-04-01 12:22:10,-94.7255,39.1395,33.6,22917.0,-62.0,-89.5,-84.7,2,3,0.0,293,10.8,9.941452417286358,-4.219896187684154,72456
2026-04-01 12:22:13,-94.7252,39.1394,33.5,22937.0,-61.6,-89.3,-84.6,2,3,0.0,294,10.2,9.318163667954531,-4.148713759373157,72456
2026-04-01 12:22:17,-94.7248,39.1392,33.4,22953.0,-61.5,-89.3,-84.5,2,3,0.0,295,9.7,8.791185534255503,-4.099397138884786,72456
2026-04-01 12:22:21,-94.7246,39.1391,33.3,22975.0,-61.1,-89.0,-84.3,2,3,0.0,298,9.1,8.034823095016236,-4.272191221351602,72456
2026-04-01 12:22:24,-94.7243,39.1389,33.2,22992.0,-60.9,-88.9,-84.1,2,3,0.01,302,8.6,7.293213626945265,-4.55730567240556,72456
2026-04-01 12:22:28,-94.724,39.1388,33.1,23010.0,-61.0,-88.9,-84.1,2,3,0.01,305,8.2,6.717046763169733,-4.703326778078577,72456
2026-04-01 12:22:32,-94.7238,39.1385,33.0,23031.0,-61.0,-88.8,-84.0,2,3,0.01,310,7.9,6.051751100639928,-5.078022116523661,72456
2026-04-01 12:22:35,-94.7236,39.1384,32.9,23051.0,-61.1,-88.7,-83.9,2,3,0.01,314,7.6,5.466982482573749,-5.279403615488379,72456
2026-04-01 12:22:39,-94.7233,39.1381,32.8,23065.0,-61.1,-88.7,-83.9,2,3,0.01,317,7.4,5.046787864462488,-5.4120173919818635,72456
2026-04-01 12:22:43,-94.7232,39.138,32.7,23086.0,-61.3,-88.7,-83.9,2,3,0.01,320,7.1,4.563792028774431,-5.4389155461447425,72456
2026-04-01 12:22:46,-94.7231,39.1377,32.6,23106.0,-61.4,-88.7,-83.9,2,3,0.01,322,6.8,4.186498032214476,-5.358473124525711,72456
2026-04-01 12:22:50,-94.7229,39.1376,32.5,23123.0,-61.4,-88.6,-83.8,2,3,0.01,324,6.5,3.820604139901077,-5.258610463437158,72456
2026-04-01 12:22:53,-94.7228,39.1374,32.4,23144.0,-61.4,-88.5,-83.8,2,3,0.01,326,6.0,3.3551574208244794,-4.974225435330251,72456
2026-04-01 12:22:57,-94.7226,39.1373,32.3,23162.0,-61.4,-88.4,-83.7,2,3,0.01,328,5.7,3.0205398061292685,-4.833874148091628,72456
2026-04-01 12:23:01,-94.7225,39.1372,32.2,23181.0,-61.6,-88.5,-83.7,2,3,0.01,330,5.1,2.550000000000002,-4.416729559300635,72456
2026-04-01 12:23:04,-94.7225,39.137,32.1,23203.0,-61.7,-88.5,-83.7,2,3,0.01,332,4.7,2.2065163450936867,-4.149853686436957,72456
2026-04-01 12:23:08,-94.7224,39.1369,32.0,23219.0,-61.8,-88.5,-83.8,2,3,0.01,333,4.3,1.9521591488800518,-3.8313280540099814,72456
2026-04-01 12:23:11,-94.7224,39.1367,31.9,23241.0,-62.0,-88.6,-83.8,2,3,0.01,334,3.9,1.7096474724774033,-3.5052967805667503,72456
2026-04-01 12:23:15,-94.7224,39.1367,31.8,23258.0,-62.1,-88.7,-83.9,2,3,0.01,335,3.6,1.5214257422665172,-3.2627080333319403,72456
2026-04-01 12:23:18,-94.7223,39.1366,31.7,23278.0,-62.3,-88.8,-84.0,2,3,0.01,335,3.3,1.3946402637443074,-2.990815697220945,72456
2026-04-01 12:23:22,-94.7222,39.1366,31.6,23296.0,-62.3,-88.8,-84.0,2,3,0.01,334,3.1,1.3589505550461412,-2.7862615435274174,72456
2026-04-01 12:23:26,-94.7222,39.1365,31.5,23317.0,-62.2,-88.7,-84.0,2,3,0.01,333,2.9,1.3165724492446862,-2.5839189201462665,72456
2026-04-01 12:23:30,-94.7221,39.1364,31.4,23337.0,-62.3,-88.9,-84.1,2,3,0.01,331,2.6,1.260505012640476,-2.274011238562429,72456
2026-04-01 12:23:33,-94.722,39.1363,31.3,23356.0,-62.4,-89.0,-84.2,2,3,0.01,329,2.4,1.2360913797841306,-2.057201521685069,72456
2026-04-01 12:23:37,-94.722,39.1363,31.2,23374.0,-62.2,-88.9,-84.2,2,3,0.01,327,2.2,1.1982058770330595,-1.845075249479933,72456
2026-04-01 12:23:41,-94.722,39.1362,31.1,23395.0,-62.2,-89.1,-84.3,2,3,0.01,323,1.8,1.083267041673687,-1.437543918085127,72456
2026-04-01 12:23:45,-94.7219,39.1361,31.0,23415.0,-62.3,-89.2,-84.4,2,3,0.01,314,1.4,1.0070757204741116,-0.9725217186425961,72456
2026-04-01 12:23:48,-94.7219,39.1361,30.9,23438.0,-62.0,-89.1,-84.4,2,3,0.01,294,1.0,0.9135454576426011,-0.40673664307579976,72456
2026-04-01 12:23:52,-94.7218,39.1362,30.8,23455.0,-61.9,-89.1,-84.4,2,3,0.01,266,0.8,0.7980512402078594,0.055805178995300464,72456
2026-04-01 12:23:56,-94.7219,39.1362,30.7,23474.0,-61.8,-89.1,-84.4,2,3,0.01,229,1.0,0.754709580222772,0.6560590289905073,72456
2026-04-01 12:24:00,-94.7217,39.1363,30.6,23497.0,-61.6,-89.0,-84.3,2,3,0.01,212,1.5,0.7948788963498072,1.272072144234639,72456
2026-04-01 12:24:04,-94.7218,39.1364,30.5,23518.0,-61.5,-88.9,-84.2,2,3,0.01,206,2.0,0.8767422935781549,1.7975880925983339,72456
2026-04-01 12:24:07,-94.7217,39.1365,30.4,23537.0,-61.3,-88.8,-84.1,2,3,0.01,206,2.5,1.0959278669726937,2.2469851157479175,72456
2026-04-01 12:24:10,-94.7218,39.1365,30.3,23557.0,-61.4,-88.8,-84.1,2,3,0.01,207,2.8,1.2711733992707306,2.49481826772743,72456
2026-04-01 12:24:14,-94.7216,39.1367,30.2,23577.0,-61.3,-88.8,-84.0,2,3,0.01,209,3.1,1.5029098227636446,2.711321092132127,72456
2026-04-01 12:24:20,-94.7215,39.1369,30.1,23596.0,-61.2,-88.6,-83.9,2,3,0.01,213,3.4,1.851772719051092,2.851479931014442,72456
2026-04-01 12:24:22,-94.7213,39.137,30.0,23626.0,-61.5,-88.8,-84.1,2,3,0.01,218,3.6,2.2163813111723694,2.8368387129841994,72456
2026-04-01 12:24:26,-94.7213,39.137,29.9,23639.0,-61.6,-88.9,-84.1,2,3,0.01,222,3.8,2.542696304163661,2.823950336814098,72456
2026-04-01 12:24:29,-94.7212,39.1371,29.8,23662.0,-61.7,-89.0,-84.3,2,3,0.01,228,4.0,2.9725793019095774,2.6765224254354325,72456
2026-04-01 12:24:33,-94.721,39.1371,29.7,23681.0,-61.7,-89.1,-84.3,2,3,0.01,232,4.3,3.388446240508905,2.6473443439003295,72456
2026-04-01 12:24:37,-94.7209,39.1372,29.6,23701.0,-61.5,-89.0,-84.3,2,3,0.01,235,4.9,4.013845017016059,2.8105245381201276,72456
2026-04-01 12:24:41,-94.7206,39.1373,29.5,23723.0,-61.2,-88.9,-84.2,2,3,0.01,238,5.6,4.7490693384759854,2.967547879705948,72456
2026-04-01 12:24:44,-94.7205,39.1374,29.4,23746.0,-60.8,-88.7,-83.9,2,3,0.01,239,6.5,5.571587454563729,3.3477474869153534,72456
2026-04-01 12:24:48,-94.7201,39.1376,29.3,23763.0,-60.6,-88.6,-83.8,2,3,0.01,240,7.2,6.235382907247956,3.600000000000003,72456
2026-04-01 12:24:52,-94.7198,39.1378,29.2,23788.0,-60.5,-88.6,-83.9,2,3,0.01,241,8.2,7.171881598543046,3.975438886019962,72456
2026-04-01 12:24:55,-94.7194,39.1378,29.1,23810.0,-60.8,-88.8,-84.1,2,3,0.01,241,9.2,8.046501305682442,4.460248506266298,72456
2026-04-01 12:24:58,-94.7193,39.138,29.0,23834.0,-61.0,-89.0,-84.2,2,3,0.01,242,9.9,8.741181169303378,4.647768471580319,72456
2026-04-01 12:25:02,-94.7187,39.1382,28.9,23850.0,-61.0,-89.0,-84.2,2,3,0.01,242,10.6,9.359244484304625,4.976398565530442,72456
2026-04-01 12:25:06,-94.7182,39.1384,28.8,23869.0,-61.1,-89.0,-84.3,2,3,0.01,243,11.5,10.24657502816623,5.22089074700479,72456
2026-04-01 12:25:09,-94.7179,39.1385,28.7,23895.0,-61.0,-89.0,-84.3,2,3,0.01,244,12.2,10.965287364849834,5.3481279908267485,72456
2026-04-01 12:25:13,-94.7172,39.1387,28.6,23913.0,-60.8,-88.9,-84.2,2,3,0.01,244,12.6,11.324804983369502,5.523476449542379,72456
2026-04-01 12:25:16,-94.7168,39.1389,28.5,23938.0,-60.5,-88.7,-84.0,2,3,0.01,245,13.1,11.872632010180116,5.536299228803159,72456
2026-04-01 12:25:20,-94.7162,39.1391,28.4,23956.0,-60.3,-88.6,-83.9,2,3,0.01,246,13.3,12.150154586646593,5.409597352908142,72456
2026-04-01 12:25:24,-94.7156,39.1393,28.3,23979.0,-60.3,-88.7,-83.9,2,3,0.01,247,13.5,12.426815521607944,5.2748702346051966,72456
2026-04-01 12:25:27,-94.7152,39.1395,28.2,24002.0,-60.4,-88.8,-84.0,2,3,0.01,248,13.6,12.609700422108308,5.094649670456407,72456
2026-04-01 12:25:32,-94.7145,39.1397,28.1,24023.0,-60.5,-88.9,-84.1,1,3,0.01,249,13.7,12.79005184301166,4.909640908770619,72456
2026-04-01 12:25:35,-94.714,39.1397,28.0,24048.0,-60.4,-88.8,-84.1,1,3,0.01,251,13.9,13.142708200830505,4.5253973469544775,72456
2026-04-01 12:25:39,-94.7135,39.1399,27.9,24067.0,-60.2,-88.8,-84.0,1,3,0.01,252,14.1,13.409896879761664,4.357139620686761,72456
2026-04-01 12:25:43,-94.7128,39.14,27.8,24090.0,-60.0,-88.7,-84.0,1,3,0.01,253,14.5,13.866418961464012,4.239389718479688,72456
2026-04-01 12:25:47,-94.7121,39.1402,27.7,24114.0,-59.6,-88.5,-83.8,1,3,0.01,254,14.9,14.322799269480953,4.106996601673283,72456
2026-04-01 12:25:51,-94.7114,39.1403,27.6,24135.0,-59.2,-88.4,-83.6,1,2,0.01,254,15.4,14.803430117450112,4.244815279581783,72456
2026-04-01 12:25:55,-94.7107,39.1406,27.5,24158.0,-59.1,-88.4,-83.6,1,2,0.01,255,15.9,15.358220637996187,4.115222817130078,72456
2026-04-01 12:25:59,-94.7099,39.1407,27.4,24181.0,-59.0,-88.4,-83.6,1,2,0.01,255,16.3,15.744590968511814,4.218750435171087,72456
2026-04-01 12:26:03,-94.7092,39.1408,27.3,24206.0,-59.0,-88.4,-83.7,1,2,0.01,255,16.5,15.937776133769628,4.27051424419159,72456
2026-04-01 12:26:07,-94.7084,39.1409,27.2,24228.0,-59.0,-88.5,-83.7,1,2,0.01,256,16.5,16.00987948355394,3.9917112773945185,72456
2026-04-01 12:26:11,-94.7076,39.1411,27.1,24251.0,-58.9,-88.4,-83.7,1,2,0.01,257,16.4,15.979669062477855,3.68919729123939,72456
2026-04-01 12:26:15,-94.7069,39.1412,27.0,24275.0,-58.5,-88.2,-83.4,1,2,0.01,258,16.1,15.74817637181427,3.3473782221659327,72456
2026-04-01 12:26:19,-94.7062,39.1413,26.9,24300.0,-58.1,-87.9,-83.1,1,2,0.01,258,15.7,15.356917331520746,3.2642135458388286,72456
2026-04-01 12:26:22,-94.7056,39.1414,26.8,24323.0,-57.8,-87.7,-83.0,1,2,0.01,259,15.3,15.01889590674926,2.919377629261133,72456
2026-04-01 12:26:26,-94.7051,39.1415,26.7,24341.0,-57.7,-87.6,-82.8,1,2,0.01,259,14.9,14.626245033370193,2.8430540311105146,72456
2026-04-01 12:26:30,-94.7044,39.1415,26.6,24366.0,-57.7,-87.5,-82.8,1,2,0.01,260,14.4,14.181231643375796,2.500533758403797,72456
2026-04-01 12:26:35,-94.7036,39.1417,26.5,24389.0,-57.9,-87.6,-82.8,1,2,0.01,261,13.8,13.6300991002129,2.1587956175551883,72456
2026-04-01 12:26:39,-94.703,39.1418,26.4,24418.0,-58.2,-87.7,-82.9,1,2,0.01,262,13.1,12.97251170051457,1.8231676225768623,72456
2026-04-01 12:26:43,-94.7024,39.1418,26.3,24438.0,-58.3,-87.7,-83.0,1,2,0.01,263,12.6,12.506081510680659,1.5355537269048543,72456
2026-04-01 12:26:47,-94.702,39.1419,26.2,24463.0,-58.4,-87.8,-83.1,1,2,0.01,263,12.0,11.910553819695865,1.462432120861766,72456
2026-04-01 12:26:51,-94.7014,39.1419,26.1,24487.0,-58.4,-87.8,-83.1,1,2,0.01,264,11.3,11.238097417661491,1.181171634924483,72456
2026-04-01 12:26:55,-94.701,39.1419,26.0,24512.0,-58.2,-87.8,-83.1,1,2,0.01,264,10.8,10.740836469977353,1.1289074032906563,72456
2026-04-01 12:27:00,-94.7005,39.1419,25.9,24534.0,-57.7,-87.5,-82.8,1,2,0.01,265,10.3,10.260805390344979,0.89770415030088,72456
2026-04-01 12:27:04,-94.7,39.142,25.8,24562.0,-57.1,-87.2,-82.4,1,2,0.01,264,9.8,9.74631457460908,1.024378940023003,72456
2026-04-01 12:27:08,-94.6997,39.142,25.7,24586.0,-57.1,-87.2,-82.4,1,2,0.01,264,9.6,9.547410195535424,1.0034732473694723,72456
2026-04-01 12:27:12,-94.6991,39.1421,25.6,24610.0,-57.3,-87.3,-82.5,1,2,0.01,264,9.6,9.547410195535424,1.0034732473694723,72456
2026-04-01 12:27:16,-94.6988,39.1421,25.5,24632.0,-57.5,-87.3,-82.5,1,2,0.01,263,9.6,9.528443055756691,1.1699456966894128,72456
2026-04-01 12:27:21,-94.6982,39.1421,25.4,24656.0,-57.7,-87.3,-82.5,1,2,0.01,263,9.7,9.627697670920824,1.1821326310299274,72456
2026-04-01 12:27:25,-94.6977,39.1422,25.3,24681.0,-57.9,-87.3,-82.5,1,3,0.01,262,10.0,9.902680687415703,1.3917310096006583,72456
2026-04-01 12:27:30,-94.6972,39.1422,25.2,24706.0,-58.0,-87.2,-82.4,1,3,0.01,262,10.4,10.298787914912332,1.4474002499846848,72456
2026-04-01 12:27:35,-94.6965,39.1424,25.1,24734.0,-58.3,-87.2,-82.5,2,3,0.01,262,10.9,10.793921949283115,1.5169868004647176,72456
2026-04-01 12:27:39,-94.696,39.1424,25.0,24760.0,-58.4,-87.2,-82.4,2,3,0.01,262,11.6,11.487109597402215,1.6144079711367636,72456
2026-04-01 12:27:43,-94.6955,39.1425,24.9,24784.0,-58.5,-87.2,-82.5,2,3,0.01,263,12.2,12.10906305002413,1.4868059895427954,72456
2026-04-01 12:27:48,-94.6946,39.1426,24.8,24806.0,-58.6,-87.3,-82.5,2,3,0.01,263,12.9,12.803845356173055,1.5721145299263986,72456
2026-04-01 12:27:52,-94.694,39.1426,24.7,24836.0,-58.6,-87.3,-82.5,2,3,0.01,264,13.7,13.624949966545344,1.432039946766851,72456
2026-04-01 12:27:56,-94.6934,39.1427,24.6,24858.0,-58.7,-87.4,-82.6,2,3,0.01,265,14.2,14.145964712902787,1.237611547016747,72456
2026-04-01 12:28:01,-94.6924,39.1427,24.5,24882.0,-59.0,-87.6,-82.8,2,3,0.01,266,14.7,14.664191538819415,1.025420164038646,72456
2026-04-01 12:28:05,-94.6917,39.1427,24.4,24912.0,-59.0,-87.7,-82.9,2,3,0.01,266,15.2,15.162973563949327,1.0602984009107088,72456
2026-04-01 12:28:10,-94.6908,39.1427,24.3,24935.0,-59.0,-87.6,-82.9,2,3,0.01,267,15.4,15.378894835220438,0.8059737261413423,72456
2026-04-01 12:28:14,-94.6901,39.1428,24.2,24963.0,-59.0,-87.7,-82.9,2,3,0.01,268,15.6,15.590496901497893,0.5444321485590119,72456
2026-04-01 12:28:19,-94.6892,39.1428,24.1,24985.0,-59.1,-87.7,-83.0,2,3,0.01,269,15.7,15.697608813955343,0.2740027810653509,72456
2026-04-01 12:28:23,-94.6885,39.1427,24.0,25015.0,-59.2,-87.8,-83.0,2,3,0.01,270,15.8,15.8,2.902412913979227e-15,72456
2026-04-01 12:28:28,-94.6875,39.1427,23.9,25039.0,-59.3,-87.9,-83.1,2,3,0.01,270,15.8,15.8,2.902412913979227e-15,72456
2026-04-01 12:28:32,-94.6868,39.1427,23.8,25067.0,-59.3,-87.9,-83.1,2,3,0.01,269,15.9,15.897578352986622,0.27749326235280763,72456
2026-04-01 12:28:37,-94.6859,39.1427,23.7,25091.0,-59.2,-87.9,-83.1,2,3,0.01,269,16.0,15.99756312250226,0.27923850299653596,72456
2026-04-01 12:28:41,-94.6851,39.1429,23.6,25120.0,-59.3,-88.0,-83.2,1,3,0.01,268,16.1,16.090192315007442,0.5618818969102624,72456
2026-04-01 12:28:46,-94.6842,39.1428,23.5,25142.0,-59.2,-88.1,-83.3,1,3,0.01,266,16.3,16.260294019235136,1.137030522029247,72456
2026-04-01 12:28:51,-94.6833,39.1429,23.4,25173.0,-59.2,-88.2,-83.4,1,3,0.01,265,16.5,16.437212518513803,1.438069755336361,72456
2026-04-01 12:28:55,-94.6825,39.143,23.3,25200.0,-58.9,-88.1,-83.3,1,2,0.01,264,16.9,16.80742003172382,1.7665310292233416,72456
2026-04-01 12:29:00,-94.6816,39.1431,23.2,25223.0,-58.4,-87.9,-83.1,1,2,0.01,263,17.2,17.07179380823074,2.0961527065685313,72456
2026-04-01 12:29:05,-94.6805,39.1433,23.1,25254.0,-58.3,-87.9,-83.1,1,2,0.01,262,17.6,17.42871800985164,2.449446576897159,72456
2026-04-01 12:29:09,-94.6796,39.1434,23.0,25282.0,-58.3,-87.9,-83.2,1,2,0.01,262,17.9,17.725798430474107,2.491198507185178,72456
2026-04-01 12:29:14,-94.6785,39.1434,22.9,25306.0,-58.3,-87.9,-83.2,1,2,0.01,262,17.9,17.725798430474107,2.491198507185178,72456
2026-04-01 12:29:19,-94.6775,39.1436,22.8,25335.0,-58.2,-87.9,-83.1,1,2,0.01,262,17.5,17.32969120297748,2.435529266801152,72456
2026-04-01 12:29:24,-94.6766,39.1437,22.7,25363.0,-58.0,-87.8,-83.0,1,2,0.01,263,16.8,16.67477534757421,2.0474049692064726,72456
2026-04-01 12:29:28,-94.676,39.1437,22.6,25393.0,-57.9,-87.7,-82.9,1,2,0.01,264,16.0,15.912350325892374,1.6724554122824538,72456
2026-04-01 12:29:33,-94.6751,39.1438,22.5,25417.0,-57.8,-87.6,-82.8,1,2,0.01,266,15.4,15.362486374001293,1.074249695659534,72456
2026-04-01 12:29:37,-94.6745,39.1438,22.4,25448.0,-57.7,-87.6,-82.8,1,2,0.01,269,14.8,14.79774588831459,0.2582956152717958,72456
2026-04-01 12:29:42,-94.6737,39.1437,22.3,25472.0,-57.6,-87.4,-82.6,1,2,0.01,271,14.5,14.497791579767673,-0.2530598933406054,72456
2026-04-01 12:29:47,-94.6728,39.1437,22.2,25502.0,-57.4,-87.2,-82.4,1,2,0.01,273,14.2,14.180539393514948,-0.743170578649804,72456
2026-04-01 12:29:52,-94.672,39.1435,22.1,25532.0,-57.6,-87.2,-82.4,1,2,0.01,275,14.1,14.046345243093612,-1.2288959727419762,72456
2026-04-01 12:29:57,-94.6713,39.1435,22.0,25561.0,-57.8,-87.1,-82.4,1,3,0.01,276,14.0,13.923306535155827,-1.4633984857471418,72456
2026-04-01 12:30:02,-94.6704,39.1434,21.9,25591.0,-57.9,-87.2,-82.4,1,3,0.01,277,13.8,13.697136892650244,-1.681796938991038,72456
2026-04-01 12:30:06,-94.6699,39.1433,21.8,25619.0,-58.1,-87.3,-82.5,1,3,0.01,278,13.7,13.566672541759512,-1.9066714831528968,72456
2026-04-01 12:30:11,-94.669,39.1432,21.7,25643.0,-58.1,-87.3,-82.5,1,3,0.01,279,13.6,13.432561432093873,-2.127508724547137,72456
2026-04-01 12:30:16,-94.6684,39.1432,21.6,25674.0,-58.1,-87.3,-82.5,1,3,0.01,280,13.5,13.29490466566481,-2.3442503985035548,72456
2026-04-01 12:30:21,-94.6676,39.1429,21.5,25704.0,-58.2,-87.4,-82.6,1,3,0.01,280,13.5,13.29490466566481,-2.3442503985035548,72456
2026-04-01 12:30:26,-94.6667,39.1428,21.4,25731.0,-58.3,-87.5,-82.8,1,3,0.01,280,13.4,13.196423890363588,-2.3268855807368616,72456
2026-04-01 12:30:31,-94.666,39.1428,21.3,25760.0,-58.4,-87.6,-82.9,1,3,0.01,279,13.2,13.037486095855819,-2.064934938531045,72456
2026-04-01 12:30:36,-94.6653,39.1427,21.2,25789.0,-58.5,-87.8,-83.0,1,2,0.01,278,13.0,12.873484893640414,-1.809250312480851,72456
2026-04-01 12:30:42,-94.6645,39.1427,21.1,25820.0,-58.3,-87.6,-82.9,1,2,0.01,278,12.8,12.675431279892102,-1.781415692288838,72456
2026-04-01 12:30:47,-94.6638,39.1427,21.0,25850.0,-58.1,-87.5,-82.7,1,2,0.01,278,12.8,12.675431279892102,-1.781415692288838,72456
2026-04-01 12:30:52,-94.663,39.1424,20.9,25882.0,-58.2,-87.6,-82.9,1,2,0.01,279,13.0,12.839948427736791,-2.0336480455229986,72456
2026-04-01 12:30:57,-94.6624,39.1423,20.8,25912.0,-58.3,-87.6,-82.9,1,2,0.01,280,13.2,12.999462339761147,-2.2921559452034757,72456
2026-04-01 12:31:03,-94.6613,39.1422,20.7,25939.0,-58.4,-87.6,-82.9,1,3,0.01,280,13.4,13.196423890363588,-2.3268855807368616,72456
2026-04-01 12:31:08,-94.6605,39.1422,20.6,25974.0,-58.5,-87.6,-82.9,1,3,0.01,279,13.5,13.33379259803436,-2.111865278043114,72456
2026-04-01 12:31:14,-94.6596,39.1421,20.5,26003.0,-58.7,-87.8,-83.0,1,3,0.01,278,13.5,13.3686189280112,-1.8788368629608838,72456
2026-04-01 12:31:20,-94.6588,39.142,20.4,26034.0,-58.8,-88.0,-83.2,1,3,0.01,278,13.6,13.467645734885357,-1.8927541730568902,72456
2026-04-01 12:31:25,-94.658,39.1419,20.3,26066.0,-58.7,-88.0,-83.3,1,2,0.01,279,13.7,13.531330266153386,-2.14315217105116,72456
2026-04-01 12:31:31,-94.6569,39.1417,20.2,26096.0,-58.3,-87.9,-83.1,1,2,0.01,281,13.8,13.546455131577762,-2.6331641361963225,72456
2026-04-01 12:31:39,-94.6557,39.1414,20.1,26126.0,-58.0,-87.8,-83.0,1,2,0.01,284,13.9,13.487110595236352,-3.3627143488353775,72456
2026-04-01 12:31:42,-94.6552,39.1412,20.0,26170.0,-57.7,-87.7,-83.0,1,2,0.01,290,13.8,12.967758166845535,-4.719877977894233,72456
2026-04-01 12:31:48,-94.6544,39.141,19.9,26187.0,-57.7,-87.7,-82.9,1,2,0.01,291,13.7,12.790051843011664,-4.909640908770615,72456
2026-04-01 12:31:54,-94.6536,39.1406,19.8,26220.0,-57.6,-87.5,-82.8,1,2,0.01,295,13.5,12.235155124994773,-5.705346533499445,72456
2026-04-01 12:32:00,-94.6529,39.1402,19.7,26253.0,-57.6,-87.4,-82.6,1,2,0.01,297,13.4,11.93948742412413,-6.083472696509925,72456
2026-04-01 12:32:06,-94.652,39.1399,19.6,26285.0,-57.7,-87.3,-82.6,1,2,0.01,298,13.5,11.919792503595517,-6.3378660976095205,72456
2026-04-01 12:32:12,-94.6512,39.1396,19.5,26319.0,-57.9,-87.3,-82.6,1,2,0.01,297,13.5,12.028588076542967,-6.128871746483879,72456
2026-04-01 12:32:18,-94.6503,39.1393,19.4,26351.0,-57.9,-87.3,-82.6,1,2,0.01,295,13.4,12.144524346291108,-5.663084707325375,72456
2026-04-01 12:32:23,-94.6495,39.139,19.3,26384.0,-57.8,-87.4,-82.6,1,2,0.01,292,13.1,12.146108494824915,-4.907346373748447,72456
2026-04-01 12:32:29,-94.6488,39.1388,19.2,26412.0,-57.8,-87.5,-82.7,1,2,0.01,290,12.9,12.122034808138217,-4.41205984890113,72456
2026-04-01 12:32:36,-94.6479,39.1387,19.1,26444.0,-57.7,-87.7,-82.9,1,2,0.01,288,12.7,12.07841775694845,-3.92451582856183,72456
2026-04-01 12:32:42,-94.647,39.1385,19.0,26480.0,-57.2,-87.5,-82.8,1,2,0.01,287,12.7,12.14507040073055,-3.713120649978756,72456
2026-04-01 12:32:48,-94.6461,39.1383,18.9,26513.0,-56.8,-87.3,-82.6,1,2,0.01,286,12.8,12.304149708010481,-3.5281581544575924,72456
2026-04-01 12:32:54,-94.6452,39.1381,18.8,26546.0,-56.5,-87.1,-82.4,1,2,0.01,287,12.9,12.336331351923157,-3.7715949909233037,72456
2026-04-01 12:33:00,-94.6444,39.1378,18.7,26578.0,-56.6,-87.1,-82.4,1,2,0.01,287,12.8,12.240700876326855,-3.74235782045103,72456
2026-04-01 12:33:06,-94.6436,39.1376,18.6,26613.0,-56.7,-87.1,-82.3,1,2,0.01,286,12.4,11.919645029635154,-3.4179032121307924,72456
2026-04-01 12:33:12,-94.6428,39.1375,18.5,26647.0,-57.0,-87.2,-82.4,1,2,0.01,285,11.9,11.494517332839914,-3.0799466367199915,72456
2026-04-01 12:33:18,-94.6421,39.1375,18.4,26683.0,-57.0,-87.2,-82.4,1,2,0.01,284,11.4,11.06137127954636,-2.7579096098362093,72456
2026-04-01 12:33:23,-94.6415,39.1373,18.3,26718.0,-56.8,-87.1,-82.4,1,2,0.01,282,11.0,10.75962360807186,-2.287028598995354,72456
2026-04-01 12:33:29,-94.6407,39.1372,18.2,26750.0,-56.7,-87.1,-82.3,1,2,0.01,280,10.6,10.438962181929407,-1.8406706832694577,72456
2026-04-01 12:33:35,-94.6401,39.1371,18.1,26788.0,-56.6,-87.0,-82.3,1,2,0.01,277,10.1,10.024716131577351,-1.2308803683919916,72456
2026-04-01 12:33:41,-94.6395,39.1371,18.0,26822.0,-56.5,-87.0,-82.2,1,2,0.01,273,9.6,9.586843533643908,-0.5024251799322619,72456
2026-04-01 12:33:47,-94.6388,39.1372,17.9,26857.0,-56.5,-87.0,-82.2,1,2,0.01,266,9.1,9.0778328573644,0.6347839110715428,72456
2026-04-01 12:33:53,-94.6382,39.1373,17.8,26893.0,-56.6,-87.0,-82.3,1,2,0.01,258,9.0,8.80332840660425,1.8712052173598381,72456
2026-04-01 12:33:58,-94.6378,39.1375,17.7,26929.0,-56.6,-87.1,-82.3,1,2,0.01,249,9.4,8.775656009073694,3.368658725725827,72456
2026-04-01 12:34:04,-94.6372,39.1377,17.6,26964.0,-56.5,-87.2,-82.4,1,2,0.01,244,10.0,8.987940462991668,4.383711467890778,72456
2026-04-01 12:34:09,-94.6367,39.1382,17.5,27002.0,-56.4,-87.4,-82.6,1,2,0.01,242,10.8,9.535834002876411,5.070292878087621,72456
2026-04-01 12:34:16,-94.6358,39.1386,17.4,27034.0,-55.8,-87.2,-82.4,1,2,0.01,242,11.2,9.889013040019982,5.258081503201976,72456
2026-04-01 12:34:21,-94.6352,39.1386,17.3,27073.0,-54.9,-86.9,-82.1,1,2,0.01,246,11.5,10.505772762889912,4.677471395371701,72456
2026-04-01 12:34:27,-94.6345,39.1388,17.2,27112.0,-54.5,-86.7,-82.0,1,2,0.01,249,11.5,10.736174904717817,4.121231419770958,72456
2026-04-01 12:34:33,-94.6337,39.1389,17.1,27149.0,-54.4,-86.7,-81.9,1,2,0.01,254,11.4,10.958383333696837,3.1422658563137875,72456
2026-04-01 12:34:38,-94.633,39.1391,17.0,27186.0,-54.5,-86.6,-81.9,1,2,0.01,257,11.3,11.010381732073158,2.5419469140856776,72456
2026-04-01 12:34:45,-94.6321,39.1392,16.9,27220.0,-54.2,-86.3,-81.6,1,2,0.02,259,11.3,11.092387172958604,2.1561416477549544,72456
2026-04-01 12:34:51,-94.6314,39.1392,16.8,27261.0,-53.9,-86.0,-81.3,1,2,0.02,261,11.6,11.457184750903597,1.81463979446668,72456
2026-04-01 12:34:57,-94.6306,39.1392,16.7,27302.0,-54.1,-86.0,-81.3,1,2,0.02,263,12.1,12.009808434859996,1.4746190552022806,72456
2026-04-01 12:35:02,-94.6298,39.1393,16.6,27340.0,-54.2,-86.1,-81.3,1,2,0.02,264,12.8,12.7298802607139,1.3379643298259631,72456
2026-04-01 12:35:08,-94.6287,39.1394,16.5,27375.0,-54.2,-86.0,-81.2,1,2,0.02,265,13.3,13.249389484620217,1.1591713785438549,72456
2026-04-01 12:35:15,-94.6276,39.1395,16.4,27411.0,-54.2,-86.0,-81.2,1,2,0.02,264,13.7,13.624949966545344,1.432039946766851,72456
2026-04-01 12:35:21,-94.6267,39.1396,16.3,27456.0,-54.1,-86.0,-81.2,1,2,0.02,262,13.6,13.467645734885355,1.892754173056895,72456
2026-04-01 12:35:27,-94.6259,39.1397,16.2,27492.0,-54.2,-86.1,-81.4,1,2,0.02,262,13.1,12.97251170051457,1.8231676225768623,72456
2026-04-01 12:35:33,-94.625,39.1397,16.1,27531.0,-53.9,-86.1,-81.3,1,2,0.02,263,12.6,12.506081510680659,1.5355537269048543,72456
2026-04-01 12:35:40,-94.6241,39.1398,16.0,27570.0,-53.3,-85.8,-81.0,1,2,0.02,265,12.3,12.253194786528471,1.0720156357961965,72456
2026-04-01 12:35:47,-94.6231,39.1398,15.9,27612.0,-53.1,-85.7,-80.9,1,2,0.02,269,12.4,12.398111419939251,0.21640983982231538,72456
2026-04-01 12:35:53,-94.6222,39.1398,15.8,27655.0,-53.2,-85.6,-80.9,1,2,0.02,272,12.7,12.692263503142515,-0.44322360812176625,72456
2026-04-01 12:36:00,-94.6211,39.1397,15.7,27691.0,-53.4,-85.6,-80.8,1,2,0.02,274,13.0,12.968332653377717,-0.9068341586736278,72456
2026-04-01 12:36:07,-94.6201,39.1396,15.6,27736.0,-53.6,-85.6,-80.8,1,2,0.02,276,13.2,13.127689018861208,-1.3797757151330192,72456
2026-04-01 12:36:13,-94.6191,39.1395,15.5,27776.0,-53.8,-85.7,-80.9,1,2,0.02,278,13.2,13.071538507388729,-1.837084932672864,72456
2026-04-01 12:36:21,-94.618,39.1393,15.4,27814.0,-53.8,-85.7,-80.9,1,2,0.02,279,13.0,12.839948427736791,-2.0336480455229986,72456
2026-04-01 12:36:27,-94.6171,39.1391,15.3,27861.0,-53.7,-85.6,-80.9,1,2,0.02,280,12.7,12.507058463255042,-2.2053318563700106,72456
2026-04-01 12:36:34,-94.6162,39.139,15.2,27898.0,-53.7,-85.6,-80.9,1,2,0.02,280,12.4,12.211616137351381,-2.1532374030699315,72456
2026-04-01 12:36:42,-94.6151,39.1388,15.1,27941.0,-53.8,-85.8,-81.0,1,2,0.02,279,12.1,11.951028921201166,-1.892857026986791,72456
2026-04-01 12:36:49,-94.6141,39.1388,15.0,27987.0,-53.8,-85.7,-81.0,1,2,0.02,275,11.9,11.854716907291772,-1.037153338697129,72456
2026-04-01 12:36:56,-94.6132,39.1388,14.9,28029.0,-53.7,-85.7,-80.9,1,2,0.02,271,11.9,11.898187572361056,-0.20768363660366926,72456
2026-04-01 12:37:03,-94.6122,39.139,14.8,28069.0,-53.7,-85.8,-81.0,1,2,0.02,268,12.1,12.092629006931059,0.4222839101002592,72456
2026-04-01 12:37:11,-94.611,39.139,14.7,28113.0,-53.6,-85.8,-81.0,1,2,0.02,268,12.4,12.392446255036788,0.43275375911100944,72456
2026-04-01 12:37:17,-94.6102,39.139,14.6,28159.0,-53.2,-85.7,-81.0,1,2,0.02,273,12.7,12.682595091383087,-0.664666644285388,72456
2026-04-01 12:37:25,-94.609,39.1388,14.5,28206.0,-53.1,-85.7,-80.9,1,2,0.02,279,13.0,12.839948427736791,-2.0336480455229986,72456
2026-04-01 12:37:32,-94.608,39.1385,14.4,28250.0,-53.0,-85.7,-80.9,1,2,0.02,288,13.5,12.839262969984574,-4.1717294240617875,72456
2026-04-01 12:37:40,-94.6068,39.138,14.3,28291.0,-53.0,-85.7,-81.0,1,2,0.02,294,13.9,12.698281861232156,-5.653639338753617,72456
2026-04-01 12:37:47,-94.6058,39.1375,14.2,28338.0,-52.7,-85.5,-80.8,1,2,0.02,299,13.8,12.06975195852366,-6.690372759399454,72456
2026-04-01 12:37:55,-94.6049,39.137,14.1,28382.0,-52.7,-85.5,-80.7,1,2,0.02,301,13.4,11.486041829408306,-6.901510203794726,72456
2026-04-01 12:38:02,-94.604,39.1365,14.0,28432.0,-52.7,-85.5,-80.7,1,2,0.02,301,12.9,11.05745817905725,-6.643991166339699,72456
2026-04-01 12:38:10,-94.6029,39.1362,13.9,28474.0,-52.5,-85.2,-80.5,1,2,0.02,298,12.7,11.213434429308373,-5.962288847380808,72456
2026-04-01 12:38:18,-94.6018,39.1359,13.8,28523.0,-52.8,-85.3,-80.5,1,2,0.02,292,13.0,12.053390109368237,-4.8698857144068555,72456
2026-04-01 12:38:25,-94.6008,39.1356,13.7,28570.0,-53.1,-85.4,-80.6,1,2,0.02,286,13.5,12.977032895167303,-3.7211043035294917,72456
2026-04-01 12:38:33,-94.5995,39.1355,13.6,28615.0,-53.3,-85.5,-80.7,1,2,0.02,281,13.8,13.546455131577762,-2.6331641361963225,72456
2026-04-01 12:38:41,-94.5981,39.1355,13.5,28665.0,-53.4,-85.5,-80.8,1,2,0.02,275,14.2,14.145964712902787,-1.237611547016742,72456
2026-04-01 12:38:48,-94.597,39.1355,13.4,28712.0,-53.3,-85.6,-80.8,1,2,0.02,271,14.3,14.297822040736396,-0.24956941205314878,72456
2026-04-01 12:38:56,-94.5957,39.1356,13.3,28756.0,-53.3,-85.6,-80.8,1,2,0.02,268,14.1,14.09141066096925,0.49208290350526074,72456
2026-04-01 12:39:04,-94.5945,39.1357,13.2,28808.0,-53.4,-85.8,-81.0,1,2,0.02,264,13.5,13.426045587471691,1.4111342541133203,72456
2026-04-01 12:39:11,-94.5935,39.1359,13.1,28856.0,-53.4,-85.8,-81.1,1,2,0.02,260,12.8,12.605539238556263,2.2226966741367082,72456
2026-04-01 12:39:19,-94.5924,39.1361,13.0,28902.0,-53.2,-85.7,-81.0,1,2,0.02,258,12.3,12.03121548902581,2.5573137970584456,72456
2026-04-01 12:39:27,-94.5913,39.1362,12.9,28951.0,-53.1,-85.6,-80.9,1,2,0.02,258,11.9,11.639956448732287,2.4741491207313415,72456
2026-04-01 12:39:35,-94.5903,39.1363,12.8,29003.0,-53.3,-85.7,-80.9,1,2,0.02,261,11.8,11.654722419022626,1.8459266874747264,72456
2026-04-01 12:39:43,-94.5892,39.1363,12.7,29055.0,-53.5,-85.7,-80.9,1,2,0.02,263,11.8,11.7120445893676,1.4380582521807368,72456
2026-04-01 12:39:51,-94.5881,39.1365,12.6,29107.0,-53.6,-85.7,-80.9,1,2,0.02,263,11.8,11.7120445893676,1.4380582521807368,72456
2026-04-01 12:39:59,-94.5871,39.1366,12.5,29156.0,-53.6,-85.6,-80.9,1,2,0.02,264,11.7,11.635906175808799,1.2229830202315441,72456
2026-04-01 12:40:07,-94.586,39.1366,12.4,29207.0,-53.6,-85.7,-81.0,1,2,0.02,265,11.4,11.3566195582459,0.993575467323304,72456
2026-04-01 12:40:16,-94.5848,39.1367,12.3,29258.0,-53.6,-85.8,-81.0,1,2,0.02,266,11.2,11.17271736291003,0.7812725059342065,72456
2026-04-01 12:40:24,-94.5838,39.1367,12.2,29313.0,-53.5,-85.8,-81.0,1,2,0.02,267,11.3,11.284513742726684,0.5913963055452707,72456
2026-04-01 12:40:32,-94.5827,39.1368,12.1,29363.0,-53.4,-85.7,-81.0,1,2,0.02,268,11.5,11.492994510719601,0.40134421207875876,72456
2026-04-01 12:40:41,-94.5814,39.1369,12.0,29413.0,-53.6,-85.8,-81.0,1,2,0.02,269,11.9,11.898187572361056,0.20768363660367362,72456
2026-04-01 12:40:49,-94.5802,39.1368,11.9,29472.0,-54.0,-86.0,-81.2,1,2,0.02,271,12.5,12.498096189454891,-0.21815508046603913,72456
2026-04-01 12:40:57,-94.579,39.1367,11.8,29522.0,-54.0,-86.3,-81.5,1,2,0.02,272,12.9,12.892141668546335,-0.45020350746226656,72456
2026-04-01 12:41:06,-94.5778,39.1368,11.7,29575.0,-53.1,-86.1,-81.4,1,2,0.02,270,12.9,12.9,2.3696915563501285e-15,72456
2026-04-01 12:41:15,-94.5765,39.1368,11.6,29630.0,-51.7,-85.6,-80.8,1,1,0.03,266,12.7,12.669063438299766,0.8859072165503948,72456
2026-04-01 12:41:23,-94.5754,39.137,11.5,29691.0,-51.4,-85.6,-80.9,1,1,0.03,261,12.3,12.148566589320193,1.9241439199948418,72456
2026-04-01 12:41:33,-94.574,39.1373,11.4,29743.0,-51.3,-85.5,-80.8,1,1,0.03,258,11.9,11.639956448732287,2.4741491207313415,72456
2026-04-01 12:41:42,-94.573,39.1376,11.3,29804.0,-51.0,-85.3,-80.5,1,1,0.03,259,11.4,11.19054989130337,2.1752225472926088,72456
2026-04-01 12:41:51,-94.572,39.1375,11.2,29864.0,-50.6,-85.1,-80.3,1,1,0.03,261,11.2,11.06210941466554,1.7520660084505875,72456
2026-04-01 12:42:01,-94.5706,39.1377,11.1,29918.0,-50.0,-84.6,-79.8,1,1,0.03,262,11.2,11.091002369905587,1.5587387307527372,72456
2026-04-01 12:42:10,-94.5694,39.1379,11.0,29980.0,-50.2,-84.6,-79.8,1,1,0.03,260,11.1,10.93136605843551,1.9274947721029265,72456
2026-04-01 12:42:20,-94.5682,39.1381,10.9,30036.0,-50.5,-84.5,-79.8,1,2,0.03,257,11.0,10.718070712637587,2.474461597782518,72456
2026-04-01 12:42:29,-94.5671,39.1384,10.8,30098.0,-50.7,-84.5,-79.8,1,2,0.03,253,11.0,10.51935231559339,3.216088751950108,72456
2026-04-01 12:42:38,-94.5661,39.1388,10.7,30157.0,-50.8,-84.7,-79.9,1,2,0.03,247,11.5,10.585805814703063,4.493407977626649,72456
2026-04-01 12:42:47,-94.5651,39.1395,10.6,30215.0,-50.6,-84.7,-79.9,1,2,0.03,241,12.4,10.84528436852851,6.011639291054577,72456
2026-04-01 12:42:57,-94.5636,39.1402,10.5,30276.0,-50.4,-84.8,-80.0,1,1,0.03,238,13.5,11.44864929811175,7.153910067148268,72456
2026-04-01 12:43:07,-94.5619,39.1407,10.4,30343.0,-49.9,-84.6,-79.9,1,1,0.03,239,14.5,12.428925860180625,7.468052086195788,72456
2026-04-01 12:43:16,-94.5607,39.1413,10.3,30406.0,-49.5,-84.5,-79.8,1,1,0.03,240,15.4,13.336791218280352,7.700000000000007,72456
2026-04-01 12:43:26,-94.5591,39.1423,10.2,30466.0,-49.3,-84.5,-79.8,1,1,0.03,239,16.5,14.14326046158485,8.498128236015898,72456
2026-04-01 12:43:40,-94.5565,39.1434,10.1,30534.0,-49.1,-84.5,-79.7,1,1,0.04,239,17.9,15.343294682567805,9.219181540889972,72456
2026-04-01 12:43:45,-94.5552,39.1437,10.0,30627.0,-48.2,-84.0,-79.2,1,1,0.04,243,18.8,16.750922654741316,8.535021395103483,72456
2026-04-01 12:43:55,-94.5535,39.1444,9.9,30664.0,-48.2,-83.9,-79.2,1,1,0.04,245,18.7,16.947955617585354,7.902961494551074,72456
2026-04-01 12:44:05,-94.5513,39.145,9.8,30729.0,-48.5,-84.1,-79.3,1,1,0.04,250,18.3,17.196374960382126,6.258968622859735,72456
2026-04-01 12:44:15,-94.5494,39.1451,9.7,30798.0,-48.2,-83.9,-79.2,1,1,0.04,255,17.9,17.290072290574322,4.632860907335119,72456
2026-04-01 12:44:25,-94.5475,39.1455,9.6,30864.0,-47.9,-83.8,-79.1,1,1,0.04,258,17.9,17.50884205313512,3.7216192656378997,72456
2026-04-01 12:44:36,-94.5448,39.146,9.5,30932.0,-47.7,-83.7,-79.0,1,1,0.04,259,18.7,18.356428330471317,3.568128213541384,72456
2026-04-01 12:44:47,-94.5426,39.1462,9.4,31006.0,-47.9,-83.8,-79.0,1,1,0.04,258,19.6,19.17169297438259,4.075069140028092,72456
2026-04-01 12:44:57,-94.5404,39.1469,9.3,31076.0,-47.9,-83.7,-78.9,1,1,0.04,254,20.1,19.321360088360212,5.540310851921678,72456
2026-04-01 12:45:08,-94.5377,39.1475,9.2,31145.0,-47.9,-83.8,-79.0,1,1,0.04,251,20.7,19.57223451490586,6.739260797263142,72456
2026-04-01 12:45:19,-94.5353,39.1485,9.1,31219.0,-47.9,-83.9,-79.1,1,1,0.04,249,21.2,19.791905041740673,7.597400530360375,72456
2026-04-01 12:45:30,-94.5327,39.1491,9.0,31288.0,-47.4,-83.7,-79.0,1,1,0.04,248,21.3,19.74901610227257,7.979120439758932,72456
2026-04-01 12:45:42,-94.5303,39.15,8.9,31360.0,-47.4,-83.9,-79.1,1,1,0.04,248,20.9,19.378142560445852,7.829277802392566,72456
2026-04-01 12:45:52,-94.5279,39.1507,8.8,31439.0,-46.6,-83.4,-78.6,1,1,0.05,250,20.3,19.07576020195394,6.943008909511072,72456
2026-04-01 12:46:03,-94.5255,39.1508,8.7,31513.0,-46.8,-83.4,-78.6,1,1,0.05,254,19.7,18.936855409984883,5.430055909594878,72456
2026-04-01 12:46:14,-94.5232,39.1513,8.6,31586.0,-47.2,-83.5,-78.7,1,1,0.05,260,19.1,18.809828082533176,3.3166801934383696,72456
2026-04-01 12:46:25,-94.5208,39.1512,8.5,31662.0,-47.4,-83.6,-78.9,1,1,0.05,265,18.3,18.230362975078943,1.594950092282146,72456
2026-04-01 12:46:37,-94.5186,39.1511,8.4,31740.0,-46.9,-83.6,-78.8,1,1,0.05,272,17.3,17.289461307430358,-0.6037612929532722,72456
2026-04-01 12:46:48,-94.5165,39.1506,8.3,31823.0,-46.4,-83.5,-78.7,1,1,0.05,279,17.1,16.88947062417686,-2.675029352187945,72456
2026-04-01 12:46:59,-94.5146,39.1503,8.2,31901.0,-46.4,-83.6,-78.8,1,1,0.05,282,17.0,16.628509212474693,-3.534498743901911,72456
2026-04-01 12:47:11,-94.5124,39.1499,8.1,31979.0,-46.0,-83.5,-78.7,1,1,0.05,280,16.1,15.855404823496553,-2.7957356604375727,72456
2026-04-01 12:47:23,-94.5104,39.1503,8.0,32064.0,-45.1,-83.2,-78.5,1,1,0.05,272,14.8,14.790984239882619,-0.516512551197019,72456
2026-04-01 12:47:37,-94.5083,39.1507,7.9,32145.0,-44.8,-83.1,-78.3,1,1,0.06,260,14.7,14.476673969279457,2.5526282117038757,72456
2026-04-01 12:47:50,-94.5056,39.1514,7.8,32232.0,-44.5,-82.8,-78.1,1,1,0.06,252,16.1,15.312009912351973,4.9751736094366565,72456
2026-04-01 12:48:03,-94.503,39.1521,7.7,32321.0,-44.3,-82.6,-77.8,1,1,0.06,253,18.4,17.596007509719847,5.379639366898362,72456
2026-04-01 12:48:17,-94.4996,39.1528,7.6,32405.0,-44.6,-82.4,-77.7,1,1,0.06,254,20.8,19.994243275517036,5.733257000993577,72456
2026-04-01 12:48:31,-94.4957,39.1534,7.5,32492.0,-45.4,-82.8,-78.0,1,1,0.06,256,22.5,21.83165384120992,5.443242650992525,72456
2026-04-01 12:48:45,-94.4924,39.1538,7.4,32579.0,-45.3,-82.9,-78.2,1,1,0.06,261,22.0,21.72914349309303,3.4415582308850827,72456
2026-04-01 12:49:00,-94.4894,39.1539,7.3,32670.0,-45.0,-83.2,-78.4,1,1,0.06,266,19.5,19.452498980066572,1.3602512380104488,72456
2026-04-01 12:49:13,-94.4873,39.1536,7.2,32767.0,-43.6,-82.8,-78.1,1,1,0.06,271,16.8,16.797441278627375,-0.2932004281463566,72456
2026-04-01 12:49:34,-94.4827,39.1538,7.1,32855.0,-42.9,-82.6,-77.8,1,1,0.07,271,16.2,16.197532661533536,-0.2827289842839867,72456
2026-04-01 12:49:42,-94.4808,39.1542,7.0,32997.0,-42.4,-82.2,-77.4,1,1,0.07,262,20.2,20.003414988579717,2.8112966393933294,72456
