time,longitude,latitude,pressure,height,temperature,dewpoint,ice_point_temperature,relative_humidity,humidity_wrt_ice,mixing_ratio,direction,speed,u_wind,v_wind,station
2026-04-01 11:15:55,-114.1106,53.5504,920.5,770.0,-6.9,-7.9,-7.0,93,99,2.29,71,1.4,-1.3237260058390434,-0.4557954162400194,71119
2026-04-01 11:15:56,-114.1103,53.5497,919.3,780.0,-6.3,-7.3,-6.5,93,98,2.39,111,1.6,-1.493728682395523,0.5733887192724805,71119
2026-04-01 11:15:57,-114.1102,53.5495,918.8,785.0,-6.4,-7.3,-6.5,94,100,2.41,124,1.9,-1.5751713878545792,1.0624665165944187,71119
2026-04-01 11:15:58,-114.1103,53.5495,918.3,789.0,-6.4,-7.1,-6.4,94,100,2.43,128,2.2,-1.7336236579347886,1.3544552457164483,71119
2026-04-01 11:15:59,-114.1104,53.5495,917.7,794.0,-6.3,-7.1,-6.3,94,100,2.44,129,2.4,-1.8651503074967304,1.5103689385196095,71119
2026-04-01 11:16:00,-114.1105,53.5496,917.1,799.0,-6.1,-7.1,-6.3,93,98,2.44,130,2.6,-1.9917155521093428,1.6712477851850025,71119
2026-04-01 11:16:01,-114.1106,53.5496,916.5,805.0,-6.0,-7.2,-6.4,91,97,2.43,131,2.7,-2.0377158666014847,1.7713593782743695,71119
2026-04-01 11:16:02,-114.1106,53.5497,915.8,810.0,-5.8,-7.2,-6.4,90,95,2.43,131,2.9,-2.188657782646039,1.9025711840724706,71119
2026-04-01 11:16:03,-114.1106,53.5497,915.2,816.0,-5.6,-7.1,-6.4,89,94,2.44,132,3.1,-2.3037489589799223,2.074304879712461,71119
2026-04-01 11:16:04,-114.1107,53.5497,914.6,820.0,-5.5,-7.2,-6.4,88,93,2.44,133,3.3,-2.4134672153432626,2.2505945882062446,71119
2026-04-01 11:16:05,-114.1107,53.5498,914.1,825.0,-5.5,-7.2,-6.4,88,92,2.43,134,3.5,-2.517689301185279,2.431304296606491,71119
2026-04-01 11:16:06,-114.1107,53.5498,913.6,829.0,-5.5,-7.2,-6.4,87,92,2.43,134,3.7,-2.661557261253009,2.5702359706982905,71119
2026-04-01 11:16:07,-114.1107,53.5498,913.0,834.0,-5.4,-7.3,-6.5,87,91,2.42,134,3.9,-2.805425221320739,2.7091676447900896,71119
2026-04-01 11:16:08,-114.1107,53.5498,912.5,838.0,-5.2,-7.2,-6.4,85,90,2.43,134,4.0,-2.8773592013546043,2.7786334818359895,71119
2026-04-01 11:16:09,-114.1108,53.5499,912.1,842.0,-4.9,-7.1,-6.3,84,89,2.45,134,4.2,-3.0212271614223347,2.917565155927789,71119
2026-04-01 11:16:10,-114.1108,53.5499,911.6,846.0,-4.9,-7.2,-6.4,84,88,2.44,134,4.3,-3.0931611414561995,2.9870309929736885,71119
2026-04-01 11:16:11,-114.1108,53.55,911.1,851.0,-4.9,-7.3,-6.5,83,87,2.43,134,4.5,-3.23702910152393,3.125962667065488,71119
2026-04-01 11:16:12,-114.1109,53.5501,910.6,855.0,-4.8,-7.3,-6.5,83,87,2.43,133,4.6,-3.3642270274481842,3.1371924562874924,71119
2026-04-01 11:16:13,-114.111,53.5501,910.0,861.0,-4.7,-7.3,-6.5,82,86,2.42,133,4.7,-3.437362397610102,3.2053922922937423,71119
2026-04-01 11:16:14,-114.1111,53.5502,909.3,866.0,-4.5,-7.3,-6.5,81,85,2.43,132,4.8,-3.5670951622914924,3.2118269105225195,71119
2026-04-01 11:16:15,-114.1112,53.5502,908.7,872.0,-4.4,-7.2,-6.4,80,84,2.44,131,4.9,-3.698076943091584,3.214689242053485,71119
2026-04-01 11:16:16,-114.1112,53.5502,908.0,877.0,-4.2,-7.2,-6.4,80,83,2.44,130,5.0,-3.83022221559489,3.2139380484326967,71119
2026-04-01 11:16:17,-114.1113,53.5502,907.4,883.0,-4.2,-7.3,-6.5,79,82,2.44,129,5.1,-3.963444403430552,3.20953399435417,71119
2026-04-01 11:16:18,-114.1113,53.5503,906.8,888.0,-4.1,-7.3,-6.5,78,82,2.43,127,5.1,-4.073041101241192,3.0692566180754466,71119
2026-04-01 11:16:19,-114.1113,53.5503,906.2,894.0,-4.1,-7.3,-6.5,78,81,2.43,126,5.2,-4.206888370749727,3.05648331192086,71119
2026-04-01 11:16:20,-114.1114,53.5504,905.5,899.0,-4.0,-7.3,-6.5,77,80,2.43,125,5.3,-4.341505834731656,3.0399551126605444,71119
2026-04-01 11:16:21,-114.1115,53.5504,904.9,905.0,-3.9,-7.3,-6.5,77,80,2.44,123,5.3,-4.444954010110747,2.886586885579644,71119
2026-04-01 11:16:22,-114.1116,53.5504,904.3,910.0,-3.8,-7.3,-6.5,77,80,2.45,121,5.4,-4.628703423791407,2.781205604514293,71119
2026-04-01 11:16:23,-114.1117,53.5504,903.6,916.0,-3.8,-7.3,-6.5,77,80,2.45,120,5.4,-4.676537180435969,2.6999999999999993,71119
2026-04-01 11:16:24,-114.1118,53.5504,903.0,921.0,-3.6,-7.3,-6.5,76,79,2.45,118,5.5,-4.856211760724098,2.5820935953224002,71119
2026-04-01 11:16:25,-114.1118,53.5504,902.4,926.0,-3.5,-7.3,-6.5,75,78,2.45,116,5.6,-5.033246659275335,2.454878422018834,71119
2026-04-01 11:16:26,-114.1118,53.5505,901.8,932.0,-3.4,-7.3,-6.5,74,77,2.44,114,5.6,-5.115854562798565,2.2777252012244813,71119
2026-04-01 11:16:27,-114.1119,53.5505,901.2,937.0,-3.3,-7.4,-6.5,74,76,2.44,113,5.7,-5.24687766467891,2.2271674323888604,71119
2026-04-01 11:16:28,-114.1119,53.5505,900.7,942.0,-3.2,-7.4,-6.6,73,75,2.43,111,5.8,-5.41476647368377,2.0785341073627417,71119
2026-04-01 11:16:29,-114.1121,53.5505,900.1,946.0,-3.0,-7.4,-6.6,72,74,2.44,109,5.9,-5.578559596035969,1.9208521112972243,71119
2026-04-01 11:16:30,-114.1122,53.5505,899.6,951.0,-2.8,-7.4,-6.5,70,72,2.44,108,5.9,-5.611233446141407,1.8232002668121894,71119
2026-04-01 11:16:31,-114.1123,53.5505,899.1,956.0,-2.5,-7.3,-6.5,69,71,2.45,106,6.0,-5.767570175629913,1.6538241349019942,71119
2026-04-01 11:16:32,-114.1125,53.5505,898.6,960.0,-2.3,-7.4,-6.6,68,70,2.44,105,6.1,-5.892147540363316,1.5787961751253772,71119
2026-04-01 11:16:33,-114.1126,53.5505,898.2,964.0,-2.2,-7.5,-6.7,67,68,2.41,104,6.2,-6.015833502911178,1.4999157527179403,71119
2026-04-01 11:16:34,-114.1127,53.5505,897.7,968.0,-2.2,-7.6,-6.8,66,67,2.39,103,6.2,-6.041094401668459,1.3946965369319633,71119
2026-04-01 11:16:35,-114.1128,53.5505,897.2,972.0,-2.1,-7.7,-6.8,66,67,2.39,102,6.3,-6.1623298846229755,1.309843652151884,71119
2026-04-01 11:16:36,-114.1129,53.5505,896.8,976.0,-2.1,-7.6,-6.8,66,67,2.4,101,6.4,-6.28241397406505,1.2211775704098868,71119
2026-04-01 11:16:37,-114.1129,53.5505,896.2,981.0,-2.1,-7.6,-6.7,66,67,2.41,100,6.4,-6.3027696192781315,1.111348337068354,71119
2026-04-01 11:16:38,-114.113,53.5505,895.6,986.0,-2.0,-7.5,-6.7,66,67,2.42,99,6.5,-6.419974213868396,1.0168240227615002,71119
2026-04-01 11:16:39,-114.113,53.5505,895.1,991.0,-2.0,-7.5,-6.7,66,67,2.43,99,6.5,-6.419974213868396,1.0168240227615002,71119
2026-04-01 11:16:40,-114.1131,53.5506,894.5,996.0,-2.0,-7.5,-6.7,66,67,2.43,98,6.6,-6.535769253694364,0.9185424663364313,71119
2026-04-01 11:16:41,-114.1133,53.5506,893.9,1001.0,-2.0,-7.5,-6.7,66,67,2.42,98,6.6,-6.535769253694364,0.9185424663364313,71119
2026-04-01 11:16:42,-114.1134,53.5506,893.5,1005.0,-2.1,-7.5,-6.7,66,68,2.43,97,6.7,-6.650059215996858,0.8165246008144874,71119
2026-04-01 11:16:43,-114.1136,53.5506,893.0,1009.0,-2.1,-7.4,-6.6,67,68,2.44,97,6.7,-6.650059215996858,0.8165246008144874,71119
2026-04-01 11:16:44,-114.1138,53.5506,892.6,1013.0,-2.1,-7.4,-6.5,67,68,2.46,97,6.7,-6.650059215996858,0.8165246008144874,71119
2026-04-01 11:16:45,-114.1139,53.5506,892.1,1018.0,-2.1,-7.3,-6.5,68,69,2.48,96,6.7,-6.663296698967431,0.7003407038932788,71119
2026-04-01 11:16:46,-114.114,53.5506,891.5,1023.0,-2.1,-7.2,-6.4,68,69,2.49,96,6.7,-6.663296698967431,0.7003407038932788,71119
2026-04-01 11:16:47,-114.1141,53.5506,890.9,1029.0,-2.2,-7.2,-6.4,68,70,2.49,96,6.7,-6.663296698967431,0.7003407038932788,71119
2026-04-01 11:16:48,-114.1142,53.5506,890.2,1034.0,-2.2,-7.3,-6.4,68,70,2.49,96,6.7,-6.663296698967431,0.7003407038932788,71119
2026-04-01 11:16:49,-114.1143,53.5506,889.6,1040.0,-2.3,-7.3,-6.5,68,70,2.49,96,6.7,-6.663296698967431,0.7003407038932788,71119
2026-04-01 11:16:50,-114.1143,53.5506,889.0,1045.0,-2.3,-7.3,-6.5,69,70,2.49,96,6.7,-6.663296698967431,0.7003407038932788,71119
2026-04-01 11:16:51,-114.1144,53.5506,888.5,1050.0,-2.4,-7.2,-6.4,69,71,2.49,96,6.7,-6.663296698967431,0.7003407038932788,71119
2026-04-01 11:16:52,-114.1144,53.5506,888.0,1055.0,-2.4,-7.2,-6.4,69,71,2.5,96,6.7,-6.663296698967431,0.7003407038932788,71119
2026-04-01 11:16:53,-114.1145,53.5506,887.4,1060.0,-2.4,-7.2,-6.4,70,71,2.51,96,6.7,-6.663296698967431,0.7003407038932788,71119
2026-04-01 11:16:54,-114.1146,53.5507,886.8,1065.0,-2.5,-7.2,-6.4,70,72,2.51,96,6.7,-6.663296698967431,0.7003407038932788,71119
2026-04-01 11:16:55,-114.1147,53.5507,886.2,1070.0,-2.5,-7.2,-6.4,70,72,2.51,96,6.7,-6.663296698967431,0.7003407038932788,71119
2026-04-01 11:16:56,-114.1149,53.5507,885.6,1075.0,-2.6,-7.2,-6.4,71,72,2.51,96,6.7,-6.663296698967431,0.7003407038932788,71119
2026-04-01 11:16:57,-114.115,53.5507,885.1,1080.0,-2.6,-7.2,-6.4,71,72,2.51,96,6.7,-6.663296698967431,0.7003407038932788,71119
2026-04-01 11:16:58,-114.1152,53.5507,884.5,1085.0,-2.7,-7.3,-6.5,71,72,2.5,96,6.7,-6.663296698967431,0.7003407038932788,71119
2026-04-01 11:16:59,-114.1153,53.5507,884.0,1090.0,-2.7,-7.3,-6.5,71,73,2.5,96,6.7,-6.663296698967431,0.7003407038932788,71119
2026-04-01 11:17:00,-114.1153,53.5506,883.5,1095.0,-2.8,-7.3,-6.5,71,73,2.49,96,6.7,-6.663296698967431,0.7003407038932788,71119
2026-04-01 11:17:01,-114.1154,53.5506,882.9,1100.0,-2.8,-7.4,-6.6,71,73,2.48,96,6.7,-6.663296698967431,0.7003407038932788,71119
2026-04-01 11:17:02,-114.1154,53.5506,882.4,1105.0,-2.9,-7.4,-6.6,71,73,2.48,96,6.7,-6.663296698967431,0.7003407038932788,71119
2026-04-01 11:17:03,-114.1155,53.5507,881.8,1110.0,-2.9,-7.4,-6.6,71,73,2.48,96,6.7,-6.663296698967431,0.7003407038932788,71119
2026-04-01 11:17:04,-114.1156,53.5507,881.3,1114.0,-2.9,-7.4,-6.6,71,73,2.48,96,6.7,-6.663296698967431,0.7003407038932788,71119
2026-04-01 11:17:05,-114.1157,53.5508,880.8,1119.0,-3.0,-7.4,-6.6,71,73,2.48,96,6.7,-6.663296698967431,0.7003407038932788,71119
2026-04-01 11:17:06,-114.1159,53.5508,880.3,1123.0,-3.0,-7.4,-6.6,72,74,2.48,96,6.7,-6.663296698967431,0.7003407038932788,71119
2026-04-01 11:17:07,-114.116,53.5508,879.8,1128.0,-3.1,-7.5,-6.7,72,74,2.47,96,6.7,-6.663296698967431,0.7003407038932788,71119
2026-04-01 11:17:08,-114.1161,53.5508,879.2,1133.0,-3.1,-7.6,-6.7,71,74,2.46,95,6.7,-6.674504477214695,0.5839434764093102,71119
2026-04-01 11:17:09,-114.1163,53.5507,878.6,1138.0,-3.2,-7.7,-6.8,71,73,2.44,95,6.8,-6.774123947023869,0.592659050684076,71119
2026-04-01 11:17:10,-114.1163,53.5507,878.0,1144.0,-3.2,-7.9,-7.0,70,72,2.41,95,6.8,-6.774123947023869,0.592659050684076,71119
2026-04-01 11:17:11,-114.1164,53.5507,877.4,1149.0,-3.2,-8.0,-7.2,69,72,2.37,95,6.8,-6.774123947023869,0.592659050684076,71119
2026-04-01 11:17:12,-114.1164,53.5507,876.8,1154.0,-3.3,-8.2,-7.3,69,71,2.35,95,6.8,-6.774123947023869,0.592659050684076,71119
2026-04-01 11:17:13,-114.1165,53.5507,876.3,1159.0,-3.3,-8.3,-7.4,69,71,2.33,95,6.8,-6.774123947023869,0.592659050684076,71119
2026-04-01 11:17:14,-114.1166,53.5508,875.8,1164.0,-3.4,-8.4,-7.5,68,71,2.32,95,6.8,-6.774123947023869,0.592659050684076,71119
2026-04-01 11:17:15,-114.1167,53.5508,875.3,1168.0,-3.4,-8.4,-7.5,68,71,2.31,95,6.8,-6.774123947023869,0.592659050684076,71119
2026-04-01 11:17:16,-114.1169,53.5508,874.8,1172.0,-3.4,-8.4,-7.5,68,71,2.31,95,6.8,-6.774123947023869,0.592659050684076,71119
2026-04-01 11:17:17,-114.1171,53.5508,874.4,1177.0,-3.5,-8.5,-7.6,68,70,2.29,95,6.8,-6.774123947023869,0.592659050684076,71119
2026-04-01 11:17:18,-114.1172,53.5508,873.9,1181.0,-3.5,-8.7,-7.7,67,70,2.26,95,6.8,-6.774123947023869,0.592659050684076,71119
2026-04-01 11:17:19,-114.1174,53.5508,873.4,1186.0,-3.5,-8.9,-7.9,66,69,2.23,95,6.8,-6.774123947023869,0.592659050684076,71119
2026-04-01 11:17:20,-114.1175,53.5508,872.8,1191.0,-3.6,-9.1,-8.1,65,68,2.2,95,6.7,-6.674504477214695,0.5839434764093102,71119
2026-04-01 11:17:21,-114.1175,53.5507,872.3,1196.0,-3.6,-9.3,-8.2,65,67,2.17,95,6.7,-6.674504477214695,0.5839434764093102,71119
2026-04-01 11:17:22,-114.1176,53.5507,871.7,1201.0,-3.6,-9.4,-8.4,64,66,2.14,95,6.7,-6.674504477214695,0.5839434764093102,71119
2026-04-01 11:17:23,-114.1176,53.5507,871.1,1206.0,-3.7,-9.7,-8.7,63,65,2.09,96,6.6,-6.563844509430603,0.6898878575665134,71119
2026-04-01 11:17:24,-114.1177,53.5507,870.6,1210.0,-3.7,-10.1,-9.0,61,63,2.03,96,6.6,-6.563844509430603,0.6898878575665134,71119
2026-04-01 11:17:25,-114.1177,53.5508,870.2,1215.0,-3.7,-10.7,-9.5,58,60,1.94,96,6.5,-6.4643923198937765,0.6794350112397481,71119
2026-04-01 11:17:26,-114.1178,53.5508,869.7,1219.0,-3.7,-11.4,-10.2,55,57,1.83,97,6.5,-6.451549985668594,0.7921507321334579,71119
2026-04-01 11:17:27,-114.1179,53.5508,869.2,1223.0,-3.7,-12.3,-11.0,51,53,1.71,97,6.4,-6.352295370504462,0.7799637977929432,71119
2026-04-01 11:17:28,-114.1181,53.5509,868.8,1227.0,-3.6,-13.3,-11.8,47,49,1.58,98,6.4,-6.337715639946051,0.8907078461444183,71119
2026-04-01 11:17:29,-114.1182,53.5509,868.3,1232.0,-3.6,-14.1,-12.6,44,46,1.48,98,6.3,-6.238688833071893,0.8767905360484117,71119
2026-04-01 11:17:30,-114.1184,53.5509,867.8,1236.0,-3.6,-14.8,-13.2,42,43,1.4,99,6.3,-6.2224365457493676,0.9855371297534541,71119
2026-04-01 11:17:31,-114.1185,53.5509,867.3,1240.0,-3.5,-15.3,-13.7,40,41,1.34,100,6.2,-6.10580806867569,1.076618701534968,71119
2026-04-01 11:17:32,-114.1187,53.5509,866.8,1245.0,-3.5,-15.8,-14.1,38,39,1.29,100,6.1,-6.007327293374469,1.0592538837682748,71119
2026-04-01 11:17:33,-114.1188,53.5509,866.2,1250.0,-3.5,-16.2,-14.5,37,38,1.24,101,6.1,-5.98792581903075,1.1639348717969233,71119
2026-04-01 11:17:34,-114.1189,53.5508,865.7,1256.0,-3.5,-16.4,-14.7,36,37,1.22,102,6.0,-5.868885604402834,1.247470144906556,71119
2026-04-01 11:17:35,-114.1189,53.5508,865.0,1261.0,-3.4,-16.3,-14.6,36,37,1.24,103,5.9,-5.748783382232888,1.3272112206288038,71119
2026-04-01 11:17:36,-114.1189,53.5508,864.4,1267.0,-3.4,-16.1,-14.4,37,38,1.26,104,5.9,-5.7247447850283795,1.42733918403804,71119
2026-04-01 11:17:37,-114.1189,53.5508,863.9,1272.0,-3.4,-16.0,-14.4,37,38,1.26,105,5.8,-5.602369792476596,1.501150461594621,71119
2026-04-01 11:17:38,-114.119,53.5508,863.3,1277.0,-3.4,-16.1,-14.4,37,38,1.26,105,5.7,-5.50577720984769,1.4752685570843689,71119
2026-04-01 11:17:39,-114.119,53.5509,862.9,1281.0,-3.4,-16.4,-14.6,36,37,1.23,106,5.7,-5.4791916668484175,1.5711329281568946,71119
2026-04-01 11:17:40,-114.1191,53.5509,862.4,1286.0,-3.4,-16.7,-14.9,35,36,1.2,107,5.6,-5.355306633392999,1.6372815464473252,71119
2026-04-01 11:17:41,-114.1192,53.551,862.0,1290.0,-3.4,-17.0,-15.2,34,35,1.17,108,5.5,-5.230810839623345,1.6995934690622103,71119
2026-04-01 11:17:42,-114.1193,53.551,861.6,1293.0,-3.3,-17.3,-15.5,33,34,1.14,109,5.5,-5.200352165796243,1.7906248495143615,71119
2026-04-01 11:17:43,-114.1194,53.551,861.2,1297.0,-3.3,-17.5,-15.7,32,34,1.12,110,5.4,-5.074340152243906,1.8469087739586112,71119
2026-04-01 11:17:44,-114.1195,53.5511,860.8,1300.0,-3.3,-17.6,-15.8,32,33,1.11,110,5.3,-4.9803708901653145,1.8127067596260442,71119
2026-04-01 11:17:45,-114.1196,53.5511,860.4,1304.0,-3.3,-17.7,-15.8,32,33,1.11,111,5.3,-4.947976260435169,1.8993501325900914,71119
2026-04-01 11:17:46,-114.1197,53.5511,859.9,1308.0,-3.3,-17.6,-15.8,32,33,1.11,112,5.2,-4.821356043747294,1.9479542857627428,71119
2026-04-01 11:17:47,-114.1198,53.5511,859.4,1313.0,-3.3,-17.5,-15.7,32,34,1.12,112,5.1,-4.728637658290616,1.9104936264211514,71119
2026-04-01 11:17:48,-114.1198,53.5512,858.9,1318.0,-3.4,-17.3,-15.5,33,34,1.14,112,5.1,-4.728637658290616,1.9104936264211514,71119
2026-04-01 11:17:49,-114.1198,53.5512,858.3,1324.0,-3.4,-17.1,-15.4,34,35,1.16,113,5.0,-4.6025242672622015,1.953655642446369,71119
2026-04-01 11:17:50,-114.1198,53.5512,857.6,1329.0,-3.5,-17.1,-15.3,34,35,1.17,113,4.9,-4.510473781916958,1.9145825295974417,71119
2026-04-01 11:17:51,-114.1199,53.5512,857.0,1335.0,-3.5,-17.2,-15.4,34,35,1.16,113,4.8,-4.418423296571713,1.875509416748514,71119
2026-04-01 11:17:52,-114.1199,53.5512,856.4,1341.0,-3.5,-17.3,-15.5,33,35,1.14,113,4.7,-4.326372811226469,1.8364363038995868,71119
2026-04-01 11:17:53,-114.12,53.5512,855.8,1346.0,-3.6,-17.5,-15.7,33,34,1.13,113,4.7,-4.326372811226469,1.8364363038995868,71119
2026-04-01 11:17:54,-114.1202,53.5512,855.3,1351.0,-3.6,-17.6,-15.7,33,34,1.12,113,4.6,-4.234322325881225,1.7973631910506591,71119
2026-04-01 11:17:55,-114.1203,53.5512,854.9,1354.0,-3.6,-17.6,-15.8,33,34,1.12,113,4.5,-4.142271840535981,1.7582900782017319,71119
2026-04-01 11:17:56,-114.1204,53.5513,854.5,1358.0,-3.7,-17.6,-15.7,33,34,1.13,113,4.4,-4.050221355190738,1.7192169653528047,71119
2026-04-01 11:17:57,-114.1205,53.5513,854.1,1362.0,-3.7,-17.6,-15.7,33,34,1.13,113,4.4,-4.050221355190738,1.7192169653528047,71119
2026-04-01 11:17:58,-114.1206,53.5513,853.7,1366.0,-3.8,-17.6,-15.8,33,34,1.12,113,4.3,-3.958170869845493,1.6801438525038772,71119
2026-04-01 11:17:59,-114.1206,53.5514,853.2,1370.0,-3.8,-17.6,-15.8,33,34,1.12,113,4.3,-3.958170869845493,1.6801438525038772,71119
2026-04-01 11:18:00,-114.1206,53.5514,852.8,1374.0,-3.8,-17.7,-15.8,33,34,1.12,113,4.2,-3.8661203845002494,1.64107073965495,71119
2026-04-01 11:18:01,-114.1206,53.5514,852.3,1378.0,-3.9,-17.7,-15.8,33,35,1.12,113,4.2,-3.8661203845002494,1.64107073965495,71119
2026-04-01 11:18:02,-114.1206,53.5514,851.9,1382.0,-3.9,-17.7,-15.9,33,34,1.11,113,4.1,-3.7740698991550046,1.6019976268060223,71119
2026-04-01 11:18:03,-114.1206,53.5514,851.5,1386.0,-3.9,-17.7,-15.9,33,35,1.12,112,4.1,-3.801453803723828,1.5358870330052394,71119
2026-04-01 11:18:04,-114.1206,53.5514,851.1,1390.0,-3.9,-17.7,-15.8,33,35,1.12,112,4.1,-3.801453803723828,1.5358870330052394,71119
2026-04-01 11:18:05,-114.1207,53.5514,850.7,1393.0,-4.0,-17.7,-15.8,34,35,1.12,113,4.1,-3.7740698991550046,1.6019976268060223,71119
2026-04-01 11:18:06,-114.1207,53.5514,850.3,1397.0,-4.0,-17.7,-15.9,34,35,1.12,113,4.1,-3.7740698991550046,1.6019976268060223,71119
2026-04-01 11:18:06,-114.1207,53.5513,850.0,1400.0,-4.0,-17.7,-15.9,34,35,1.12,113,4.1,-3.7740698991550046,1.6019976268060223,71119
2026-04-01 11:18:07,-114.1208,53.5513,849.9,1401.0,-4.0,-17.7,-15.9,34,35,1.12,113,4.1,-3.7740698991550046,1.6019976268060223,71119
2026-04-01 11:18:08,-114.1208,53.5513,849.5,1405.0,-4.0,-17.7,-15.9,34,35,1.12,113,4.2,-3.8661203845002494,1.64107073965495,71119
2026-04-01 11:18:09,-114.1209,53.5513,849.0,1409.0,-4.1,-17.7,-15.8,34,35,1.12,113,4.2,-3.8661203845002494,1.64107073965495,71119
2026-04-01 11:18:10,-114.1209,53.5513,848.5,1414.0,-4.1,-17.6,-15.8,34,35,1.13,114,4.2,-3.836890922098924,1.708293900918361,71119
2026-04-01 11:18:11,-114.1209,53.5514,848.0,1419.0,-4.2,-17.6,-15.8,34,36,1.13,114,4.3,-3.9282454678631837,1.748967565225941,71119
2026-04-01 11:18:12,-114.121,53.5514,847.4,1424.0,-4.2,-17.6,-15.7,34,36,1.13,115,4.3,-3.897123484257595,1.817258525485007,71119
2026-04-01 11:18:13,-114.1211,53.5515,846.9,1429.0,-4.2,-17.6,-15.8,34,36,1.13,115,4.4,-3.9877542629612606,1.8595203516590773,71119
2026-04-01 11:18:14,-114.1212,53.5515,846.4,1433.0,-4.3,-17.7,-15.8,34,36,1.13,116,4.5,-4.044573208346251,1.9726701605508488,71119
2026-04-01 11:18:15,-114.1213,53.5516,846.0,1437.0,-4.3,-17.7,-15.9,34,36,1.12,116,4.5,-4.044573208346251,1.9726701605508488,71119
2026-04-01 11:18:16,-114.1214,53.5516,845.6,1441.0,-4.3,-17.7,-15.9,34,36,1.12,117,4.6,-4.098630011266492,2.088356298801915,71119
2026-04-01 11:18:17,-114.1216,53.5516,845.1,1446.0,-4.4,-17.7,-15.9,35,36,1.12,117,4.7,-4.187730663685329,2.13375534877587,71119
2026-04-01 11:18:18,-114.1217,53.5516,844.6,1450.0,-4.4,-17.7,-15.9,34,36,1.12,118,4.8,-4.238148445722849,2.253463501372276,71119
2026-04-01 11:18:19,-114.1218,53.5516,844.0,1455.0,-4.4,-17.8,-15.9,34,36,1.12,118,4.8,-4.238148445722849,2.253463501372276,71119
2026-04-01 11:18:20,-114.1218,53.5516,843.5,1461.0,-4.5,-17.8,-15.9,35,36,1.12,118,4.9,-4.326443205008742,2.3004106576508656,71119
2026-04-01 11:18:21,-114.1218,53.5516,842.9,1466.0,-4.5,-17.7,-15.9,35,36,1.12,119,5.0,-4.373098535696979,2.4240481012316852,71119
2026-04-01 11:18:22,-114.1219,53.5516,842.4,1470.0,-4.6,-17.7,-15.8,35,37,1.13,119,5.0,-4.373098535696979,2.4240481012316852,71119
2026-04-01 11:18:23,-114.1219,53.5516,842.0,1474.0,-4.6,-17.6,-15.8,36,37,1.14,119,5.1,-4.460560506410919,2.4725290632563186,71119
2026-04-01 11:18:24,-114.1219,53.5517,841.6,1478.0,-4.7,-17.5,-15.7,36,38,1.15,119,5.1,-4.460560506410919,2.4725290632563186,71119
2026-04-01 11:18:25,-114.1219,53.5517,841.2,1482.0,-4.7,-17.4,-15.6,36,38,1.16,120,5.2,-4.503332099679081,2.599999999999999,71119
2026-04-01 11:18:26,-114.122,53.5518,840.8,1486.0,-4.7,-17.4,-15.6,36,38,1.16,120,5.2,-4.503332099679081,2.599999999999999,71119
2026-04-01 11:18:27,-114.122,53.5518,840.4,1490.0,-4.8,-17.4,-15.6,37,38,1.16,120,5.2,-4.503332099679081,2.599999999999999,71119
2026-04-01 11:18:28,-114.1221,53.5519,839.9,1494.0,-4.8,-17.4,-15.6,37,38,1.16,120,5.2,-4.503332099679081,2.599999999999999,71119
2026-04-01 11:18:29,-114.1222,53.5519,839.5,1498.0,-4.8,-17.4,-15.6,37,38,1.16,120,5.2,-4.503332099679081,2.599999999999999,71119
2026-04-01 11:18:30,-114.1224,53.552,839.1,1502.0,-4.9,-17.4,-15.6,37,38,1.16,120,5.2,-4.503332099679081,2.599999999999999,71119
2026-04-01 11:18:31,-114.1225,53.552,838.6,1506.0,-4.9,-17.4,-15.6,37,39,1.16,119,5.2,-4.548022477124858,2.5210100252809524,71119
2026-04-01 11:18:32,-114.1226,53.552,838.1,1510.0,-5.0,-17.5,-15.6,37,39,1.16,119,5.2,-4.548022477124858,2.5210100252809524,71119
2026-04-01 11:18:33,-114.1227,53.552,837.6,1515.0,-5.0,-17.5,-15.7,37,39,1.16,119,5.2,-4.548022477124858,2.5210100252809524,71119
2026-04-01 11:18:34,-114.1228,53.552,837.1,1520.0,-5.0,-17.5,-15.7,37,39,1.16,119,5.2,-4.548022477124858,2.5210100252809524,71119
2026-04-01 11:18:35,-114.1228,53.552,836.6,1525.0,-5.1,-17.5,-15.6,37,39,1.16,118,5.2,-4.59132748286642,2.4412521264866327,71119
2026-04-01 11:18:36,-114.1228,53.552,836.1,1530.0,-5.1,-17.5,-15.6,37,39,1.16,118,5.1,-4.503032723580527,2.3943049702080437,71119
2026-04-01 11:18:37,-114.1229,53.552,835.5,1535.0,-5.2,-17.5,-15.7,37,39,1.16,118,5.1,-4.503032723580527,2.3943049702080437,71119
2026-04-01 11:18:38,-114.1229,53.552,835.0,1539.0,-5.2,-17.5,-15.7,37,39,1.16,118,5.0,-4.414737964294634,2.3473578139294546,71119
2026-04-01 11:18:39,-114.1229,53.5521,834.6,1544.0,-5.3,-17.5,-15.7,38,39,1.16,117,5.0,-4.455032620941839,2.2699524986977337,71119
2026-04-01 11:18:40,-114.123,53.5521,834.1,1548.0,-5.3,-17.5,-15.6,38,40,1.16,117,5.0,-4.455032620941839,2.2699524986977337,71119
2026-04-01 11:18:41,-114.1231,53.5521,833.7,1552.0,-5.4,-17.3,-15.5,38,40,1.18,117,4.9,-4.365931968523003,2.2245534487237792,71119
2026-04-01 11:18:42,-114.1232,53.5522,833.2,1557.0,-5.4,-17.2,-15.4,39,41,1.19,116,4.9,-4.404090826865918,2.14801861926648,71119
2026-04-01 11:18:43,-114.1233,53.5522,832.8,1561.0,-5.4,-17.0,-15.2,40,42,1.21,116,4.8,-4.314211422236001,2.104181504587572,71119
2026-04-01 11:18:44,-114.1234,53.5522,832.3,1565.0,-5.5,-16.9,-15.1,40,42,1.22,116,4.8,-4.314211422236001,2.104181504587572,71119
2026-04-01 11:18:45,-114.1235,53.5522,831.9,1570.0,-5.5,-16.9,-15.1,40,42,1.22,115,4.8,-4.35027737777592,2.0285676563553565,71119
2026-04-01 11:18:46,-114.1235,53.5522,831.4,1574.0,-5.5,-16.9,-15.2,40,43,1.22,115,4.7,-4.259646599072255,1.986305830181287,71119
2026-04-01 11:18:47,-114.1236,53.5522,830.9,1579.0,-5.6,-17.0,-15.2,40,43,1.22,115,4.7,-4.259646599072255,1.986305830181287,71119
2026-04-01 11:18:48,-114.1236,53.5522,830.4,1583.0,-5.6,-17.0,-15.3,40,42,1.21,115,4.6,-4.16901582036859,1.9440440040072167,71119
2026-04-01 11:18:49,-114.1236,53.5522,829.9,1588.0,-5.7,-17.1,-15.4,40,42,1.2,114,4.6,-4.202309105155964,1.8709885581486811,71119
2026-04-01 11:18:50,-114.1237,53.5523,829.4,1593.0,-5.7,-17.2,-15.4,40,42,1.2,114,4.6,-4.202309105155964,1.8709885581486811,71119
2026-04-01 11:18:51,-114.1237,53.5523,828.9,1597.0,-5.8,-17.1,-15.3,40,42,1.2,114,4.5,-4.110954559391704,1.8303148938411011,71119
2026-04-01 11:18:52,-114.1238,53.5523,828.4,1602.0,-5.8,-17.1,-15.3,41,43,1.21,114,4.5,-4.110954559391704,1.8303148938411011,71119
2026-04-01 11:18:53,-114.1239,53.5523,827.9,1607.0,-5.8,-17.1,-15.3,41,43,1.21,113,4.4,-4.050221355190738,1.7192169653528047,71119
2026-04-01 11:18:54,-114.1239,53.5523,827.4,1612.0,-5.9,-17.0,-15.3,41,43,1.22,113,4.4,-4.050221355190738,1.7192169653528047,71119
2026-04-01 11:18:55,-114.124,53.5523,826.8,1617.0,-5.9,-17.0,-15.3,41,44,1.22,113,4.4,-4.050221355190738,1.7192169653528047,71119
2026-04-01 11:18:56,-114.124,53.5524,826.3,1622.0,-6.0,-17.1,-15.3,41,44,1.21,112,4.3,-3.9868905746371857,1.6108083516884217,71119
2026-04-01 11:18:57,-114.1241,53.5524,825.8,1627.0,-6.0,-17.1,-15.3,41,44,1.21,112,4.3,-3.9868905746371857,1.6108083516884217,71119
2026-04-01 11:18:58,-114.1242,53.5524,825.3,1632.0,-6.1,-17.1,-15.4,41,44,1.21,111,4.2,-3.9210377912882475,1.5051453880902612,71119
2026-04-01 11:18:59,-114.1242,53.5525,824.8,1637.0,-6.1,-17.2,-15.4,41,44,1.2,110,4.2,-3.9467090073008158,1.4364846019678086,71119
2026-04-01 11:19:00,-114.1243,53.5525,824.2,1642.0,-6.2,-17.2,-15.4,41,44,1.2,110,4.2,-3.9467090073008158,1.4364846019678086,71119
2026-04-01 11:19:01,-114.1244,53.5525,823.6,1647.0,-6.2,-17.2,-15.4,42,44,1.21,109,4.1,-3.876626159957199,1.3348294332743422,71119
2026-04-01 11:19:02,-114.1245,53.5525,823.1,1652.0,-6.3,-17.1,-15.3,42,45,1.21,108,4.1,-3.8993317168101296,1.266969676937284,71119
2026-04-01 11:19:03,-114.1245,53.5525,822.6,1657.0,-6.3,-17.1,-15.4,42,45,1.21,107,4.0,-3.825219023852142,1.1694868188909466,71119
2026-04-01 11:19:04,-114.1246,53.5525,822.1,1662.0,-6.4,-17.2,-15.4,42,45,1.21,106,4.0,-3.8450467837532756,1.1025494232679962,71119
2026-04-01 11:19:05,-114.1246,53.5525,821.6,1667.0,-6.4,-17.2,-15.4,42,45,1.2,105,3.9,-3.767110722527366,1.0093942758998313,71119
2026-04-01 11:19:06,-114.1246,53.5525,821.0,1672.0,-6.5,-17.1,-15.4,43,45,1.21,104,3.9,-3.7841533324763863,0.9434953928387043,71119
2026-04-01 11:19:07,-114.1246,53.5525,820.5,1677.0,-6.5,-17.0,-15.3,43,46,1.23,102,3.9,-3.814775642861842,0.8108555941892615,71119
2026-04-01 11:19:08,-114.1247,53.5525,820.0,1682.0,-6.6,-16.9,-15.2,44,46,1.24,101,3.8,-3.730183297101123,0.7250741824308702,71119
2026-04-01 11:19:09,-114.1247,53.5525,819.4,1688.0,-6.6,-16.9,-15.1,44,47,1.25,100,3.8,-3.7422694614463903,0.6598630751343352,71119
2026-04-01 11:19:10,-114.1248,53.5526,818.8,1693.0,-6.7,-16.8,-15.0,44,47,1.25,98,3.8,-3.7630186612179672,0.5288577836482483,71119
2026-04-01 11:19:11,-114.1249,53.5526,818.3,1698.0,-6.7,-16.8,-15.0,45,48,1.25,97,3.7,-3.672420761072892,0.4509165705990453,71119
2026-04-01 11:19:12,-114.125,53.5526,817.8,1703.0,-6.8,-16.8,-15.1,45,48,1.25,95,3.7,-3.6859203829394587,0.32247624816633547,71119
2026-04-01 11:19:13,-114.1251,53.5526,817.3,1708.0,-6.8,-16.8,-15.1,45,48,1.25,94,3.6,-3.5912305809353673,0.2511233054788512,71119
2026-04-01 11:19:14,-114.1252,53.5526,816.8,1713.0,-6.9,-16.8,-15.1,45,48,1.25,93,3.6,-3.595066325116466,0.18840944247459784,71119
2026-04-01 11:19:15,-114.1252,53.5526,816.3,1718.0,-6.9,-16.8,-15.1,45,48,1.26,91,3.6,-3.599451702563009,0.06282866317422052,71119
2026-04-01 11:19:16,-114.1253,53.5525,815.7,1723.0,-7.0,-16.8,-15.0,45,49,1.26,90,3.5,-3.5,-2.143131898507868e-16,71119
2026-04-01 11:19:17,-114.1253,53.5525,815.2,1728.0,-7.0,-16.8,-15.1,46,49,1.26,89,3.5,-3.4994669330473696,-0.06108342253049259,71119
2026-04-01 11:19:18,-114.1253,53.5525,814.7,1733.0,-7.1,-16.8,-15.1,46,49,1.26,87,3.5,-3.4952033716410082,-0.1831758468503039,71119
2026-04-01 11:19:19,-114.1254,53.5525,814.1,1738.0,-7.1,-16.8,-15.0,46,49,1.26,86,3.5,-3.4914741759093846,-0.2441476581044383,71119
2026-04-01 11:19:20,-114.1254,53.5525,813.6,1743.0,-7.1,-16.8,-15.0,46,50,1.27,85,3.4,-3.3870619735119347,-0.29632952534203766,71119
2026-04-01 11:19:21,-114.1255,53.5525,813.0,1748.0,-7.2,-16.7,-14.9,47,50,1.28,84,3.4,-3.381374444252129,-0.35539677511002177,71119
2026-04-01 11:19:22,-114.1255,53.5525,812.5,1754.0,-7.2,-16.7,-14.9,47,50,1.28,83,3.4,-3.374656915580495,-0.4143557675775015,71119
2026-04-01 11:19:23,-114.1256,53.5525,811.9,1759.0,-7.2,-16.7,-14.9,47,50,1.28,82,3.3,-3.267884626847182,-0.459271233168216,71119
2026-04-01 11:19:24,-114.1256,53.5525,811.4,1764.0,-7.3,-16.7,-14.9,47,50,1.28,81,3.3,-3.2593715239639547,-0.516233734632762,71119
2026-04-01 11:19:25,-114.1257,53.5525,810.9,1769.0,-7.3,-16.7,-14.9,47,51,1.28,81,3.2,-3.160602689904441,-0.500590288128739,71119
2026-04-01 11:19:26,-114.1257,53.5525,810.3,1774.0,-7.4,-16.7,-14.9,47,51,1.28,80,3.2,-3.1513848096390658,-0.5556741685341774,71119
2026-04-01 11:19:27,-114.1257,53.5525,809.8,1780.0,-7.5,-16.7,-14.9,48,51,1.28,79,3.1,-3.0430442686877583,-0.5915078856672893,71119
2026-04-01 11:19:28,-114.1258,53.5525,809.3,1784.0,-7.5,-16.7,-14.9,48,52,1.28,79,3.1,-3.0430442686877583,-0.5915078856672893,71119
2026-04-01 11:19:29,-114.1258,53.5524,808.8,1789.0,-7.5,-16.6,-14.9,48,52,1.29,78,3.0,-2.9344428022014166,-0.6237350724532784,71119
2026-04-01 11:19:30,-114.1259,53.5524,808.3,1794.0,-7.6,-16.6,-14.9,48,52,1.29,78,2.9,-2.836628042128036,-0.6029439033715024,71119
2026-04-01 11:19:31,-114.1259,53.5524,807.8,1799.0,-7.6,-16.6,-14.9,48,52,1.29,77,2.9,-2.825673187877182,-0.6523580575972082,71119
2026-04-01 11:19:32,-114.126,53.5524,807.2,1804.0,-7.7,-16.6,-14.9,49,52,1.29,77,2.8,-2.7282361813986586,-0.6298629521628217,71119
2026-04-01 11:19:33,-114.126,53.5524,806.6,1810.0,-7.7,-16.6,-14.9,49,53,1.29,76,2.7,-2.6197984609451908,-0.6531891181191027,71119
2026-04-01 11:19:34,-114.1261,53.5524,806.1,1815.0,-7.8,-16.6,-14.9,49,53,1.29,76,2.6,-2.5227688883175907,-0.628996928559136,71119
2026-04-01 11:19:35,-114.1261,53.5524,805.6,1820.0,-7.8,-16.6,-14.9,49,53,1.29,76,2.6,-2.5227688883175907,-0.628996928559136,71119
2026-04-01 11:19:36,-114.1261,53.5524,805.0,1825.0,-7.8,-16.6,-14.8,50,53,1.3,75,2.5,-2.4148145657226707,-0.6470476127563018,71119
2026-04-01 11:19:37,-114.1262,53.5524,804.5,1831.0,-7.8,-16.5,-14.8,50,54,1.3,75,2.4,-2.318221983093764,-0.6211657082460498,71119
2026-04-01 11:19:38,-114.1262,53.5524,803.9,1836.0,-7.9,-16.5,-14.8,50,54,1.3,75,2.3,-2.221629400464857,-0.5952838037357977,71119
2026-04-01 11:19:39,-114.1263,53.5524,803.3,1842.0,-7.9,-16.6,-14.8,50,54,1.3,74,2.2,-2.114775731064302,-0.6064021827973982,71119
2026-04-01 11:19:40,-114.1263,53.5524,802.6,1848.0,-7.9,-16.5,-14.8,50,54,1.31,74,2.1,-2.0186495614704696,-0.5788384472156982,71119
2026-04-01 11:19:41,-114.1264,53.5524,802.0,1855.0,-8.0,-16.5,-14.8,50,54,1.31,74,2.0,-1.9225233918766378,-0.5512747116339983,71119
2026-04-01 11:19:42,-114.1264,53.5524,801.4,1860.0,-8.0,-16.5,-14.8,50,54,1.31,75,1.9,-1.8352590699492297,-0.4917561856947894,71119
2026-04-01 11:19:43,-114.1264,53.5524,800.9,1866.0,-8.1,-16.6,-14.8,50,54,1.31,75,1.8,-1.738666487320323,-0.46587428118453733,71119
2026-04-01 11:19:44,-114.1264,53.5524,800.4,1871.0,-8.1,-16.6,-14.8,50,54,1.31,76,1.7,-1.649502734669194,-0.41126722251943504,71119
2026-04-01 11:19:45,-114.1264,53.5523,799.8,1876.0,-8.1,-16.6,-14.8,51,55,1.31,77,1.6,-1.5589921036563765,-0.3599216869501839,71119
2026-04-01 11:19:46,-114.1264,53.5523,799.3,1881.0,-8.1,-16.6,-14.8,51,55,1.31,78,1.5,-1.4672214011007083,-0.3118675362266392,71119
2026-04-01 11:19:47,-114.1265,53.5523,798.8,1886.0,-8.2,-16.6,-14.8,51,55,1.31,81,1.4,-1.3827636768331928,-0.21900825105632327,71119
2026-04-01 11:19:48,-114.1265,53.5523,798.2,1891.0,-8.2,-16.6,-14.9,51,55,1.31,83,1.4,-1.3895646122978507,-0.17061708076720647,71119
2026-04-01 11:19:49,-114.1265,53.5523,797.7,1896.0,-8.2,-16.6,-14.9,51,55,1.31,87,1.3,-1.298218395180946,-0.06803674311582716,71119
2026-04-01 11:19:50,-114.1265,53.5523,797.3,1901.0,-8.2,-16.6,-14.9,51,55,1.31,91,1.2,-1.1998172341876694,0.02094288772474017,71119
2026-04-01 11:19:51,-114.1265,53.5523,796.8,1905.0,-8.1,-16.6,-14.9,50,55,1.31,96,1.2,-1.193426274441928,0.12543415592118426,71119
2026-04-01 11:19:52,-114.1265,53.5524,796.4,1910.0,-8.1,-16.7,-15.0,50,54,1.3,102,1.1,-1.0759623608071864,0.2287028598995353,71119
2026-04-01 11:19:53,-114.1265,53.5524,795.9,1914.0,-8.1,-16.8,-15.0,50,54,1.29,108,1.1,-1.046162167924669,0.3399186938124421,71119
2026-04-01 11:19:54,-114.1265,53.5524,795.4,1919.0,-8.1,-16.8,-15.0,49,54,1.29,115,1.1,-0.9969385657403151,0.4648800879147693,71119
2026-04-01 11:19:55,-114.1264,53.5524,795.0,1923.0,-8.1,-16.9,-15.1,49,53,1.28,122,1.2,-1.0176577153877113,0.6359031170798457,71119
2026-04-01 11:19:56,-114.1264,53.5523,794.5,1927.0,-8.1,-16.9,-15.2,49,53,1.28,128,1.2,-0.9456129043280663,0.73879377039079,71119
2026-04-01 11:19:57,-114.1264,53.5523,794.1,1932.0,-8.1,-17.0,-15.2,49,53,1.28,134,1.3,-0.9351417404402464,0.9030558815966966,71119
2026-04-01 11:19:58,-114.1264,53.5523,793.6,1936.0,-8.1,-16.9,-15.2,49,53,1.28,139,1.4,-0.9184826405867101,1.0565934123118808,71119
2026-04-01 11:19:59,-114.1265,53.5522,793.1,1941.0,-8.2,-16.9,-15.2,49,53,1.28,144,1.5,-0.8816778784387098,1.213525491562421,71119
2026-04-01 11:20:00,-114.1265,53.5522,792.6,1946.0,-8.2,-16.9,-15.2,49,54,1.28,148,1.6,-0.8478708227731281,1.3568769538502816,71119
2026-04-01 11:20:01,-114.1266,53.5522,792.1,1951.0,-8.3,-17.0,-15.2,50,54,1.28,151,1.7,-0.8241763544187731,1.4868535021369726,71119
2026-04-01 11:20:02,-114.1267,53.5523,791.7,1956.0,-8.3,-17.0,-15.2,50,54,1.28,154,1.8,-0.7890680642203391,1.6178292833385006,71119
2026-04-01 11:20:03,-114.1267,53.5523,791.2,1960.0,-8.4,-16.9,-15.2,50,54,1.28,156,1.9,-0.7727996218440207,1.7357363695209413,71119
2026-04-01 11:20:04,-114.1267,53.5524,790.8,1964.0,-8.4,-16.9,-15.2,50,54,1.28,158,2.1,-0.7866738461734157,1.9470860945902535,71119
2026-04-01 11:20:05,-114.1267,53.5524,790.4,1968.0,-8.5,-17.0,-15.2,50,54,1.28,159,2.2,-0.7884094889996606,2.053876938293844,71119
2026-04-01 11:20:06,-114.1267,53.5525,790.0,1972.0,-8.4,-17.0,-15.2,50,54,1.28,161,2.3,-0.7488067552514601,2.1746927238784286,71119
2026-04-01 11:20:07,-114.1267,53.5525,789.6,1976.0,-8.5,-17.1,-15.3,50,54,1.27,162,2.4,-0.741640786499874,2.282535639108368,71119
2026-04-01 11:20:08,-114.1267,53.5526,789.1,1980.0,-8.5,-17.1,-15.3,50,54,1.27,163,2.5,-0.7309292618068415,2.390761889907589,71119
2026-04-01 11:20:09,-114.1267,53.5526,788.7,1984.0,-8.5,-17.1,-15.3,50,54,1.27,164,2.7,-0.744220860705898,2.5954065790334613,71119
2026-04-01 11:20:10,-114.1267,53.5527,788.3,1988.0,-8.6,-17.1,-15.3,50,54,1.27,165,2.8,-0.7246933262870588,2.704592313609391,71119
2026-04-01 11:20:11,-114.1267,53.5527,787.9,1993.0,-8.6,-17.2,-15.4,50,54,1.26,165,2.9,-0.7505752307973109,2.801184896238298,71119
2026-04-01 11:20:12,-114.1267,53.5528,787.4,1997.0,-8.7,-17.2,-15.4,50,55,1.26,165,2.9,-0.7505752307973109,2.801184896238298,71119
2026-04-01 11:20:13,-114.1267,53.5528,786.9,2002.0,-8.7,-17.2,-15.4,50,55,1.26,166,3.0,-0.7257656867990032,2.9108871788279895,71119
2026-04-01 11:20:14,-114.1267,53.5528,786.4,2007.0,-8.8,-17.2,-15.4,50,55,1.26,166,3.1,-0.7499578763589699,3.007916751455589,71119
2026-04-01 11:20:15,-114.1268,53.5528,785.9,2012.0,-8.8,-17.2,-15.4,51,55,1.26,166,3.2,-0.7741500659189368,3.1049463240831887,71119
2026-04-01 11:20:16,-114.1268,53.5528,785.4,2017.0,-8.8,-17.2,-15.4,51,55,1.26,166,3.3,-0.7983422554789035,3.2019758967107883,71119
2026-04-01 11:20:17,-114.1269,53.5528,785.0,2021.0,-8.9,-17.2,-15.4,51,56,1.27,166,3.3,-0.7983422554789035,3.2019758967107883,71119
2026-04-01 11:20:18,-114.1269,53.5528,784.5,2025.0,-8.9,-17.2,-15.4,51,56,1.27,165,3.4,-0.8799847533485714,3.284147809382832,71119
2026-04-01 11:20:19,-114.1269,53.5528,784.1,2030.0,-9.0,-17.2,-15.4,51,56,1.27,165,3.5,-0.9058666578588236,3.380740392011739,71119
2026-04-01 11:20:20,-114.1268,53.5528,783.7,2034.0,-9.0,-17.2,-15.4,52,56,1.27,165,3.6,-0.9317485623690757,3.4773329746406456,71119
2026-04-01 11:20:21,-114.1268,53.5528,783.3,2038.0,-9.1,-17.2,-15.4,52,56,1.27,165,3.6,-0.9317485623690757,3.4773329746406456,71119
2026-04-01 11:20:22,-114.1267,53.5529,782.8,2043.0,-9.1,-17.2,-15.4,52,57,1.27,164,3.7,-1.019858216522897,3.55666827497178,71119
2026-04-01 11:20:23,-114.1267,53.5529,782.3,2048.0,-9.1,-17.2,-15.4,52,57,1.27,164,3.7,-1.019858216522897,3.55666827497178,71119
2026-04-01 11:20:24,-114.1267,53.553,781.8,2052.0,-9.2,-17.2,-15.4,52,57,1.27,163,3.8,-1.111012477946399,3.633958072659535,71119
2026-04-01 11:20:25,-114.1267,53.553,781.4,2057.0,-9.2,-17.2,-15.4,52,57,1.27,163,3.9,-1.1402496484186728,3.7295885482558386,71119
2026-04-01 11:20:26,-114.1267,53.5531,780.9,2062.0,-9.3,-17.2,-15.4,52,57,1.27,163,3.9,-1.1402496484186728,3.7295885482558386,71119
2026-04-01 11:20:27,-114.1268,53.5531,780.4,2066.0,-9.3,-17.2,-15.4,52,57,1.27,162,4.0,-1.23606797749979,3.804226065180614,71119
2026-04-01 11:20:28,-114.1268,53.5532,780.0,2070.0,-9.4,-17.2,-15.4,53,58,1.27,162,4.0,-1.23606797749979,3.804226065180614,71119
2026-04-01 11:20:29,-114.1269,53.5532,779.5,2075.0,-9.4,-17.3,-15.5,53,58,1.27,162,4.1,-1.2669696769372847,3.899331716810129,71119
2026-04-01 11:20:30,-114.127,53.5533,779.1,2079.0,-9.5,-17.3,-15.5,53,58,1.26,162,4.1,-1.2669696769372847,3.899331716810129,71119
2026-04-01 11:20:31,-114.127,53.5533,778.7,2083.0,-9.5,-17.3,-15.5,53,58,1.26,162,4.2,-1.2978713763747796,3.994437368439645,71119
2026-04-01 11:20:32,-114.1271,53.5533,778.3,2088.0,-9.5,-17.4,-15.6,53,58,1.26,162,4.2,-1.2978713763747796,3.994437368439645,71119
2026-04-01 11:20:33,-114.1272,53.5534,777.8,2092.0,-9.6,-17.4,-15.6,53,58,1.26,162,4.3,-1.3287730758122742,4.08954302006916,71119
2026-04-01 11:20:34,-114.1272,53.5534,777.3,2097.0,-9.6,-17.4,-15.6,53,58,1.26,163,4.3,-1.2571983303077674,4.112110450641053,71119
2026-04-01 11:20:35,-114.1272,53.5535,776.7,2103.0,-9.7,-17.4,-15.6,53,59,1.26,163,4.3,-1.2571983303077674,4.112110450641053,71119
2026-04-01 11:20:36,-114.1272,53.5535,776.0,2110.0,-9.7,-17.5,-15.7,53,58,1.25,163,4.3,-1.2571983303077674,4.112110450641053,71119
2026-04-01 11:20:37,-114.1272,53.5535,775.4,2116.0,-9.8,-17.7,-15.8,52,58,1.23,164,4.3,-1.1852406300130967,4.133425292534771,71119
2026-04-01 11:20:38,-114.1272,53.5536,774.7,2123.0,-9.8,-17.9,-16.1,51,56,1.2,165,4.3,-1.1129218939408403,4.153481053042993,71119
2026-04-01 11:20:39,-114.1272,53.5536,774.1,2129.0,-9.8,-18.1,-16.2,51,56,1.19,166,4.3,-1.0402641510785713,4.172271622986784,71119
2026-04-01 11:20:40,-114.1272,53.5536,773.5,2135.0,-9.8,-18.1,-16.2,51,56,1.19,167,4.3,-0.9672895336786204,4.189791278576511,71119
2026-04-01 11:20:41,-114.1273,53.5536,773.0,2140.0,-9.8,-18.1,-16.2,51,56,1.19,167,4.2,-0.9447944282442339,4.092354272097988,71119
2026-04-01 11:20:42,-114.1273,53.5536,772.5,2145.0,-9.9,-18.0,-16.2,51,57,1.2,169,4.2,-0.8013977805814889,4.122834170480188,71119
2026-04-01 11:20:43,-114.1274,53.5537,772.0,2150.0,-10.0,-18.0,-16.1,52,57,1.2,170,4.2,-0.7293223462011071,4.136192562651273,71119
2026-04-01 11:20:44,-114.1274,53.5537,771.5,2155.0,-10.0,-17.9,-16.1,52,58,1.21,171,4.1,-0.641381306664947,4.049522196440064,71119
2026-04-01 11:20:45,-114.1274,53.5538,771.0,2160.0,-10.1,-18.0,-16.1,53,58,1.21,172,4.0,-0.5566924038402613,3.9610722749662814,71119
2026-04-01 11:20:46,-114.1275,53.5539,770.6,2164.0,-10.1,-18.0,-16.1,52,58,1.2,173,4.0,-0.4874773736205902,3.970184606565288,71119
2026-04-01 11:20:47,-114.1274,53.554,770.2,2168.0,-10.1,-18.0,-16.1,53,58,1.2,174,3.9,-0.40766100674384953,3.8786353919362657,71119
2026-04-01 11:20:48,-114.1274,53.554,769.8,2172.0,-10.2,-17.9,-16.1,53,59,1.21,176,3.9,-0.2720502476020895,3.890499796013314,71119
2026-04-01 11:20:49,-114.1274,53.5541,769.4,2176.0,-10.3,-17.8,-16.0,54,59,1.22,177,3.8,-0.19887663372318645,3.7947922320673806,71119
2026-04-01 11:20:50,-114.1273,53.5541,768.9,2181.0,-10.3,-17.9,-16.0,54,60,1.22,178,3.7,-0.12912813779925422,3.6977460599706546,71119
2026-04-01 11:20:51,-114.1272,53.5542,768.4,2186.0,-10.4,-18.0,-16.2,53,59,1.2,179,3.7,-0.06457390381794872,3.6994364720786477,71119
2026-04-01 11:20:52,-114.1272,53.5542,767.9,2191.0,-10.4,-18.2,-16.3,52,58,1.18,180,3.6,-4.4087284769304716e-16,3.6,71119
2026-04-01 11:20:53,-114.1271,53.5542,767.4,2196.0,-10.3,-18.4,-16.5,52,57,1.17,181,3.5,0.06108342253049273,3.4994669330473696,71119
2026-04-01 11:20:54,-114.1271,53.5542,767.0,2200.0,-10.3,-18.5,-16.6,51,57,1.16,182,3.4,0.11865828878850306,3.3979288118649253,71119
2026-04-01 11:20:55,-114.1271,53.5542,766.5,2205.0,-10.4,-18.5,-16.6,51,57,1.16,183,3.4,0.17794225122600812,3.395340418165551,71119
2026-04-01 11:20:56,-114.1271,53.5542,766.1,2209.0,-10.4,-18.5,-16.6,51,57,1.16,183,3.3,0.17270865560171375,3.2954774646900935,71119
2026-04-01 11:20:57,-114.1272,53.5542,765.7,2213.0,-10.4,-18.4,-16.5,52,57,1.17,184,3.2,0.22322071598120088,3.192204960831438,71119
2026-04-01 11:20:58,-114.1272,53.5542,765.2,2218.0,-10.4,-18.4,-16.5,52,57,1.17,184,3.2,0.22322071598120088,3.192204960831438,71119
2026-04-01 11:20:59,-114.1272,53.5542,764.8,2222.0,-10.4,-18.3,-16.4,52,58,1.18,184,3.1,0.21624506860678835,3.092448555805455,71119
2026-04-01 11:21:00,-114.1273,53.5542,764.4,2226.0,-10.4,-18.2,-16.4,53,58,1.19,185,3.0,0.26146722824297386,2.988584094275237,71119
2026-04-01 11:21:01,-114.1273,53.5542,763.9,2231.0,-10.5,-18.1,-16.3,53,59,1.2,185,2.9,0.25275165396820803,2.888964624466062,71119
2026-04-01 11:21:02,-114.1273,53.5543,763.4,2236.0,-10.5,-18.0,-16.1,54,60,1.22,185,2.9,0.25275165396820803,2.888964624466062,71119
2026-04-01 11:21:03,-114.1272,53.5543,762.9,2242.0,-10.5,-17.8,-16.0,55,61,1.23,185,2.8,0.24403607969344224,2.7893451546568873,71119
2026-04-01 11:21:04,-114.1272,53.5543,762.4,2246.0,-10.5,-17.7,-15.8,56,62,1.25,185,2.7,0.23532050541867647,2.6897256848477133,71119
2026-04-01 11:21:05,-114.1271,53.5543,761.9,2251.0,-10.6,-17.6,-15.7,56,63,1.26,185,2.7,0.23532050541867647,2.6897256848477133,71119
2026-04-01 11:21:06,-114.1271,53.5544,761.5,2255.0,-10.6,-17.5,-15.7,57,63,1.27,185,2.6,0.22660493114391067,2.5901062150385386,71119
2026-04-01 11:21:07,-114.1271,53.5545,761.1,2259.0,-10.6,-17.4,-15.6,57,63,1.28,185,2.5,0.21788935686914485,2.4904867452293638,71119
2026-04-01 11:21:08,-114.1271,53.5545,760.7,2263.0,-10.7,-17.4,-15.5,58,64,1.29,185,2.4,0.20917378259437905,2.3908672754201894,71119
2026-04-01 11:21:09,-114.1271,53.5546,760.3,2268.0,-10.7,-17.2,-15.4,59,65,1.3,186,2.4,0.2508683118423684,2.386852548883856,71119
2026-04-01 11:21:10,-114.1272,53.5546,759.9,2272.0,-10.7,-17.1,-15.3,59,66,1.32,186,2.3,0.24041546551560303,2.2874003593470285,71119
2026-04-01 11:21:11,-114.1272,53.5547,759.4,2276.0,-10.8,-17.0,-15.2,60,67,1.33,187,2.2,0.2681125554913241,2.1836015336109087,71119
2026-04-01 11:21:12,-114.1273,53.5547,759.0,2280.0,-10.8,-17.0,-15.2,60,67,1.33,188,2.2,0.30618082211214415,2.178589751231455,71119
2026-04-01 11:21:13,-114.1273,53.5547,758.6,2285.0,-10.8,-16.9,-15.1,61,68,1.34,190,2.1,0.364661173100554,2.0680962813256367,71119
2026-04-01 11:21:14,-114.1273,53.5547,758.2,2289.0,-10.9,-16.7,-15.0,62,69,1.36,192,2.0,0.415823381635519,1.9562952014676112,71119
2026-04-01 11:21:15,-114.1273,53.5547,757.7,2294.0,-10.9,-16.6,-14.8,63,70,1.38,194,2.0,0.483843791199335,1.940591452551993,71119
2026-04-01 11:21:16,-114.1273,53.5547,757.3,2298.0,-10.9,-16.5,-14.8,63,71,1.39,196,1.9,0.5237109760522981,1.8263972222828058,71119
2026-04-01 11:21:17,-114.1273,53.5546,756.8,2302.0,-11.0,-16.5,-14.8,64,71,1.39,199,1.8,0.5860226780228822,1.7019334360787701,71119
2026-04-01 11:21:18,-114.1273,53.5546,756.4,2307.0,-11.0,-16.6,-14.8,64,71,1.38,203,1.8,0.7033160312806924,1.6569087362143926,71119
2026-04-01 11:21:19,-114.1272,53.5546,756.0,2311.0,-11.1,-16.6,-14.8,64,71,1.38,206,1.8,0.7890680642203395,1.6178292833385004,71119
2026-04-01 11:21:20,-114.1272,53.5546,755.6,2315.0,-11.1,-16.6,-14.8,64,71,1.38,210,1.7,0.8500000000000002,1.4722431864335457,71119
2026-04-01 11:21:21,-114.1272,53.5546,755.1,2320.0,-11.1,-16.6,-14.8,64,72,1.39,214,1.7,0.9506279359002693,1.4093638733435712,71119
2026-04-01 11:21:22,-114.1271,53.5546,754.6,2325.0,-11.2,-16.5,-14.8,65,72,1.4,218,1.7,1.046624508053619,1.3396182811314274,71119
2026-04-01 11:21:23,-114.1271,53.5546,754.1,2330.0,-11.2,-16.4,-14.7,66,73,1.41,222,1.7,1.1375220308100589,1.26334620331157,71119
2026-04-01 11:21:24,-114.1271,53.5546,753.6,2335.0,-11.3,-16.2,-14.5,67,74,1.43,226,1.7,1.222877660575707,1.1809192297802953,71119
2026-04-01 11:21:25,-114.1272,53.5547,753.1,2340.0,-11.3,-16.1,-14.4,67,75,1.44,230,1.8,1.3788799976141604,1.157017697435771,71119
2026-04-01 11:21:26,-114.1272,53.5547,752.6,2345.0,-11.4,-16.0,-14.3,68,76,1.45,233,1.8,1.437543918085127,1.083267041673687,71119
2026-04-01 11:21:27,-114.1271,53.5548,752.1,2350.0,-11.4,-15.9,-14.2,69,77,1.47,236,1.9,1.5751713878545794,1.0624665165944185,71119
2026-04-01 11:21:28,-114.1271,53.5548,751.7,2355.0,-11.4,-15.7,-14.1,71,79,1.5,238,1.9,1.6112913826972093,1.0068466020430895,71119
2026-04-01 11:21:29,-114.127,53.5548,751.2,2360.0,-11.5,-15.6,-13.9,72,80,1.51,240,2.0,1.7320508075688767,1.0000000000000009,71119
2026-04-01 11:21:30,-114.127,53.5549,750.8,2364.0,-11.5,-15.5,-13.9,72,81,1.52,242,2.0,1.765895185717854,0.9389431255717815,71119
2026-04-01 11:21:31,-114.1269,53.5549,750.3,2369.0,-11.6,-15.5,-13.8,73,81,1.53,243,2.1,1.8711137007955725,0.9533800494530487,71119
2026-04-01 11:21:32,-114.1268,53.5549,749.9,2374.0,-11.6,-15.3,-13.7,74,83,1.55,244,2.1,1.8874674972282504,0.9205794082570633,71119
2026-04-01 11:21:33,-114.1267,53.5548,749.5,2378.0,-11.6,-15.1,-13.5,75,84,1.58,245,2.2,1.9938771314806303,0.9297601758295382,71119
2026-04-01 11:21:34,-114.1267,53.5548,749.1,2381.0,-11.7,-15.0,-13.4,76,85,1.59,246,2.2,2.0098000068137223,0.8948206147667603,71119
2026-04-01 11:21:35,-114.1267,53.5548,748.7,2385.0,-11.7,-15.0,-13.4,77,86,1.6,246,2.3,2.1011545525779822,0.9354942790743401,71119
2026-04-01 11:21:36,-114.1266,53.5548,748.3,2389.0,-11.7,-14.9,-13.4,77,86,1.6,246,2.3,2.1011545525779822,0.9354942790743401,71119
2026-04-01 11:21:37,-114.1266,53.5547,748.0,2393.0,-11.8,-14.9,-13.3,78,87,1.61,246,2.3,2.1011545525779822,0.9354942790743401,71119
2026-04-01 11:21:38,-114.1266,53.5547,747.5,2397.0,-11.8,-14.8,-13.2,79,88,1.62,245,2.4,2.17513868888796,1.014283828177678,71119
2026-04-01 11:21:39,-114.1266,53.5547,747.1,2402.0,-11.8,-14.7,-13.1,79,89,1.64,245,2.4,2.17513868888796,1.014283828177678,71119
2026-04-01 11:21:40,-114.1266,53.5547,746.7,2406.0,-11.9,-14.6,-13.0,80,90,1.65,244,2.5,2.246985115747917,1.0959278669726944,71119
2026-04-01 11:21:41,-114.1266,53.5547,746.2,2411.0,-11.9,-14.6,-13.0,81,91,1.66,244,2.5,2.246985115747917,1.0959278669726944,71119
2026-04-01 11:21:42,-114.1265,53.5547,745.7,2416.0,-11.9,-14.5,-13.0,81,91,1.67,243,2.6,2.316616962889756,1.1803752993228223,71119
2026-04-01 11:21:43,-114.1265,53.5547,745.1,2422.0,-12.0,-14.4,-12.9,82,92,1.68,243,2.6,2.316616962889756,1.1803752993228223,71119
2026-04-01 11:21:44,-114.1264,53.5548,744.6,2427.0,-12.0,-14.4,-12.9,83,93,1.68,242,2.7,2.383958500719103,1.2675732195219052,71119
2026-04-01 11:21:45,-114.1264,53.5548,744.2,2432.0,-12.1,-14.4,-12.9,83,93,1.69,242,2.7,2.383958500719103,1.2675732195219052,71119
2026-04-01 11:21:46,-114.1263,53.5549,743.8,2436.0,-12.1,-14.4,-12.8,83,94,1.69,241,2.8,2.4489351799903085,1.3574669366897432,71119
2026-04-01 11:21:47,-114.1263,53.5549,743.5,2439.0,-12.2,-14.4,-12.8,84,94,1.69,241,2.9,2.536397150704248,1.4059478987143768,71119
2026-04-01 11:21:48,-114.1262,53.555,743.1,2443.0,-12.2,-14.4,-12.8,84,94,1.69,241,2.9,2.536397150704248,1.4059478987143768,71119
2026-04-01 11:21:49,-114.1262,53.555,742.7,2447.0,-12.2,-14.4,-12.9,84,95,1.69,241,3.0,2.623859121418188,1.4544288607390106,71119
2026-04-01 11:21:50,-114.1262,53.5551,742.3,2451.0,-12.3,-14.4,-12.9,84,94,1.68,240,3.1,2.684678751731759,1.5500000000000014,71119
2026-04-01 11:21:51,-114.1263,53.5551,741.8,2456.0,-12.3,-14.5,-12.9,84,94,1.68,240,3.2,2.771281292110203,1.6000000000000014,71119
2026-04-01 11:21:52,-114.1263,53.5551,741.4,2460.0,-12.3,-14.5,-13.0,84,94,1.67,241,3.3,2.8862450335600065,1.5998717468129116,71119
2026-04-01 11:21:53,-114.1263,53.5551,741.0,2464.0,-12.4,-14.6,-13.0,84,94,1.67,241,3.4,2.973707004273946,1.6483527088375451,71119
2026-04-01 11:21:54,-114.1263,53.555,740.6,2469.0,-12.4,-14.6,-13.1,83,94,1.66,241,3.5,3.061168974987886,1.696833670862179,71119
2026-04-01 11:21:55,-114.1263,53.555,740.2,2473.0,-12.4,-14.6,-13.1,83,94,1.66,241,3.6,3.1486309457018256,1.7453146328868125,71119
2026-04-01 11:21:56,-114.1262,53.555,739.7,2478.0,-12.4,-14.7,-13.1,83,94,1.66,241,3.7,3.2360929164157652,1.7937955949114464,71119
2026-04-01 11:21:57,-114.1261,53.555,739.3,2482.0,-12.4,-14.7,-13.1,83,94,1.66,241,3.8,3.3235548871297045,1.84227655693608,71119
2026-04-01 11:21:58,-114.126,53.555,738.8,2487.0,-12.5,-14.7,-13.1,84,94,1.65,241,3.9,3.411016857843644,1.8907575189607135,71119
2026-04-01 11:21:59,-114.1259,53.555,738.4,2492.0,-12.5,-14.7,-13.1,84,95,1.65,241,4.0,3.498478828557584,1.9392384809853473,71119
2026-04-01 11:22:00,-114.1258,53.5551,738.0,2496.0,-12.6,-14.7,-13.2,84,95,1.65,242,4.1,3.6200851307216,1.9248334074221518,71119
2026-04-01 11:22:01,-114.1257,53.5551,737.6,2500.0,-12.6,-14.7,-13.2,84,95,1.65,242,4.3,3.796674649293386,2.01872771997933,71119
2026-04-01 11:22:02,-114.1256,53.5551,737.2,2503.0,-12.7,-14.8,-13.2,84,95,1.65,242,4.4,3.884969408579279,2.0656748762579196,71119
2026-04-01 11:22:03,-114.1255,53.5552,736.9,2507.0,-12.7,-14.8,-13.2,84,95,1.65,242,4.5,3.9732641678651714,2.1126220325365086,71119
2026-04-01 11:22:04,-114.1254,53.5552,736.4,2512.0,-12.7,-14.8,-13.3,84,95,1.64,242,4.6,4.061558927151064,2.159569188815097,71119
2026-04-01 11:22:05,-114.1253,53.5552,736.0,2517.0,-12.7,-14.9,-13.3,84,95,1.63,242,4.7,4.149853686436957,2.2065163450936867,71119
2026-04-01 11:22:06,-114.1253,53.5552,735.5,2522.0,-12.8,-15.0,-13.4,84,95,1.63,242,4.8,4.2381484457228495,2.2534635013722757,71119
2026-04-01 11:22:07,-114.1252,53.5552,735.0,2527.0,-12.8,-15.0,-13.4,83,94,1.62,242,4.9,4.326443205008743,2.3004106576508647,71119
2026-04-01 11:22:08,-114.1252,53.5552,734.5,2532.0,-12.8,-15.0,-13.4,83,95,1.62,242,5.0,4.414737964294635,2.3473578139294538,71119
2026-04-01 11:22:09,-114.1252,53.5552,734.0,2537.0,-12.9,-15.1,-13.5,84,95,1.62,242,5.1,4.503032723580527,2.394304970208043,71119
2026-04-01 11:22:10,-114.1251,53.5552,733.6,2541.0,-12.9,-15.1,-13.5,84,95,1.61,242,5.2,4.59132748286642,2.441252126486632,71119
2026-04-01 11:22:11,-114.1251,53.5553,733.1,2546.0,-12.9,-15.1,-13.5,84,95,1.61,242,5.2,4.59132748286642,2.441252126486632,71119
2026-04-01 11:22:12,-114.1251,53.5553,732.7,2551.0,-13.0,-15.2,-13.6,84,95,1.61,242,5.3,4.679622242152313,2.488199282765221,71119
2026-04-01 11:22:13,-114.1251,53.5553,732.2,2556.0,-13.0,-15.2,-13.6,84,95,1.6,242,5.3,4.679622242152313,2.488199282765221,71119
2026-04-01 11:22:14,-114.125,53.5554,731.8,2560.0,-13.0,-15.2,-13.6,84,95,1.6,242,5.4,4.767917001438206,2.5351464390438103,71119
2026-04-01 11:22:15,-114.1249,53.5554,731.4,2564.0,-13.1,-15.2,-13.6,84,95,1.6,242,5.4,4.767917001438206,2.5351464390438103,71119
2026-04-01 11:22:16,-114.1248,53.5555,730.9,2569.0,-13.1,-15.3,-13.6,84,96,1.6,243,5.4,4.811435230617186,2.451548698593554,71119
2026-04-01 11:22:17,-114.1246,53.5555,730.5,2573.0,-13.2,-15.3,-13.7,84,96,1.6,243,5.4,4.811435230617186,2.451548698593554,71119
2026-04-01 11:22:18,-114.1245,53.5556,730.1,2578.0,-13.2,-15.3,-13.7,84,96,1.59,243,5.4,4.811435230617186,2.451548698593554,71119
2026-04-01 11:22:19,-114.1244,53.5556,729.7,2582.0,-13.2,-15.4,-13.8,84,95,1.58,244,5.4,4.853487850015501,2.36720419266102,71119
2026-04-01 11:22:20,-114.1242,53.5556,729.4,2585.0,-13.2,-15.5,-13.9,83,94,1.57,244,5.4,4.853487850015501,2.36720419266102,71119
2026-04-01 11:22:21,-114.1241,53.5556,729.0,2590.0,-13.2,-15.6,-14.0,82,93,1.55,245,5.4,4.894062049997911,2.2821386133997756,71119
2026-04-01 11:22:22,-114.124,53.5556,728.5,2594.0,-13.3,-15.7,-14.1,82,93,1.54,246,5.4,4.933145471270046,2.196377872609321,71119
2026-04-01 11:22:23,-114.1239,53.5557,728.0,2599.0,-13.3,-15.8,-14.1,82,93,1.54,247,5.3,4.878675723297933,2.070874980993151,71119
2026-04-01 11:22:24,-114.1238,53.5557,727.6,2604.0,-13.3,-15.7,-14.1,82,93,1.54,248,5.3,4.914074429203972,1.985414945104335,71119
2026-04-01 11:22:25,-114.1238,53.5558,727.1,2609.0,-13.4,-15.7,-14.0,83,94,1.55,249,5.3,4.947976260435168,1.8993501325900937,71119
2026-04-01 11:22:26,-114.1238,53.5558,726.7,2614.0,-13.4,-15.6,-13.9,84,95,1.56,249,5.3,4.947976260435168,1.8993501325900937,71119
2026-04-01 11:22:27,-114.1238,53.5558,726.2,2618.0,-13.5,-15.5,-13.9,85,96,1.57,250,5.2,4.886401628086724,1.7785047452934766,71119
2026-04-01 11:22:28,-114.1237,53.5558,725.8,2623.0,-13.5,-15.5,-13.8,85,97,1.58,251,5.2,4.9166965931164475,1.6929544031772146,71119
2026-04-01 11:22:29,-114.1237,53.5558,725.3,2628.0,-13.5,-15.5,-13.8,85,97,1.58,252,5.2,4.945493884734798,1.6068883707497275,71119
2026-04-01 11:22:30,-114.1237,53.5558,724.9,2632.0,-13.6,-15.4,-13.8,86,98,1.59,253,5.1,4.8771542554114795,1.4910956940859592,71119
2026-04-01 11:22:31,-114.1237,53.5558,724.5,2636.0,-13.6,-15.4,-13.8,86,98,1.59,254,5.1,4.902434649285427,1.4057505146666942,71119
2026-04-01 11:22:32,-114.1236,53.5558,724.2,2640.0,-13.6,-15.4,-13.8,86,99,1.59,255,5.1,4.926221714074248,1.319977130022855,71119
2026-04-01 11:22:33,-114.1235,53.5557,723.8,2644.0,-13.7,-15.4,-13.8,87,99,1.59,256,5.0,4.851478631379982,1.2096094779983388,71119
2026-04-01 11:22:34,-114.1235,53.5557,723.4,2648.0,-13.7,-15.4,-13.8,87,99,1.59,257,5.0,4.871850323926176,1.1247552717193263,71119
2026-04-01 11:22:35,-114.1234,53.5557,723.0,2652.0,-13.8,-15.4,-13.8,87,100,1.59,257,5.0,4.871850323926176,1.1247552717193263,71119
2026-04-01 11:22:36,-114.1232,53.5557,722.6,2656.0,-13.8,-15.4,-13.8,87,100,1.59,258,5.0,4.890738003669028,1.039558454088799,71119
2026-04-01 11:22:37,-114.1231,53.5557,722.2,2660.0,-13.8,-15.5,-13.8,87,100,1.59,258,5.0,4.890738003669028,1.039558454088799,71119
2026-04-01 11:22:38,-114.123,53.5557,721.8,2664.0,-13.9,-15.5,-13.9,88,100,1.59,259,4.9,4.8099731988935535,0.9349640773450687,71119
2026-04-01 11:22:39,-114.1229,53.5557,721.4,2669.0,-13.9,-15.5,-13.9,88,100,1.59,259,4.9,4.8099731988935535,0.9349640773450687,71119
2026-04-01 11:22:40,-114.1228,53.5557,720.9,2674.0,-13.9,-15.5,-13.9,88,100,1.58,259,4.9,4.8099731988935535,0.9349640773450687,71119
2026-04-01 11:22:41,-114.1227,53.5558,720.3,2680.0,-14.0,-15.6,-13.9,88,100,1.58,259,4.9,4.8099731988935535,0.9349640773450687,71119
2026-04-01 11:22:42,-114.1226,53.5558,719.7,2686.0,-14.0,-15.6,-14.0,87,100,1.57,259,4.9,4.8099731988935535,0.9349640773450687,71119
2026-04-01 11:22:43,-114.1225,53.5558,719.1,2693.0,-14.0,-15.7,-14.1,87,100,1.56,259,4.8,4.711810480548787,0.9158831778074141,71119
2026-04-01 11:22:44,-114.1224,53.5558,718.4,2700.0,-14.1,-15.9,-14.2,86,99,1.54,259,4.8,4.711810480548787,0.9158831778074141,71119
2026-04-01 11:22:45,-114.1224,53.5559,717.8,2707.0,-14.1,-16.0,-14.3,85,98,1.52,259,4.8,4.711810480548787,0.9158831778074141,71119
2026-04-01 11:22:46,-114.1224,53.5559,717.3,2712.0,-14.2,-16.2,-14.5,84,97,1.5,259,4.7,4.613647762204021,0.8968022782697597,71119
2026-04-01 11:22:47,-114.1223,53.5559,716.8,2717.0,-14.2,-16.4,-14.6,84,96,1.48,259,4.7,4.613647762204021,0.8968022782697597,71119
2026-04-01 11:22:48,-114.1223,53.5559,716.4,2721.0,-14.2,-16.5,-14.7,83,96,1.47,259,4.7,4.613647762204021,0.8968022782697597,71119
2026-04-01 11:22:49,-114.1223,53.5559,716.1,2725.0,-14.3,-16.5,-14.7,83,96,1.47,258,4.7,4.597293723448886,0.977184946843471,71119
2026-04-01 11:22:50,-114.1222,53.5559,715.7,2729.0,-14.3,-16.4,-14.7,84,96,1.48,258,4.6,4.4994789633755055,0.956393777761695,71119
2026-04-01 11:22:51,-114.1221,53.5558,715.3,2733.0,-14.4,-16.4,-14.7,84,97,1.48,258,4.6,4.4994789633755055,0.956393777761695,71119
2026-04-01 11:22:52,-114.122,53.5559,714.9,2737.0,-14.4,-16.4,-14.7,85,97,1.48,258,4.6,4.4994789633755055,0.956393777761695,71119
2026-04-01 11:22:53,-114.1219,53.5559,714.5,2742.0,-14.5,-16.5,-14.7,85,97,1.48,258,4.6,4.4994789633755055,0.956393777761695,71119
2026-04-01 11:22:54,-114.1218,53.5559,714.1,2746.0,-14.5,-16.6,-14.8,84,97,1.47,257,4.5,4.384665291533558,1.0122797445473937,71119
2026-04-01 11:22:55,-114.1218,53.556,713.7,2750.0,-14.5,-16.6,-14.9,84,97,1.46,257,4.5,4.384665291533558,1.0122797445473937,71119
2026-04-01 11:22:56,-114.1217,53.556,713.3,2754.0,-14.6,-16.7,-15.0,84,96,1.45,257,4.5,4.384665291533558,1.0122797445473937,71119
2026-04-01 11:22:57,-114.1217,53.556,713.0,2758.0,-14.6,-16.8,-15.0,84,96,1.44,257,4.5,4.384665291533558,1.0122797445473937,71119
2026-04-01 11:22:58,-114.1217,53.556,712.6,2762.0,-14.6,-16.8,-15.0,84,97,1.45,257,4.5,4.384665291533558,1.0122797445473937,71119
2026-04-01 11:22:59,-114.1217,53.556,712.2,2766.0,-14.7,-16.7,-15.0,84,97,1.45,256,4.4,4.269301195614385,1.0644563406385383,71119
2026-04-01 11:23:00,-114.1216,53.556,711.9,2770.0,-14.7,-16.7,-15.0,85,98,1.45,256,4.4,4.269301195614385,1.0644563406385383,71119
2026-04-01 11:23:01,-114.1216,53.556,711.5,2774.0,-14.8,-16.7,-15.0,85,98,1.45,256,4.4,4.269301195614385,1.0644563406385383,71119
2026-04-01 11:23:02,-114.1215,53.556,711.1,2778.0,-14.8,-16.8,-15.0,85,98,1.45,256,4.4,4.269301195614385,1.0644563406385383,71119
2026-04-01 11:23:03,-114.1214,53.556,710.7,2782.0,-14.8,-16.8,-15.0,85,99,1.45,255,4.4,4.250073635671901,1.1388037984510908,71119
2026-04-01 11:23:04,-114.1213,53.556,710.3,2786.0,-14.9,-16.8,-15.0,86,99,1.45,255,4.5,4.346666218300808,1.1646857029613429,71119
2026-04-01 11:23:05,-114.1211,53.556,709.9,2790.0,-14.9,-16.8,-15.0,86,99,1.45,255,4.5,4.346666218300808,1.1646857029613429,71119
2026-04-01 11:23:06,-114.121,53.556,709.6,2794.0,-15.0,-16.7,-15.0,86,100,1.45,254,4.5,4.325677631722436,1.2403681011764949,71119
2026-04-01 11:23:07,-114.1209,53.556,709.2,2798.0,-15.0,-16.8,-15.0,87,100,1.45,254,4.5,4.325677631722436,1.2403681011764949,71119
2026-04-01 11:23:08,-114.1208,53.556,708.7,2803.0,-15.0,-16.8,-15.0,86,100,1.45,254,4.6,4.421803801316267,1.2679318367581949,71119
2026-04-01 11:23:09,-114.1208,53.556,708.2,2809.0,-15.1,-16.8,-15.1,86,100,1.44,254,4.6,4.421803801316267,1.2679318367581949,71119
2026-04-01 11:23:10,-114.1207,53.556,707.7,2814.0,-15.1,-16.9,-15.1,86,100,1.44,253,4.7,4.494632353026266,1.3741470121968644,71119
2026-04-01 11:23:11,-114.1207,53.556,707.1,2820.0,-15.2,-17.0,-15.2,86,100,1.43,253,4.7,4.494632353026266,1.3741470121968644,71119
2026-04-01 11:23:12,-114.1207,53.556,706.6,2825.0,-15.2,-17.0,-15.2,86,100,1.43,253,4.7,4.494632353026266,1.3741470121968644,71119
2026-04-01 11:23:13,-114.1207,53.556,706.2,2830.0,-15.3,-17.0,-15.2,87,100,1.43,253,4.8,4.59026282862257,1.403384182669138,71119
2026-04-01 11:23:14,-114.1207,53.5561,705.8,2835.0,-15.3,-17.0,-15.3,87,101,1.43,253,4.8,4.59026282862257,1.403384182669138,71119
2026-04-01 11:23:15,-114.1207,53.5561,705.4,2839.0,-15.4,-17.1,-15.3,87,101,1.42,252,4.9,4.660176929846252,1.5141832724372433,71119
2026-04-01 11:23:16,-114.1206,53.5562,705.0,2843.0,-15.4,-17.2,-15.4,86,100,1.41,252,4.9,4.660176929846252,1.5141832724372433,71119
2026-04-01 11:23:17,-114.1206,53.5562,704.6,2847.0,-15.4,-17.3,-15.5,86,100,1.4,252,4.9,4.660176929846252,1.5141832724372433,71119
2026-04-01 11:23:18,-114.1204,53.5563,704.2,2851.0,-15.5,-17.4,-15.6,85,99,1.39,252,5.0,4.755282581475767,1.5450849718747377,71119
2026-04-01 11:23:19,-114.1203,53.5563,703.9,2855.0,-15.5,-17.4,-15.6,85,99,1.38,252,5.0,4.755282581475767,1.5450849718747377,71119
2026-04-01 11:23:20,-114.1202,53.5563,703.5,2859.0,-15.5,-17.5,-15.7,85,99,1.38,252,5.0,4.755282581475767,1.5450849718747377,71119
2026-04-01 11:23:21,-114.1201,53.5564,703.2,2862.0,-15.6,-17.5,-15.7,85,99,1.37,252,5.1,4.850388233105282,1.5759866713122324,71119
2026-04-01 11:23:22,-114.1199,53.5563,702.8,2866.0,-15.6,-17.6,-15.8,85,99,1.37,252,5.1,4.850388233105282,1.5759866713122324,71119
2026-04-01 11:23:23,-114.1198,53.5563,702.5,2870.0,-15.6,-17.6,-15.8,85,99,1.36,251,5.1,4.822144735556516,1.6603975877314987,71119
2026-04-01 11:23:24,-114.1197,53.5563,702.1,2874.0,-15.7,-17.7,-15.8,85,98,1.36,251,5.1,4.822144735556516,1.6603975877314987,71119
2026-04-01 11:23:25,-114.1197,53.5563,701.7,2878.0,-15.7,-17.7,-15.9,84,98,1.35,251,5.1,4.822144735556516,1.6603975877314987,71119
2026-04-01 11:23:26,-114.1196,53.5563,701.4,2882.0,-15.7,-17.7,-15.9,84,98,1.35,250,5.1,4.792432366008133,1.7443027309609094,71119
2026-04-01 11:23:27,-114.1196,53.5563,701.1,2885.0,-15.8,-17.8,-15.9,85,99,1.35,250,5.1,4.792432366008133,1.7443027309609094,71119
2026-04-01 11:23:28,-114.1195,53.5563,700.7,2889.0,-15.8,-17.8,-15.9,85,99,1.35,249,5.1,4.761260175135727,1.8276765426810335,71119
2026-04-01 11:23:29,-114.1195,53.5563,700.3,2893.0,-15.8,-17.7,-15.9,85,99,1.35,248,5.1,4.728637658290615,1.9104936264211525,71119
2026-04-01 11:23:29,-114.1195,53.5563,700.0,2897.0,-15.8,-17.7,-15.9,85,99,1.35,248,5.1,4.728637658290615,1.9104936264211525,71119
2026-04-01 11:23:30,-114.1194,53.5563,699.9,2898.0,-15.8,-17.7,-15.9,85,99,1.35,247,5.1,4.694574752607445,1.9927287552952964,71119
2026-04-01 11:23:31,-114.1194,53.5563,699.4,2903.0,-15.9,-17.8,-15.9,85,100,1.35,246,5.0,4.567727288213005,2.0336832153790003,71119
2026-04-01 11:23:32,-114.1193,53.5563,698.9,2909.0,-15.9,-17.8,-15.9,86,100,1.35,245,5.0,4.53153893518325,2.113091308703496,71119
2026-04-01 11:23:33,-114.1191,53.5563,698.3,2914.0,-16.0,-17.8,-16.0,86,100,1.35,244,5.0,4.493970231495834,2.191855733945389,71119
2026-04-01 11:23:34,-114.119,53.5564,697.8,2920.0,-16.0,-17.9,-16.0,86,100,1.35,242,5.0,4.414737964294635,2.3473578139294538,71119
2026-04-01 11:23:35,-114.1189,53.5564,697.2,2926.0,-16.1,-17.9,-16.1,85,100,1.34,241,5.0,4.37309853569698,2.4240481012316843,71119
2026-04-01 11:23:36,-114.1188,53.5564,696.7,2932.0,-16.1,-18.0,-16.1,85,100,1.33,239,5.0,4.285836503510561,2.5751903745502718,71119
2026-04-01 11:23:37,-114.1187,53.5565,696.2,2937.0,-16.2,-18.1,-16.2,85,99,1.32,237,5.0,4.193352839727121,2.723195175075135,71119
2026-04-01 11:23:38,-114.1187,53.5565,695.8,2942.0,-16.2,-18.2,-16.3,85,99,1.31,236,5.0,4.1451878627752095,2.795964517353733,71119
2026-04-01 11:23:39,-114.1187,53.5565,695.3,2947.0,-16.2,-18.2,-16.3,85,99,1.31,234,5.1,4.125986671312231,2.9977047866916133,71119
2026-04-01 11:23:40,-114.1186,53.5565,694.9,2952.0,-16.3,-18.2,-16.3,85,100,1.31,232,5.1,4.018854843394283,3.1398735241608557,71119
2026-04-01 11:23:41,-114.1186,53.5565,694.5,2956.0,-16.3,-18.2,-16.3,85,100,1.31,231,5.2,4.041158999576247,3.272466033459157,71119
2026-04-01 11:23:42,-114.1186,53.5565,694.1,2961.0,-16.4,-18.2,-16.3,86,100,1.31,230,5.3,4.060035548530583,3.406774331338659,71119
2026-04-01 11:23:43,-114.1186,53.5565,693.6,2965.0,-16.4,-18.2,-16.3,86,101,1.31,229,5.3,3.9999607751806914,3.4771128536496883,71119
2026-04-01 11:23:44,-114.1186,53.5566,693.2,2970.0,-16.4,-18.2,-16.4,86,101,1.31,228,5.4,4.01298205757793,3.613305274337834,71119
2026-04-01 11:23:45,-114.1186,53.5567,692.7,2975.0,-16.5,-18.3,-16.4,86,101,1.31,227,5.5,4.022445358905437,3.750990980343742,71119
2026-04-01 11:23:46,-114.1185,53.5567,692.3,2980.0,-16.5,-18.3,-16.4,86,101,1.31,226,5.6,4.028302881896447,3.8900868745703843,71119
2026-04-01 11:23:47,-114.1184,53.5568,692.0,2984.0,-16.6,-18.3,-16.4,86,102,1.31,226,5.7,4.100236861930312,3.9595527116162845,71119
2026-04-01 11:23:48,-114.1184,53.5569,691.6,2987.0,-16.6,-18.3,-16.4,87,102,1.31,226,5.8,4.172170841964177,4.029018548662184,71119
2026-04-01 11:23:49,-114.1183,53.557,691.3,2990.0,-16.6,-18.3,-16.4,86,102,1.3,226,6.0,4.316038802031907,4.1679502227539835,71119
2026-04-01 11:23:50,-114.1182,53.557,691.0,2994.0,-16.6,-18.4,-16.5,86,101,1.3,226,6.1,4.387972782065772,4.237416059799883,71119
2026-04-01 11:23:51,-114.1182,53.5571,690.7,2998.0,-16.7,-18.5,-16.5,86,101,1.29,227,6.2,4.534392950038856,4.228389832387491,71119
2026-04-01 11:23:52,-114.1181,53.5571,690.3,3002.0,-16.7,-18.5,-16.6,86,101,1.29,228,6.3,4.681812400507584,4.215522820060806,71119
2026-04-01 11:23:53,-114.1181,53.5572,689.9,3006.0,-16.7,-18.5,-16.6,86,101,1.28,228,6.4,4.756126883055324,4.282435880696692,71119
2026-04-01 11:23:54,-114.1181,53.5572,689.4,3011.0,-16.8,-18.6,-16.7,86,101,1.28,230,6.5,4.979288880273357,4.178119462962506,71119
2026-04-01 11:23:55,-114.118,53.5573,689.0,3016.0,-16.8,-18.7,-16.7,86,101,1.27,231,6.6,5.129163345616005,4.153514580928929,71119
2026-04-01 11:23:56,-114.118,53.5573,688.5,3022.0,-16.9,-18.8,-16.8,85,100,1.26,232,6.7,5.279672049165038,4.124931884681909,71119
2026-04-01 11:23:57,-114.1179,53.5573,688.0,3027.0,-16.9,-19.0,-17.0,84,99,1.24,233,6.8,5.430721468321591,4.0923421574339285,71119
2026-04-01 11:23:58,-114.1179,53.5573,687.5,3032.0,-16.9,-19.2,-17.3,82,97,1.21,235,6.9,5.6521491055940425,3.95767741082222,71119
2026-04-01 11:23:59,-114.1177,53.5573,687.1,3036.0,-16.9,-19.6,-17.6,80,94,1.17,236,7.0,5.803263007885293,3.914350324295226,71119
2026-04-01 11:24:00,-114.1176,53.5573,686.7,3041.0,-16.9,-20.1,-18.0,76,90,1.13,238,7.1,6.0211414827106235,3.7624267760557553,71119
2026-04-01 11:24:01,-114.1174,53.5573,686.3,3045.0,-16.9,-20.5,-18.4,73,86,1.09,240,7.2,6.235382907247956,3.600000000000003,71119
2026-04-01 11:24:02,-114.1173,53.5573,686.0,3049.0,-16.8,-20.9,-18.8,71,83,1.05,241,7.3,6.384723862117591,3.539110227798259,71119
2026-04-01 11:24:03,-114.1171,53.5574,685.6,3053.0,-16.8,-21.2,-19.0,69,81,1.03,243,7.4,6.593448278993922,3.359529698072648,71119
2026-04-01 11:24:04,-114.117,53.5574,685.3,3057.0,-16.8,-21.4,-19.2,67,79,1.01,245,7.4,6.706677624071211,3.1273751368811737,71119
2026-04-01 11:24:05,-114.1168,53.5575,684.9,3060.0,-16.8,-21.5,-19.4,66,78,1.0,247,7.5,6.903786400893302,2.9304834636695536,71119
2026-04-01 11:24:06,-114.1167,53.5576,684.6,3064.0,-16.8,-21.7,-19.5,66,77,0.99,248,7.6,7.046597294707583,2.8470101099609333,71119
2026-04-01 11:24:07,-114.1166,53.5576,684.2,3068.0,-16.7,-21.8,-19.6,65,76,0.97,250,7.6,7.141663917972903,2.599353089275081,71119
2026-04-01 11:24:08,-114.1165,53.5577,683.9,3072.0,-16.7,-21.9,-19.7,64,75,0.97,252,7.7,7.323135175472682,2.379430856687096,71119
2026-04-01 11:24:09,-114.1164,53.5577,683.5,3076.0,-16.7,-22.0,-19.8,64,75,0.96,253,7.8,7.4591770965116755,2.280499296837349,71119
2026-04-01 11:24:10,-114.1163,53.5578,683.1,3081.0,-16.8,-22.0,-19.7,64,75,0.97,255,7.8,7.534221445054732,2.018788551799661,71119
2026-04-01 11:24:11,-114.1161,53.5578,682.6,3086.0,-16.8,-21.9,-19.7,64,76,0.97,256,7.9,7.665336237580372,1.9111829752373757,71119
2026-04-01 11:24:12,-114.116,53.5578,682.1,3092.0,-16.8,-22.0,-19.8,64,76,0.97,258,7.9,7.727366045797065,1.6425023574603024,71119
2026-04-01 11:24:13,-114.1159,53.5578,681.6,3097.0,-16.8,-22.0,-19.8,64,76,0.96,259,8.0,7.853017467581312,1.5264719630123569,71119
2026-04-01 11:24:14,-114.1157,53.5578,681.2,3102.0,-16.8,-22.0,-19.8,64,76,0.96,260,8.1,7.976942799398884,1.4065502391021356,71119
2026-04-01 11:24:15,-114.1156,53.5578,680.8,3106.0,-16.9,-22.0,-19.8,64,76,0.96,261,8.1,8.000275558820615,1.2671191668258712,71119
2026-04-01 11:24:16,-114.1155,53.5577,680.4,3110.0,-16.9,-22.1,-19.8,64,76,0.96,262,8.2,8.120198163680875,1.1412194278725396,71119
2026-04-01 11:24:17,-114.1154,53.5577,680.1,3114.0,-16.9,-22.1,-19.9,64,76,0.96,263,8.3,8.238133058622974,1.0115155502627216,71119
2026-04-01 11:24:18,-114.1153,53.5577,679.8,3117.0,-16.9,-22.1,-19.9,64,76,0.96,264,8.3,8.25453173155667,0.8675862451215229,71119
2026-04-01 11:24:19,-114.1152,53.5577,679.4,3121.0,-17.0,-22.1,-19.9,64,76,0.96,265,8.4,8.368035463970664,0.7321082390803293,71119
2026-04-01 11:24:20,-114.1151,53.5576,679.1,3125.0,-17.0,-22.2,-19.9,64,76,0.95,265,8.5,8.467654933779837,0.7408238133550951,71119
2026-04-01 11:24:21,-114.1151,53.5576,678.7,3129.0,-17.0,-22.2,-19.9,64,76,0.95,266,8.5,8.479294427208506,0.5929300268250675,71119
2026-04-01 11:24:22,-114.115,53.5576,678.3,3133.0,-17.0,-22.2,-20.0,64,75,0.95,266,8.6,8.579050832234488,0.5999056741994799,71119
2026-04-01 11:24:23,-114.1149,53.5576,677.9,3138.0,-17.0,-22.2,-20.0,64,75,0.95,267,8.7,8.688076952364792,0.45532281931361546,71119
2026-04-01 11:24:24,-114.1147,53.5576,677.4,3143.0,-17.0,-22.3,-20.0,64,75,0.95,267,8.7,8.688076952364792,0.45532281931361546,71119
2026-04-01 11:24:25,-114.1146,53.5576,677.0,3148.0,-17.0,-22.3,-20.0,64,75,0.95,267,8.8,8.78793990584025,0.46055641493790994,71119
2026-04-01 11:24:26,-114.1144,53.5576,676.6,3152.0,-17.0,-22.2,-20.0,64,76,0.95,267,8.9,8.887802859315707,0.46579001056220437,71119
2026-04-01 11:24:27,-114.1142,53.5576,676.2,3157.0,-17.0,-22.2,-19.9,64,76,0.96,268,8.9,8.894578360469952,0.3106055206522568,71119
2026-04-01 11:24:28,-114.114,53.5576,675.9,3160.0,-17.1,-22.1,-19.8,65,77,0.97,268,9.0,8.994517443171862,0.31409547032250684,71119
2026-04-01 11:24:29,-114.1139,53.5576,675.5,3164.0,-17.1,-22.0,-19.8,66,78,0.98,268,9.0,8.994517443171862,0.31409547032250684,71119
2026-04-01 11:24:30,-114.1137,53.5577,675.2,3168.0,-17.1,-21.9,-19.7,66,78,0.99,268,9.0,8.994517443171862,0.31409547032250684,71119
2026-04-01 11:24:31,-114.1135,53.5577,674.8,3172.0,-17.1,-21.8,-19.6,67,79,0.99,268,9.0,8.994517443171862,0.31409547032250684,71119
2026-04-01 11:24:32,-114.1134,53.5577,674.5,3176.0,-17.1,-21.7,-19.5,67,79,1.0,268,9.1,9.09445652587377,0.3175854199927569,71119
2026-04-01 11:24:33,-114.1133,53.5577,674.1,3180.0,-17.1,-21.7,-19.5,67,80,1.0,269,9.1,9.09861402592316,0.15881689857927983,71119
2026-04-01 11:24:34,-114.1131,53.5578,673.8,3184.0,-17.1,-21.7,-19.5,68,80,1.0,269,9.1,9.09861402592316,0.15881689857927983,71119
2026-04-01 11:24:35,-114.113,53.5578,673.4,3187.0,-17.1,-21.7,-19.5,68,80,1.0,269,9.0,8.998629256407522,0.15707165793555147,71119
2026-04-01 11:24:36,-114.1129,53.5578,673.1,3192.0,-17.2,-21.7,-19.5,68,80,1.0,269,9.0,8.998629256407522,0.15707165793555147,71119
2026-04-01 11:24:37,-114.1127,53.5578,672.7,3196.0,-17.2,-21.6,-19.4,68,81,1.01,270,9.0,9.0,1.6532731788489267e-15,71119
2026-04-01 11:24:38,-114.1126,53.5578,672.2,3201.0,-17.2,-21.6,-19.4,68,81,1.01,270,8.9,8.9,1.6349034768617164e-15,71119
2026-04-01 11:24:39,-114.1124,53.5578,671.8,3205.0,-17.2,-21.6,-19.4,69,81,1.01,271,8.9,8.898644486891882,-0.15532641729181987,71119
2026-04-01 11:24:40,-114.1122,53.5578,671.4,3210.0,-17.3,-21.7,-19.5,68,81,1.01,271,8.9,8.898644486891882,-0.15532641729181987,71119
2026-04-01 11:24:41,-114.112,53.5578,670.9,3215.0,-17.3,-21.7,-19.6,68,81,1.0,272,8.8,8.794639277768043,-0.3071155709820113,71119
2026-04-01 11:24:42,-114.1119,53.5578,670.5,3220.0,-17.3,-21.8,-19.6,68,80,0.99,273,8.8,8.78793990584025,-0.4605564149379068,71119
2026-04-01 11:24:43,-114.1117,53.5578,670.0,3226.0,-17.4,-21.9,-19.7,68,80,0.99,274,8.8,8.778563642286455,-0.613856968948302,71119
2026-04-01 11:24:44,-114.1116,53.5577,669.5,3231.0,-17.4,-21.9,-19.7,68,80,0.99,275,8.7,8.666893873398186,-0.7582549619046236,71119
2026-04-01 11:24:45,-114.1115,53.5577,669.1,3236.0,-17.4,-22.0,-19.8,68,80,0.98,276,8.7,8.652340489703978,-0.9093976304285809,71119
2026-04-01 11:24:46,-114.1114,53.5577,668.6,3241.0,-17.5,-22.0,-19.8,68,80,0.98,276,8.7,8.652340489703978,-0.9093976304285809,71119
2026-04-01 11:24:47,-114.1113,53.5576,668.1,3246.0,-17.5,-22.0,-19.8,68,81,0.98,277,8.7,8.6351515192795,-1.0602632876247848,71119
2026-04-01 11:24:48,-114.1112,53.5576,667.7,3252.0,-17.6,-22.0,-19.8,68,81,0.98,278,8.8,8.71435900492582,-1.2247232884485761,71119
2026-04-01 11:24:49,-114.1112,53.5576,667.2,3257.0,-17.6,-22.0,-19.8,68,81,0.98,279,8.8,8.691657397237213,-1.37662329235403,71119
2026-04-01 11:24:50,-114.1111,53.5576,666.8,3261.0,-17.6,-22.0,-19.8,68,81,0.98,280,8.9,8.764789001808653,-1.5454687812356769,71119
2026-04-01 11:24:51,-114.1111,53.5576,666.5,3265.0,-17.7,-22.1,-19.9,68,81,0.98,281,9.0,8.834644651028976,-1.717280958388906,71119
2026-04-01 11:24:52,-114.111,53.5576,666.2,3269.0,-17.7,-22.1,-19.9,68,81,0.98,282,9.1,8.901143166677631,-1.891996386441611,71119
2026-04-01 11:24:53,-114.1109,53.5576,665.8,3272.0,-17.7,-22.1,-19.9,68,81,0.97,283,9.2,8.964204596024164,-2.069549699963557,71119
2026-04-01 11:24:54,-114.1108,53.5576,665.4,3277.0,-17.7,-22.1,-19.9,68,81,0.98,283,9.4,9.159078608981211,-2.11453991083233,71119
2026-04-01 11:24:55,-114.1107,53.5576,664.9,3283.0,-17.7,-22.1,-19.9,68,81,0.98,284,9.5,9.217809399621968,-2.2982580081968407,71119
2026-04-01 11:24:56,-114.1105,53.5576,664.4,3289.0,-17.7,-22.2,-20.0,68,81,0.97,285,9.7,9.369480515003962,-2.5105447374944467,71119
2026-04-01 11:24:57,-114.1104,53.5576,663.9,3294.0,-17.8,-22.2,-20.0,68,81,0.97,285,9.9,9.562665680261778,-2.562308546514951,71119
2026-04-01 11:24:58,-114.1102,53.5575,663.5,3299.0,-17.8,-22.3,-20.0,68,81,0.97,285,10.1,9.755850845519591,-2.614072355535455,71119
2026-04-01 11:24:59,-114.11,53.5575,663.1,3303.0,-17.8,-22.3,-20.1,68,80,0.96,286,10.3,9.900995468164684,-2.839064764915094,71119
2026-04-01 11:25:00,-114.1098,53.5574,662.8,3306.0,-17.8,-22.4,-20.1,67,80,0.96,286,10.5,10.093247807352347,-2.8941922360784935,71119
2026-04-01 11:25:01,-114.1096,53.5573,662.5,3310.0,-17.8,-22.5,-20.2,67,79,0.95,286,10.7,10.285500146540011,-2.949319707241893,71119
2026-04-01 11:25:02,-114.1094,53.5573,662.2,3313.0,-17.8,-22.5,-20.3,66,79,0.95,286,10.9,10.477752485727676,-3.0044471784052935,71119
2026-04-01 11:25:03,-114.1092,53.5573,661.9,3317.0,-17.8,-22.7,-20.4,66,78,0.94,286,11.2,10.76613099450917,-3.087138385150393,71119
2026-04-01 11:25:04,-114.109,53.5572,661.6,3321.0,-17.8,-22.8,-20.5,65,77,0.93,286,11.4,10.958383333696835,-3.1422658563137933,71119
2026-04-01 11:25:05,-114.1089,53.5572,661.2,3324.0,-17.8,-22.9,-20.6,65,77,0.92,287,11.6,11.09313516917121,-3.391511774783746,71119
2026-04-01 11:25:06,-114.1087,53.5572,660.9,3328.0,-17.9,-22.9,-20.6,65,77,0.92,287,11.7,11.188765644767514,-3.4207489452560194,71119
2026-04-01 11:25:07,-114.1085,53.5572,660.6,3331.0,-17.9,-23.0,-20.7,64,77,0.91,286,11.9,11.439014181665994,-3.2800845342222926,71119
2026-04-01 11:25:08,-114.1083,53.5571,660.3,3335.0,-17.9,-23.0,-20.7,64,77,0.91,286,12.1,11.631266520853657,-3.3352120053856926,71119
2026-04-01 11:25:09,-114.1081,53.5571,659.9,3339.0,-17.9,-23.1,-20.8,64,76,0.91,286,12.2,11.727392690447488,-3.3627757409673924,71119
2026-04-01 11:25:10,-114.1079,53.5571,659.5,3343.0,-17.9,-23.1,-20.8,64,76,0.9,286,12.3,11.823518860041322,-3.3903394765490926,71119
2026-04-01 11:25:11,-114.1078,53.5571,659.2,3348.0,-17.9,-23.1,-20.8,64,76,0.9,286,12.4,11.919645029635154,-3.4179032121307924,71119
2026-04-01 11:25:12,-114.1076,53.5571,658.8,3352.0,-18.0,-23.1,-20.8,64,76,0.9,286,12.5,12.015771199228984,-3.445466947712492,71119
2026-04-01 11:25:13,-114.1074,53.557,658.4,3356.0,-18.0,-23.2,-20.8,64,76,0.9,286,12.5,12.015771199228984,-3.445466947712492,71119
2026-04-01 11:25:14,-114.1072,53.557,658.0,3361.0,-18.0,-23.1,-20.8,64,76,0.9,286,12.6,12.111897368822817,-3.473030683294192,71119
2026-04-01 11:25:15,-114.107,53.5569,657.7,3365.0,-18.0,-23.1,-20.8,65,77,0.91,285,12.6,12.170665411242261,-3.2611199682917555,71119
2026-04-01 11:25:16,-114.1068,53.5569,657.3,3369.0,-18.0,-23.0,-20.7,65,78,0.92,285,12.5,12.074072828613355,-3.2352380637815035,71119
2026-04-01 11:25:17,-114.1066,53.5568,657.0,3373.0,-18.1,-22.9,-20.6,66,78,0.92,285,12.5,12.074072828613355,-3.2352380637815035,71119
2026-04-01 11:25:18,-114.1064,53.5568,656.6,3377.0,-18.1,-22.8,-20.5,67,79,0.93,285,12.5,12.074072828613355,-3.2352380637815035,71119
2026-04-01 11:25:19,-114.1062,53.5567,656.2,3381.0,-18.1,-22.7,-20.4,68,81,0.94,284,12.4,12.031667005822358,-2.9998315054358766,71119
2026-04-01 11:25:20,-114.106,53.5567,655.9,3385.0,-18.1,-22.5,-20.3,68,82,0.96,284,12.3,11.934637433194759,-2.97563931587591,71119
2026-04-01 11:25:21,-114.1058,53.5566,655.5,3389.0,-18.2,-22.5,-20.3,69,82,0.96,284,12.2,11.837607860567157,-2.951447126315943,71119
2026-04-01 11:25:22,-114.1056,53.5566,655.1,3393.0,-18.2,-22.5,-20.3,69,82,0.96,283,12.1,11.789877783901346,-2.7219077575607655,71119
2026-04-01 11:25:23,-114.1054,53.5566,654.8,3398.0,-18.2,-22.6,-20.3,69,82,0.96,283,12.0,11.692440777422823,-2.6994126521263793,71119
2026-04-01 11:25:24,-114.1052,53.5566,654.4,3402.0,-18.3,-22.5,-20.2,69,83,0.96,282,11.9,11.639956448732287,-2.4741491207313375,71119
2026-04-01 11:25:25,-114.105,53.5566,654.0,3406.0,-18.3,-22.4,-20.1,70,84,0.97,282,11.8,11.542141688658907,-2.453357951649562,71119
2026-04-01 11:25:26,-114.1048,53.5566,653.6,3411.0,-18.3,-22.3,-20.1,71,85,0.98,282,11.7,11.444326928585525,-2.4325667825677852,71119
2026-04-01 11:25:27,-114.1046,53.5566,653.2,3415.0,-18.4,-22.3,-20.1,71,85,0.98,281,11.6,11.3868753279929,-2.2133843463679232,71119
2026-04-01 11:25:28,-114.1044,53.5566,652.8,3420.0,-18.4,-22.3,-20.0,72,86,0.98,281,11.5,11.288712609648135,-2.194303446830269,71119
2026-04-01 11:25:29,-114.1043,53.5566,652.4,3424.0,-18.4,-22.3,-20.0,72,86,0.98,281,11.4,11.190549891303368,-2.175222547292614,71119
2026-04-01 11:25:30,-114.1042,53.5566,652.1,3428.0,-18.5,-22.3,-20.1,72,86,0.98,280,11.4,11.226808384339172,-1.9795892254030016,71119
2026-04-01 11:25:31,-114.1041,53.5566,651.7,3433.0,-18.5,-22.3,-20.1,72,86,0.98,280,11.3,11.128327609037953,-1.962224407636309,71119
2026-04-01 11:25:32,-114.104,53.5565,651.4,3437.0,-18.5,-22.4,-20.1,72,86,0.98,280,11.2,11.02984683373673,-1.9448595898696155,71119
2026-04-01 11:25:33,-114.1039,53.5565,651.0,3440.0,-18.6,-22.4,-20.1,72,86,0.98,280,11.2,11.02984683373673,-1.9448595898696155,71119
2026-04-01 11:25:34,-114.1038,53.5565,650.7,3444.0,-18.6,-22.4,-20.1,72,87,0.98,280,11.1,10.93136605843551,-1.9274947721029225,71119
2026-04-01 11:25:35,-114.1037,53.5565,650.3,3449.0,-18.6,-22.4,-20.1,72,87,0.98,279,11.1,10.96334058060603,-1.7364225619465605,71119
2026-04-01 11:25:36,-114.1036,53.5564,649.9,3453.0,-18.7,-22.4,-20.1,73,87,0.98,279,11.0,10.864571746546515,-1.7207791154425374,71119
2026-04-01 11:25:37,-114.1034,53.5564,649.5,3458.0,-18.7,-22.4,-20.2,73,87,0.98,280,11.0,10.832885283134289,-1.9101299543362296,71119
2026-04-01 11:25:38,-114.1033,53.5564,649.0,3464.0,-18.8,-22.4,-20.2,73,87,0.97,280,11.0,10.832885283134289,-1.9101299543362296,71119
2026-04-01 11:25:39,-114.1031,53.5565,648.6,3469.0,-18.8,-22.5,-20.2,73,88,0.97,280,11.0,10.832885283134289,-1.9101299543362296,71119
2026-04-01 11:25:40,-114.1029,53.5565,648.2,3473.0,-18.9,-22.5,-20.2,73,88,0.97,280,10.9,10.73440450783307,-1.8927651365695368,71119
2026-04-01 11:25:41,-114.1027,53.5565,647.8,3478.0,-18.9,-22.5,-20.2,74,88,0.97,280,10.9,10.73440450783307,-1.8927651365695368,71119
2026-04-01 11:25:42,-114.1025,53.5565,647.4,3482.0,-18.9,-22.5,-20.2,74,89,0.97,281,10.9,10.699736299579536,-2.079818049604342,71119
2026-04-01 11:25:43,-114.1022,53.5565,647.1,3486.0,-19.0,-22.5,-20.2,74,89,0.97,281,10.9,10.699736299579536,-2.079818049604342,71119
2026-04-01 11:25:44,-114.102,53.5565,646.8,3490.0,-19.0,-22.5,-20.3,74,89,0.97,282,10.9,10.661808847998481,-2.266237429913578,71119
2026-04-01 11:25:45,-114.1018,53.5564,646.4,3493.0,-19.1,-22.6,-20.3,74,89,0.97,282,10.9,10.661808847998481,-2.266237429913578,71119
2026-04-01 11:25:46,-114.1016,53.5564,646.1,3497.0,-19.1,-22.6,-20.3,74,89,0.97,283,10.8,10.523196699680541,-2.4294713869137414,71119
2026-04-01 11:25:47,-114.1014,53.5564,645.7,3501.0,-19.1,-22.6,-20.3,74,89,0.96,283,10.8,10.523196699680541,-2.4294713869137414,71119
2026-04-01 11:25:48,-114.1012,53.5563,645.3,3506.0,-19.2,-22.6,-20.3,74,89,0.96,284,10.8,10.479193843780763,-2.6127564724764087,71119
2026-04-01 11:25:49,-114.101,53.5562,644.9,3511.0,-19.2,-22.6,-20.3,74,90,0.97,284,10.8,10.479193843780763,-2.6127564724764087,71119
2026-04-01 11:25:50,-114.1008,53.5562,644.5,3516.0,-19.2,-22.6,-20.4,74,90,0.96,285,10.7,10.335406341293032,-2.769363782596967,71119
2026-04-01 11:25:51,-114.1007,53.5561,644.0,3521.0,-19.2,-22.7,-20.4,74,89,0.96,285,10.7,10.335406341293032,-2.769363782596967,71119
2026-04-01 11:25:52,-114.1006,53.5561,643.6,3526.0,-19.2,-22.7,-20.5,74,89,0.96,286,10.6,10.189373976946179,-2.9217559716601933,71119
2026-04-01 11:25:53,-114.1005,53.556,643.2,3530.0,-19.2,-22.8,-20.5,73,88,0.95,287,10.6,10.136830413208175,-3.0991400700610092,71119
2026-04-01 11:25:54,-114.1004,53.556,642.9,3534.0,-19.3,-22.9,-20.6,73,88,0.95,287,10.6,10.136830413208175,-3.0991400700610092,71119
2026-04-01 11:25:55,-114.1003,53.556,642.6,3537.0,-19.3,-22.9,-20.6,73,88,0.94,288,10.5,9.986093421099113,-3.244678440936946,71119
2026-04-01 11:25:56,-114.1002,53.556,642.3,3541.0,-19.3,-22.9,-20.6,73,89,0.95,288,10.5,9.986093421099113,-3.244678440936946,71119
2026-04-01 11:25:57,-114.1001,53.556,641.9,3545.0,-19.4,-22.9,-20.6,74,89,0.95,289,10.5,9.927945043792828,-3.4184656218001415,71119
2026-04-01 11:25:58,-114.1,53.556,641.5,3550.0,-19.4,-22.9,-20.6,74,89,0.95,289,10.4,9.833393186232897,-3.3859088063544256,71119
2026-04-01 11:25:59,-114.0999,53.556,641.1,3554.0,-19.5,-22.9,-20.6,74,89,0.94,289,10.4,9.833393186232897,-3.3859088063544256,71119
2026-04-01 11:26:00,-114.0997,53.556,640.7,3559.0,-19.5,-23.0,-20.7,74,89,0.94,290,10.4,9.772803256173447,-3.5570094905869576,71119
2026-04-01 11:26:01,-114.0996,53.5559,640.3,3564.0,-19.5,-23.0,-20.7,74,89,0.94,290,10.3,9.678833994094857,-3.522807476254391,71119
2026-04-01 11:26:02,-114.0994,53.5559,639.9,3569.0,-19.6,-23.0,-20.7,74,89,0.94,291,10.3,9.615878392921179,-3.6911898803165943,71119
2026-04-01 11:26:03,-114.0993,53.5558,639.4,3575.0,-19.6,-23.0,-20.7,74,90,0.94,291,10.3,9.615878392921179,-3.6911898803165943,71119
2026-04-01 11:26:04,-114.0991,53.5558,638.9,3581.0,-19.7,-23.1,-20.8,74,90,0.94,291,10.3,9.615878392921179,-3.6911898803165943,71119
2026-04-01 11:26:05,-114.0989,53.5557,638.3,3588.0,-19.7,-23.2,-20.9,74,90,0.93,291,10.4,9.709236435570899,-3.727026675271124,71119
2026-04-01 11:26:06,-114.0988,53.5557,637.7,3595.0,-19.8,-23.3,-21.0,73,89,0.91,292,10.4,9.642712087494589,-3.8959085715254846,71119
2026-04-01 11:26:07,-114.0986,53.5556,637.1,3601.0,-19.8,-23.6,-21.2,72,87,0.9,292,10.4,9.642712087494589,-3.8959085715254846,71119
2026-04-01 11:26:08,-114.0984,53.5556,636.6,3607.0,-19.9,-23.8,-21.5,71,86,0.88,292,10.5,9.735430472951268,-3.9333692308670756,71119
2026-04-01 11:26:09,-114.0983,53.5556,636.1,3613.0,-19.9,-24.1,-21.7,69,84,0.86,292,10.5,9.735430472951268,-3.9333692308670756,71119
2026-04-01 11:26:10,-114.0981,53.5556,635.6,3619.0,-19.9,-24.2,-21.8,69,83,0.85,293,10.6,9.75735144659587,-4.1417499619862985,71119
2026-04-01 11:26:11,-114.0979,53.5555,635.1,3624.0,-20.0,-24.2,-21.8,69,84,0.85,293,10.7,9.849401931941113,-4.180823074835226,71119
2026-04-01 11:26:12,-114.0978,53.5555,634.7,3629.0,-20.0,-24.2,-21.8,69,84,0.85,293,10.8,9.941452417286358,-4.219896187684154,71119
2026-04-01 11:26:13,-114.0977,53.5554,634.3,3634.0,-20.1,-24.1,-21.7,70,85,0.86,293,10.9,10.033502902631602,-4.2589693005330815,71119
2026-04-01 11:26:14,-114.0976,53.5554,634.0,3638.0,-20.1,-24.1,-21.7,70,85,0.86,294,10.9,9.957645488304353,-4.433429409526218,71119
2026-04-01 11:26:15,-114.0975,53.5553,633.6,3642.0,-20.1,-24.2,-21.8,70,85,0.85,294,11.0,10.049000034068612,-4.474103073833797,71119
2026-04-01 11:26:16,-114.0974,53.5553,633.3,3645.0,-20.1,-24.2,-21.8,70,85,0.85,294,11.1,10.140354579832872,-4.514776738141377,71119
2026-04-01 11:26:17,-114.0972,53.5553,633.0,3649.0,-20.2,-24.2,-21.8,70,86,0.85,294,11.2,10.231709125597131,-4.555450402448957,71119
2026-04-01 11:26:18,-114.0971,53.5553,632.6,3653.0,-20.2,-24.1,-21.7,71,86,0.86,295,11.3,10.241277993514144,-4.775586357669906,71119
2026-04-01 11:26:19,-114.097,53.5553,632.3,3658.0,-20.2,-24.1,-21.7,71,87,0.86,295,11.4,10.331908772217808,-4.817848183843975,71119
2026-04-01 11:26:20,-114.0968,53.5552,631.9,3662.0,-20.2,-24.1,-21.7,71,87,0.86,295,11.5,10.422539550921472,-4.860110010018046,71119
2026-04-01 11:26:21,-114.0966,53.5552,631.5,3667.0,-20.3,-24.1,-21.7,71,87,0.86,296,11.6,10.426010937070338,-5.0851053027532975,71119
2026-04-01 11:26:22,-114.0964,53.5552,631.1,3672.0,-20.3,-24.2,-21.8,71,87,0.86,296,11.6,10.426010937070338,-5.0851053027532975,71119
2026-04-01 11:26:23,-114.0962,53.5551,630.6,3677.0,-20.3,-24.2,-21.8,71,87,0.86,296,11.7,10.515890341700254,-5.128942417432206,71119
2026-04-01 11:26:24,-114.096,53.5551,630.3,3681.0,-20.3,-24.2,-21.8,71,87,0.85,297,11.7,10.424776333003903,-5.311688846952696,71119
2026-04-01 11:26:25,-114.0958,53.555,629.9,3686.0,-20.4,-24.3,-21.9,71,87,0.85,297,11.8,10.513876985422742,-5.35708789692665,71119
2026-04-01 11:26:26,-114.0956,53.5549,629.5,3690.0,-20.4,-24.3,-21.9,71,87,0.85,298,11.8,10.418781595735341,-5.539764440873507,71119
2026-04-01 11:26:27,-114.0954,53.5548,629.2,3694.0,-20.4,-24.3,-21.9,71,87,0.85,298,11.8,10.418781595735341,-5.539764440873507,71119
2026-04-01 11:26:28,-114.0953,53.5547,628.9,3697.0,-20.5,-24.4,-22.0,71,86,0.84,298,11.8,10.418781595735341,-5.539764440873507,71119
2026-04-01 11:26:29,-114.0951,53.5546,628.6,3700.0,-20.5,-24.5,-22.0,71,86,0.84,299,11.8,10.320512544244869,-5.72075351890678,71119
2026-04-01 11:26:30,-114.095,53.5545,628.3,3704.0,-20.5,-24.5,-22.1,70,86,0.83,299,11.8,10.320512544244869,-5.72075351890678,71119
2026-04-01 11:26:31,-114.0948,53.5545,628.0,3707.0,-20.5,-24.6,-22.2,70,86,0.83,300,11.8,10.219099764656375,-5.900000000000001,71119
2026-04-01 11:26:32,-114.0946,53.5544,627.7,3712.0,-20.6,-24.6,-22.2,70,85,0.83,300,11.8,10.219099764656375,-5.900000000000001,71119
2026-04-01 11:26:33,-114.0944,53.5544,627.3,3716.0,-20.6,-24.7,-22.2,70,85,0.83,300,11.8,10.219099764656375,-5.900000000000001,71119
2026-04-01 11:26:34,-114.0943,53.5543,626.8,3722.0,-20.6,-24.7,-22.2,70,86,0.83,301,11.8,10.114574148284927,-6.077449283938639,71119
2026-04-01 11:26:35,-114.0941,53.5543,626.4,3727.0,-20.7,-24.6,-22.2,70,86,0.83,301,11.8,10.114574148284927,-6.077449283938639,71119
2026-04-01 11:26:36,-114.0939,53.5543,625.9,3733.0,-20.7,-24.6,-22.2,71,87,0.83,301,11.7,10.028857418214713,-6.0259454764476335,71119
2026-04-01 11:26:37,-114.0938,53.5543,625.4,3739.0,-20.7,-24.5,-22.1,71,87,0.84,302,11.7,9.922162725030185,-6.200055391528494,71119
2026-04-01 11:26:38,-114.0936,53.5542,624.9,3744.0,-20.8,-24.5,-22.1,72,88,0.84,302,11.7,9.922162725030185,-6.200055391528494,71119
2026-04-01 11:26:39,-114.0935,53.5542,624.5,3749.0,-20.8,-24.5,-22.0,72,89,0.85,302,11.7,9.922162725030185,-6.200055391528494,71119
2026-04-01 11:26:40,-114.0934,53.5542,624.1,3754.0,-20.8,-24.5,-22.0,73,89,0.85,302,11.6,9.837357915414543,-6.147063465105174,71119
2026-04-01 11:26:41,-114.0934,53.5541,623.8,3758.0,-20.9,-24.5,-22.0,73,89,0.85,303,11.6,9.728578588166922,-6.317812806174309,71119
2026-04-01 11:26:42,-114.0933,53.5541,623.4,3762.0,-20.9,-24.4,-22.0,73,90,0.85,303,11.6,9.728578588166922,-6.317812806174309,71119
2026-04-01 11:26:43,-114.0932,53.554,623.1,3765.0,-20.9,-24.4,-22.0,74,90,0.85,303,11.6,9.728578588166922,-6.317812806174309,71119
2026-04-01 11:26:44,-114.0931,53.5539,622.8,3769.0,-21.0,-24.4,-21.9,74,91,0.86,303,11.6,9.728578588166922,-6.317812806174309,71119
2026-04-01 11:26:45,-114.093,53.5538,622.5,3773.0,-21.0,-24.3,-21.9,75,91,0.86,303,11.6,9.728578588166922,-6.317812806174309,71119
2026-04-01 11:26:46,-114.0929,53.5538,622.1,3777.0,-21.0,-24.3,-21.9,75,92,0.86,303,11.5,9.64471153137238,-6.263348902672806,71119
2026-04-01 11:26:47,-114.0928,53.5537,621.8,3781.0,-21.1,-24.3,-21.9,75,92,0.86,302,11.5,9.752553105798901,-6.094071538681854,71119
2026-04-01 11:26:48,-114.0926,53.5536,621.4,3786.0,-21.1,-24.3,-21.9,76,93,0.86,302,11.5,9.752553105798901,-6.094071538681854,71119
2026-04-01 11:26:49,-114.0924,53.5535,621.0,3790.0,-21.1,-24.3,-21.9,76,93,0.87,302,11.5,9.752553105798901,-6.094071538681854,71119
2026-04-01 11:26:50,-114.0923,53.5535,620.6,3796.0,-21.2,-24.2,-21.8,76,94,0.87,302,11.5,9.752553105798901,-6.094071538681854,71119
2026-04-01 11:26:51,-114.0921,53.5534,620.1,3802.0,-21.2,-24.2,-21.8,77,95,0.87,302,11.5,9.752553105798901,-6.094071538681854,71119
2026-04-01 11:26:52,-114.0918,53.5534,619.6,3808.0,-21.3,-24.2,-21.8,78,96,0.87,301,11.5,9.857423958074293,-5.9229378614656225,71119
2026-04-01 11:26:53,-114.0916,53.5533,619.1,3813.0,-21.3,-24.2,-21.8,78,96,0.87,301,11.5,9.857423958074293,-5.9229378614656225,71119
2026-04-01 11:26:54,-114.0914,53.5533,618.7,3818.0,-21.4,-24.2,-21.8,78,96,0.87,301,11.5,9.857423958074293,-5.9229378614656225,71119
2026-04-01 11:26:55,-114.0912,53.5532,618.3,3823.0,-21.4,-24.3,-21.9,78,96,0.87,300,11.6,10.045894683899487,-5.800000000000001,71119
2026-04-01 11:26:56,-114.091,53.5532,617.9,3828.0,-21.5,-24.3,-21.9,78,96,0.86,300,11.6,10.045894683899487,-5.800000000000001,71119
2026-04-01 11:26:57,-114.0908,53.5531,617.5,3832.0,-21.5,-24.4,-22.0,78,96,0.86,300,11.6,10.045894683899487,-5.800000000000001,71119
2026-04-01 11:26:58,-114.0907,53.553,617.0,3838.0,-21.5,-24.4,-22.0,78,96,0.86,300,11.6,10.045894683899487,-5.800000000000001,71119
2026-04-01 11:26:59,-114.0906,53.553,616.5,3844.0,-21.6,-24.3,-21.9,78,97,0.87,299,11.6,10.14558860281699,-5.623791594857512,71119
2026-04-01 11:27:00,-114.0905,53.5529,616.0,3850.0,-21.6,-24.3,-21.9,79,98,0.87,299,11.6,10.14558860281699,-5.623791594857512,71119
2026-04-01 11:27:01,-114.0904,53.5528,615.6,3856.0,-21.7,-24.3,-21.9,79,98,0.87,299,11.6,10.14558860281699,-5.623791594857512,71119
2026-04-01 11:27:02,-114.0903,53.5528,615.1,3861.0,-21.7,-24.3,-21.9,79,98,0.87,299,11.6,10.14558860281699,-5.623791594857512,71119
2026-04-01 11:27:03,-114.0902,53.5528,614.7,3866.0,-21.8,-24.5,-22.1,78,97,0.86,298,11.6,10.242192077163555,-5.445870128316328,71119
2026-04-01 11:27:04,-114.09,53.5528,614.3,3870.0,-21.8,-24.6,-22.2,78,96,0.85,298,11.6,10.242192077163555,-5.445870128316328,71119
2026-04-01 11:27:05,-114.0899,53.5528,613.9,3875.0,-21.8,-24.7,-22.3,77,96,0.84,298,11.6,10.242192077163555,-5.445870128316328,71119
2026-04-01 11:27:06,-114.0897,53.5528,613.5,3880.0,-21.8,-24.7,-22.2,78,96,0.84,298,11.7,10.330486836449447,-5.492817284594918,71119
2026-04-01 11:27:07,-114.0895,53.5528,613.1,3885.0,-21.9,-24.6,-22.2,78,97,0.85,298,11.7,10.330486836449447,-5.492817284594918,71119
2026-04-01 11:27:08,-114.0893,53.5528,612.6,3890.0,-21.9,-24.6,-22.2,79,98,0.85,298,11.7,10.330486836449447,-5.492817284594918,71119
2026-04-01 11:27:09,-114.0892,53.5527,612.2,3896.0,-22.0,-24.7,-22.3,78,97,0.84,298,11.7,10.330486836449447,-5.492817284594918,71119
2026-04-01 11:27:10,-114.089,53.5527,611.7,3902.0,-22.0,-24.8,-22.4,78,97,0.84,298,11.7,10.330486836449447,-5.492817284594918,71119
2026-04-01 11:27:11,-114.0889,53.5526,611.3,3907.0,-22.0,-24.9,-22.4,78,96,0.83,297,11.7,10.424776333003903,-5.311688846952696,71119
2026-04-01 11:27:12,-114.0888,53.5525,610.9,3911.0,-22.0,-24.8,-22.4,78,97,0.84,297,11.7,10.424776333003903,-5.311688846952696,71119
2026-04-01 11:27:13,-114.0886,53.5525,610.5,3916.0,-22.0,-24.7,-22.3,79,98,0.84,297,11.8,10.513876985422742,-5.35708789692665,71119
2026-04-01 11:27:14,-114.0885,53.5524,610.2,3920.0,-22.0,-24.7,-22.3,79,98,0.84,297,11.8,10.513876985422742,-5.35708789692665,71119
2026-04-01 11:27:15,-114.0884,53.5523,609.9,3924.0,-22.1,-24.8,-22.3,78,97,0.84,296,11.8,10.605769746330171,-5.172779532111114,71119
2026-04-01 11:27:16,-114.0882,53.5522,609.6,3927.0,-22.1,-24.8,-22.4,78,97,0.84,296,11.8,10.605769746330171,-5.172779532111114,71119
2026-04-01 11:27:17,-114.088,53.5521,609.3,3931.0,-22.1,-24.9,-22.4,78,97,0.83,296,11.8,10.605769746330171,-5.172779532111114,71119
2026-04-01 11:27:18,-114.0878,53.552,608.9,3935.0,-22.1,-24.9,-22.5,78,97,0.83,295,11.8,10.694431887032469,-4.986895488540256,71119
2026-04-01 11:27:19,-114.0876,53.552,608.6,3939.0,-22.2,-25.0,-22.6,78,96,0.83,294,11.8,10.779836400182694,-4.799492388294437,71119
2026-04-01 11:27:20,-114.0874,53.5519,608.3,3943.0,-22.2,-25.0,-22.6,78,97,0.82,294,11.9,10.871190945946953,-4.840166052602017,71119
2026-04-01 11:27:21,-114.0872,53.5519,607.9,3947.0,-22.3,-25.0,-22.6,78,97,0.83,293,11.9,10.954007756084042,-4.649700429022355,71119
2026-04-01 11:27:22,-114.087,53.5519,607.5,3952.0,-22.3,-25.0,-22.5,79,98,0.83,292,11.9,11.033487869344771,-4.457818461649352,71119
2026-04-01 11:27:23,-114.0868,53.5518,607.1,3958.0,-22.3,-25.0,-22.5,79,98,0.83,291,11.9,11.1096070753167,-4.264578599589075,71119
2026-04-01 11:27:24,-114.0866,53.5518,606.6,3963.0,-22.4,-25.0,-22.5,79,98,0.83,290,11.9,11.18234218735231,-4.070039705575461,71119
2026-04-01 11:27:25,-114.0865,53.5517,606.1,3970.0,-22.4,-25.1,-22.6,79,98,0.82,289,12.0,11.346222907191803,-3.906817853485876,71119
2026-04-01 11:27:26,-114.0864,53.5516,605.6,3975.0,-22.4,-25.3,-22.8,78,97,0.81,288,12.0,11.412678195541844,-3.7082039324993668,71119
2026-04-01 11:27:27,-114.0863,53.5516,605.2,3981.0,-22.5,-25.4,-22.9,77,96,0.8,287,12.0,11.475657071556425,-3.5084604566728403,71119
2026-04-01 11:27:28,-114.0862,53.5516,604.8,3986.0,-22.5,-25.6,-23.0,76,94,0.79,286,12.1,11.631266520853657,-3.3352120053856926,71119
2026-04-01 11:27:29,-114.0861,53.5516,604.4,3990.0,-22.4,-25.6,-23.1,75,94,0.79,284,12.1,11.740578287939558,-2.927254936755976,71119
2026-04-01 11:27:30,-114.0859,53.5516,604.0,3995.0,-22.4,-25.6,-23.1,75,94,0.79,283,12.2,11.88731479037987,-2.744402862995152,71119
2026-04-01 11:27:31,-114.0858,53.5516,603.6,4000.0,-22.5,-25.6,-23.1,76,94,0.79,282,12.2,11.933400728952428,-2.536522627976665,71119
2026-04-01 11:27:32,-114.0856,53.5516,603.2,4004.0,-22.5,-25.6,-23.1,76,94,0.79,281,12.3,12.074014356406266,-2.346950643131505,71119
2026-04-01 11:27:33,-114.0854,53.5516,602.9,4009.0,-22.5,-25.6,-23.1,76,95,0.79,280,12.4,12.211616137351381,-2.1532374030699315,71119
2026-04-01 11:27:34,-114.0851,53.5516,602.5,4013.0,-22.6,-25.6,-23.1,76,95,0.79,278,12.5,12.378350859269629,-1.7396637620008184,71119
2026-04-01 11:27:35,-114.0849,53.5516,602.2,4017.0,-22.6,-25.7,-23.2,76,95,0.78,277,12.6,12.506081510680657,-1.5355537269048607,71119
2026-04-01 11:27:36,-114.0847,53.5516,601.9,4021.0,-22.6,-25.7,-23.2,76,95,0.78,276,12.7,12.630428071177072,-1.3275114834991928,71119
2026-04-01 11:27:37,-114.0845,53.5516,601.5,4025.0,-22.6,-25.8,-23.2,76,94,0.78,275,12.8,12.751292135574344,-1.115593507170021,71119
2026-04-01 11:27:38,-114.0843,53.5516,601.2,4029.0,-22.7,-25.8,-23.3,76,94,0.78,274,12.8,12.768819843325751,-0.8928828639248029,71119
2026-04-01 11:27:39,-114.0841,53.5516,600.9,4033.0,-22.7,-25.9,-23.4,75,94,0.77,274,12.9,12.868576248351735,-0.8998585112992153,71119
2026-04-01 11:27:40,-114.0839,53.5516,600.5,4037.0,-22.7,-25.9,-23.4,75,93,0.77,273,13.0,12.98218395180946,-0.6803674311582713,71119
2026-04-01 11:27:41,-114.0837,53.5516,600.2,4041.0,-22.6,-25.9,-23.4,74,93,0.77,272,13.1,13.092019833950154,-0.45718340680276676,71119
2026-04-01 11:27:42,-114.0835,53.5516,599.9,4046.0,-22.6,-26.0,-23.4,74,93,0.77,272,13.2,13.191958916652064,-0.4606733564730169,71119
2026-04-01 11:27:43,-114.0833,53.5516,599.5,4049.0,-22.7,-26.0,-23.4,74,93,0.77,271,13.2,13.197989576064364,-0.2303717649721373,71119
2026-04-01 11:27:44,-114.083,53.5516,599.2,4053.0,-22.7,-26.0,-23.4,75,93,0.77,271,13.2,13.197989576064364,-0.2303717649721373,71119
2026-04-01 11:27:45,-114.0828,53.5516,598.9,4057.0,-22.7,-26.0,-23.4,75,93,0.77,270,13.3,13.3,2.4431703642989694e-15,71119
2026-04-01 11:27:46,-114.0826,53.5516,598.6,4061.0,-22.7,-25.9,-23.4,75,94,0.77,270,13.3,13.3,2.4431703642989694e-15,71119
2026-04-01 11:27:47,-114.0824,53.5516,598.3,4064.0,-22.7,-25.9,-23.4,75,94,0.78,270,13.3,13.3,2.4431703642989694e-15,71119
2026-04-01 11:27:48,-114.0821,53.5516,598.0,4068.0,-22.7,-25.9,-23.3,75,94,0.78,269,13.3,13.297974345580005,0.23211700561587054,71119
2026-04-01 11:27:49,-114.0819,53.5516,597.6,4073.0,-22.7,-25.9,-23.3,75,94,0.78,269,13.2,13.197989576064364,0.23037176497214215,71119
2026-04-01 11:27:50,-114.0817,53.5516,597.3,4077.0,-22.7,-25.9,-23.3,75,94,0.78,269,13.2,13.197989576064364,0.23037176497214215,71119
2026-04-01 11:27:51,-114.0815,53.5516,596.9,4081.0,-22.7,-25.9,-23.3,75,94,0.78,269,13.1,13.098004806548726,0.22862652432841382,71119
2026-04-01 11:27:52,-114.0813,53.5517,596.5,4086.0,-22.7,-25.9,-23.4,75,93,0.78,269,13.1,13.098004806548726,0.22862652432841382,71119
2026-04-01 11:27:53,-114.0811,53.5517,596.1,4092.0,-22.6,-25.9,-23.4,75,93,0.78,269,13.0,12.998020037033086,0.22688128368468546,71119
2026-04-01 11:27:54,-114.0809,53.5517,595.6,4097.0,-22.7,-25.9,-23.4,75,93,0.78,269,12.9,12.898035267517448,0.22513604304095713,71119
2026-04-01 11:27:55,-114.0807,53.5517,595.2,4103.0,-22.6,-25.9,-23.3,75,93,0.78,269,12.8,12.798050498001809,0.22339080239722878,71119
2026-04-01 11:27:56,-114.0805,53.5517,594.8,4108.0,-22.5,-25.8,-23.3,75,93,0.79,269,12.7,12.698065728486169,0.22164556175350042,71119
2026-04-01 11:27:57,-114.0803,53.5516,594.4,4112.0,-22.5,-25.7,-23.2,75,93,0.79,269,12.5,12.498096189454891,0.21815508046604373,71119
2026-04-01 11:27:58,-114.0801,53.5516,594.1,4116.0,-22.4,-25.6,-23.1,75,93,0.8,269,12.4,12.398111419939251,0.21640983982231538,71119
2026-04-01 11:27:59,-114.0799,53.5516,593.8,4120.0,-22.3,-25.5,-23.0,75,93,0.81,270,12.3,12.3,2.2594733444268667e-15,71119
2026-04-01 11:28:00,-114.0798,53.5516,593.4,4124.0,-22.2,-25.4,-22.9,75,93,0.82,270,12.1,12.1,2.222733940452446e-15,71119
2026-04-01 11:28:01,-114.0796,53.5516,593.1,4128.0,-22.2,-25.5,-23.0,75,93,0.81,270,12.0,12.0,2.204364238465236e-15,71119
2026-04-01 11:28:02,-114.0795,53.5516,592.8,4132.0,-22.1,-25.6,-23.1,73,91,0.8,271,11.8,11.798202802845418,-0.20593839595994096,71119
2026-04-01 11:28:03,-114.0793,53.5516,592.5,4136.0,-22.1,-25.7,-23.2,72,89,0.79,271,11.7,11.698218033329777,-0.2041931553162126,71119
2026-04-01 11:28:04,-114.0792,53.5516,592.2,4140.0,-22.0,-25.8,-23.3,71,88,0.79,271,11.6,11.598233263814139,-0.2024479146724843,71119
2026-04-01 11:28:05,-114.079,53.5517,591.9,4144.0,-22.0,-25.8,-23.3,71,88,0.79,272,11.5,11.492994510719601,-0.40134421207876475,71119
2026-04-01 11:28:06,-114.0788,53.5517,591.6,4148.0,-21.9,-25.7,-23.2,72,89,0.8,272,11.3,11.293116345315783,-0.3943643127382645,71119
2026-04-01 11:28:07,-114.0787,53.5517,591.3,4151.0,-21.9,-25.6,-23.1,72,89,0.81,272,11.2,11.193177262613872,-0.3908743630680143,71119
2026-04-01 11:28:08,-114.0785,53.5518,590.9,4155.0,-21.9,-25.4,-22.9,73,90,0.82,273,11.1,11.084787835775769,-0.5809291142966778,71119
2026-04-01 11:28:09,-114.0783,53.5518,590.6,4160.0,-21.9,-25.3,-22.8,74,91,0.83,273,11.0,10.984924882300312,-0.5756955186723834,71119
2026-04-01 11:28:10,-114.0782,53.5518,590.2,4164.0,-21.9,-25.3,-22.8,74,92,0.83,273,11.0,10.984924882300312,-0.5756955186723834,71119
2026-04-01 11:28:11,-114.078,53.5517,589.8,4169.0,-21.9,-25.3,-22.8,74,92,0.83,274,10.9,10.873448147832086,-0.760345563810965,71119
2026-04-01 11:28:12,-114.0779,53.5517,589.5,4174.0,-22.0,-25.3,-22.8,74,92,0.83,274,10.8,10.773691742806104,-0.7533699164365524,71119
2026-04-01 11:28:13,-114.0777,53.5517,589.1,4179.0,-22.0,-25.3,-22.8,75,93,0.83,274,10.8,10.773691742806104,-0.7533699164365524,71119
2026-04-01 11:28:14,-114.0775,53.5516,588.7,4183.0,-22.0,-25.3,-22.8,75,93,0.83,274,10.7,10.673935337780119,-0.7463942690621398,71119
2026-04-01 11:28:15,-114.0774,53.5515,588.4,4187.0,-22.1,-25.3,-22.8,75,93,0.83,274,10.7,10.673935337780119,-0.7463942690621398,71119
2026-04-01 11:28:16,-114.0772,53.5515,588.1,4191.0,-22.1,-25.3,-22.8,75,93,0.83,274,10.7,10.673935337780119,-0.7463942690621398,71119
2026-04-01 11:28:17,-114.077,53.5515,587.8,4195.0,-22.1,-25.4,-22.9,75,93,0.83,274,10.7,10.673935337780119,-0.7463942690621398,71119
2026-04-01 11:28:18,-114.0768,53.5514,587.5,4199.0,-22.2,-25.4,-22.9,75,93,0.83,274,10.7,10.673935337780119,-0.7463942690621398,71119
2026-04-01 11:28:19,-114.0767,53.5514,587.1,4204.0,-22.2,-25.4,-22.9,75,93,0.82,274,10.8,10.773691742806104,-0.7533699164365524,71119
2026-04-01 11:28:20,-114.0765,53.5514,586.7,4208.0,-22.2,-25.5,-23.0,75,93,0.82,273,10.8,10.785198975349399,-0.5652283274237947,71119
2026-04-01 11:28:21,-114.0764,53.5514,586.3,4213.0,-22.2,-25.5,-23.0,75,93,0.82,273,10.8,10.785198975349399,-0.5652283274237947,71119
2026-04-01 11:28:22,-114.0763,53.5514,586.0,4217.0,-22.2,-25.5,-23.0,75,93,0.82,273,10.9,10.885061928824856,-0.5704619230480891,71119
2026-04-01 11:28:23,-114.0762,53.5514,585.7,4221.0,-22.3,-25.5,-23.0,75,93,0.82,272,11.0,10.993299097210054,-0.3838944637275141,71119
2026-04-01 11:28:24,-114.076,53.5514,585.3,4225.0,-22.3,-25.5,-23.0,75,93,0.82,272,11.0,10.993299097210054,-0.3838944637275141,71119
2026-04-01 11:28:25,-114.0759,53.5514,585.0,4230.0,-22.2,-25.5,-23.0,75,93,0.82,271,11.1,11.098309416235942,-0.19372171145384273,71119
2026-04-01 11:28:26,-114.0758,53.5514,584.6,4235.0,-22.2,-25.5,-23.0,74,92,0.82,271,11.2,11.198294185751582,-0.19546695209757103,71119
2026-04-01 11:28:27,-114.0757,53.5515,584.2,4239.0,-22.2,-25.6,-23.1,74,92,0.82,271,11.3,11.298278955267222,-0.1972121927412994,71119
2026-04-01 11:28:28,-114.0755,53.5515,583.9,4244.0,-22.2,-25.7,-23.1,74,91,0.81,270,11.4,11.4,2.094146026541974e-15,71119
2026-04-01 11:28:29,-114.0753,53.5515,583.5,4248.0,-22.2,-25.7,-23.2,73,91,0.81,270,11.5,11.5,2.112515728529184e-15,71119
2026-04-01 11:28:30,-114.0751,53.5515,583.2,4253.0,-22.2,-25.7,-23.2,73,91,0.81,270,11.6,11.6,2.1308854305163945e-15,71119
2026-04-01 11:28:31,-114.0749,53.5515,582.8,4258.0,-22.3,-25.8,-23.2,73,91,0.81,270,11.7,11.7,2.1492551325036045e-15,71119
2026-04-01 11:28:32,-114.0747,53.5516,582.4,4263.0,-22.3,-25.7,-23.2,73,91,0.81,270,11.7,11.7,2.1492551325036045e-15,71119
2026-04-01 11:28:33,-114.0745,53.5516,582.0,4268.0,-22.3,-25.8,-23.2,74,92,0.81,270,11.8,11.8,2.1676248344908154e-15,71119
2026-04-01 11:28:34,-114.0742,53.5516,581.6,4272.0,-22.4,-25.8,-23.3,74,92,0.81,270,11.9,11.9,2.1859945364780254e-15,71119
2026-04-01 11:28:35,-114.074,53.5516,581.3,4276.0,-22.4,-25.8,-23.3,74,92,0.81,270,12.0,12.0,2.204364238465236e-15,71119
2026-04-01 11:28:36,-114.0738,53.5516,581.0,4280.0,-22.5,-25.8,-23.3,74,92,0.81,270,12.1,12.1,2.222733940452446e-15,71119
2026-04-01 11:28:37,-114.0735,53.5516,580.6,4284.0,-22.5,-25.8,-23.3,74,93,0.81,270,12.1,12.1,2.222733940452446e-15,71119
2026-04-01 11:28:38,-114.0733,53.5515,580.3,4288.0,-22.5,-25.8,-23.3,75,93,0.81,270,12.2,12.2,2.241103642439656e-15,71119
2026-04-01 11:28:39,-114.0731,53.5516,580.0,4293.0,-22.6,-25.8,-23.3,75,93,0.8,271,12.3,12.298126650423614,-0.21466459917858252,71119
2026-04-01 11:28:40,-114.0729,53.5516,579.6,4297.0,-22.6,-25.8,-23.3,75,93,0.8,271,12.3,12.298126650423614,-0.21466459917858252,71119
2026-04-01 11:28:41,-114.0727,53.5516,579.2,4302.0,-22.6,-25.8,-23.3,75,94,0.81,271,12.3,12.298126650423614,-0.21466459917858252,71119
2026-04-01 11:28:42,-114.0726,53.5516,578.8,4307.0,-22.7,-25.8,-23.3,75,94,0.81,272,12.4,12.392446255036788,-0.4327537591110159,71119
2026-04-01 11:28:43,-114.0724,53.5516,578.4,4312.0,-22.7,-25.8,-23.3,76,94,0.81,272,12.4,12.392446255036788,-0.4327537591110159,71119
2026-04-01 11:28:44,-114.0723,53.5516,578.1,4317.0,-22.7,-25.8,-23.3,76,95,0.81,272,12.5,12.492385337738696,-0.436243708781266,71119
2026-04-01 11:28:45,-114.0722,53.5516,577.7,4322.0,-22.8,-25.9,-23.3,76,95,0.81,273,12.5,12.482869184432174,-0.6541994530367993,71119
2026-04-01 11:28:46,-114.0721,53.5516,577.4,4326.0,-22.8,-25.9,-23.3,76,95,0.8,273,12.5,12.482869184432174,-0.6541994530367993,71119
2026-04-01 11:28:47,-114.0719,53.5516,577.1,4330.0,-22.9,-25.9,-23.4,76,95,0.8,273,12.5,12.482869184432174,-0.6541994530367993,71119
2026-04-01 11:28:48,-114.0717,53.5515,576.8,4333.0,-22.9,-25.9,-23.4,76,95,0.8,273,12.5,12.482869184432174,-0.6541994530367993,71119
2026-04-01 11:28:49,-114.0716,53.5515,576.5,4337.0,-22.9,-25.9,-23.4,77,96,0.8,273,12.5,12.482869184432174,-0.6541994530367993,71119
2026-04-01 11:28:50,-114.0713,53.5514,576.2,4341.0,-23.0,-25.9,-23.4,77,96,0.81,274,12.5,12.469550628247804,-0.8719559218015652,71119
2026-04-01 11:28:51,-114.0711,53.5514,575.8,4346.0,-23.0,-25.9,-23.3,77,97,0.81,274,12.5,12.469550628247804,-0.8719559218015652,71119
2026-04-01 11:28:52,-114.0709,53.5514,575.5,4350.0,-23.1,-25.9,-23.3,78,97,0.81,274,12.5,12.469550628247804,-0.8719559218015652,71119
2026-04-01 11:28:53,-114.0707,53.5513,575.2,4353.0,-23.1,-25.9,-23.4,78,98,0.81,274,12.5,12.469550628247804,-0.8719559218015652,71119
2026-04-01 11:28:54,-114.0704,53.5513,575.0,4357.0,-23.1,-25.9,-23.4,78,98,0.81,274,12.5,12.469550628247804,-0.8719559218015652,71119
2026-04-01 11:28:55,-114.0702,53.5513,574.7,4360.0,-23.2,-25.9,-23.4,78,98,0.8,274,12.5,12.469550628247804,-0.8719559218015652,71119
2026-04-01 11:28:56,-114.07,53.5513,574.5,4363.0,-23.2,-26.0,-23.4,78,98,0.8,273,12.5,12.482869184432174,-0.6541994530367993,71119
2026-04-01 11:28:57,-114.0698,53.5513,574.3,4366.0,-23.2,-26.0,-23.4,78,98,0.8,273,12.5,12.482869184432174,-0.6541994530367993,71119
2026-04-01 11:28:58,-114.0696,53.5513,574.0,4369.0,-23.2,-26.0,-23.5,78,98,0.8,273,12.5,12.482869184432174,-0.6541994530367993,71119
2026-04-01 11:28:59,-114.0694,53.5513,573.8,4372.0,-23.2,-26.0,-23.4,78,98,0.8,273,12.5,12.482869184432174,-0.6541994530367993,71119
2026-04-01 11:29:00,-114.0692,53.5513,573.5,4375.0,-23.2,-25.9,-23.4,79,99,0.81,272,12.5,12.492385337738696,-0.436243708781266,71119
2026-04-01 11:29:01,-114.069,53.5513,573.3,4378.0,-23.3,-25.9,-23.4,79,99,0.81,272,12.5,12.492385337738696,-0.436243708781266,71119
2026-04-01 11:29:02,-114.0689,53.5513,573.0,4382.0,-23.3,-25.9,-23.3,79,100,0.81,272,12.5,12.492385337738696,-0.436243708781266,71119
2026-04-01 11:29:03,-114.0687,53.5514,572.7,4385.0,-23.3,-25.8,-23.3,80,100,0.81,272,12.5,12.492385337738696,-0.436243708781266,71119
2026-04-01 11:29:04,-114.0685,53.5514,572.4,4389.0,-23.3,-25.8,-23.3,80,100,0.81,271,12.5,12.498096189454891,-0.21815508046603913,71119
2026-04-01 11:29:05,-114.0684,53.5514,572.1,4392.0,-23.3,-25.9,-23.3,80,100,0.81,271,12.6,12.59808095897053,-0.21990032110976743,71119
2026-04-01 11:29:06,-114.0682,53.5514,571.9,4396.0,-23.4,-25.9,-23.3,80,100,0.81,271,12.6,12.59808095897053,-0.21990032110976743,71119
2026-04-01 11:29:07,-114.068,53.5514,571.6,4400.0,-23.4,-25.9,-23.4,80,100,0.81,271,12.6,12.59808095897053,-0.21990032110976743,71119
2026-04-01 11:29:08,-114.0678,53.5514,571.3,4403.0,-23.4,-25.9,-23.4,80,100,0.81,270,12.7,12.7,2.3329521523757076e-15,71119
2026-04-01 11:29:09,-114.0676,53.5514,571.1,4406.0,-23.4,-25.9,-23.4,80,100,0.81,270,12.8,12.8,2.351321854362918e-15,71119
2026-04-01 11:29:10,-114.0675,53.5514,570.8,4410.0,-23.4,-25.9,-23.4,80,100,0.81,270,12.9,12.9,2.3696915563501285e-15,71119
2026-04-01 11:29:11,-114.0673,53.5514,570.5,4413.0,-23.5,-25.9,-23.4,80,101,0.81,270,12.9,12.9,2.3696915563501285e-15,71119
2026-04-01 11:29:12,-114.0671,53.5514,570.2,4417.0,-23.5,-26.0,-23.4,80,101,0.81,270,13.1,13.1,2.406430960324549e-15,71119
2026-04-01 11:29:13,-114.067,53.5514,569.9,4421.0,-23.5,-26.0,-23.4,80,101,0.81,269,13.2,13.197989576064364,0.23037176497214215,71119
2026-04-01 11:29:14,-114.0668,53.5514,569.6,4426.0,-23.5,-26.0,-23.4,80,101,0.81,269,13.3,13.297974345580005,0.23211700561587054,71119
2026-04-01 11:29:15,-114.0666,53.5514,569.2,4430.0,-23.6,-26.0,-23.4,80,101,0.81,269,13.4,13.397959115095643,0.23386224625959887,71119
2026-04-01 11:29:16,-114.0664,53.5514,568.9,4435.0,-23.6,-26.0,-23.5,81,101,0.81,269,13.6,13.597928654126921,0.23735272754705555,71119
2026-04-01 11:29:17,-114.0662,53.5514,568.5,4440.0,-23.6,-26.0,-23.5,81,102,0.81,269,13.7,13.697913423642559,0.2390979681907839,71119
2026-04-01 11:29:18,-114.066,53.5514,568.1,4445.0,-23.7,-26.0,-23.5,81,102,0.81,269,13.9,13.897882962673838,0.24258844947824063,71119
2026-04-01 11:29:19,-114.0658,53.5514,567.7,4449.0,-23.7,-26.0,-23.4,82,103,0.81,269,14.1,14.097852501705116,0.2460789307656973,71119
2026-04-01 11:29:20,-114.0655,53.5514,567.4,4454.0,-23.7,-26.0,-23.4,82,103,0.81,269,14.3,14.297822040736396,0.24956941205315403,71119
2026-04-01 11:29:21,-114.0653,53.5514,567.0,4459.0,-23.8,-26.0,-23.4,82,103,0.81,269,14.5,14.497791579767673,0.25305989334061074,71119
2026-04-01 11:29:22,-114.0651,53.5513,566.6,4464.0,-23.8,-26.0,-23.5,82,103,0.81,269,14.7,14.697761118798951,0.2565503746280674,71119
2026-04-01 11:29:23,-114.0649,53.5513,566.3,4468.0,-23.8,-26.0,-23.5,82,103,0.81,269,14.9,14.89773065783023,0.2600408559155241,71119
2026-04-01 11:29:24,-114.0646,53.5513,566.0,4472.0,-23.8,-26.0,-23.5,82,103,0.81,268,15.1,15.090801487988346,0.5269824002077614,71119
2026-04-01 11:29:25,-114.0644,53.5513,565.6,4476.0,-23.8,-26.0,-23.5,82,103,0.81,268,15.3,15.290679653392166,0.5339622995482617,71119
2026-04-01 11:29:26,-114.0641,53.5513,565.3,4481.0,-23.8,-26.0,-23.5,82,103,0.81,268,15.5,15.490557818795985,0.5409421988887618,71119
2026-04-01 11:29:27,-114.0639,53.5514,565.0,4485.0,-23.8,-26.0,-23.5,82,103,0.81,268,15.7,15.690435984199803,0.547922098229262,71119
2026-04-01 11:29:28,-114.0636,53.5514,564.6,4489.0,-23.8,-26.0,-23.5,82,103,0.81,268,15.9,15.890314149603624,0.5549019975697621,71119
2026-04-01 11:29:29,-114.0634,53.5514,564.3,4493.0,-23.8,-26.0,-23.5,82,103,0.81,268,16.1,16.090192315007442,0.5618818969102624,71119
2026-04-01 11:29:30,-114.0631,53.5514,564.0,4497.0,-23.8,-26.0,-23.5,82,103,0.81,268,16.3,16.290070480411263,0.5688617962507624,71119
2026-04-01 11:29:31,-114.0629,53.5515,563.6,4502.0,-23.8,-26.0,-23.5,82,104,0.82,268,16.4,16.390009563113168,0.5723517459210125,71119
2026-04-01 11:29:32,-114.0626,53.5515,563.3,4507.0,-23.9,-26.0,-23.5,82,104,0.82,268,16.6,16.58988772851699,0.5793316452615127,71119
2026-04-01 11:29:33,-114.0624,53.5515,562.9,4512.0,-23.9,-26.0,-23.5,83,105,0.81,268,16.8,16.78976589392081,0.5863115446020128,71119
2026-04-01 11:29:34,-114.0621,53.5515,562.5,4516.0,-23.9,-26.0,-23.5,83,105,0.82,268,16.9,16.889704976622717,0.5898014942722628,71119
2026-04-01 11:29:35,-114.0618,53.5515,562.2,4521.0,-24.0,-26.0,-23.5,83,105,0.81,268,17.1,17.089583142026537,0.5967813936127631,71119
2026-04-01 11:29:36,-114.0615,53.5515,561.8,4526.0,-23.9,-26.0,-23.5,83,105,0.82,268,17.2,17.189522224728446,0.600271343283013,71119
2026-04-01 11:29:37,-114.0613,53.5515,561.4,4532.0,-23.9,-26.0,-23.5,83,104,0.81,268,17.3,17.289461307430358,0.6037612929532632,71119
2026-04-01 11:29:38,-114.061,53.5515,560.9,4538.0,-23.9,-26.1,-23.5,82,104,0.81,269,17.4,17.397349895721206,0.30367187200873286,71119
2026-04-01 11:29:39,-114.0607,53.5515,560.3,4545.0,-23.8,-26.0,-23.5,82,103,0.82,269,17.6,17.59731943475249,0.30716235329618957,71119
2026-04-01 11:29:40,-114.0604,53.5515,559.8,4552.0,-23.7,-26.0,-23.5,81,102,0.82,269,17.7,17.697304204268125,0.3089075939399179,71119
2026-04-01 11:29:41,-114.0602,53.5515,559.2,4560.0,-23.6,-26.0,-23.5,81,102,0.82,269,17.7,17.697304204268125,0.3089075939399179,71119
2026-04-01 11:29:42,-114.0599,53.5516,558.5,4568.0,-23.6,-26.0,-23.4,81,101,0.82,269,17.8,17.797288973783765,0.3106528345836463,71119
2026-04-01 11:29:43,-114.0597,53.5516,558.0,4576.0,-23.6,-25.9,-23.4,81,102,0.83,269,17.9,17.8972737432994,0.31239807522737456,71119
2026-04-01 11:29:44,-114.0594,53.5516,557.4,4583.0,-23.6,-25.9,-23.4,81,102,0.83,269,18.0,17.997258512815044,0.31414331587110295,71119
2026-04-01 11:29:45,-114.0591,53.5516,556.9,4590.0,-23.6,-25.9,-23.4,81,102,0.83,270,18.1,18.1,3.324916059685064e-15,71119
2026-04-01 11:29:46,-114.0588,53.5516,556.5,4596.0,-23.6,-25.9,-23.4,81,102,0.83,270,18.1,18.1,3.324916059685064e-15,71119
2026-04-01 11:29:47,-114.0585,53.5515,556.1,4600.0,-23.6,-25.9,-23.4,82,103,0.83,270,18.2,18.2,3.343285761672274e-15,71119
2026-04-01 11:29:48,-114.0582,53.5515,555.8,4604.0,-23.6,-25.9,-23.3,82,103,0.84,270,18.2,18.2,3.343285761672274e-15,71119
2026-04-01 11:29:49,-114.0579,53.5515,555.5,4608.0,-23.7,-25.8,-23.3,82,104,0.84,270,18.3,18.3,3.3616554636594846e-15,71119
2026-04-01 11:29:50,-114.0576,53.5515,555.2,4612.0,-23.7,-25.7,-23.2,83,104,0.85,270,18.4,18.4,3.3800251656466943e-15,71119
2026-04-01 11:29:51,-114.0573,53.5514,554.9,4617.0,-23.6,-25.7,-23.2,83,105,0.85,270,18.4,18.4,3.3800251656466943e-15,71119
2026-04-01 11:29:52,-114.0571,53.5514,554.4,4622.0,-23.7,-25.7,-23.2,83,105,0.85,270,18.5,18.5,3.398394867633905e-15,71119
2026-04-01 11:29:53,-114.0568,53.5514,554.0,4628.0,-23.7,-25.7,-23.2,83,104,0.85,270,18.5,18.5,3.398394867633905e-15,71119
2026-04-01 11:29:54,-114.0566,53.5514,553.6,4634.0,-23.7,-25.8,-23.3,82,104,0.84,270,18.6,18.6,3.4167645696211155e-15,71119
2026-04-01 11:29:55,-114.0564,53.5514,553.2,4639.0,-23.7,-25.9,-23.4,82,103,0.84,270,18.6,18.6,3.4167645696211155e-15,71119
2026-04-01 11:29:56,-114.0562,53.5514,552.9,4643.0,-23.7,-26.0,-23.4,81,102,0.83,270,18.7,18.7,3.4351342716083256e-15,71119
2026-04-01 11:29:57,-114.0559,53.5514,552.6,4647.0,-23.7,-26.0,-23.5,81,102,0.83,270,18.7,18.7,3.4351342716083256e-15,71119
2026-04-01 11:29:58,-114.0556,53.5515,552.2,4651.0,-23.7,-26.0,-23.5,81,102,0.83,270,18.7,18.7,3.4351342716083256e-15,71119
2026-04-01 11:29:59,-114.0553,53.5515,551.9,4656.0,-23.7,-26.0,-23.4,82,103,0.83,270,18.7,18.7,3.4351342716083256e-15,71119
2026-04-01 11:30:00,-114.055,53.5515,551.5,4660.0,-23.7,-26.0,-23.4,82,103,0.83,270,18.8,18.8,3.453503973595536e-15,71119
2026-04-01 11:30:01,-114.0547,53.5515,551.2,4666.0,-23.8,-26.0,-23.5,82,103,0.83,270,18.8,18.8,3.453503973595536e-15,71119
2026-04-01 11:30:02,-114.0543,53.5515,550.8,4670.0,-23.8,-26.0,-23.5,82,103,0.83,270,18.8,18.8,3.453503973595536e-15,71119
2026-04-01 11:30:03,-114.054,53.5515,550.5,4674.0,-23.8,-26.2,-23.6,81,102,0.82,269,18.8,18.797136668940155,0.32810524102092975,71119
2026-04-01 11:30:04,-114.0536,53.5515,550.3,4677.0,-23.8,-26.4,-23.8,79,100,0.81,269,18.8,18.797136668940155,0.32810524102092975,71119
2026-04-01 11:30:05,-114.0533,53.5515,550.1,4680.0,-23.7,-26.7,-24.1,76,96,0.78,269,18.7,18.697151899424515,0.3263600003772014,71119
2026-04-01 11:30:06,-114.053,53.5515,549.8,4684.0,-23.4,-27.0,-24.4,72,91,0.76,269,18.7,18.697151899424515,0.3263600003772014,71119
2026-04-01 11:30:07,-114.0527,53.5514,549.5,4687.0,-23.2,-27.3,-24.7,69,87,0.74,269,18.7,18.697151899424515,0.3263600003772014,71119
2026-04-01 11:30:08,-114.0524,53.5515,549.3,4691.0,-23.2,-27.4,-24.8,68,85,0.73,269,18.6,18.59716712990888,0.3246147597334731,71119
2026-04-01 11:30:09,-114.0522,53.5515,549.0,4694.0,-23.2,-27.4,-24.8,68,85,0.73,269,18.6,18.59716712990888,0.3246147597334731,71119
2026-04-01 11:30:10,-114.0519,53.5515,548.8,4697.0,-23.2,-27.4,-24.8,68,85,0.73,269,18.5,18.49718236039324,0.3228695190897447,71119
2026-04-01 11:30:11,-114.0517,53.5515,548.5,4701.0,-23.2,-27.4,-24.8,68,85,0.73,269,18.5,18.49718236039324,0.3228695190897447,71119
2026-04-01 11:30:12,-114.0514,53.5516,548.2,4705.0,-23.2,-27.5,-24.8,68,85,0.73,269,18.4,18.3971975908776,0.3211242784460163,71119
2026-04-01 11:30:13,-114.0512,53.5516,547.9,4708.0,-23.2,-27.5,-24.9,68,85,0.73,269,18.3,18.29721282136196,0.31937903780228805,71119
2026-04-01 11:30:14,-114.0509,53.5516,547.6,4713.0,-23.2,-27.6,-25.0,67,84,0.72,269,18.2,18.19722805184632,0.31763379715855966,71119
2026-04-01 11:30:15,-114.0506,53.5516,547.3,4716.0,-23.2,-27.7,-25.0,66,83,0.72,269,18.1,18.097243282330684,0.31588855651483133,71119
2026-04-01 11:30:16,-114.0504,53.5516,547.0,4720.0,-23.2,-27.8,-25.1,66,82,0.71,269,18.0,17.997258512815044,0.31414331587110295,71119
2026-04-01 11:30:17,-114.0501,53.5515,546.7,4725.0,-23.2,-27.9,-25.2,65,82,0.71,269,18.0,17.997258512815044,0.31414331587110295,71119
2026-04-01 11:30:18,-114.0498,53.5515,546.4,4729.0,-23.1,-28.0,-25.3,65,81,0.7,269,17.9,17.8972737432994,0.31239807522737456,71119
2026-04-01 11:30:19,-114.0495,53.5515,546.1,4733.0,-23.1,-28.1,-25.4,64,80,0.7,269,17.8,17.797288973783765,0.3106528345836463,71119
2026-04-01 11:30:20,-114.0493,53.5516,545.9,4736.0,-23.1,-28.2,-25.4,63,79,0.69,269,17.7,17.697304204268125,0.3089075939399179,71119
2026-04-01 11:30:21,-114.049,53.5516,545.6,4740.0,-23.1,-28.2,-25.5,63,79,0.69,269,17.6,17.59731943475249,0.30716235329618957,71119
2026-04-01 11:30:22,-114.0487,53.5516,545.3,4744.0,-23.1,-28.2,-25.5,63,79,0.69,269,17.5,17.497334665236846,0.3054171126524612,71119
2026-04-01 11:30:23,-114.0484,53.5516,545.0,4747.0,-23.1,-28.3,-25.6,63,78,0.68,269,17.5,17.497334665236846,0.3054171126524612,71119
2026-04-01 11:30:24,-114.0482,53.5516,544.8,4751.0,-23.1,-28.4,-25.7,62,78,0.68,269,17.4,17.397349895721206,0.30367187200873286,71119
2026-04-01 11:30:25,-114.0479,53.5516,544.5,4754.0,-23.1,-28.5,-25.8,61,77,0.67,270,17.4,17.4,3.1963281457745915e-15,71119
2026-04-01 11:30:26,-114.0477,53.5516,544.2,4758.0,-23.1,-28.6,-25.8,61,76,0.67,270,17.3,17.3,3.1779584437873815e-15,71119
2026-04-01 11:30:27,-114.0475,53.5516,544.0,4761.0,-23.1,-28.6,-25.9,61,76,0.66,270,17.3,17.3,3.1779584437873815e-15,71119
2026-04-01 11:30:28,-114.0473,53.5515,543.7,4765.0,-23.1,-28.6,-25.9,61,76,0.66,270,17.3,17.3,3.1779584437873815e-15,71119
2026-04-01 11:30:29,-114.047,53.5515,543.5,4769.0,-23.2,-28.6,-25.9,61,76,0.67,270,17.3,17.3,3.1779584437873815e-15,71119
2026-04-01 11:30:30,-114.0468,53.5515,543.1,4773.0,-23.2,-28.6,-25.9,61,76,0.66,270,17.3,17.3,3.1779584437873815e-15,71119
2026-04-01 11:30:31,-114.0466,53.5515,542.8,4777.0,-23.2,-28.7,-25.9,61,76,0.66,270,17.3,17.3,3.1779584437873815e-15,71119
2026-04-01 11:30:32,-114.0463,53.5515,542.5,4781.0,-23.2,-28.8,-26.0,60,76,0.66,270,17.3,17.3,3.1779584437873815e-15,71119
2026-04-01 11:30:33,-114.046,53.5515,542.2,4785.0,-23.3,-28.8,-26.0,61,76,0.66,270,17.4,17.4,3.1963281457745915e-15,71119
2026-04-01 11:30:34,-114.0457,53.5515,541.9,4789.0,-23.3,-28.8,-26.0,61,76,0.66,271,17.4,17.397349895721206,-0.3036718720087264,71119
2026-04-01 11:30:35,-114.0454,53.5515,541.6,4794.0,-23.3,-28.7,-26.0,61,77,0.66,271,17.5,17.497334665236846,-0.30541711265245475,71119
2026-04-01 11:30:36,-114.0452,53.5515,541.2,4798.0,-23.4,-28.7,-26.0,61,77,0.66,271,17.6,17.59731943475249,-0.30716235329618313,71119
2026-04-01 11:30:37,-114.0449,53.5515,540.9,4804.0,-23.4,-28.7,-26.0,62,78,0.66,271,17.7,17.697304204268125,-0.3089075939399114,71119
2026-04-01 11:30:38,-114.0447,53.5515,540.5,4809.0,-23.4,-28.7,-25.9,62,78,0.66,271,17.8,17.797288973783765,-0.31065283458363974,71119
2026-04-01 11:30:39,-114.0445,53.5515,540.1,4813.0,-23.5,-28.7,-25.9,62,78,0.66,271,17.8,17.797288973783765,-0.31065283458363974,71119
2026-04-01 11:30:40,-114.0442,53.5516,539.8,4818.0,-23.5,-28.7,-26.0,62,78,0.66,272,17.9,17.889095803641812,-0.6247009909747729,71119
2026-04-01 11:30:41,-114.044,53.5516,539.5,4822.0,-23.6,-28.8,-26.0,62,78,0.66,272,18.0,17.989034886343724,-0.628190940645023,71119
2026-04-01 11:30:42,-114.0437,53.5516,539.2,4827.0,-23.6,-28.8,-26.1,62,78,0.66,272,18.1,18.088973969045636,-0.6316808903152732,71119
2026-04-01 11:30:43,-114.0435,53.5516,538.9,4831.0,-23.7,-28.8,-26.1,62,79,0.66,272,18.2,18.18891305174754,-0.6351708399855233,71119
2026-04-01 11:30:44,-114.0431,53.5516,538.5,4835.0,-23.7,-28.8,-26.0,63,79,0.66,273,18.3,18.274920486008703,-0.9577479992458743,71119
2026-04-01 11:30:45,-114.0428,53.5516,538.2,4840.0,-23.7,-28.7,-25.9,64,80,0.67,273,18.4,18.37478343948416,-0.9629815948701685,71119
2026-04-01 11:30:46,-114.0425,53.5516,537.8,4845.0,-23.8,-28.6,-25.9,64,81,0.67,273,18.5,18.474646392959617,-0.968215190494463,71119
2026-04-01 11:30:47,-114.0422,53.5516,537.4,4850.0,-23.8,-28.5,-25.8,65,82,0.68,273,18.5,18.474646392959617,-0.968215190494463,71119
2026-04-01 11:30:48,-114.0419,53.5515,537.1,4855.0,-23.9,-28.5,-25.8,66,83,0.68,273,18.6,18.574509346435075,-0.9734487861187575,71119
2026-04-01 11:30:49,-114.0415,53.5515,536.8,4859.0,-23.9,-28.5,-25.7,66,83,0.68,273,18.6,18.574509346435075,-0.9734487861187575,71119
2026-04-01 11:30:50,-114.0412,53.5514,536.5,4863.0,-23.9,-28.5,-25.8,66,83,0.68,274,18.7,18.654447739858714,-1.3044460590151417,71119
2026-04-01 11:30:51,-114.0409,53.5514,536.2,4866.0,-24.0,-28.5,-25.8,66,83,0.68,274,18.7,18.654447739858714,-1.3044460590151417,71119
2026-04-01 11:30:52,-114.0406,53.5514,536.0,4870.0,-24.0,-28.5,-25.8,66,84,0.68,274,18.8,18.7542041448847,-1.3114217063895541,71119
2026-04-01 11:30:53,-114.0403,53.5513,535.7,4873.0,-24.0,-28.5,-25.8,66,84,0.68,274,18.8,18.7542041448847,-1.3114217063895541,71119
2026-04-01 11:30:54,-114.04,53.5513,535.5,4877.0,-24.1,-28.5,-25.8,66,84,0.68,274,18.8,18.7542041448847,-1.3114217063895541,71119
2026-04-01 11:30:55,-114.0398,53.5513,535.2,4880.0,-24.1,-28.5,-25.8,67,84,0.68,274,18.8,18.7542041448847,-1.3114217063895541,71119
2026-04-01 11:30:56,-114.0395,53.5513,534.9,4884.0,-24.1,-28.5,-25.8,67,85,0.68,274,18.8,18.7542041448847,-1.3114217063895541,71119
2026-04-01 11:30:57,-114.0392,53.5513,534.7,4888.0,-24.2,-28.5,-25.8,67,85,0.68,274,18.8,18.7542041448847,-1.3114217063895541,71119
2026-04-01 11:30:58,-114.0389,53.5513,534.4,4892.0,-24.2,-28.5,-25.7,68,86,0.69,274,18.8,18.7542041448847,-1.3114217063895541,71119
2026-04-01 11:30:59,-114.0386,53.5513,534.1,4895.0,-24.2,-28.4,-25.7,68,86,0.69,274,18.9,18.853960549910678,-1.3183973537639666,71119
2026-04-01 11:31:00,-114.0384,53.5513,533.9,4899.0,-24.2,-28.4,-25.7,68,87,0.69,274,18.9,18.853960549910678,-1.3183973537639666,71119
2026-04-01 11:31:01,-114.0382,53.5513,533.6,4902.0,-24.3,-28.5,-25.7,68,87,0.69,274,18.8,18.7542041448847,-1.3114217063895541,71119
2026-04-01 11:31:02,-114.0379,53.5513,533.3,4906.0,-24.3,-28.5,-25.8,68,87,0.69,274,18.8,18.7542041448847,-1.3114217063895541,71119
2026-04-01 11:31:03,-114.0377,53.5513,533.0,4910.0,-24.3,-28.5,-25.8,68,87,0.68,274,18.8,18.7542041448847,-1.3114217063895541,71119
2026-04-01 11:31:04,-114.0374,53.5513,532.7,4915.0,-24.4,-28.5,-25.8,69,87,0.68,274,18.8,18.7542041448847,-1.3114217063895541,71119
2026-04-01 11:31:05,-114.0371,53.5513,532.4,4918.0,-24.4,-28.5,-25.8,69,87,0.68,274,18.8,18.7542041448847,-1.3114217063895541,71119
2026-04-01 11:31:06,-114.0368,53.5512,532.1,4922.0,-24.4,-28.5,-25.8,69,87,0.69,274,18.8,18.7542041448847,-1.3114217063895541,71119
2026-04-01 11:31:07,-114.0365,53.5512,531.8,4926.0,-24.5,-28.5,-25.7,69,88,0.69,274,18.8,18.7542041448847,-1.3114217063895541,71119
2026-04-01 11:31:08,-114.0363,53.5512,531.5,4931.0,-24.5,-28.4,-25.7,70,89,0.69,274,18.8,18.7542041448847,-1.3114217063895541,71119
2026-04-01 11:31:09,-114.036,53.5511,531.2,4935.0,-24.5,-28.5,-25.8,70,88,0.69,274,18.8,18.7542041448847,-1.3114217063895541,71119
2026-04-01 11:31:10,-114.0357,53.5511,530.9,4940.0,-24.6,-28.6,-25.9,69,88,0.68,274,18.8,18.7542041448847,-1.3114217063895541,71119
2026-04-01 11:31:11,-114.0354,53.5511,530.5,4945.0,-24.6,-28.6,-25.9,69,88,0.68,274,18.8,18.7542041448847,-1.3114217063895541,71119
2026-04-01 11:31:12,-114.0352,53.5511,530.1,4950.0,-24.6,-28.6,-25.9,69,88,0.68,274,18.8,18.7542041448847,-1.3114217063895541,71119
2026-04-01 11:31:13,-114.0349,53.5511,529.8,4955.0,-24.7,-28.7,-25.9,70,89,0.68,274,18.9,18.853960549910678,-1.3183973537639666,71119
2026-04-01 11:31:14,-114.0346,53.5511,529.4,4960.0,-24.7,-28.7,-26.0,70,89,0.68,274,18.9,18.853960549910678,-1.3183973537639666,71119
2026-04-01 11:31:15,-114.0343,53.5511,529.1,4964.0,-24.8,-28.7,-26.0,70,89,0.67,274,18.9,18.853960549910678,-1.3183973537639666,71119
2026-04-01 11:31:16,-114.0339,53.5511,528.7,4969.0,-24.8,-28.7,-26.0,70,89,0.68,274,18.9,18.853960549910678,-1.3183973537639666,71119
2026-04-01 11:31:17,-114.0336,53.5511,528.3,4975.0,-24.9,-28.7,-25.9,71,90,0.68,274,18.8,18.7542041448847,-1.3114217063895541,71119
2026-04-01 11:31:18,-114.0333,53.5511,527.9,4980.0,-24.9,-28.6,-25.8,71,91,0.69,274,18.8,18.7542041448847,-1.3114217063895541,71119
2026-04-01 11:31:19,-114.0329,53.5511,527.5,4986.0,-25.0,-28.6,-25.8,72,92,0.69,274,18.8,18.7542041448847,-1.3114217063895541,71119
2026-04-01 11:31:20,-114.0326,53.5511,527.2,4991.0,-25.0,-28.6,-25.9,72,92,0.68,274,18.8,18.7542041448847,-1.3114217063895541,71119
2026-04-01 11:31:21,-114.0323,53.551,526.8,4996.0,-25.1,-28.7,-26.0,71,91,0.68,274,18.8,18.7542041448847,-1.3114217063895541,71119
2026-04-01 11:31:22,-114.032,53.5511,526.4,5001.0,-25.1,-28.8,-26.0,71,91,0.68,274,18.8,18.7542041448847,-1.3114217063895541,71119
2026-04-01 11:31:23,-114.0318,53.5511,526.1,5006.0,-25.1,-28.8,-26.0,72,92,0.68,274,18.8,18.7542041448847,-1.3114217063895541,71119
2026-04-01 11:31:24,-114.0315,53.5511,525.7,5011.0,-25.2,-28.8,-26.0,72,92,0.68,274,18.8,18.7542041448847,-1.3114217063895541,71119
2026-04-01 11:31:25,-114.0313,53.5511,525.3,5016.0,-25.2,-28.8,-26.0,72,93,0.68,274,18.8,18.7542041448847,-1.3114217063895541,71119
2026-04-01 11:31:26,-114.031,53.5511,525.0,5020.0,-25.3,-28.8,-26.0,72,93,0.68,275,18.8,18.728460324124818,-1.6385279636559684,71119
2026-04-01 11:31:27,-114.0308,53.551,524.7,5025.0,-25.3,-28.8,-26.1,72,93,0.67,275,18.8,18.728460324124818,-1.6385279636559684,71119
2026-04-01 11:31:28,-114.0306,53.551,524.3,5030.0,-25.3,-28.8,-26.0,73,93,0.68,275,18.8,18.728460324124818,-1.6385279636559684,71119
2026-04-01 11:31:29,-114.0303,53.5509,524.0,5034.0,-25.4,-28.8,-26.0,73,94,0.68,275,18.8,18.728460324124818,-1.6385279636559684,71119
2026-04-01 11:31:30,-114.03,53.5509,523.6,5039.0,-25.4,-28.8,-26.0,74,94,0.68,275,18.8,18.728460324124818,-1.6385279636559684,71119
2026-04-01 11:31:31,-114.0298,53.5509,523.3,5044.0,-25.5,-28.9,-26.1,73,94,0.67,275,18.8,18.728460324124818,-1.6385279636559684,71119
2026-04-01 11:31:32,-114.0295,53.5508,523.0,5049.0,-25.5,-29.0,-26.2,72,93,0.67,275,18.8,18.728460324124818,-1.6385279636559684,71119
2026-04-01 11:31:33,-114.0292,53.5508,522.6,5054.0,-25.5,-29.1,-26.3,72,92,0.66,275,18.8,18.728460324124818,-1.6385279636559684,71119
2026-04-01 11:31:34,-114.029,53.5508,522.2,5059.0,-25.5,-29.0,-26.3,72,93,0.66,275,18.9,18.828079793933988,-1.647243537930734,71119
2026-04-01 11:31:35,-114.0287,53.5508,521.8,5065.0,-25.5,-28.9,-26.2,73,94,0.67,275,18.9,18.828079793933988,-1.647243537930734,71119
2026-04-01 11:31:36,-114.0284,53.5508,521.4,5071.0,-25.6,-28.8,-26.0,75,96,0.68,275,18.9,18.828079793933988,-1.647243537930734,71119
2026-04-01 11:31:37,-114.0282,53.5509,520.9,5077.0,-25.6,-28.7,-25.9,76,97,0.69,274,19.0,18.953716954936663,-1.325373001138379,71119
2026-04-01 11:31:38,-114.0278,53.5509,520.5,5082.0,-25.7,-28.7,-25.9,76,98,0.69,274,19.0,18.953716954936663,-1.325373001138379,71119
2026-04-01 11:31:39,-114.0275,53.5509,520.2,5088.0,-25.7,-28.8,-26.0,76,97,0.68,274,19.0,18.953716954936663,-1.325373001138379,71119
2026-04-01 11:31:40,-114.0272,53.5508,519.8,5092.0,-25.8,-28.9,-26.2,75,96,0.68,274,19.1,19.053473359962645,-1.3323486485127918,71119
2026-04-01 11:31:41,-114.0268,53.5508,519.5,5097.0,-25.8,-28.9,-26.2,75,97,0.68,274,19.2,19.153229764988627,-1.3393242958872043,71119
2026-04-01 11:31:42,-114.0264,53.5508,519.2,5102.0,-25.8,-28.8,-26.0,76,98,0.68,274,19.2,19.153229764988627,-1.3393242958872043,71119
2026-04-01 11:31:43,-114.0261,53.5507,518.8,5107.0,-25.9,-28.7,-25.9,77,100,0.69,274,19.3,19.25298617001461,-1.3462999432616167,71119
2026-04-01 11:31:44,-114.0258,53.5507,518.4,5112.0,-25.9,-28.7,-25.9,78,100,0.69,274,19.4,19.35274257504059,-1.3532755906360292,71119
2026-04-01 11:31:45,-114.0255,53.5507,518.0,5118.0,-26.0,-28.8,-26.0,77,100,0.69,274,19.4,19.35274257504059,-1.3532755906360292,71119
2026-04-01 11:31:46,-114.0252,53.5507,517.6,5123.0,-26.0,-28.8,-26.1,77,100,0.68,274,19.5,19.452498980066576,-1.3602512380104417,71119
2026-04-01 11:31:47,-114.025,53.5506,517.3,5128.0,-26.1,-28.8,-26.0,78,101,0.69,274,19.6,19.552255385092558,-1.3672268853848544,71119
2026-04-01 11:31:48,-114.0248,53.5507,517.0,5132.0,-26.1,-28.7,-25.9,79,102,0.69,274,19.7,19.65201179011854,-1.3742025327592668,71119
2026-04-01 11:31:49,-114.0246,53.5507,516.7,5136.0,-26.2,-28.6,-25.8,80,103,0.7,274,19.7,19.65201179011854,-1.3742025327592668,71119
2026-04-01 11:31:50,-114.0243,53.5507,516.4,5141.0,-26.2,-28.5,-25.8,81,104,0.7,274,19.8,19.75176819514452,-1.3811781801336793,71119
2026-04-01 11:31:51,-114.0241,53.5507,516.1,5145.0,-26.3,-28.6,-25.8,81,104,0.7,274,19.9,19.851524600170503,-1.3881538275080918,71119
2026-04-01 11:31:52,-114.0238,53.5507,515.8,5149.0,-26.3,-28.6,-25.9,81,104,0.7,273,20.0,19.972590695091476,-1.046719124858879,71119
2026-04-01 11:31:53,-114.0235,53.5507,515.5,5153.0,-26.3,-28.7,-25.9,81,104,0.7,273,20.1,20.072453648566935,-1.0519527204831733,71119
2026-04-01 11:31:54,-114.0232,53.5508,515.1,5158.0,-26.3,-28.7,-26.0,80,104,0.69,273,20.2,20.17231660204239,-1.0571863161074677,71119
2026-04-01 11:31:55,-114.0228,53.5507,514.8,5163.0,-26.4,-28.7,-26.0,80,104,0.69,273,20.3,20.272179555517848,-1.062419911731762,71119
2026-04-01 11:31:56,-114.0225,53.5507,514.4,5168.0,-26.4,-28.8,-26.0,81,104,0.69,273,20.3,20.272179555517848,-1.062419911731762,71119
2026-04-01 11:31:57,-114.0222,53.5507,514.1,5173.0,-26.4,-28.8,-26.0,80,104,0.69,273,20.4,20.372042508993303,-1.0676535073560565,71119
2026-04-01 11:31:58,-114.0219,53.5506,513.7,5178.0,-26.5,-28.9,-26.1,80,104,0.69,273,20.5,20.471905462468765,-1.0728871029803508,71119
2026-04-01 11:31:59,-114.0215,53.5506,513.4,5182.0,-26.5,-29.0,-26.2,80,103,0.68,273,20.6,20.571768415944224,-1.0781206986046454,71119
2026-04-01 11:32:00,-114.0212,53.5505,513.1,5186.0,-26.5,-29.0,-26.2,80,103,0.68,273,20.7,20.67163136941968,-1.0833542942289396,71119
2026-04-01 11:32:01,-114.0208,53.5505,512.8,5190.0,-26.6,-29.0,-26.3,80,103,0.68,274,20.7,20.64957584037836,-1.443959006503392,71119
2026-04-01 11:32:02,-114.0205,53.5505,512.5,5194.0,-26.6,-29.1,-26.3,79,103,0.67,274,20.8,20.749332245404347,-1.4509346538778045,71119
2026-04-01 11:32:03,-114.0201,53.5504,512.2,5199.0,-26.6,-29.2,-26.4,79,102,0.67,274,20.9,20.84908865043033,-1.457910301252217,71119
2026-04-01 11:32:04,-114.0198,53.5504,511.9,5203.0,-26.6,-29.3,-26.5,78,101,0.66,274,20.9,20.84908865043033,-1.457910301252217,71119
2026-04-01 11:32:05,-114.0195,53.5504,511.6,5208.0,-26.7,-29.4,-26.6,78,101,0.66,274,21.0,20.94884505545631,-1.4648859486266297,71119
2026-04-01 11:32:06,-114.0192,53.5504,511.2,5214.0,-26.7,-29.4,-26.6,77,100,0.65,274,21.0,20.94884505545631,-1.4648859486266297,71119
2026-04-01 11:32:07,-114.0189,53.5505,510.8,5219.0,-26.7,-29.5,-26.7,77,101,0.65,274,21.1,21.048601460482296,-1.4718615960010422,71119
2026-04-01 11:32:08,-114.0186,53.5505,510.5,5223.0,-26.7,-29.5,-26.7,78,101,0.65,274,21.1,21.048601460482296,-1.4718615960010422,71119
2026-04-01 11:32:09,-114.0183,53.5505,510.2,5228.0,-26.8,-29.6,-26.8,77,100,0.65,274,21.2,21.148357865508274,-1.4788372433754546,71119
2026-04-01 11:32:10,-114.018,53.5505,509.9,5232.0,-26.8,-29.8,-26.9,76,98,0.64,274,21.2,21.148357865508274,-1.4788372433754546,71119
2026-04-01 11:32:11,-114.0177,53.5505,509.6,5236.0,-26.8,-30.1,-27.2,74,96,0.62,274,21.2,21.148357865508274,-1.4788372433754546,71119
2026-04-01 11:32:12,-114.0173,53.5505,509.3,5240.0,-26.8,-30.4,-27.6,71,93,0.6,274,21.2,21.148357865508274,-1.4788372433754546,71119
2026-04-01 11:32:13,-114.017,53.5505,509.0,5244.0,-26.8,-30.7,-27.8,69,90,0.58,274,21.2,21.148357865508274,-1.4788372433754546,71119
2026-04-01 11:32:14,-114.0166,53.5505,508.8,5248.0,-26.8,-30.9,-28.0,68,88,0.57,275,21.2,21.119327599545006,-1.847701746250347,71119
2026-04-01 11:32:15,-114.0163,53.5504,508.5,5251.0,-26.8,-31.0,-28.0,68,88,0.57,275,21.3,21.21894706935418,-1.856417320525113,71119
2026-04-01 11:32:16,-114.016,53.5504,508.3,5255.0,-26.8,-30.9,-28.0,68,89,0.57,275,21.3,21.21894706935418,-1.856417320525113,71119
2026-04-01 11:32:17,-114.0157,53.5504,508.0,5259.0,-26.8,-30.8,-27.9,69,90,0.58,275,21.3,21.21894706935418,-1.856417320525113,71119
2026-04-01 11:32:18,-114.0154,53.5504,507.7,5263.0,-26.8,-30.7,-27.8,70,90,0.58,275,21.3,21.21894706935418,-1.856417320525113,71119
2026-04-01 11:32:19,-114.0151,53.5503,507.4,5268.0,-26.8,-30.7,-27.8,70,91,0.59,275,21.3,21.21894706935418,-1.856417320525113,71119
2026-04-01 11:32:20,-114.0148,53.5503,507.0,5272.0,-26.9,-30.7,-27.8,70,91,0.59,275,21.3,21.21894706935418,-1.856417320525113,71119
2026-04-01 11:32:21,-114.0145,53.5503,506.7,5277.0,-26.9,-30.7,-27.8,70,92,0.59,275,21.3,21.21894706935418,-1.856417320525113,71119
2026-04-01 11:32:22,-114.0141,53.5503,506.4,5281.0,-26.9,-30.7,-27.8,71,92,0.59,276,21.3,21.183316371344223,-2.2264562676010087,71119
2026-04-01 11:32:23,-114.0138,53.5502,506.1,5285.0,-27.0,-30.7,-27.8,71,92,0.59,276,21.3,21.183316371344223,-2.2264562676010087,71119
2026-04-01 11:32:24,-114.0135,53.5502,505.9,5288.0,-27.0,-30.6,-27.7,71,93,0.59,276,21.3,21.183316371344223,-2.2264562676010087,71119
2026-04-01 11:32:25,-114.0132,53.5502,505.7,5292.0,-27.0,-30.6,-27.7,72,94,0.59,276,21.3,21.183316371344223,-2.2264562676010087,71119
2026-04-01 11:32:26,-114.0129,53.5501,505.4,5296.0,-27.1,-30.5,-27.7,72,94,0.6,276,21.3,21.183316371344223,-2.2264562676010087,71119
2026-04-01 11:32:27,-114.0125,53.5501,505.1,5299.0,-27.1,-30.5,-27.7,72,94,0.6,276,21.3,21.183316371344223,-2.2264562676010087,71119
2026-04-01 11:32:28,-114.0122,53.5501,504.9,5303.0,-27.1,-30.6,-27.7,73,95,0.6,276,21.3,21.183316371344223,-2.2264562676010087,71119
2026-04-01 11:32:29,-114.0119,53.5501,504.6,5307.0,-27.2,-30.6,-27.7,73,95,0.59,276,21.3,21.183316371344223,-2.2264562676010087,71119
2026-04-01 11:32:30,-114.0116,53.55,504.4,5310.0,-27.2,-30.7,-27.8,72,94,0.59,276,21.4,21.28276856088105,-2.2369091139277737,71119
2026-04-01 11:32:31,-114.0113,53.5501,504.1,5314.0,-27.2,-30.7,-27.8,72,94,0.59,276,21.4,21.28276856088105,-2.2369091139277737,71119
2026-04-01 11:32:32,-114.011,53.5501,503.8,5318.0,-27.3,-30.7,-27.8,73,95,0.59,276,21.4,21.28276856088105,-2.2369091139277737,71119
2026-04-01 11:32:33,-114.0106,53.55,503.6,5322.0,-27.3,-30.6,-27.7,73,96,0.59,276,21.4,21.28276856088105,-2.2369091139277737,71119
2026-04-01 11:32:34,-114.0103,53.55,503.3,5325.0,-27.3,-30.5,-27.7,74,97,0.6,276,21.4,21.28276856088105,-2.2369091139277737,71119
2026-04-01 11:32:35,-114.01,53.55,503.1,5329.0,-27.4,-30.5,-27.6,75,98,0.6,276,21.4,21.28276856088105,-2.2369091139277737,71119
2026-04-01 11:32:36,-114.0096,53.55,502.8,5333.0,-27.4,-30.5,-27.6,75,98,0.6,276,21.4,21.28276856088105,-2.2369091139277737,71119
2026-04-01 11:32:37,-114.0093,53.5499,502.5,5336.0,-27.4,-30.5,-27.6,75,98,0.6,276,21.5,21.38222075041788,-2.247361960254539,71119
2026-04-01 11:32:38,-114.009,53.5499,502.3,5340.0,-27.4,-30.5,-27.6,75,99,0.6,276,21.5,21.38222075041788,-2.247361960254539,71119
2026-04-01 11:32:39,-114.0087,53.5499,502.0,5344.0,-27.5,-30.5,-27.6,76,99,0.6,276,21.5,21.38222075041788,-2.247361960254539,71119
2026-04-01 11:32:40,-114.0084,53.5498,501.8,5348.0,-27.5,-30.5,-27.6,76,99,0.6,276,21.5,21.38222075041788,-2.247361960254539,71119
2026-04-01 11:32:41,-114.008,53.5498,501.5,5352.0,-27.5,-30.5,-27.6,76,99,0.6,276,21.5,21.38222075041788,-2.247361960254539,71119
2026-04-01 11:32:42,-114.0077,53.5498,501.2,5356.0,-27.6,-30.5,-27.7,76,99,0.6,276,21.5,21.38222075041788,-2.247361960254539,71119
2026-04-01 11:32:43,-114.0074,53.5498,500.9,5359.0,-27.6,-30.6,-27.7,76,99,0.6,276,21.5,21.38222075041788,-2.247361960254539,71119
2026-04-01 11:32:44,-114.0071,53.5497,500.7,5363.0,-27.6,-30.6,-27.7,76,99,0.6,276,21.5,21.38222075041788,-2.247361960254539,71119
2026-04-01 11:32:45,-114.0068,53.5497,500.4,5367.0,-27.6,-30.5,-27.6,77,100,0.61,276,21.5,21.38222075041788,-2.247361960254539,71119
2026-04-01 11:32:46,-114.0066,53.5497,500.2,5370.0,-27.7,-30.3,-27.5,78,102,0.61,276,21.5,21.38222075041788,-2.247361960254539,71119
2026-04-01 11:32:46,-114.0065,53.5497,500.0,5373.0,-27.7,-30.3,-27.4,78,103,0.62,276,21.5,21.38222075041788,-2.247361960254539,71119
2026-04-01 11:32:47,-114.0061,53.5497,499.9,5374.0,-27.7,-30.3,-27.4,79,103,0.62,275,21.5,21.41818600897253,-1.8738484690746446,71119
2026-04-01 11:32:48,-114.0058,53.5497,499.7,5378.0,-27.7,-30.3,-27.4,79,103,0.62,275,21.5,21.41818600897253,-1.8738484690746446,71119
2026-04-01 11:32:49,-114.0055,53.5497,499.4,5382.0,-27.7,-30.4,-27.5,78,103,0.61,275,21.5,21.41818600897253,-1.8738484690746446,71119
2026-04-01 11:32:50,-114.0051,53.5497,499.1,5386.0,-27.8,-30.4,-27.5,78,102,0.61,275,21.4,21.318566539163353,-1.8651328947998786,71119
2026-04-01 11:32:51,-114.0048,53.5497,498.9,5389.0,-27.8,-30.5,-27.6,78,102,0.61,275,21.4,21.318566539163353,-1.8651328947998786,71119
2026-04-01 11:32:52,-114.0044,53.5497,498.6,5393.0,-27.8,-30.5,-27.6,78,102,0.61,275,21.4,21.318566539163353,-1.8651328947998786,71119
2026-04-01 11:32:53,-114.0041,53.5497,498.4,5396.0,-27.8,-30.5,-27.6,78,102,0.61,275,21.4,21.318566539163353,-1.8651328947998786,71119
2026-04-01 11:32:54,-114.0038,53.5496,498.1,5400.0,-27.9,-30.5,-27.6,78,103,0.61,275,21.3,21.21894706935418,-1.856417320525113,71119
2026-04-01 11:32:55,-114.0035,53.5496,497.9,5404.0,-27.9,-30.5,-27.6,79,103,0.61,275,21.3,21.21894706935418,-1.856417320525113,71119
2026-04-01 11:32:56,-114.0032,53.5496,497.6,5407.0,-28.0,-30.5,-27.6,79,104,0.61,275,21.2,21.119327599545006,-1.847701746250347,71119
2026-04-01 11:32:57,-114.0029,53.5495,497.4,5410.0,-28.0,-30.4,-27.6,80,105,0.61,275,21.1,21.019708129735832,-1.8389861719755816,71119
2026-04-01 11:32:58,-114.0026,53.5495,497.2,5414.0,-28.0,-30.4,-27.5,80,105,0.61,275,21.1,21.019708129735832,-1.8389861719755816,71119
2026-04-01 11:32:59,-114.0023,53.5495,496.9,5418.0,-28.1,-30.4,-27.5,80,106,0.62,275,21.0,20.920088659926655,-1.8302705977008156,71119
2026-04-01 11:33:00,-114.0019,53.5495,496.6,5421.0,-28.1,-30.4,-27.5,81,106,0.62,275,20.9,20.820469190117482,-1.8215550234260498,71119
2026-04-01 11:33:01,-114.0016,53.5494,496.4,5425.0,-28.1,-30.4,-27.5,81,106,0.61,275,20.8,20.72084972030831,-1.812839449151284,71119
2026-04-01 11:33:02,-114.0013,53.5494,496.1,5429.0,-28.2,-30.5,-27.6,81,106,0.61,275,20.7,20.62123025049913,-1.8041238748765183,71119
2026-04-01 11:33:03,-114.001,53.5494,495.9,5433.0,-28.2,-30.6,-27.7,80,105,0.61,275,20.6,20.521610780689958,-1.7954083006017527,71119
2026-04-01 11:33:04,-114.0007,53.5494,495.6,5436.0,-28.2,-30.7,-27.8,80,105,0.6,275,20.5,20.421991310880784,-1.7866927263269867,71119
2026-04-01 11:33:05,-114.0003,53.5494,495.4,5440.0,-28.3,-30.7,-27.8,79,105,0.6,275,20.4,20.322371841071607,-1.7779771520522207,71119
2026-04-01 11:33:06,-114.0,53.5494,495.1,5444.0,-28.3,-30.8,-27.9,79,105,0.6,275,20.3,20.222752371262434,-1.7692615777774552,71119
2026-04-01 11:33:07,-113.9997,53.5494,494.8,5448.0,-28.3,-30.8,-27.9,80,105,0.6,275,20.2,20.12313290145326,-1.7605460035026892,71119
2026-04-01 11:33:08,-113.9994,53.5494,494.5,5453.0,-28.4,-30.7,-27.8,80,105,0.6,275,20.1,20.023513431644087,-1.7518304292279236,71119
2026-04-01 11:33:09,-113.999,53.5494,494.1,5458.0,-28.4,-30.7,-27.8,81,106,0.6,274,20.0,19.951281005196485,-1.3951294748825043,71119
2026-04-01 11:33:10,-113.9987,53.5494,493.8,5462.0,-28.4,-30.6,-27.8,81,107,0.6,274,19.9,19.851524600170503,-1.3881538275080918,71119
2026-04-01 11:33:11,-113.9984,53.5493,493.5,5467.0,-28.5,-30.6,-27.7,82,108,0.61,274,19.8,19.75176819514452,-1.3811781801336793,71119
2026-04-01 11:33:12,-113.9982,53.5493,493.2,5472.0,-28.5,-30.6,-27.7,83,109,0.61,274,19.7,19.65201179011854,-1.3742025327592668,71119
2026-04-01 11:33:13,-113.9979,53.5493,492.9,5476.0,-28.6,-30.5,-27.7,83,110,0.61,274,19.6,19.552255385092558,-1.3672268853848544,71119
2026-04-01 11:33:14,-113.9977,53.5493,492.5,5481.0,-28.6,-30.5,-27.7,83,110,0.61,274,19.6,19.552255385092558,-1.3672268853848544,71119
2026-04-01 11:33:15,-113.9974,53.5493,492.2,5485.0,-28.6,-30.6,-27.7,84,111,0.61,274,19.5,19.452498980066576,-1.3602512380104417,71119
2026-04-01 11:33:16,-113.9972,53.5493,492.0,5489.0,-28.7,-30.6,-27.7,84,111,0.61,274,19.4,19.35274257504059,-1.3532755906360292,71119
2026-04-01 11:33:17,-113.9969,53.5493,491.7,5493.0,-28.7,-30.7,-27.8,83,110,0.61,274,19.4,19.35274257504059,-1.3532755906360292,71119
2026-04-01 11:33:18,-113.9967,53.5493,491.4,5497.0,-28.7,-30.9,-28.0,82,108,0.59,274,19.3,19.25298617001461,-1.3462999432616167,71119
2026-04-01 11:33:19,-113.9964,53.5493,491.1,5502.0,-28.7,-31.3,-28.4,78,104,0.57,274,19.3,19.25298617001461,-1.3462999432616167,71119
2026-04-01 11:33:20,-113.9961,53.5492,490.8,5506.0,-28.7,-32.1,-29.1,73,97,0.53,274,19.3,19.25298617001461,-1.3462999432616167,71119
2026-04-01 11:33:21,-113.9958,53.5492,490.5,5510.0,-28.7,-33.1,-30.0,66,87,0.48,274,19.3,19.25298617001461,-1.3462999432616167,71119
2026-04-01 11:33:22,-113.9955,53.5492,490.2,5515.0,-28.6,-34.3,-31.2,58,77,0.43,274,19.2,19.153229764988627,-1.3393242958872043,71119
2026-04-01 11:33:23,-113.9952,53.5492,489.9,5520.0,-28.6,-35.6,-32.4,51,67,0.38,274,19.2,19.153229764988627,-1.3393242958872043,71119
2026-04-01 11:33:24,-113.9949,53.5492,489.5,5525.0,-28.5,-37.0,-33.7,44,58,0.33,274,19.3,19.25298617001461,-1.3462999432616167,71119
2026-04-01 11:33:25,-113.9945,53.5492,489.1,5530.0,-28.4,-38.5,-35.1,38,50,0.28,274,19.3,19.25298617001461,-1.3462999432616167,71119
2026-04-01 11:33:26,-113.9943,53.5492,488.8,5535.0,-28.3,-39.9,-36.4,32,43,0.24,274,19.3,19.25298617001461,-1.3462999432616167,71119
2026-04-01 11:33:27,-113.994,53.5491,488.5,5540.0,-28.3,-41.1,-37.5,28,37,0.22,274,19.3,19.25298617001461,-1.3462999432616167,71119
2026-04-01 11:33:28,-113.9937,53.5491,488.2,5544.0,-28.2,-42.3,-38.7,25,33,0.19,274,19.3,19.25298617001461,-1.3462999432616167,71119
2026-04-01 11:33:29,-113.9934,53.5491,487.9,5549.0,-28.2,-44.2,-40.5,20,27,0.16,274,19.4,19.35274257504059,-1.3532755906360292,71119
2026-04-01 11:33:30,-113.9932,53.549,487.5,5554.0,-28.1,-47.2,-43.3,15,19,0.11,273,19.4,19.373412974238732,-1.0153175511131125,71119
2026-04-01 11:33:31,-113.9929,53.549,487.1,5560.0,-28.0,-50.6,-46.6,10,13,0.08,273,19.5,19.47327592771419,-1.0205511467374069,71119
2026-04-01 11:33:32,-113.9926,53.549,486.8,5565.0,-28.0,-53.4,-49.3,7,9,0.05,273,19.5,19.47327592771419,-1.0205511467374069,71119
2026-04-01 11:33:33,-113.9923,53.549,486.5,5569.0,-28.0,-54.6,-50.4,6,8,0.05,273,19.5,19.47327592771419,-1.0205511467374069,71119
2026-04-01 11:33:34,-113.992,53.549,486.2,5573.0,-27.9,-54.3,-50.1,6,8,0.05,273,19.5,19.47327592771419,-1.0205511467374069,71119
2026-04-01 11:33:35,-113.9917,53.549,486.0,5576.0,-27.9,-53.8,-49.6,7,9,0.05,273,19.6,19.57313888118965,-1.0257847423617015,71119
2026-04-01 11:33:36,-113.9914,53.5491,485.8,5580.0,-27.9,-53.6,-49.5,7,9,0.05,273,19.6,19.57313888118965,-1.0257847423617015,71119
2026-04-01 11:33:37,-113.9911,53.5491,485.5,5584.0,-27.9,-53.7,-49.6,7,9,0.05,273,19.6,19.57313888118965,-1.0257847423617015,71119
2026-04-01 11:33:38,-113.9908,53.5491,485.2,5588.0,-27.9,-53.9,-49.8,7,9,0.05,273,19.6,19.57313888118965,-1.0257847423617015,71119
2026-04-01 11:33:39,-113.9904,53.5491,484.9,5592.0,-27.9,-54.1,-49.9,6,8,0.05,272,19.6,19.588060209574277,-0.6840301353690251,71119
2026-04-01 11:33:40,-113.9901,53.5491,484.7,5596.0,-27.9,-54.1,-49.9,6,8,0.05,272,19.6,19.588060209574277,-0.6840301353690251,71119
2026-04-01 11:33:41,-113.9898,53.5491,484.4,5600.0,-27.9,-54.0,-49.8,7,9,0.05,272,19.6,19.588060209574277,-0.6840301353690251,71119
2026-04-01 11:33:42,-113.9895,53.5491,484.1,5604.0,-27.9,-53.8,-49.7,7,9,0.05,272,19.6,19.588060209574277,-0.6840301353690251,71119
2026-04-01 11:33:43,-113.9892,53.549,483.9,5608.0,-27.9,-53.7,-49.6,7,9,0.05,272,19.6,19.588060209574277,-0.6840301353690251,71119
2026-04-01 11:33:44,-113.9889,53.549,483.6,5612.0,-27.9,-53.7,-49.5,7,9,0.05,272,19.6,19.588060209574277,-0.6840301353690251,71119
2026-04-01 11:33:45,-113.9886,53.549,483.4,5615.0,-27.9,-53.5,-49.4,7,9,0.05,272,19.6,19.588060209574277,-0.6840301353690251,71119
2026-04-01 11:33:46,-113.9883,53.549,483.1,5620.0,-27.9,-53.4,-49.3,7,9,0.06,272,19.5,19.488121126872368,-0.680540185698775,71119
2026-04-01 11:33:47,-113.988,53.5489,482.8,5624.0,-27.9,-53.3,-49.2,7,9,0.06,272,19.5,19.488121126872368,-0.680540185698775,71119
2026-04-01 11:33:48,-113.9877,53.5489,482.6,5627.0,-27.9,-53.3,-49.2,7,9,0.06,272,19.5,19.488121126872368,-0.680540185698775,71119
2026-04-01 11:33:49,-113.9875,53.5489,482.3,5631.0,-28.0,-53.3,-49.2,7,9,0.06,272,19.4,19.388182044170456,-0.6770502360285248,71119
2026-04-01 11:33:50,-113.9872,53.5489,482.0,5635.0,-28.0,-53.3,-49.2,7,9,0.06,272,19.4,19.388182044170456,-0.6770502360285248,71119
2026-04-01 11:33:51,-113.9869,53.5489,481.8,5639.0,-27.9,-53.4,-49.3,7,9,0.06,272,19.4,19.388182044170456,-0.6770502360285248,71119
2026-04-01 11:33:52,-113.9867,53.5489,481.5,5643.0,-27.9,-53.6,-49.5,7,9,0.05,272,19.4,19.388182044170456,-0.6770502360285248,71119
2026-04-01 11:33:53,-113.9864,53.5489,481.3,5646.0,-27.9,-53.8,-49.6,7,9,0.05,272,19.3,19.288242961468548,-0.6735602863582748,71119
2026-04-01 11:33:54,-113.9861,53.5489,481.1,5650.0,-27.9,-53.5,-49.4,7,9,0.05,272,19.3,19.288242961468548,-0.6735602863582748,71119
2026-04-01 11:33:55,-113.9858,53.549,480.8,5654.0,-27.9,-52.9,-48.7,7,10,0.06,272,19.3,19.288242961468548,-0.6735602863582748,71119
2026-04-01 11:33:56,-113.9855,53.549,480.6,5658.0,-27.9,-51.9,-47.8,8,11,0.07,272,19.3,19.288242961468548,-0.6735602863582748,71119
2026-04-01 11:33:57,-113.9852,53.549,480.3,5661.0,-27.9,-51.1,-47.1,9,12,0.07,272,19.2,19.18830387876664,-0.6700703366880246,71119
2026-04-01 11:33:58,-113.9849,53.549,480.1,5665.0,-27.9,-50.8,-46.8,9,12,0.08,273,19.2,19.173687067287815,-1.0048503598645238,71119
2026-04-01 11:33:59,-113.9846,53.5489,479.8,5668.0,-27.9,-50.9,-46.8,9,12,0.08,273,19.2,19.173687067287815,-1.0048503598645238,71119
2026-04-01 11:34:00,-113.9843,53.5489,479.6,5672.0,-27.9,-51.1,-47.0,9,12,0.07,273,19.3,19.273550020763274,-1.0100839554888181,71119
2026-04-01 11:34:01,-113.984,53.5489,479.4,5675.0,-27.9,-51.3,-47.2,9,12,0.07,273,19.3,19.273550020763274,-1.0100839554888181,71119
2026-04-01 11:34:02,-113.9837,53.5489,479.1,5678.0,-27.9,-51.5,-47.4,9,11,0.07,273,19.3,19.273550020763274,-1.0100839554888181,71119
2026-04-01 11:34:03,-113.9835,53.5489,478.9,5682.0,-27.9,-51.6,-47.6,9,11,0.07,273,19.3,19.273550020763274,-1.0100839554888181,71119
2026-04-01 11:34:04,-113.9832,53.5489,478.7,5685.0,-27.9,-51.7,-47.7,8,11,0.07,273,19.3,19.273550020763274,-1.0100839554888181,71119
2026-04-01 11:34:05,-113.9829,53.5489,478.5,5688.0,-27.9,-51.8,-47.7,8,11,0.07,273,19.3,19.273550020763274,-1.0100839554888181,71119
2026-04-01 11:34:06,-113.9827,53.5488,478.3,5692.0,-28.0,-51.8,-47.7,8,11,0.07,273,19.4,19.373412974238732,-1.0153175511131125,71119
2026-04-01 11:34:07,-113.9824,53.5488,478.0,5695.0,-28.0,-51.8,-47.7,9,11,0.07,273,19.4,19.373412974238732,-1.0153175511131125,71119
2026-04-01 11:34:08,-113.9821,53.5488,477.8,5699.0,-28.0,-51.7,-47.6,9,11,0.07,274,19.5,19.452498980066576,-1.3602512380104417,71119
2026-04-01 11:34:09,-113.9818,53.5488,477.5,5704.0,-28.0,-51.6,-47.5,9,11,0.07,274,19.5,19.452498980066576,-1.3602512380104417,71119
2026-04-01 11:34:10,-113.9815,53.5488,477.1,5709.0,-28.1,-51.4,-47.4,9,12,0.07,274,19.5,19.452498980066576,-1.3602512380104417,71119
2026-04-01 11:34:11,-113.9812,53.5488,476.8,5714.0,-28.1,-51.2,-47.2,9,12,0.07,274,19.6,19.552255385092558,-1.3672268853848544,71119
2026-04-01 11:34:12,-113.9809,53.5488,476.4,5719.0,-28.1,-51.1,-47.1,9,12,0.07,274,19.6,19.552255385092558,-1.3672268853848544,71119
2026-04-01 11:34:13,-113.9806,53.5488,476.2,5723.0,-28.1,-51.1,-47.1,9,12,0.07,274,19.7,19.65201179011854,-1.3742025327592668,71119
2026-04-01 11:34:14,-113.9802,53.5488,475.9,5727.0,-28.1,-51.2,-47.2,9,12,0.07,274,19.7,19.65201179011854,-1.3742025327592668,71119
2026-04-01 11:34:15,-113.9799,53.5488,475.7,5731.0,-28.1,-51.3,-47.2,9,12,0.07,274,19.8,19.75176819514452,-1.3811781801336793,71119
2026-04-01 11:34:16,-113.9795,53.5487,475.4,5735.0,-28.1,-51.3,-47.3,9,12,0.07,275,19.8,19.724655022216563,-1.7256837064036263,71119
2026-04-01 11:34:17,-113.9792,53.5487,475.1,5739.0,-28.1,-51.4,-47.3,9,12,0.07,275,19.9,19.824274492025737,-1.7343992806783919,71119
2026-04-01 11:34:18,-113.9789,53.5487,474.8,5744.0,-28.1,-51.4,-47.3,9,12,0.07,275,19.9,19.824274492025737,-1.7343992806783919,71119
2026-04-01 11:34:19,-113.9786,53.5486,474.5,5749.0,-28.1,-51.2,-47.1,9,12,0.07,275,19.9,19.824274492025737,-1.7343992806783919,71119
2026-04-01 11:34:20,-113.9784,53.5486,474.1,5754.0,-28.1,-50.7,-46.6,10,13,0.08,275,20.0,19.92389396183491,-1.7431148549531579,71119
2026-04-01 11:34:21,-113.9782,53.5486,473.8,5759.0,-28.1,-49.9,-45.9,11,14,0.08,275,20.0,19.92389396183491,-1.7431148549531579,71119
2026-04-01 11:34:22,-113.9779,53.5486,473.5,5764.0,-28.1,-49.1,-45.2,12,15,0.09,275,20.1,20.023513431644087,-1.7518304292279236,71119
2026-04-01 11:34:23,-113.9777,53.5486,473.2,5768.0,-28.1,-48.4,-44.4,13,17,0.1,275,20.1,20.023513431644087,-1.7518304292279236,71119
2026-04-01 11:34:24,-113.9774,53.5486,472.8,5774.0,-28.1,-47.8,-43.9,14,18,0.11,275,20.1,20.023513431644087,-1.7518304292279236,71119
2026-04-01 11:34:25,-113.9771,53.5486,472.4,5779.0,-28.1,-47.2,-43.3,15,19,0.12,275,20.1,20.023513431644087,-1.7518304292279236,71119
2026-04-01 11:34:26,-113.9767,53.5486,472.1,5786.0,-28.2,-46.3,-42.5,16,21,0.13,275,20.2,20.12313290145326,-1.7605460035026892,71119
2026-04-01 11:34:27,-113.9764,53.5486,471.6,5792.0,-28.2,-45.2,-41.4,18,24,0.14,276,20.2,20.089342286439123,-2.1114749580065904,71119
2026-04-01 11:34:28,-113.976,53.5486,471.2,5799.0,-28.3,-43.9,-40.1,21,28,0.17,276,20.2,20.089342286439123,-2.1114749580065904,71119
2026-04-01 11:34:29,-113.9756,53.5486,470.8,5805.0,-28.3,-42.7,-39.0,24,32,0.19,276,20.2,20.089342286439123,-2.1114749580065904,71119
2026-04-01 11:34:30,-113.9753,53.5486,470.4,5811.0,-28.3,-41.5,-37.9,27,36,0.21,276,20.3,20.18879447597595,-2.121927804333356,71119
2026-04-01 11:34:31,-113.9749,53.5485,470.0,5816.0,-28.4,-40.0,-36.5,32,42,0.25,276,20.3,20.18879447597595,-2.121927804333356,71119
2026-04-01 11:34:32,-113.9746,53.5484,469.7,5821.0,-28.4,-38.3,-34.9,38,50,0.3,276,20.3,20.18879447597595,-2.121927804333356,71119
2026-04-01 11:34:33,-113.9743,53.5484,469.4,5826.0,-28.5,-37.4,-34.0,42,56,0.33,276,20.3,20.18879447597595,-2.121927804333356,71119
2026-04-01 11:34:34,-113.9741,53.5483,469.1,5830.0,-28.5,-37.3,-33.9,43,56,0.33,275,20.3,20.222752371262434,-1.7692615777774552,71119
2026-04-01 11:34:35,-113.9738,53.5482,468.8,5835.0,-28.5,-37.5,-34.2,42,55,0.32,275,20.3,20.222752371262434,-1.7692615777774552,71119
2026-04-01 11:34:36,-113.9736,53.5482,468.4,5840.0,-28.5,-37.5,-34.1,42,55,0.33,275,20.4,20.322371841071607,-1.7779771520522207,71119
2026-04-01 11:34:37,-113.9733,53.5482,468.1,5845.0,-28.6,-37.4,-34.1,43,56,0.33,275,20.4,20.322371841071607,-1.7779771520522207,71119
2026-04-01 11:34:38,-113.973,53.5482,467.9,5849.0,-28.6,-37.6,-34.2,42,56,0.32,275,20.4,20.322371841071607,-1.7779771520522207,71119
2026-04-01 11:34:39,-113.9727,53.5482,467.7,5852.0,-28.7,-37.9,-34.6,41,54,0.31,275,20.4,20.322371841071607,-1.7779771520522207,71119
2026-04-01 11:34:40,-113.9724,53.5483,467.5,5856.0,-28.7,-38.3,-34.9,39,52,0.3,275,20.4,20.322371841071607,-1.7779771520522207,71119
2026-04-01 11:34:41,-113.9721,53.5483,467.3,5859.0,-28.7,-38.5,-35.1,39,51,0.29,275,20.4,20.322371841071607,-1.7779771520522207,71119
2026-04-01 11:34:42,-113.9718,53.5483,467.0,5862.0,-28.7,-38.6,-35.2,38,51,0.29,275,20.5,20.421991310880784,-1.7866927263269867,71119
2026-04-01 11:34:43,-113.9715,53.5483,466.8,5866.0,-28.8,-38.6,-35.2,38,51,0.29,275,20.5,20.421991310880784,-1.7866927263269867,71119
2026-04-01 11:34:44,-113.9712,53.5483,466.5,5870.0,-28.8,-38.7,-35.2,38,51,0.29,275,20.5,20.421991310880784,-1.7866927263269867,71119
2026-04-01 11:34:45,-113.9708,53.5482,466.2,5875.0,-28.8,-38.7,-35.2,38,51,0.29,275,20.6,20.521610780689958,-1.7954083006017527,71119
2026-04-01 11:34:46,-113.9705,53.5482,465.9,5880.0,-28.9,-38.4,-35.0,40,53,0.3,275,20.6,20.521610780689958,-1.7954083006017527,71119
2026-04-01 11:34:47,-113.9702,53.5482,465.6,5885.0,-28.9,-37.3,-34.0,44,58,0.33,275,20.6,20.521610780689958,-1.7954083006017527,71119
2026-04-01 11:34:48,-113.9698,53.5481,465.2,5890.0,-28.9,-36.1,-32.8,50,66,0.38,275,20.7,20.62123025049913,-1.8041238748765183,71119
2026-04-01 11:34:49,-113.9695,53.5481,464.9,5894.0,-28.9,-35.3,-32.1,54,72,0.41,275,20.7,20.62123025049913,-1.8041238748765183,71119
2026-04-01 11:34:50,-113.9692,53.5481,464.6,5899.0,-28.9,-35.2,-32.0,55,73,0.41,275,20.8,20.72084972030831,-1.812839449151284,71119
2026-04-01 11:34:51,-113.9689,53.5482,464.4,5902.0,-29.0,-35.5,-32.3,53,71,0.4,275,20.8,20.72084972030831,-1.812839449151284,71119
2026-04-01 11:34:52,-113.9686,53.5482,464.2,5906.0,-29.0,-35.9,-32.6,52,69,0.39,275,20.9,20.820469190117482,-1.8215550234260498,71119
2026-04-01 11:34:53,-113.9683,53.5482,463.9,5910.0,-29.0,-36.1,-32.8,51,67,0.38,275,20.9,20.820469190117482,-1.8215550234260498,71119
2026-04-01 11:34:54,-113.968,53.5482,463.6,5914.0,-29.1,-36.2,-32.9,50,67,0.38,275,21.0,20.920088659926655,-1.8302705977008156,71119
2026-04-01 11:34:55,-113.9677,53.5482,463.4,5919.0,-29.1,-36.2,-32.9,50,67,0.38,275,21.1,21.019708129735832,-1.8389861719755816,71119
2026-04-01 11:34:56,-113.9674,53.5482,463.0,5924.0,-29.1,-36.3,-33.0,50,67,0.37,275,21.1,21.019708129735832,-1.8389861719755816,71119
2026-04-01 11:34:57,-113.9671,53.5481,462.8,5928.0,-29.2,-36.6,-33.3,49,65,0.36,275,21.2,21.119327599545006,-1.847701746250347,71119
2026-04-01 11:34:58,-113.9668,53.5481,462.5,5932.0,-29.2,-37.8,-34.4,44,58,0.32,275,21.3,21.21894706935418,-1.856417320525113,71119
2026-04-01 11:34:59,-113.9665,53.548,462.3,5935.0,-29.2,-40.3,-36.8,33,45,0.25,276,21.3,21.183316371344223,-2.2264562676010087,71119
2026-04-01 11:35:00,-113.9661,53.5479,462.1,5938.0,-29.2,-44.8,-41.1,21,27,0.15,276,21.4,21.28276856088105,-2.2369091139277737,71119
2026-04-01 11:35:01,-113.9658,53.5479,461.9,5941.0,-29.0,-50.7,-46.6,11,14,0.08,276,21.5,21.38222075041788,-2.247361960254539,71119
2026-04-01 11:35:02,-113.9655,53.5478,461.7,5945.0,-29.0,-53.5,-49.4,8,10,0.06,276,21.5,21.38222075041788,-2.247361960254539,71119
2026-04-01 11:35:03,-113.9651,53.5478,461.4,5949.0,-29.0,-50.9,-46.8,10,14,0.08,275,21.6,21.517805478781707,-1.8825640433494104,71119
2026-04-01 11:35:04,-113.9648,53.5478,461.1,5953.0,-29.0,-47.4,-43.5,15,20,0.12,275,21.7,21.617424948590877,-1.8912796176241762,71119
2026-04-01 11:35:05,-113.9645,53.5478,460.9,5957.0,-29.0,-45.0,-41.3,20,27,0.15,275,21.8,21.717044418400054,-1.899995191898942,71119
2026-04-01 11:35:06,-113.9642,53.5478,460.6,5962.0,-29.1,-43.8,-40.1,23,30,0.17,275,21.8,21.717044418400054,-1.899995191898942,71119
2026-04-01 11:35:07,-113.9638,53.5478,460.3,5966.0,-29.1,-43.1,-39.4,25,33,0.19,275,21.9,21.816663888209227,-1.9087107661737077,71119
2026-04-01 11:35:08,-113.9635,53.5478,459.9,5972.0,-29.1,-42.6,-39.0,26,35,0.2,275,22.0,21.9162833580184,-1.9174263404484735,71119
2026-04-01 11:35:09,-113.9632,53.5478,459.6,5977.0,-29.2,-42.2,-38.6,27,36,0.2,275,22.0,21.9162833580184,-1.9174263404484735,71119
2026-04-01 11:35:10,-113.9628,53.5477,459.3,5982.0,-29.2,-41.9,-38.3,28,38,0.21,275,22.1,22.015902827827578,-1.9261419147232395,71119
2026-04-01 11:35:11,-113.9625,53.5477,459.0,5986.0,-29.3,-41.8,-38.2,29,38,0.21,275,22.1,22.015902827827578,-1.9261419147232395,71119
2026-04-01 11:35:12,-113.9622,53.5477,458.7,5991.0,-29.3,-41.8,-38.2,29,38,0.21,274,22.2,22.1459219157681,-1.5485937171195798,71119
2026-04-01 11:35:13,-113.9618,53.5477,458.4,5996.0,-29.3,-41.9,-38.3,29,38,0.21,274,22.2,22.1459219157681,-1.5485937171195798,71119
2026-04-01 11:35:14,-113.9615,53.5477,458.1,6000.0,-29.4,-41.8,-38.2,29,39,0.21,274,22.3,22.245678320794084,-1.5555693644939925,71119
2026-04-01 11:35:15,-113.9612,53.5477,457.8,6005.0,-29.4,-41.5,-37.9,30,40,0.22,274,22.3,22.245678320794084,-1.5555693644939925,71119
2026-04-01 11:35:16,-113.9608,53.5477,457.5,6009.0,-29.4,-41.1,-37.5,32,42,0.23,274,22.3,22.245678320794084,-1.5555693644939925,71119
2026-04-01 11:35:17,-113.9605,53.5477,457.2,6013.0,-29.5,-40.6,-37.1,33,44,0.24,274,22.4,22.345434725820063,-1.5625450118684048,71119
2026-04-01 11:35:18,-113.9601,53.5477,457.0,6017.0,-29.5,-40.2,-36.7,35,46,0.25,273,22.4,22.36930157850245,-1.1723254198419444,71119
2026-04-01 11:35:19,-113.9597,53.5477,456.8,6021.0,-29.5,-40.0,-36.5,36,47,0.26,273,22.4,22.36930157850245,-1.1723254198419444,71119
2026-04-01 11:35:20,-113.9594,53.5477,456.6,6024.0,-29.6,-39.9,-36.4,36,48,0.26,273,22.5,22.46916453197791,-1.1775590154662388,71119
2026-04-01 11:35:21,-113.959,53.5476,456.4,6027.0,-29.6,-39.9,-36.4,36,48,0.26,273,22.5,22.46916453197791,-1.1775590154662388,71119
2026-04-01 11:35:22,-113.9587,53.5476,456.1,6030.0,-29.6,-39.8,-36.4,37,49,0.26,273,22.5,22.46916453197791,-1.1775590154662388,71119
2026-04-01 11:35:23,-113.9584,53.5476,455.9,6034.0,-29.7,-39.6,-36.2,37,50,0.27,273,22.5,22.46916453197791,-1.1775590154662388,71119
2026-04-01 11:35:24,-113.9581,53.5476,455.7,6038.0,-29.7,-39.3,-35.8,39,52,0.28,273,22.5,22.46916453197791,-1.1775590154662388,71119
2026-04-01 11:35:25,-113.9577,53.5476,455.4,6042.0,-29.7,-38.8,-35.4,41,55,0.29,273,22.5,22.46916453197791,-1.1775590154662388,71119
2026-04-01 11:35:26,-113.9574,53.5476,455.1,6046.0,-29.8,-38.4,-35.0,43,57,0.31,273,22.5,22.46916453197791,-1.1775590154662388,71119
2026-04-01 11:35:27,-113.9571,53.5476,454.9,6050.0,-29.8,-38.1,-34.7,44,59,0.31,273,22.5,22.46916453197791,-1.1775590154662388,71119
2026-04-01 11:35:28,-113.9567,53.5476,454.6,6054.0,-29.9,-38.0,-34.6,45,61,0.32,273,22.5,22.46916453197791,-1.1775590154662388,71119
2026-04-01 11:35:29,-113.9564,53.5476,454.4,6058.0,-29.9,-37.6,-34.3,47,63,0.33,273,22.5,22.46916453197791,-1.1775590154662388,71119
2026-04-01 11:35:30,-113.956,53.5476,454.2,6061.0,-29.9,-36.9,-33.6,51,68,0.36,273,22.5,22.46916453197791,-1.1775590154662388,71119
2026-04-01 11:35:31,-113.9557,53.5476,454.0,6065.0,-29.9,-36.1,-32.9,55,74,0.39,273,22.5,22.46916453197791,-1.1775590154662388,71119
2026-04-01 11:35:32,-113.9553,53.5476,453.7,6068.0,-30.0,-35.4,-32.2,59,79,0.42,273,22.5,22.46916453197791,-1.1775590154662388,71119
2026-04-01 11:35:33,-113.955,53.5476,453.5,6072.0,-30.0,-34.8,-31.6,63,84,0.44,273,22.5,22.46916453197791,-1.1775590154662388,71119
2026-04-01 11:35:34,-113.9547,53.5475,453.3,6076.0,-30.0,-34.5,-31.3,65,87,0.45,273,22.5,22.46916453197791,-1.1775590154662388,71119
2026-04-01 11:35:35,-113.9543,53.5475,453.1,6079.0,-30.0,-34.6,-31.5,64,86,0.45,273,22.5,22.46916453197791,-1.1775590154662388,71119
2026-04-01 11:35:36,-113.954,53.5475,452.8,6083.0,-30.0,-35.0,-31.8,62,83,0.43,273,22.4,22.36930157850245,-1.1723254198419444,71119
2026-04-01 11:35:37,-113.9537,53.5475,452.6,6086.0,-30.0,-35.3,-32.1,60,81,0.42,273,22.4,22.36930157850245,-1.1723254198419444,71119
2026-04-01 11:35:38,-113.9533,53.5474,452.4,6090.0,-30.1,-35.5,-32.2,59,80,0.41,273,22.4,22.36930157850245,-1.1723254198419444,71119
2026-04-01 11:35:39,-113.953,53.5474,452.1,6094.0,-30.1,-35.5,-32.3,59,79,0.41,273,22.4,22.36930157850245,-1.1723254198419444,71119
2026-04-01 11:35:40,-113.9526,53.5474,451.9,6098.0,-30.1,-35.6,-32.3,59,79,0.41,273,22.4,22.36930157850245,-1.1723254198419444,71119
2026-04-01 11:35:41,-113.9523,53.5474,451.6,6102.0,-30.2,-35.7,-32.4,59,79,0.41,273,22.3,22.269438625026996,-1.16709182421765,71119
2026-04-01 11:35:42,-113.952,53.5474,451.4,6105.0,-30.2,-35.9,-32.6,58,77,0.4,273,22.3,22.269438625026996,-1.16709182421765,71119
2026-04-01 11:35:43,-113.9516,53.5474,451.2,6109.0,-30.2,-36.2,-33.0,56,75,0.38,273,22.3,22.269438625026996,-1.16709182421765,71119
2026-04-01 11:35:44,-113.9513,53.5474,450.9,6112.0,-30.2,-36.7,-33.4,53,71,0.37,273,22.3,22.269438625026996,-1.16709182421765,71119
2026-04-01 11:35:45,-113.9509,53.5474,450.7,6116.0,-30.2,-37.1,-33.8,51,68,0.35,273,22.2,22.169575671551538,-1.1618582285933556,71119
2026-04-01 11:35:46,-113.9506,53.5474,450.5,6120.0,-30.2,-37.5,-34.2,49,66,0.34,273,22.2,22.169575671551538,-1.1618582285933556,71119
2026-04-01 11:35:47,-113.9502,53.5474,450.2,6124.0,-30.2,-37.9,-34.5,47,63,0.32,273,22.2,22.169575671551538,-1.1618582285933556,71119
2026-04-01 11:35:48,-113.9499,53.5474,450.0,6128.0,-30.3,-38.3,-34.9,45,61,0.31,273,22.2,22.169575671551538,-1.1618582285933556,71119
2026-04-01 11:35:49,-113.9496,53.5473,449.7,6132.0,-30.3,-38.7,-35.3,44,59,0.3,273,22.2,22.169575671551538,-1.1618582285933556,71119
2026-04-01 11:35:50,-113.9493,53.5473,449.4,6136.0,-30.3,-38.8,-35.4,43,58,0.3,273,22.1,22.069712718076083,-1.1566246329690613,71119
2026-04-01 11:35:51,-113.949,53.5473,449.2,6140.0,-30.3,-38.8,-35.4,44,59,0.3,273,22.1,22.069712718076083,-1.1566246329690613,71119
2026-04-01 11:35:52,-113.9487,53.5472,448.9,6144.0,-30.4,-38.5,-35.1,45,60,0.31,273,22.1,22.069712718076083,-1.1566246329690613,71119
2026-04-01 11:35:53,-113.9484,53.5472,448.7,6147.0,-30.4,-38.3,-34.9,46,62,0.31,273,22.1,22.069712718076083,-1.1566246329690613,71119
2026-04-01 11:35:54,-113.948,53.5472,448.5,6151.0,-30.4,-38.1,-34.7,47,64,0.32,273,22.1,22.069712718076083,-1.1566246329690613,71119
2026-04-01 11:35:55,-113.9477,53.5472,448.3,6154.0,-30.4,-37.9,-34.6,48,65,0.33,273,22.1,22.069712718076083,-1.1566246329690613,71119
2026-04-01 11:35:56,-113.9474,53.5472,448.0,6158.0,-30.5,-37.9,-34.5,48,65,0.33,272,22.0,21.986598194420107,-0.7677889274550282,71119
2026-04-01 11:35:57,-113.947,53.5472,447.8,6162.0,-30.5,-37.9,-34.5,49,65,0.33,272,22.0,21.986598194420107,-0.7677889274550282,71119
2026-04-01 11:35:58,-113.9467,53.5472,447.5,6166.0,-30.5,-37.9,-34.5,49,66,0.33,272,22.0,21.986598194420107,-0.7677889274550282,71119
2026-04-01 11:35:59,-113.9464,53.5472,447.3,6170.0,-30.6,-37.9,-34.5,49,66,0.33,272,22.0,21.986598194420107,-0.7677889274550282,71119
2026-04-01 11:36:00,-113.946,53.5472,447.0,6175.0,-30.6,-37.8,-34.4,50,67,0.33,272,22.0,21.986598194420107,-0.7677889274550282,71119
2026-04-01 11:36:01,-113.9457,53.5472,446.7,6179.0,-30.7,-37.5,-34.2,51,69,0.34,272,22.0,21.986598194420107,-0.7677889274550282,71119
2026-04-01 11:36:02,-113.9453,53.5472,446.5,6183.0,-30.7,-37.2,-33.9,53,71,0.35,272,22.0,21.986598194420107,-0.7677889274550282,71119
2026-04-01 11:36:03,-113.945,53.5472,446.2,6187.0,-30.7,-36.9,-33.6,55,74,0.36,272,22.0,21.986598194420107,-0.7677889274550282,71119
2026-04-01 11:36:04,-113.9446,53.5472,446.0,6190.0,-30.8,-36.6,-33.3,57,76,0.37,272,21.9,21.886659111718195,-0.7642989777847781,71119
2026-04-01 11:36:05,-113.9443,53.5472,445.9,6193.0,-30.8,-36.2,-32.9,59,80,0.39,271,21.9,21.89666452392497,-0.38220770097650053,71119
2026-04-01 11:36:06,-113.944,53.5472,445.6,6196.0,-30.9,-35.6,-32.4,63,85,0.41,271,21.9,21.89666452392497,-0.38220770097650053,71119
2026-04-01 11:36:07,-113.9436,53.5472,445.4,6200.0,-30.9,-35.2,-32.0,66,89,0.43,271,21.9,21.89666452392497,-0.38220770097650053,71119
2026-04-01 11:36:08,-113.9433,53.5472,445.2,6204.0,-30.9,-35.2,-32.0,66,89,0.43,271,21.9,21.89666452392497,-0.38220770097650053,71119
2026-04-01 11:36:09,-113.943,53.5472,444.9,6208.0,-30.9,-35.4,-32.2,65,88,0.42,271,21.8,21.79667975440933,-0.38046246033277226,71119
2026-04-01 11:36:10,-113.9427,53.5472,444.7,6212.0,-31.0,-35.7,-32.5,63,85,0.41,271,21.8,21.79667975440933,-0.38046246033277226,71119
2026-04-01 11:36:11,-113.9424,53.5472,444.4,6216.0,-31.0,-35.9,-32.7,62,84,0.4,271,21.8,21.79667975440933,-0.38046246033277226,71119
2026-04-01 11:36:12,-113.9421,53.5472,444.2,6219.0,-31.0,-36.0,-32.8,62,83,0.4,271,21.8,21.79667975440933,-0.38046246033277226,71119
2026-04-01 11:36:13,-113.9417,53.5471,444.0,6223.0,-31.1,-36.0,-32.7,62,84,0.4,271,21.7,21.69669498489369,-0.3787172196890439,71119
2026-04-01 11:36:14,-113.9414,53.5471,443.8,6226.0,-31.1,-36.0,-32.7,62,84,0.4,271,21.7,21.69669498489369,-0.3787172196890439,71119
2026-04-01 11:36:15,-113.941,53.5471,443.5,6230.0,-31.1,-36.0,-32.7,62,84,0.4,271,21.7,21.69669498489369,-0.3787172196890439,71119
2026-04-01 11:36:16,-113.9407,53.5471,443.3,6234.0,-31.1,-36.0,-32.8,62,84,0.4,271,21.6,21.596710215378053,-0.37697197904531565,71119
2026-04-01 11:36:17,-113.9403,53.5471,443.0,6238.0,-31.1,-36.2,-32.9,61,83,0.39,271,21.6,21.596710215378053,-0.37697197904531565,71119
2026-04-01 11:36:18,-113.94,53.5471,442.8,6242.0,-31.2,-36.3,-33.0,61,82,0.39,271,21.6,21.596710215378053,-0.37697197904531565,71119
2026-04-01 11:36:19,-113.9397,53.5471,442.5,6246.0,-31.2,-36.3,-33.0,61,82,0.39,271,21.5,21.496725445862413,-0.37522673840158727,71119
2026-04-01 11:36:20,-113.9394,53.5471,442.3,6250.0,-31.2,-36.2,-33.0,61,83,0.39,271,21.5,21.496725445862413,-0.37522673840158727,71119
2026-04-01 11:36:21,-113.9391,53.5471,442.0,6254.0,-31.2,-36.2,-32.9,62,84,0.39,270,21.5,21.5,3.949485927250214e-15,71119
2026-04-01 11:36:22,-113.9388,53.5471,441.8,6258.0,-31.3,-36.2,-32.9,62,84,0.4,270,21.5,21.5,3.949485927250214e-15,71119
2026-04-01 11:36:23,-113.9385,53.5471,441.5,6262.0,-31.3,-36.2,-33.0,62,84,0.39,270,21.5,21.5,3.949485927250214e-15,71119
2026-04-01 11:36:24,-113.9382,53.5472,441.3,6265.0,-31.3,-36.3,-33.1,61,83,0.39,270,21.4,21.4,3.931116225263004e-15,71119
2026-04-01 11:36:25,-113.9379,53.5472,441.1,6269.0,-31.3,-36.4,-33.1,61,83,0.39,270,21.4,21.4,3.931116225263004e-15,71119
2026-04-01 11:36:26,-113.9376,53.5472,440.9,6272.0,-31.4,-36.4,-33.1,61,83,0.39,270,21.4,21.4,3.931116225263004e-15,71119
2026-04-01 11:36:27,-113.9373,53.5471,440.7,6276.0,-31.4,-36.3,-33.1,62,84,0.39,270,21.4,21.4,3.931116225263004e-15,71119
2026-04-01 11:36:28,-113.937,53.5471,440.4,6280.0,-31.4,-36.3,-33.0,62,84,0.39,270,21.4,21.4,3.931116225263004e-15,71119
2026-04-01 11:36:29,-113.9367,53.5471,440.2,6283.0,-31.4,-36.3,-33.0,62,84,0.39,270,21.4,21.4,3.931116225263004e-15,71119
2026-04-01 11:36:30,-113.9363,53.5471,440.0,6286.0,-31.4,-36.3,-33.1,62,84,0.39,269,21.4,21.39674067634677,0.3734814977578668,71119
2026-04-01 11:36:31,-113.936,53.5471,439.8,6290.0,-31.4,-36.4,-33.1,62,84,0.39,269,21.4,21.39674067634677,0.3734814977578668,71119
2026-04-01 11:36:32,-113.9356,53.5471,439.6,6293.0,-31.4,-36.4,-33.1,61,84,0.39,269,21.5,21.496725445862413,0.3752267384015952,71119
2026-04-01 11:36:33,-113.9352,53.5471,439.4,6297.0,-31.4,-36.4,-33.1,61,84,0.39,269,21.5,21.496725445862413,0.3752267384015952,71119
2026-04-01 11:36:34,-113.9349,53.5471,439.1,6300.0,-31.4,-36.4,-33.1,61,84,0.39,269,21.5,21.496725445862413,0.3752267384015952,71119
2026-04-01 11:36:35,-113.9346,53.5471,438.9,6304.0,-31.4,-36.4,-33.1,61,83,0.39,269,21.5,21.496725445862413,0.3752267384015952,71119
2026-04-01 11:36:36,-113.9342,53.5471,438.7,6307.0,-31.5,-36.5,-33.2,61,83,0.39,269,21.5,21.496725445862413,0.3752267384015952,71119
2026-04-01 11:36:37,-113.9339,53.5472,438.5,6311.0,-31.5,-36.5,-33.2,61,83,0.38,269,21.5,21.496725445862413,0.3752267384015952,71119
2026-04-01 11:36:38,-113.9336,53.5472,438.3,6314.0,-31.5,-36.5,-33.3,61,83,0.38,269,21.6,21.596710215378053,0.3769719790453236,71119
2026-04-01 11:36:39,-113.9333,53.5472,438.1,6318.0,-31.5,-36.6,-33.3,61,83,0.38,269,21.6,21.596710215378053,0.3769719790453236,71119
2026-04-01 11:36:40,-113.933,53.5472,437.8,6322.0,-31.6,-36.7,-33.4,60,82,0.38,269,21.6,21.596710215378053,0.3769719790453236,71119
2026-04-01 11:36:41,-113.9327,53.5472,437.6,6326.0,-31.6,-36.8,-33.5,60,81,0.37,269,21.7,21.69669498489369,0.37871721968905186,71119
2026-04-01 11:36:42,-113.9323,53.5472,437.3,6330.0,-31.6,-36.9,-33.6,59,81,0.37,269,21.7,21.69669498489369,0.37871721968905186,71119
2026-04-01 11:36:43,-113.932,53.5472,437.1,6334.0,-31.6,-37.0,-33.7,59,80,0.37,269,21.7,21.69669498489369,0.37871721968905186,71119
2026-04-01 11:36:44,-113.9317,53.5472,436.8,6338.0,-31.7,-37.0,-33.7,59,80,0.37,269,21.7,21.69669498489369,0.37871721968905186,71119
2026-04-01 11:36:45,-113.9314,53.5472,436.6,6342.0,-31.7,-37.1,-33.7,59,80,0.37,269,21.8,21.79667975440933,0.38046246033278025,71119
2026-04-01 11:36:46,-113.931,53.5472,436.3,6346.0,-31.7,-37.0,-33.7,59,81,0.37,269,21.8,21.79667975440933,0.38046246033278025,71119
2026-04-01 11:36:47,-113.9307,53.5472,436.1,6349.0,-31.7,-37.0,-33.7,60,81,0.37,269,21.8,21.79667975440933,0.38046246033278025,71119
2026-04-01 11:36:48,-113.9304,53.5472,435.9,6352.0,-31.7,-36.8,-33.5,60,82,0.37,269,21.9,21.89666452392497,0.3822077009765086,71119
2026-04-01 11:36:49,-113.9301,53.5472,435.8,6355.0,-31.7,-36.8,-33.5,61,83,0.38,269,21.9,21.89666452392497,0.3822077009765086,71119
2026-04-01 11:36:50,-113.9297,53.5472,435.6,6358.0,-31.7,-36.8,-33.5,61,83,0.38,270,22.0,22.0,4.0413344371862654e-15,71119
2026-04-01 11:36:51,-113.9294,53.5472,435.3,6362.0,-31.7,-36.9,-33.6,60,82,0.37,270,22.0,22.0,4.0413344371862654e-15,71119
2026-04-01 11:36:52,-113.9291,53.5472,435.1,6366.0,-31.7,-37.0,-33.7,59,81,0.37,270,22.0,22.0,4.0413344371862654e-15,71119
2026-04-01 11:36:53,-113.9288,53.5472,434.9,6370.0,-31.6,-37.1,-33.8,58,80,0.36,270,22.1,22.1,4.059704139173476e-15,71119
2026-04-01 11:36:54,-113.9284,53.5472,434.6,6374.0,-31.6,-37.2,-33.9,58,79,0.36,270,22.1,22.1,4.059704139173476e-15,71119
2026-04-01 11:36:55,-113.9281,53.5472,434.4,6378.0,-31.6,-37.3,-34.0,57,78,0.36,270,22.2,22.2,4.0780738411606855e-15,71119
2026-04-01 11:36:56,-113.9278,53.5472,434.1,6381.0,-31.6,-37.5,-34.1,56,77,0.35,270,22.2,22.2,4.0780738411606855e-15,71119
2026-04-01 11:36:57,-113.9274,53.5472,433.9,6385.0,-31.6,-37.6,-34.2,56,76,0.35,270,22.3,22.3,4.096443543147897e-15,71119
2026-04-01 11:36:58,-113.9271,53.5472,433.7,6389.0,-31.7,-37.7,-34.4,55,75,0.34,270,22.3,22.3,4.096443543147897e-15,71119
2026-04-01 11:36:59,-113.9267,53.5472,433.4,6393.0,-31.7,-37.8,-34.4,55,75,0.34,270,22.4,22.4,4.114813245135106e-15,71119
2026-04-01 11:37:00,-113.9264,53.5472,433.2,6397.0,-31.7,-37.7,-34.4,55,75,0.34,270,22.4,22.4,4.114813245135106e-15,71119
2026-04-01 11:37:01,-113.926,53.5472,432.9,6401.0,-31.7,-37.6,-34.3,56,76,0.35,270,22.5,22.5,4.133182947122317e-15,71119
2026-04-01 11:37:02,-113.9257,53.5472,432.7,6405.0,-31.7,-37.5,-34.1,57,77,0.35,270,22.5,22.5,4.133182947122317e-15,71119
2026-04-01 11:37:03,-113.9253,53.5472,432.5,6409.0,-31.7,-37.4,-34.1,57,78,0.36,271,22.6,22.596557910534443,-0.3944243854825988,71119
2026-04-01 11:37:04,-113.925,53.5472,432.3,6412.0,-31.7,-37.4,-34.0,57,78,0.36,271,22.6,22.596557910534443,-0.3944243854825988,71119
2026-04-01 11:37:05,-113.9246,53.5472,432.1,6416.0,-31.7,-37.3,-34.0,58,79,0.36,271,22.7,22.69654268005008,-0.39616962612632706,71119
2026-04-01 11:37:06,-113.9243,53.5472,431.8,6419.0,-31.8,-37.3,-34.0,58,79,0.36,271,22.7,22.69654268005008,-0.39616962612632706,71119
2026-04-01 11:37:07,-113.924,53.5472,431.6,6423.0,-31.8,-37.3,-33.9,58,80,0.36,271,22.8,22.796527449565723,-0.3979148667700554,71119
2026-04-01 11:37:08,-113.9237,53.5472,431.4,6427.0,-31.8,-37.2,-33.9,59,80,0.36,271,22.8,22.796527449565723,-0.3979148667700554,71119
2026-04-01 11:37:09,-113.9233,53.5472,431.1,6431.0,-31.8,-37.2,-33.8,59,81,0.37,271,22.9,22.89651221908136,-0.39966010741378366,71119
2026-04-01 11:37:10,-113.923,53.5472,430.8,6435.0,-31.8,-37.1,-33.8,59,81,0.37,271,22.9,22.89651221908136,-0.39966010741378366,71119
2026-04-01 11:37:11,-113.9226,53.5472,430.6,6439.0,-31.9,-37.1,-33.8,60,82,0.37,271,23.0,22.996496988597,-0.401405348057512,71119
2026-04-01 11:37:12,-113.9223,53.5472,430.4,6443.0,-31.9,-37.0,-33.7,60,82,0.37,271,23.0,22.996496988597,-0.401405348057512,71119
2026-04-01 11:37:13,-113.9219,53.5472,430.1,6447.0,-31.9,-37.0,-33.7,60,82,0.37,271,23.1,23.09648175811264,-0.4031505887012403,71119
2026-04-01 11:37:14,-113.9216,53.5472,429.9,6451.0,-31.9,-37.1,-33.8,60,82,0.37,271,23.1,23.09648175811264,-0.4031505887012403,71119
2026-04-01 11:37:15,-113.9212,53.5472,429.6,6456.0,-31.9,-37.2,-33.9,59,81,0.36,271,23.2,23.196466527628278,-0.4048958293449686,71119
2026-04-01 11:37:16,-113.9209,53.5472,429.3,6461.0,-31.8,-37.3,-34.0,58,79,0.36,270,23.2,23.2,4.261770861032789e-15,71119
2026-04-01 11:37:17,-113.9205,53.5472,429.0,6465.0,-31.7,-37.4,-34.1,57,78,0.36,270,23.3,23.3,4.2801405630199994e-15,71119
2026-04-01 11:37:18,-113.9202,53.5472,428.7,6470.0,-31.7,-37.5,-34.1,57,77,0.36,270,23.3,23.3,4.2801405630199994e-15,71119
2026-04-01 11:37:19,-113.9198,53.5472,428.5,6474.0,-31.7,-37.5,-34.1,57,77,0.36,270,23.4,23.4,4.298510265007209e-15,71119
2026-04-01 11:37:20,-113.9195,53.5472,428.2,6478.0,-31.7,-37.5,-34.1,57,78,0.36,270,23.5,23.5,4.3168799669944195e-15,71119
2026-04-01 11:37:21,-113.9191,53.5472,428.0,6482.0,-31.8,-37.5,-34.1,57,78,0.36,270,23.5,23.5,4.3168799669944195e-15,71119
2026-04-01 11:37:22,-113.9188,53.5472,427.8,6485.0,-31.8,-37.4,-34.1,57,78,0.36,270,23.6,23.6,4.335249668981631e-15,71119
2026-04-01 11:37:23,-113.9184,53.5472,427.6,6489.0,-31.8,-37.4,-34.1,58,79,0.36,270,23.6,23.6,4.335249668981631e-15,71119
2026-04-01 11:37:24,-113.9181,53.5471,427.4,6493.0,-31.8,-37.4,-34.1,58,79,0.36,270,23.7,23.7,4.35361937096884e-15,71119
2026-04-01 11:37:25,-113.9177,53.5471,427.1,6497.0,-31.9,-37.4,-34.1,58,79,0.36,270,23.7,23.7,4.35361937096884e-15,71119
2026-04-01 11:37:26,-113.9173,53.5471,426.9,6501.0,-31.9,-37.5,-34.1,58,79,0.36,270,23.8,23.8,4.371989072956051e-15,71119
2026-04-01 11:37:27,-113.917,53.5471,426.6,6505.0,-31.9,-37.5,-34.1,58,79,0.36,270,23.9,23.9,4.3903587749432604e-15,71119
2026-04-01 11:37:28,-113.9166,53.5471,426.4,6508.0,-31.9,-37.5,-34.1,58,79,0.36,270,23.9,23.9,4.3903587749432604e-15,71119
2026-04-01 11:37:29,-113.9162,53.5471,426.2,6512.0,-32.0,-37.5,-34.2,58,79,0.36,270,24.0,24.0,4.408728476930472e-15,71119
2026-04-01 11:37:30,-113.9158,53.5472,425.9,6516.0,-32.0,-37.6,-34.2,58,79,0.36,270,24.0,24.0,4.408728476930472e-15,71119
2026-04-01 11:37:31,-113.9155,53.5472,425.7,6520.0,-32.0,-37.6,-34.2,58,79,0.36,270,24.1,24.1,4.427098178917682e-15,71119
2026-04-01 11:37:32,-113.9152,53.5472,425.5,6524.0,-32.0,-37.6,-34.3,58,79,0.35,270,24.1,24.1,4.427098178917682e-15,71119
2026-04-01 11:37:33,-113.9148,53.5472,425.3,6527.0,-32.0,-37.6,-34.3,58,79,0.35,270,24.2,24.2,4.445467880904892e-15,71119
2026-04-01 11:37:34,-113.9144,53.5472,425.0,6531.0,-32.1,-37.7,-34.3,58,79,0.35,270,24.2,24.2,4.445467880904892e-15,71119
2026-04-01 11:37:35,-113.914,53.5472,424.8,6535.0,-32.1,-37.7,-34.3,58,79,0.35,269,24.3,24.296298992300308,0.424093476425989,71119
2026-04-01 11:37:36,-113.9137,53.5472,424.6,6539.0,-32.1,-37.8,-34.4,57,78,0.35,269,24.3,24.296298992300308,0.424093476425989,71119
2026-04-01 11:37:37,-113.9133,53.5472,424.4,6542.0,-32.1,-37.8,-34.4,57,78,0.35,269,24.4,24.396283761815944,0.4258387170697173,71119
2026-04-01 11:37:38,-113.9129,53.5472,424.1,6546.0,-32.2,-37.9,-34.5,57,78,0.35,269,24.4,24.396283761815944,0.4258387170697173,71119
2026-04-01 11:37:39,-113.9125,53.5472,423.9,6550.0,-32.2,-37.9,-34.5,57,78,0.35,269,24.5,24.496268531331587,0.4275839577134457,71119
2026-04-01 11:37:40,-113.9121,53.5472,423.7,6553.0,-32.2,-37.9,-34.5,57,79,0.35,269,24.5,24.496268531331587,0.4275839577134457,71119
2026-04-01 11:37:41,-113.9118,53.5472,423.5,6557.0,-32.3,-37.8,-34.4,58,79,0.35,269,24.6,24.596253300847227,0.4293291983571741,71119
2026-04-01 11:37:42,-113.9114,53.5472,423.2,6561.0,-32.3,-37.7,-34.4,58,80,0.35,269,24.6,24.596253300847227,0.4293291983571741,71119
2026-04-01 11:37:43,-113.9111,53.5472,423.0,6565.0,-32.3,-37.7,-34.3,59,81,0.35,269,24.6,24.596253300847227,0.4293291983571741,71119
2026-04-01 11:37:44,-113.9107,53.5472,422.8,6569.0,-32.4,-37.6,-34.3,60,82,0.36,269,24.7,24.696238070362863,0.43107443900090237,71119
2026-04-01 11:37:45,-113.9104,53.5472,422.5,6573.0,-32.4,-37.6,-34.2,60,82,0.36,269,24.7,24.696238070362863,0.43107443900090237,71119
2026-04-01 11:37:46,-113.91,53.5472,422.3,6576.0,-32.4,-37.5,-34.2,61,83,0.36,269,24.8,24.796222839878503,0.43281967964463075,71119
2026-04-01 11:37:47,-113.9096,53.5472,422.1,6579.0,-32.4,-37.5,-34.1,61,84,0.36,269,24.8,24.796222839878503,0.43281967964463075,71119
2026-04-01 11:37:48,-113.9092,53.5472,422.0,6582.0,-32.5,-37.4,-34.1,61,84,0.36,269,24.8,24.796222839878503,0.43281967964463075,71119
2026-04-01 11:37:49,-113.9089,53.5472,421.8,6586.0,-32.5,-37.4,-34.1,61,84,0.37,269,24.9,24.896207609394143,0.4345649202883591,71119
2026-04-01 11:37:50,-113.9085,53.5472,421.5,6589.0,-32.5,-37.4,-34.0,62,85,0.37,269,24.9,24.896207609394143,0.4345649202883591,71119
2026-04-01 11:37:51,-113.9081,53.5472,421.3,6593.0,-32.5,-37.3,-34.0,62,86,0.37,269,25.0,24.996192378909782,0.43631016093208747,71119
2026-04-01 11:37:52,-113.9077,53.5472,421.1,6597.0,-32.5,-37.2,-33.9,63,87,0.37,269,25.0,24.996192378909782,0.43631016093208747,71119
2026-04-01 11:37:53,-113.9073,53.5472,420.9,6601.0,-32.6,-37.2,-33.9,63,87,0.37,269,25.0,24.996192378909782,0.43631016093208747,71119
2026-04-01 11:37:54,-113.9069,53.5472,420.6,6604.0,-32.6,-37.2,-33.9,63,87,0.37,269,25.1,25.096177148425422,0.4380554015758158,71119
2026-04-01 11:37:55,-113.9065,53.5472,420.4,6608.0,-32.6,-37.3,-33.9,63,87,0.37,269,25.1,25.096177148425422,0.4380554015758158,71119
2026-04-01 11:37:56,-113.9062,53.5472,420.2,6612.0,-32.6,-37.3,-34.0,63,87,0.37,269,25.2,25.19616191794106,0.4398006422195441,71119
2026-04-01 11:37:57,-113.9058,53.5472,420.0,6616.0,-32.7,-37.3,-34.0,63,87,0.37,269,25.2,25.19616191794106,0.4398006422195441,71119
2026-04-01 11:37:58,-113.9054,53.5472,419.7,6620.0,-32.7,-37.3,-34.0,63,87,0.37,269,25.2,25.19616191794106,0.4398006422195441,71119
2026-04-01 11:37:59,-113.905,53.5472,419.5,6624.0,-32.7,-37.3,-34.0,63,87,0.37,269,25.3,25.2961466874567,0.4415458828632725,71119
2026-04-01 11:38:00,-113.9047,53.5472,419.3,6627.0,-32.8,-37.4,-34.1,63,87,0.37,269,25.3,25.2961466874567,0.4415458828632725,71119
2026-04-01 11:38:01,-113.9043,53.5472,419.1,6631.0,-32.8,-37.5,-34.2,63,86,0.36,269,25.3,25.2961466874567,0.4415458828632725,71119
2026-04-01 11:38:02,-113.9039,53.5472,418.9,6634.0,-32.8,-37.6,-34.3,62,85,0.36,269,25.4,25.396131456972338,0.44329112350700084,71119
2026-04-01 11:38:03,-113.9035,53.5473,418.7,6637.0,-32.8,-37.7,-34.4,61,85,0.36,269,25.4,25.396131456972338,0.44329112350700084,71119
2026-04-01 11:38:04,-113.9031,53.5473,418.5,6641.0,-32.8,-37.8,-34.4,61,84,0.35,268,25.4,25.38452700628503,0.8864472162435193,71119
2026-04-01 11:38:05,-113.9027,53.5473,418.3,6644.0,-32.9,-37.9,-34.5,61,84,0.35,268,25.5,25.48446608898694,0.8899371659137694,71119
2026-04-01 11:38:06,-113.9024,53.5473,418.0,6648.0,-32.9,-37.9,-34.5,61,84,0.35,268,25.5,25.48446608898694,0.8899371659137694,71119
2026-04-01 11:38:07,-113.902,53.5473,417.8,6652.0,-32.9,-38.0,-34.6,61,83,0.35,268,25.5,25.48446608898694,0.8899371659137694,71119
2026-04-01 11:38:08,-113.9016,53.5473,417.6,6656.0,-32.9,-38.0,-34.6,60,83,0.35,268,25.6,25.584405171688854,0.8934271155840195,71119
2026-04-01 11:38:09,-113.9012,53.5473,417.4,6660.0,-32.9,-38.0,-34.6,61,84,0.35,268,25.6,25.584405171688854,0.8934271155840195,71119
2026-04-01 11:38:10,-113.9008,53.5473,417.1,6664.0,-33.0,-38.0,-34.6,61,84,0.35,268,25.6,25.584405171688854,0.8934271155840195,71119
2026-04-01 11:38:11,-113.9004,53.5473,416.9,6667.0,-33.0,-38.0,-34.6,61,84,0.35,268,25.7,25.684344254390762,0.8969170652542695,71119
2026-04-01 11:38:12,-113.9,53.5473,416.7,6671.0,-33.0,-38.0,-34.6,61,84,0.35,268,25.7,25.684344254390762,0.8969170652542695,71119
2026-04-01 11:38:13,-113.8996,53.5473,416.5,6675.0,-33.0,-38.0,-34.6,61,85,0.35,268,25.7,25.684344254390762,0.8969170652542695,71119
2026-04-01 11:38:14,-113.8992,53.5474,416.3,6678.0,-33.1,-38.0,-34.6,62,85,0.35,268,25.7,25.684344254390762,0.8969170652542695,71119
2026-04-01 11:38:15,-113.8989,53.5474,416.1,6681.0,-33.1,-38.0,-34.6,61,85,0.35,268,25.8,25.78428333709267,0.9004070149245197,71119
2026-04-01 11:38:16,-113.8985,53.5474,415.9,6685.0,-33.1,-38.0,-34.7,61,85,0.35,268,25.8,25.78428333709267,0.9004070149245197,71119
2026-04-01 11:38:17,-113.8981,53.5474,415.7,6688.0,-33.2,-38.0,-34.7,62,85,0.35,268,25.8,25.78428333709267,0.9004070149245197,71119
2026-04-01 11:38:18,-113.8977,53.5474,415.4,6692.0,-33.2,-38.0,-34.6,62,86,0.35,268,25.8,25.78428333709267,0.9004070149245197,71119
2026-04-01 11:38:19,-113.8973,53.5474,415.2,6696.0,-33.2,-38.0,-34.6,63,87,0.35,268,25.9,25.88422241979458,0.9038969645947696,71119
2026-04-01 11:38:20,-113.8969,53.5474,415.0,6700.0,-33.3,-37.9,-34.5,63,87,0.35,268,25.9,25.88422241979458,0.9038969645947696,71119
2026-04-01 11:38:21,-113.8965,53.5474,414.7,6704.0,-33.3,-37.9,-34.5,63,88,0.35,268,25.9,25.88422241979458,0.9038969645947696,71119
2026-04-01 11:38:22,-113.8961,53.5474,414.5,6708.0,-33.3,-37.9,-34.5,64,88,0.35,268,25.9,25.88422241979458,0.9038969645947696,71119
2026-04-01 11:38:23,-113.8957,53.5474,414.3,6712.0,-33.4,-37.9,-34.5,64,88,0.35,268,26.0,25.98416150249649,0.9073869142650198,71119
2026-04-01 11:38:24,-113.8953,53.5474,414.1,6715.0,-33.4,-37.9,-34.5,64,89,0.35,268,26.0,25.98416150249649,0.9073869142650198,71119
2026-04-01 11:38:25,-113.8949,53.5474,413.8,6719.0,-33.4,-37.8,-34.5,64,89,0.36,268,26.0,25.98416150249649,0.9073869142650198,71119
2026-04-01 11:38:26,-113.8945,53.5474,413.6,6723.0,-33.4,-37.8,-34.4,65,90,0.36,268,26.0,25.98416150249649,0.9073869142650198,71119
2026-04-01 11:38:27,-113.8941,53.5474,413.4,6727.0,-33.5,-37.8,-34.4,65,91,0.36,269,26.0,25.996040074066173,0.45376256736937093,71119
2026-04-01 11:38:28,-113.8938,53.5474,413.2,6731.0,-33.5,-37.7,-34.3,66,92,0.36,269,26.1,26.096024843581812,0.4555078080130993,71119
2026-04-01 11:38:29,-113.8934,53.5475,412.9,6735.0,-33.6,-37.6,-34.3,67,93,0.36,269,26.1,26.096024843581812,0.4555078080130993,71119
2026-04-01 11:38:30,-113.893,53.5475,412.7,6738.0,-33.6,-37.6,-34.2,67,93,0.37,269,26.1,26.096024843581812,0.4555078080130993,71119
2026-04-01 11:38:31,-113.8926,53.5475,412.5,6742.0,-33.6,-37.6,-34.2,67,94,0.37,269,26.1,26.096024843581812,0.4555078080130993,71119
2026-04-01 11:38:32,-113.8922,53.5475,412.2,6746.0,-33.7,-37.6,-34.2,68,94,0.37,269,26.2,26.196009613097452,0.45725304865682764,71119
2026-04-01 11:38:33,-113.8918,53.5475,412.0,6750.0,-33.7,-37.6,-34.3,68,94,0.37,269,26.2,26.196009613097452,0.45725304865682764,71119
2026-04-01 11:38:34,-113.8914,53.5475,411.8,6754.0,-33.7,-37.7,-34.3,68,94,0.36,269,26.2,26.196009613097452,0.45725304865682764,71119
2026-04-01 11:38:35,-113.891,53.5475,411.5,6758.0,-33.8,-37.8,-34.4,67,94,0.36,269,26.2,26.196009613097452,0.45725304865682764,71119
2026-04-01 11:38:36,-113.8906,53.5475,411.3,6762.0,-33.8,-37.8,-34.5,67,93,0.36,269,26.3,26.29599438261309,0.45899828930055603,71119
2026-04-01 11:38:37,-113.8902,53.5475,411.1,6766.0,-33.8,-37.9,-34.5,67,93,0.36,269,26.3,26.29599438261309,0.45899828930055603,71119
2026-04-01 11:38:38,-113.8898,53.5475,410.9,6769.0,-33.9,-37.9,-34.6,67,93,0.35,269,26.3,26.29599438261309,0.45899828930055603,71119
2026-04-01 11:38:39,-113.8894,53.5475,410.7,6773.0,-33.9,-37.9,-34.6,67,93,0.35,269,26.4,26.395979152128728,0.4607435299442843,71119
2026-04-01 11:38:40,-113.8891,53.5475,410.5,6776.0,-33.9,-37.9,-34.6,67,93,0.36,269,26.4,26.395979152128728,0.4607435299442843,71119
2026-04-01 11:38:41,-113.8887,53.5475,410.2,6780.0,-34.0,-38.0,-34.6,67,93,0.35,269,26.4,26.395979152128728,0.4607435299442843,71119
2026-04-01 11:38:42,-113.8883,53.5475,410.0,6784.0,-34.0,-38.0,-34.6,67,93,0.35,269,26.5,26.495963921644368,0.4624887705880127,71119
2026-04-01 11:38:43,-113.8879,53.5475,409.8,6788.0,-34.0,-38.1,-34.7,67,93,0.35,269,26.5,26.495963921644368,0.4624887705880127,71119
2026-04-01 11:38:44,-113.8875,53.5475,409.6,6792.0,-34.1,-38.2,-34.8,66,92,0.35,269,26.5,26.495963921644368,0.4624887705880127,71119
2026-04-01 11:38:45,-113.8871,53.5475,409.3,6796.0,-34.1,-38.2,-34.8,66,92,0.35,269,26.6,26.59594869116001,0.4642340112317411,71119
2026-04-01 11:38:46,-113.8867,53.5475,409.0,6801.0,-34.1,-38.2,-34.8,67,93,0.35,269,26.6,26.59594869116001,0.4642340112317411,71119
2026-04-01 11:38:47,-113.8863,53.5475,408.8,6805.0,-34.2,-38.2,-34.8,67,94,0.35,269,26.6,26.59594869116001,0.4642340112317411,71119
2026-04-01 11:38:48,-113.8859,53.5475,408.6,6809.0,-34.2,-38.2,-34.8,67,94,0.35,269,26.7,26.695933460675647,0.4659792518754694,71119
2026-04-01 11:38:49,-113.8855,53.5475,408.3,6813.0,-34.2,-38.3,-34.9,67,94,0.35,269,26.7,26.695933460675647,0.4659792518754694,71119
2026-04-01 11:38:50,-113.885,53.5475,408.1,6816.0,-34.3,-38.3,-34.9,67,93,0.34,269,26.7,26.695933460675647,0.4659792518754694,71119
2026-04-01 11:38:51,-113.8846,53.5475,407.9,6820.0,-34.3,-38.4,-35.0,66,92,0.34,269,26.7,26.695933460675647,0.4659792518754694,71119
2026-04-01 11:38:52,-113.8842,53.5475,407.7,6824.0,-34.3,-38.5,-35.1,66,92,0.34,269,26.8,26.795918230191287,0.46772449251919773,71119
2026-04-01 11:38:53,-113.8837,53.5475,407.5,6828.0,-34.4,-38.5,-35.1,66,92,0.34,269,26.8,26.795918230191287,0.46772449251919773,71119
2026-04-01 11:38:54,-113.8833,53.5475,407.2,6832.0,-34.4,-38.5,-35.1,66,93,0.34,269,26.8,26.795918230191287,0.46772449251919773,71119
2026-04-01 11:38:55,-113.8829,53.5475,407.0,6836.0,-34.4,-38.5,-35.1,67,93,0.34,269,26.8,26.795918230191287,0.46772449251919773,71119
2026-04-01 11:38:56,-113.8825,53.5475,406.7,6840.0,-34.4,-38.5,-35.0,67,94,0.34,269,26.9,26.895902999706923,0.46946973316292606,71119
2026-04-01 11:38:57,-113.8822,53.5475,406.5,6844.0,-34.5,-38.4,-35.0,67,94,0.34,269,26.9,26.895902999706923,0.46946973316292606,71119
2026-04-01 11:38:58,-113.8818,53.5475,406.3,6848.0,-34.5,-38.4,-35.0,68,95,0.34,269,26.9,26.895902999706923,0.46946973316292606,71119
2026-04-01 11:38:59,-113.8814,53.5475,406.1,6852.0,-34.5,-38.4,-35.0,68,95,0.34,269,26.9,26.895902999706923,0.46946973316292606,71119
2026-04-01 11:39:00,-113.881,53.5476,405.9,6856.0,-34.6,-38.4,-35.0,68,95,0.34,269,26.9,26.895902999706923,0.46946973316292606,71119
2026-04-01 11:39:01,-113.8806,53.5476,405.6,6859.0,-34.6,-38.4,-35.0,68,95,0.34,269,26.9,26.895902999706923,0.46946973316292606,71119
2026-04-01 11:39:02,-113.8802,53.5476,405.4,6863.0,-34.6,-38.5,-35.1,68,95,0.34,269,27.0,26.995887769222563,0.47121497380665445,71119
2026-04-01 11:39:03,-113.8798,53.5476,405.2,6867.0,-34.6,-38.6,-35.2,67,94,0.34,269,27.0,26.995887769222563,0.47121497380665445,71119
2026-04-01 11:39:04,-113.8794,53.5476,405.0,6871.0,-34.7,-38.8,-35.4,66,93,0.33,269,27.0,26.995887769222563,0.47121497380665445,71119
2026-04-01 11:39:05,-113.879,53.5476,404.7,6875.0,-34.7,-39.0,-35.5,65,91,0.32,269,27.0,26.995887769222563,0.47121497380665445,71119
2026-04-01 11:39:06,-113.8786,53.5476,404.5,6879.0,-34.7,-39.1,-35.6,65,91,0.32,269,27.0,26.995887769222563,0.47121497380665445,71119
2026-04-01 11:39:07,-113.8782,53.5476,404.2,6884.0,-34.8,-39.1,-35.6,65,91,0.32,269,27.0,26.995887769222563,0.47121497380665445,71119
2026-04-01 11:39:08,-113.8777,53.5476,404.0,6888.0,-34.8,-39.0,-35.6,65,92,0.32,269,27.0,26.995887769222563,0.47121497380665445,71119
2026-04-01 11:39:09,-113.8773,53.5476,403.8,6892.0,-34.8,-39.0,-35.5,66,93,0.33,269,27.0,26.995887769222563,0.47121497380665445,71119
2026-04-01 11:39:10,-113.8769,53.5476,403.5,6896.0,-34.9,-38.9,-35.5,67,94,0.33,269,27.0,26.995887769222563,0.47121497380665445,71119
2026-04-01 11:39:11,-113.8765,53.5476,403.3,6899.0,-34.9,-38.9,-35.4,67,94,0.33,269,27.0,26.995887769222563,0.47121497380665445,71119
2026-04-01 11:39:12,-113.8761,53.5476,403.1,6902.0,-34.9,-38.9,-35.5,67,94,0.33,269,27.0,26.995887769222563,0.47121497380665445,71119
2026-04-01 11:39:13,-113.8756,53.5476,402.9,6906.0,-35.0,-39.0,-35.5,67,94,0.33,269,27.0,26.995887769222563,0.47121497380665445,71119
2026-04-01 11:39:14,-113.8752,53.5476,402.7,6909.0,-35.0,-39.1,-35.6,66,93,0.32,269,27.0,26.995887769222563,0.47121497380665445,71119
2026-04-01 11:39:15,-113.8748,53.5476,402.5,6913.0,-35.0,-39.2,-35.8,65,92,0.32,269,27.0,26.995887769222563,0.47121497380665445,71119
2026-04-01 11:39:16,-113.8745,53.5476,402.3,6917.0,-35.1,-39.4,-35.9,65,91,0.31,269,27.0,26.995887769222563,0.47121497380665445,71119
2026-04-01 11:39:17,-113.8741,53.5476,402.1,6921.0,-35.1,-39.5,-36.0,64,91,0.31,269,27.0,26.995887769222563,0.47121497380665445,71119
2026-04-01 11:39:18,-113.8737,53.5476,401.8,6925.0,-35.1,-39.5,-36.1,64,90,0.31,269,27.0,26.995887769222563,0.47121497380665445,71119
2026-04-01 11:39:19,-113.8732,53.5476,401.6,6929.0,-35.1,-39.5,-36.1,64,90,0.31,269,27.0,26.995887769222563,0.47121497380665445,71119
2026-04-01 11:39:20,-113.8728,53.5476,401.4,6933.0,-35.2,-39.5,-36.0,65,91,0.31,269,26.9,26.895902999706923,0.46946973316292606,71119
2026-04-01 11:39:21,-113.8724,53.5476,401.1,6937.0,-35.2,-39.3,-35.9,66,93,0.32,269,26.9,26.895902999706923,0.46946973316292606,71119
2026-04-01 11:39:22,-113.872,53.5476,401.0,6940.0,-35.2,-39.1,-35.7,68,95,0.32,269,26.9,26.895902999706923,0.46946973316292606,71119
2026-04-01 11:39:23,-113.8716,53.5476,400.8,6944.0,-35.3,-39.0,-35.5,69,97,0.33,269,26.9,26.895902999706923,0.46946973316292606,71119
2026-04-01 11:39:24,-113.8712,53.5477,400.6,6947.0,-35.3,-38.9,-35.4,70,99,0.33,269,27.0,26.995887769222563,0.47121497380665445,71119
2026-04-01 11:39:25,-113.8708,53.5477,400.3,6951.0,-35.3,-38.8,-35.4,70,99,0.33,269,27.0,26.995887769222563,0.47121497380665445,71119
2026-04-01 11:39:25,-113.8706,53.5477,400.1,6955.0,-35.3,-38.9,-35.5,70,99,0.33,269,27.0,26.995887769222563,0.47121497380665445,71119
2026-04-01 11:39:26,-113.8704,53.5477,400.0,6957.0,-35.4,-39.0,-35.5,70,98,0.33,269,27.0,26.995887769222563,0.47121497380665445,71119
2026-04-01 11:39:27,-113.87,53.5477,399.9,6959.0,-35.4,-39.0,-35.6,69,98,0.33,269,27.0,26.995887769222563,0.47121497380665445,71119
2026-04-01 11:39:28,-113.8696,53.5476,399.7,6962.0,-35.4,-39.1,-35.7,69,97,0.32,269,27.0,26.995887769222563,0.47121497380665445,71119
2026-04-01 11:39:29,-113.8692,53.5476,399.5,6966.0,-35.5,-39.2,-35.7,69,97,0.32,269,27.0,26.995887769222563,0.47121497380665445,71119
2026-04-01 11:39:30,-113.8688,53.5476,399.3,6969.0,-35.5,-39.2,-35.7,69,98,0.32,269,27.0,26.995887769222563,0.47121497380665445,71119
2026-04-01 11:39:31,-113.8684,53.5476,399.1,6972.0,-35.5,-39.1,-35.7,69,98,0.32,269,27.0,26.995887769222563,0.47121497380665445,71119
2026-04-01 11:39:32,-113.868,53.5476,398.9,6976.0,-35.5,-39.1,-35.6,70,99,0.33,269,27.1,27.095872538738206,0.47296021445038283,71119
2026-04-01 11:39:33,-113.8676,53.5476,398.6,6980.0,-35.6,-39.0,-35.6,71,100,0.33,269,27.1,27.095872538738206,0.47296021445038283,71119
2026-04-01 11:39:34,-113.8672,53.5476,398.4,6984.0,-35.6,-39.0,-35.6,71,100,0.33,269,27.1,27.095872538738206,0.47296021445038283,71119
2026-04-01 11:39:35,-113.8668,53.5477,398.2,6989.0,-35.6,-39.0,-35.6,71,100,0.33,269,27.1,27.095872538738206,0.47296021445038283,71119
2026-04-01 11:39:36,-113.8663,53.5477,397.9,6992.0,-35.7,-39.1,-35.7,71,100,0.32,269,27.2,27.195857308253842,0.4747054550941111,71119
2026-04-01 11:39:37,-113.8659,53.5477,397.7,6996.0,-35.7,-39.2,-35.8,70,100,0.32,269,27.2,27.195857308253842,0.4747054550941111,71119
2026-04-01 11:39:38,-113.8655,53.5477,397.5,7000.0,-35.7,-39.3,-35.9,70,99,0.32,269,27.2,27.195857308253842,0.4747054550941111,71119
2026-04-01 11:39:39,-113.8651,53.5477,397.3,7003.0,-35.8,-39.4,-36.0,69,98,0.32,269,27.3,27.295842077769482,0.4764506957378395,71119
2026-04-01 11:39:40,-113.8647,53.5477,397.1,7007.0,-35.8,-39.5,-36.0,69,98,0.31,269,27.3,27.295842077769482,0.4764506957378395,71119
2026-04-01 11:39:41,-113.8643,53.5477,396.9,7010.0,-35.8,-39.6,-36.1,69,97,0.31,269,27.3,27.295842077769482,0.4764506957378395,71119
2026-04-01 11:39:42,-113.8639,53.5477,396.7,7014.0,-35.9,-39.6,-36.1,69,97,0.31,269,27.4,27.395826847285118,0.4781959363815678,71119
2026-04-01 11:39:43,-113.8635,53.5477,396.5,7018.0,-35.9,-39.6,-36.1,69,97,0.31,269,27.4,27.395826847285118,0.4781959363815678,71119
2026-04-01 11:39:44,-113.8631,53.5477,396.3,7021.0,-35.9,-39.6,-36.1,69,98,0.31,269,27.4,27.395826847285118,0.4781959363815678,71119
2026-04-01 11:39:45,-113.8627,53.5477,396.1,7025.0,-35.9,-39.6,-36.1,69,98,0.31,269,27.5,27.49581161680076,0.4799411770252962,71119
2026-04-01 11:39:46,-113.8622,53.5477,395.9,7028.0,-36.0,-39.5,-36.1,70,99,0.31,269,27.5,27.49581161680076,0.4799411770252962,71119
2026-04-01 11:39:47,-113.8618,53.5477,395.7,7032.0,-36.0,-39.5,-36.0,70,100,0.31,269,27.5,27.49581161680076,0.4799411770252962,71119
2026-04-01 11:39:48,-113.8614,53.5477,395.5,7036.0,-36.0,-39.5,-36.0,71,100,0.31,269,27.6,27.5957963863164,0.48168641766902454,71119
2026-04-01 11:39:49,-113.861,53.5477,395.3,7039.0,-36.1,-39.5,-36.0,71,101,0.31,269,27.6,27.5957963863164,0.48168641766902454,71119
2026-04-01 11:39:50,-113.8606,53.5477,395.1,7043.0,-36.1,-39.5,-36.0,71,101,0.31,269,27.6,27.5957963863164,0.48168641766902454,71119
2026-04-01 11:39:51,-113.8601,53.5477,394.9,7046.0,-36.1,-39.5,-36.0,71,101,0.32,269,27.7,27.695781155832037,0.48343165831275287,71119
2026-04-01 11:39:52,-113.8597,53.5477,394.7,7050.0,-36.2,-39.5,-36.0,72,102,0.32,269,27.7,27.695781155832037,0.48343165831275287,71119
2026-04-01 11:39:53,-113.8593,53.5477,394.4,7054.0,-36.2,-39.4,-36.0,72,103,0.32,269,27.7,27.695781155832037,0.48343165831275287,71119
2026-04-01 11:39:54,-113.8589,53.5477,394.2,7058.0,-36.2,-39.4,-35.9,73,103,0.32,269,27.7,27.695781155832037,0.48343165831275287,71119
2026-04-01 11:39:55,-113.8584,53.5477,394.0,7062.0,-36.3,-39.4,-35.9,73,104,0.32,269,27.7,27.695781155832037,0.48343165831275287,71119
2026-04-01 11:39:56,-113.858,53.5477,393.8,7065.0,-36.3,-39.4,-35.9,73,104,0.32,269,27.8,27.795765925347677,0.48517689895648125,71119
2026-04-01 11:39:57,-113.8576,53.5477,393.6,7069.0,-36.3,-39.4,-35.9,73,104,0.32,269,27.8,27.795765925347677,0.48517689895648125,71119
2026-04-01 11:39:58,-113.8572,53.5477,393.4,7073.0,-36.4,-39.4,-36.0,73,105,0.32,269,27.8,27.795765925347677,0.48517689895648125,71119
2026-04-01 11:39:59,-113.8568,53.5477,393.2,7076.0,-36.4,-39.4,-36.0,73,105,0.32,269,27.8,27.795765925347677,0.48517689895648125,71119
2026-04-01 11:40:00,-113.8564,53.5477,393.0,7080.0,-36.4,-39.5,-36.0,73,104,0.32,269,27.8,27.795765925347677,0.48517689895648125,71119
2026-04-01 11:40:01,-113.856,53.5477,392.8,7083.0,-36.4,-39.6,-36.1,72,103,0.31,270,27.8,27.8,5.1067771524444625e-15,71119
2026-04-01 11:40:02,-113.8555,53.5477,392.6,7087.0,-36.4,-39.7,-36.2,72,102,0.31,270,27.8,27.8,5.1067771524444625e-15,71119
2026-04-01 11:40:03,-113.8551,53.5477,392.4,7090.0,-36.5,-39.8,-36.3,71,102,0.31,270,27.8,27.8,5.1067771524444625e-15,71119
2026-04-01 11:40:04,-113.8547,53.5477,392.2,7093.0,-36.5,-39.9,-36.4,71,101,0.3,270,27.8,27.8,5.1067771524444625e-15,71119
2026-04-01 11:40:05,-113.8542,53.5477,392.0,7096.0,-36.5,-39.9,-36.4,71,101,0.3,270,27.8,27.8,5.1067771524444625e-15,71119
2026-04-01 11:40:06,-113.8538,53.5477,391.9,7100.0,-36.6,-39.9,-36.4,71,102,0.31,270,27.8,27.8,5.1067771524444625e-15,71119
2026-04-01 11:40:07,-113.8534,53.5478,391.7,7103.0,-36.6,-39.8,-36.3,72,103,0.31,270,27.8,27.8,5.1067771524444625e-15,71119
2026-04-01 11:40:08,-113.853,53.5478,391.5,7106.0,-36.6,-39.7,-36.3,73,104,0.31,270,27.8,27.8,5.1067771524444625e-15,71119
2026-04-01 11:40:09,-113.8526,53.5478,391.3,7110.0,-36.7,-39.8,-36.3,73,104,0.31,270,27.8,27.8,5.1067771524444625e-15,71119
2026-04-01 11:40:10,-113.8522,53.5478,391.1,7114.0,-36.7,-39.9,-36.4,72,103,0.31,270,27.8,27.8,5.1067771524444625e-15,71119
2026-04-01 11:40:11,-113.8518,53.5478,390.9,7117.0,-36.7,-40.1,-36.6,71,101,0.3,270,27.8,27.8,5.1067771524444625e-15,71119
2026-04-01 11:40:12,-113.8513,53.5478,390.6,7121.0,-36.7,-40.3,-36.8,69,99,0.29,270,27.8,27.8,5.1067771524444625e-15,71119
2026-04-01 11:40:13,-113.8509,53.5477,390.4,7124.0,-36.8,-40.5,-37.0,68,98,0.29,270,27.8,27.8,5.1067771524444625e-15,71119
2026-04-01 11:40:14,-113.8505,53.5477,390.3,7128.0,-36.8,-40.6,-37.1,67,97,0.28,270,27.8,27.8,5.1067771524444625e-15,71119
2026-04-01 11:40:15,-113.8501,53.5477,390.1,7132.0,-36.8,-40.7,-37.1,67,96,0.28,270,27.8,27.8,5.1067771524444625e-15,71119
2026-04-01 11:40:16,-113.8497,53.5477,389.8,7135.0,-36.8,-40.6,-37.1,68,97,0.28,270,27.8,27.8,5.1067771524444625e-15,71119
2026-04-01 11:40:17,-113.8492,53.5477,389.6,7139.0,-36.8,-40.5,-36.9,69,99,0.29,270,27.8,27.8,5.1067771524444625e-15,71119
2026-04-01 11:40:18,-113.8488,53.5477,389.4,7143.0,-36.9,-40.3,-36.8,70,101,0.29,270,27.8,27.8,5.1067771524444625e-15,71119
2026-04-01 11:40:19,-113.8484,53.5477,389.2,7146.0,-36.9,-40.2,-36.7,71,102,0.3,270,27.8,27.8,5.1067771524444625e-15,71119
2026-04-01 11:40:20,-113.848,53.5477,389.0,7150.0,-36.9,-40.2,-36.7,71,102,0.3,270,27.8,27.8,5.1067771524444625e-15,71119
2026-04-01 11:40:21,-113.8476,53.5477,388.8,7154.0,-37.0,-40.3,-36.8,71,102,0.29,270,27.7,27.7,5.088407450457252e-15,71119
2026-04-01 11:40:22,-113.8471,53.5477,388.6,7158.0,-37.0,-40.5,-36.9,70,101,0.29,270,27.7,27.7,5.088407450457252e-15,71119
2026-04-01 11:40:23,-113.8467,53.5477,388.4,7161.0,-37.0,-40.6,-37.1,69,99,0.28,270,27.7,27.7,5.088407450457252e-15,71119
2026-04-01 11:40:24,-113.8463,53.5477,388.2,7165.0,-37.0,-40.9,-37.3,67,97,0.28,270,27.7,27.7,5.088407450457252e-15,71119
2026-04-01 11:40:25,-113.8459,53.5477,388.0,7169.0,-37.0,-41.0,-37.5,66,95,0.27,270,27.7,27.7,5.088407450457252e-15,71119
2026-04-01 11:40:26,-113.8455,53.5477,387.8,7172.0,-37.0,-41.2,-37.6,65,94,0.27,270,27.7,27.7,5.088407450457252e-15,71119
2026-04-01 11:40:27,-113.8451,53.5477,387.5,7176.0,-37.1,-41.3,-37.7,65,93,0.27,270,27.7,27.7,5.088407450457252e-15,71119
2026-04-01 11:40:28,-113.8446,53.5477,387.3,7181.0,-37.1,-41.3,-37.8,65,93,0.27,270,27.7,27.7,5.088407450457252e-15,71119
2026-04-01 11:40:29,-113.8442,53.5477,387.0,7185.0,-37.1,-41.4,-37.8,64,93,0.26,270,27.7,27.7,5.088407450457252e-15,71119
2026-04-01 11:40:30,-113.8438,53.5477,386.8,7190.0,-37.2,-41.5,-37.9,64,92,0.26,270,27.7,27.7,5.088407450457252e-15,71119
2026-04-01 11:40:31,-113.8434,53.5477,386.6,7194.0,-37.2,-41.5,-38.0,64,92,0.26,270,27.7,27.7,5.088407450457252e-15,71119
2026-04-01 11:40:32,-113.843,53.5477,386.4,7197.0,-37.2,-41.7,-38.1,63,91,0.26,270,27.7,27.7,5.088407450457252e-15,71119
2026-04-01 11:40:33,-113.8426,53.5477,386.2,7200.0,-37.2,-41.8,-38.2,63,90,0.25,270,27.7,27.7,5.088407450457252e-15,71119
2026-04-01 11:40:34,-113.8422,53.5477,386.1,7203.0,-37.3,-41.9,-38.3,62,90,0.25,270,27.7,27.7,5.088407450457252e-15,71119
2026-04-01 11:40:35,-113.8418,53.5477,385.9,7205.0,-37.3,-41.9,-38.3,62,90,0.25,270,27.7,27.7,5.088407450457252e-15,71119
2026-04-01 11:40:36,-113.8414,53.5477,385.7,7208.0,-37.3,-41.8,-38.2,63,91,0.25,270,27.7,27.7,5.088407450457252e-15,71119
2026-04-01 11:40:37,-113.8409,53.5477,385.5,7212.0,-37.4,-41.7,-38.1,64,92,0.26,270,27.8,27.8,5.1067771524444625e-15,71119
2026-04-01 11:40:38,-113.8405,53.5477,385.3,7216.0,-37.4,-41.6,-38.0,65,94,0.26,270,27.8,27.8,5.1067771524444625e-15,71119
2026-04-01 11:40:39,-113.8401,53.5477,385.1,7219.0,-37.5,-41.5,-37.9,66,95,0.26,270,27.8,27.8,5.1067771524444625e-15,71119
2026-04-01 11:40:40,-113.8396,53.5477,384.9,7223.0,-37.5,-41.5,-37.9,66,96,0.26,270,27.8,27.8,5.1067771524444625e-15,71119
2026-04-01 11:40:41,-113.8392,53.5477,384.8,7226.0,-37.5,-41.5,-37.9,66,96,0.26,271,27.8,27.795765925347677,-0.48517689895647104,71119
2026-04-01 11:40:42,-113.8388,53.5477,384.6,7230.0,-37.6,-41.6,-38.0,66,95,0.26,271,27.8,27.795765925347677,-0.48517689895647104,71119
2026-04-01 11:40:43,-113.8384,53.5477,384.4,7233.0,-37.6,-41.8,-38.2,65,94,0.26,271,27.8,27.795765925347677,-0.48517689895647104,71119
2026-04-01 11:40:44,-113.8379,53.5477,384.2,7237.0,-37.6,-41.9,-38.3,64,93,0.25,271,27.8,27.795765925347677,-0.48517689895647104,71119
2026-04-01 11:40:45,-113.8375,53.5477,383.9,7240.0,-37.6,-42.0,-38.4,64,92,0.25,271,27.8,27.795765925347677,-0.48517689895647104,71119
2026-04-01 11:40:46,-113.8371,53.5477,383.7,7244.0,-37.7,-42.1,-38.4,64,92,0.25,271,27.8,27.795765925347677,-0.48517689895647104,71119
2026-04-01 11:40:47,-113.8367,53.5477,383.5,7248.0,-37.7,-42.1,-38.5,64,92,0.25,271,27.8,27.795765925347677,-0.48517689895647104,71119
2026-04-01 11:40:48,-113.8362,53.5477,383.3,7252.0,-37.7,-42.1,-38.5,64,92,0.25,271,27.8,27.795765925347677,-0.48517689895647104,71119
2026-04-01 11:40:49,-113.8358,53.5477,383.1,7256.0,-37.8,-42.1,-38.5,64,92,0.25,271,27.8,27.795765925347677,-0.48517689895647104,71119
2026-04-01 11:40:50,-113.8354,53.5477,382.9,7260.0,-37.8,-42.2,-38.5,64,92,0.25,271,27.8,27.795765925347677,-0.48517689895647104,71119
2026-04-01 11:40:51,-113.835,53.5477,382.6,7264.0,-37.9,-42.2,-38.5,64,93,0.25,271,27.8,27.795765925347677,-0.48517689895647104,71119
2026-04-01 11:40:52,-113.8346,53.5477,382.4,7268.0,-37.9,-42.1,-38.5,64,93,0.25,271,27.7,27.695781155832037,-0.4834316583127427,71119
2026-04-01 11:40:53,-113.8342,53.5477,382.2,7272.0,-37.9,-42.1,-38.5,65,94,0.25,271,27.7,27.695781155832037,-0.4834316583127427,71119
2026-04-01 11:40:54,-113.8338,53.5477,382.0,7276.0,-38.0,-42.2,-38.5,65,94,0.25,271,27.7,27.695781155832037,-0.4834316583127427,71119
2026-04-01 11:40:55,-113.8333,53.5477,381.8,7280.0,-38.0,-42.2,-38.6,65,94,0.25,271,27.7,27.695781155832037,-0.4834316583127427,71119
2026-04-01 11:40:56,-113.8329,53.5477,381.6,7283.0,-38.0,-42.2,-38.6,65,94,0.24,271,27.7,27.695781155832037,-0.4834316583127427,71119
2026-04-01 11:40:57,-113.8325,53.5476,381.4,7286.0,-38.1,-42.3,-38.7,65,94,0.24,271,27.7,27.695781155832037,-0.4834316583127427,71119
2026-04-01 11:40:58,-113.8321,53.5476,381.2,7290.0,-38.1,-42.3,-38.7,64,94,0.24,272,27.7,27.683125908428952,-0.9667160586592854,71119
2026-04-01 11:40:59,-113.8317,53.5476,381.0,7294.0,-38.1,-42.4,-38.7,64,94,0.24,272,27.7,27.683125908428952,-0.9667160586592854,71119
2026-04-01 11:41:00,-113.8313,53.5476,380.8,7298.0,-38.2,-42.4,-38.8,64,94,0.24,272,27.7,27.683125908428952,-0.9667160586592854,71119
2026-04-01 11:41:01,-113.8309,53.5476,380.5,7302.0,-38.2,-42.4,-38.8,65,94,0.24,272,27.7,27.683125908428952,-0.9667160586592854,71119
2026-04-01 11:41:02,-113.8305,53.5476,380.3,7306.0,-38.2,-42.4,-38.8,65,94,0.24,272,27.6,27.583186825727044,-0.9632261089890354,71119
2026-04-01 11:41:03,-113.83,53.5476,380.1,7309.0,-38.3,-42.4,-38.8,65,94,0.24,272,27.6,27.583186825727044,-0.9632261089890354,71119
2026-04-01 11:41:04,-113.8296,53.5476,380.0,7312.0,-38.3,-42.4,-38.8,65,94,0.24,272,27.6,27.583186825727044,-0.9632261089890354,71119
2026-04-01 11:41:05,-113.8292,53.5476,379.8,7316.0,-38.3,-42.5,-38.8,65,95,0.24,272,27.6,27.583186825727044,-0.9632261089890354,71119
2026-04-01 11:41:06,-113.8287,53.5476,379.6,7320.0,-38.4,-42.5,-38.8,65,95,0.24,272,27.6,27.583186825727044,-0.9632261089890354,71119
2026-04-01 11:41:07,-113.8283,53.5476,379.4,7323.0,-38.4,-42.4,-38.8,66,96,0.24,272,27.6,27.583186825727044,-0.9632261089890354,71119
2026-04-01 11:41:08,-113.8279,53.5475,379.1,7327.0,-38.4,-42.4,-38.8,66,96,0.24,272,27.6,27.583186825727044,-0.9632261089890354,71119
2026-04-01 11:41:09,-113.8276,53.5475,378.9,7331.0,-38.5,-42.4,-38.8,66,96,0.24,272,27.6,27.583186825727044,-0.9632261089890354,71119
2026-04-01 11:41:10,-113.8272,53.5475,378.8,7334.0,-38.5,-42.5,-38.9,66,96,0.24,272,27.6,27.583186825727044,-0.9632261089890354,71119
2026-04-01 11:41:11,-113.8267,53.5475,378.6,7337.0,-38.5,-42.6,-39.0,65,95,0.24,272,27.6,27.583186825727044,-0.9632261089890354,71119
2026-04-01 11:41:12,-113.8263,53.5475,378.4,7341.0,-38.5,-42.7,-39.1,65,94,0.23,272,27.6,27.583186825727044,-0.9632261089890354,71119
2026-04-01 11:41:13,-113.8259,53.5475,378.2,7344.0,-38.6,-42.8,-39.2,64,94,0.23,272,27.6,27.583186825727044,-0.9632261089890354,71119
2026-04-01 11:41:14,-113.8255,53.5475,378.0,7348.0,-38.6,-42.9,-39.2,64,94,0.23,272,27.6,27.583186825727044,-0.9632261089890354,71119
2026-04-01 11:41:15,-113.825,53.5475,377.8,7352.0,-38.6,-42.9,-39.2,64,93,0.23,272,27.5,27.483247743025135,-0.9597361593187852,71119
2026-04-01 11:41:16,-113.8246,53.5475,377.6,7356.0,-38.7,-42.9,-39.3,64,93,0.23,272,27.5,27.483247743025135,-0.9597361593187852,71119
2026-04-01 11:41:17,-113.8242,53.5475,377.4,7360.0,-38.7,-43.0,-39.3,64,94,0.23,272,27.5,27.483247743025135,-0.9597361593187852,71119
2026-04-01 11:41:18,-113.8238,53.5475,377.1,7363.0,-38.7,-43.0,-39.3,64,94,0.23,272,27.5,27.483247743025135,-0.9597361593187852,71119
2026-04-01 11:41:19,-113.8234,53.5475,376.9,7367.0,-38.8,-43.0,-39.3,64,94,0.23,272,27.5,27.483247743025135,-0.9597361593187852,71119
2026-04-01 11:41:20,-113.823,53.5474,376.7,7371.0,-38.8,-43.0,-39.4,64,94,0.23,272,27.5,27.483247743025135,-0.9597361593187852,71119
2026-04-01 11:41:21,-113.8226,53.5474,376.5,7375.0,-38.8,-43.1,-39.4,64,94,0.23,272,27.5,27.483247743025135,-0.9597361593187852,71119
2026-04-01 11:41:22,-113.8222,53.5474,376.3,7378.0,-38.9,-43.1,-39.4,64,94,0.23,272,27.5,27.483247743025135,-0.9597361593187852,71119
2026-04-01 11:41:23,-113.8217,53.5474,376.1,7382.0,-38.9,-43.1,-39.4,64,94,0.23,272,27.5,27.483247743025135,-0.9597361593187852,71119
2026-04-01 11:41:24,-113.8213,53.5474,375.9,7386.0,-38.9,-43.1,-39.5,64,94,0.23,272,27.5,27.483247743025135,-0.9597361593187852,71119
2026-04-01 11:41:25,-113.8209,53.5474,375.7,7389.0,-39.0,-43.2,-39.5,64,94,0.23,272,27.5,27.483247743025135,-0.9597361593187852,71119
2026-04-01 11:41:26,-113.8205,53.5474,375.5,7393.0,-39.0,-43.2,-39.5,64,94,0.22,272,27.5,27.483247743025135,-0.9597361593187852,71119
2026-04-01 11:41:27,-113.8201,53.5474,375.3,7397.0,-39.0,-43.2,-39.5,65,95,0.23,273,27.5,27.46231220575078,-1.4392387966809586,71119
2026-04-01 11:41:28,-113.8197,53.5474,375.1,7401.0,-39.1,-43.2,-39.5,65,95,0.23,273,27.5,27.46231220575078,-1.4392387966809586,71119
2026-04-01 11:41:29,-113.8193,53.5474,374.9,7405.0,-39.1,-43.1,-39.5,66,96,0.23,273,27.4,27.362449252275322,-1.434005201056664,71119
2026-04-01 11:41:30,-113.8189,53.5474,374.6,7409.0,-39.1,-43.1,-39.5,66,96,0.23,273,27.4,27.362449252275322,-1.434005201056664,71119
2026-04-01 11:41:31,-113.8184,53.5474,374.4,7413.0,-39.2,-43.2,-39.5,66,96,0.23,273,27.4,27.362449252275322,-1.434005201056664,71119
2026-04-01 11:41:32,-113.818,53.5474,374.2,7417.0,-39.2,-43.3,-39.6,65,96,0.22,273,27.4,27.362449252275322,-1.434005201056664,71119
2026-04-01 11:41:33,-113.8176,53.5474,374.0,7421.0,-39.2,-43.3,-39.6,65,96,0.22,273,27.4,27.362449252275322,-1.434005201056664,71119
2026-04-01 11:41:34,-113.8172,53.5473,373.8,7425.0,-39.3,-43.4,-39.7,65,96,0.22,273,27.4,27.362449252275322,-1.434005201056664,71119
2026-04-01 11:41:35,-113.8168,53.5473,373.6,7428.0,-39.3,-43.4,-39.7,65,96,0.22,273,27.4,27.362449252275322,-1.434005201056664,71119
2026-04-01 11:41:36,-113.8164,53.5473,373.4,7432.0,-39.3,-43.4,-39.7,65,96,0.22,273,27.4,27.362449252275322,-1.434005201056664,71119
2026-04-01 11:41:37,-113.816,53.5473,373.2,7436.0,-39.3,-43.5,-39.8,65,95,0.22,273,27.4,27.362449252275322,-1.434005201056664,71119
2026-04-01 11:41:38,-113.8155,53.5472,373.0,7440.0,-39.4,-43.7,-40.0,64,94,0.22,273,27.4,27.362449252275322,-1.434005201056664,71119
2026-04-01 11:41:39,-113.8151,53.5472,372.8,7444.0,-39.4,-43.9,-40.2,62,92,0.21,273,27.4,27.362449252275322,-1.434005201056664,71119
2026-04-01 11:41:40,-113.8147,53.5472,372.6,7447.0,-39.4,-44.1,-40.4,61,90,0.21,273,27.4,27.362449252275322,-1.434005201056664,71119
2026-04-01 11:41:41,-113.8143,53.5472,372.4,7451.0,-39.4,-44.2,-40.5,60,89,0.2,273,27.4,27.362449252275322,-1.434005201056664,71119
2026-04-01 11:41:42,-113.8139,53.5472,372.2,7454.0,-39.4,-44.3,-40.5,60,88,0.2,273,27.4,27.362449252275322,-1.434005201056664,71119
2026-04-01 11:41:43,-113.8135,53.5472,372.0,7458.0,-39.5,-44.3,-40.5,60,89,0.2,273,27.4,27.362449252275322,-1.434005201056664,71119
2026-04-01 11:41:44,-113.8131,53.5472,371.8,7462.0,-39.5,-44.2,-40.5,61,89,0.2,273,27.4,27.362449252275322,-1.434005201056664,71119
2026-04-01 11:41:45,-113.8127,53.5471,371.6,7465.0,-39.5,-44.2,-40.5,61,90,0.2,273,27.4,27.362449252275322,-1.434005201056664,71119
2026-04-01 11:41:46,-113.8123,53.5471,371.4,7469.0,-39.5,-44.2,-40.5,61,90,0.2,273,27.4,27.362449252275322,-1.434005201056664,71119
2026-04-01 11:41:47,-113.8119,53.5471,371.2,7473.0,-39.6,-44.2,-40.5,61,90,0.2,273,27.4,27.362449252275322,-1.434005201056664,71119
2026-04-01 11:41:48,-113.8115,53.5471,370.9,7477.0,-39.6,-44.2,-40.5,61,90,0.2,273,27.4,27.362449252275322,-1.434005201056664,71119
2026-04-01 11:41:49,-113.8111,53.5471,370.7,7482.0,-39.6,-44.3,-40.6,61,90,0.2,273,27.4,27.362449252275322,-1.434005201056664,71119
2026-04-01 11:41:50,-113.8107,53.547,370.5,7486.0,-39.7,-44.4,-40.6,61,90,0.2,273,27.4,27.362449252275322,-1.434005201056664,71119
2026-04-01 11:41:51,-113.8102,53.547,370.2,7490.0,-39.7,-44.4,-40.7,61,89,0.2,273,27.4,27.362449252275322,-1.434005201056664,71119
2026-04-01 11:41:52,-113.8098,53.547,370.1,7494.0,-39.7,-44.5,-40.8,61,89,0.2,273,27.4,27.362449252275322,-1.434005201056664,71119
2026-04-01 11:41:53,-113.8094,53.547,369.9,7497.0,-39.8,-44.5,-40.8,61,89,0.2,273,27.4,27.362449252275322,-1.434005201056664,71119
2026-04-01 11:41:54,-113.8089,53.547,369.7,7501.0,-39.8,-44.5,-40.7,61,90,0.2,273,27.4,27.362449252275322,-1.434005201056664,71119
2026-04-01 11:41:55,-113.8085,53.547,369.4,7504.0,-39.9,-44.4,-40.7,62,91,0.2,273,27.4,27.362449252275322,-1.434005201056664,71119
2026-04-01 11:41:56,-113.8081,53.547,369.2,7508.0,-39.9,-44.4,-40.6,62,92,0.2,273,27.4,27.362449252275322,-1.434005201056664,71119
2026-04-01 11:41:57,-113.8077,53.547,369.0,7512.0,-39.9,-44.3,-40.6,63,93,0.2,273,27.4,27.362449252275322,-1.434005201056664,71119
2026-04-01 11:41:58,-113.8073,53.547,368.8,7516.0,-40.0,-44.3,-40.5,64,94,0.2,273,27.4,27.362449252275322,-1.434005201056664,71119
2026-04-01 11:41:59,-113.8069,53.547,368.6,7520.0,-40.0,-44.3,-40.5,64,94,0.2,272,27.4,27.383308660323223,-0.956246209648535,71119
2026-04-01 11:42:00,-113.8065,53.547,368.4,7524.0,-40.0,-44.2,-40.5,64,95,0.2,272,27.4,27.383308660323223,-0.956246209648535,71119
2026-04-01 11:42:01,-113.8061,53.5469,368.2,7528.0,-40.1,-44.2,-40.5,64,95,0.2,272,27.4,27.383308660323223,-0.956246209648535,71119
2026-04-01 11:42:02,-113.8057,53.5469,368.0,7532.0,-40.1,-44.3,-40.5,65,96,0.2,272,27.4,27.383308660323223,-0.956246209648535,71119
2026-04-01 11:42:03,-113.8053,53.5469,367.8,7536.0,-40.2,-44.3,-40.6,65,96,0.2,272,27.4,27.383308660323223,-0.956246209648535,71119
2026-04-01 11:42:04,-113.8049,53.5469,367.5,7540.0,-40.2,-44.3,-40.6,65,96,0.2,272,27.4,27.383308660323223,-0.956246209648535,71119
2026-04-01 11:42:05,-113.8045,53.5469,367.3,7544.0,-40.2,-44.3,-40.6,65,96,0.2,272,27.4,27.383308660323223,-0.956246209648535,71119
2026-04-01 11:42:06,-113.8041,53.5469,367.1,7549.0,-40.3,-44.4,-40.6,65,96,0.2,272,27.4,27.383308660323223,-0.956246209648535,71119
2026-04-01 11:42:07,-113.8036,53.5469,366.9,7553.0,-40.3,-44.4,-40.7,65,96,0.2,272,27.4,27.383308660323223,-0.956246209648535,71119
2026-04-01 11:42:08,-113.8032,53.5469,366.6,7557.0,-40.4,-44.5,-40.7,65,96,0.2,272,27.5,27.483247743025135,-0.9597361593187852,71119
2026-04-01 11:42:09,-113.8028,53.5469,366.4,7560.0,-40.4,-44.5,-40.8,65,96,0.2,272,27.5,27.483247743025135,-0.9597361593187852,71119
2026-04-01 11:42:10,-113.8024,53.5469,366.2,7564.0,-40.4,-44.6,-40.8,64,95,0.2,272,27.5,27.483247743025135,-0.9597361593187852,71119
2026-04-01 11:42:11,-113.8019,53.5469,366.0,7568.0,-40.4,-44.6,-40.9,64,95,0.2,272,27.5,27.483247743025135,-0.9597361593187852,71119
2026-04-01 11:42:12,-113.8015,53.5469,365.8,7572.0,-40.5,-44.7,-40.9,64,95,0.2,272,27.5,27.483247743025135,-0.9597361593187852,71119
2026-04-01 11:42:13,-113.8011,53.5469,365.6,7576.0,-40.5,-44.7,-40.9,64,95,0.2,272,27.5,27.483247743025135,-0.9597361593187852,71119
2026-04-01 11:42:14,-113.8007,53.5469,365.4,7580.0,-40.5,-44.7,-40.9,65,96,0.2,273,27.5,27.46231220575078,-1.4392387966809586,71119
2026-04-01 11:42:15,-113.8003,53.5469,365.2,7584.0,-40.6,-44.7,-40.9,65,96,0.2,273,27.5,27.46231220575078,-1.4392387966809586,71119
2026-04-01 11:42:16,-113.7999,53.5468,365.0,7588.0,-40.6,-44.6,-40.9,65,97,0.2,273,27.5,27.46231220575078,-1.4392387966809586,71119
2026-04-01 11:42:17,-113.7995,53.5468,364.8,7591.0,-40.7,-44.6,-40.9,65,97,0.2,273,27.6,27.56217515922624,-1.444472392305253,71119
2026-04-01 11:42:18,-113.7991,53.5468,364.6,7595.0,-40.7,-44.7,-41.0,65,97,0.2,273,27.6,27.56217515922624,-1.444472392305253,71119
2026-04-01 11:42:19,-113.7987,53.5467,364.4,7599.0,-40.7,-44.8,-41.0,65,97,0.2,273,27.6,27.56217515922624,-1.444472392305253,71119
2026-04-01 11:42:20,-113.7982,53.5467,364.2,7602.0,-40.8,-44.8,-41.1,65,96,0.19,273,27.6,27.56217515922624,-1.444472392305253,71119
2026-04-01 11:42:21,-113.7978,53.5467,364.0,7606.0,-40.8,-44.9,-41.1,65,96,0.19,273,27.6,27.56217515922624,-1.444472392305253,71119
2026-04-01 11:42:22,-113.7974,53.5467,363.8,7610.0,-40.8,-44.9,-41.1,65,97,0.19,273,27.6,27.56217515922624,-1.444472392305253,71119
2026-04-01 11:42:23,-113.797,53.5467,363.5,7614.0,-40.9,-44.9,-41.1,65,97,0.19,273,27.7,27.662038112701694,-1.4497059879295473,71119
2026-04-01 11:42:24,-113.7966,53.5467,363.3,7619.0,-40.9,-44.8,-41.1,66,98,0.19,273,27.7,27.662038112701694,-1.4497059879295473,71119
2026-04-01 11:42:25,-113.7961,53.5467,363.1,7623.0,-40.9,-44.8,-41.1,66,99,0.2,273,27.7,27.662038112701694,-1.4497059879295473,71119
2026-04-01 11:42:26,-113.7957,53.5467,362.9,7627.0,-41.0,-44.8,-41.1,66,99,0.2,273,27.7,27.662038112701694,-1.4497059879295473,71119
2026-04-01 11:42:27,-113.7953,53.5467,362.6,7631.0,-41.0,-44.8,-41.1,66,99,0.19,273,27.7,27.662038112701694,-1.4497059879295473,71119
2026-04-01 11:42:28,-113.7949,53.5467,362.4,7635.0,-41.0,-44.9,-41.1,66,99,0.19,273,27.8,27.761901066177153,-1.4549395835538417,71119
2026-04-01 11:42:29,-113.7945,53.5466,362.2,7639.0,-41.1,-44.9,-41.2,66,99,0.19,274,27.8,27.732280597223117,-1.939229970086681,71119
2026-04-01 11:42:30,-113.7941,53.5466,362.1,7642.0,-41.1,-45.0,-41.2,66,99,0.19,274,27.8,27.732280597223117,-1.939229970086681,71119
2026-04-01 11:42:31,-113.7937,53.5466,361.8,7646.0,-41.2,-45.0,-41.2,66,99,0.19,274,27.8,27.732280597223117,-1.939229970086681,71119
2026-04-01 11:42:32,-113.7933,53.5466,361.6,7650.0,-41.2,-45.0,-41.3,66,99,0.19,274,27.8,27.732280597223117,-1.939229970086681,71119
2026-04-01 11:42:33,-113.7929,53.5465,361.4,7654.0,-41.2,-45.1,-41.3,66,99,0.19,274,27.9,27.8320370022491,-1.9462056174610936,71119
2026-04-01 11:42:34,-113.7925,53.5465,361.2,7658.0,-41.3,-45.1,-41.3,67,100,0.19,274,27.9,27.8320370022491,-1.9462056174610936,71119
2026-04-01 11:42:35,-113.792,53.5465,361.1,7661.0,-41.3,-45.1,-41.3,67,100,0.19,273,27.9,27.861764019652608,-1.460173179178136,71119
2026-04-01 11:42:36,-113.7916,53.5464,360.9,7665.0,-41.4,-45.1,-41.3,67,101,0.19,273,27.9,27.861764019652608,-1.460173179178136,71119
2026-04-01 11:42:37,-113.7911,53.5464,360.7,7668.0,-41.4,-45.1,-41.3,67,101,0.19,273,27.9,27.861764019652608,-1.460173179178136,71119
2026-04-01 11:42:38,-113.7907,53.5464,360.5,7672.0,-41.4,-45.1,-41.3,68,101,0.19,273,28.0,27.961626973128066,-1.4654067748024304,71119
2026-04-01 11:42:39,-113.7903,53.5464,360.3,7676.0,-41.5,-45.1,-41.3,68,101,0.19,273,28.0,27.961626973128066,-1.4654067748024304,71119
2026-04-01 11:42:40,-113.7898,53.5464,360.1,7679.0,-41.5,-45.2,-41.4,68,101,0.19,273,28.0,27.961626973128066,-1.4654067748024304,71119
2026-04-01 11:42:41,-113.7894,53.5464,359.9,7683.0,-41.5,-45.2,-41.4,67,101,0.19,273,28.0,27.961626973128066,-1.4654067748024304,71119
2026-04-01 11:42:42,-113.789,53.5464,359.6,7688.0,-41.6,-45.2,-41.5,67,101,0.19,273,28.0,27.961626973128066,-1.4654067748024304,71119
2026-04-01 11:42:43,-113.7886,53.5464,359.4,7692.0,-41.6,-45.3,-41.5,67,101,0.19,273,28.0,27.961626973128066,-1.4654067748024304,71119
2026-04-01 11:42:44,-113.7882,53.5464,359.1,7697.0,-41.6,-45.4,-41.6,67,100,0.19,273,28.1,28.061489926603524,-1.470640370426725,71119
2026-04-01 11:42:45,-113.7877,53.5464,358.9,7702.0,-41.7,-45.4,-41.7,67,100,0.18,273,28.1,28.061489926603524,-1.470640370426725,71119
2026-04-01 11:42:46,-113.7873,53.5464,358.7,7706.0,-41.7,-45.5,-41.7,67,100,0.18,273,28.1,28.061489926603524,-1.470640370426725,71119
2026-04-01 11:42:47,-113.7869,53.5464,358.5,7710.0,-41.7,-45.6,-41.8,66,100,0.18,273,28.1,28.061489926603524,-1.470640370426725,71119
2026-04-01 11:42:48,-113.7865,53.5463,358.3,7713.0,-41.8,-45.6,-41.8,66,99,0.18,273,28.1,28.061489926603524,-1.470640370426725,71119
2026-04-01 11:42:49,-113.7861,53.5463,358.1,7717.0,-41.8,-45.7,-41.9,66,99,0.18,273,28.1,28.061489926603524,-1.470640370426725,71119
2026-04-01 11:42:50,-113.7857,53.5463,357.9,7721.0,-41.8,-45.7,-41.9,66,99,0.18,273,28.1,28.061489926603524,-1.470640370426725,71119
2026-04-01 11:42:51,-113.7853,53.5463,357.7,7725.0,-41.9,-45.8,-42.0,66,99,0.18,273,28.1,28.061489926603524,-1.470640370426725,71119
2026-04-01 11:42:52,-113.7849,53.5463,357.5,7729.0,-41.9,-45.8,-42.0,66,99,0.18,273,28.2,28.161352880078983,-1.4758739660510192,71119
2026-04-01 11:42:53,-113.7844,53.5463,357.2,7733.0,-41.9,-45.8,-42.0,66,99,0.18,273,28.2,28.161352880078983,-1.4758739660510192,71119
2026-04-01 11:42:54,-113.784,53.5462,357.0,7737.0,-42.0,-45.8,-42.0,66,100,0.18,273,28.2,28.161352880078983,-1.4758739660510192,71119
2026-04-01 11:42:55,-113.7835,53.5462,356.8,7741.0,-42.0,-45.8,-41.9,67,101,0.18,273,28.2,28.161352880078983,-1.4758739660510192,71119
2026-04-01 11:42:56,-113.7831,53.5462,356.6,7744.0,-42.1,-45.7,-41.9,68,102,0.18,273,28.2,28.161352880078983,-1.4758739660510192,71119
2026-04-01 11:42:57,-113.7826,53.5462,356.4,7748.0,-42.1,-45.6,-41.8,68,103,0.18,273,28.2,28.161352880078983,-1.4758739660510192,71119
2026-04-01 11:42:58,-113.7822,53.5462,356.2,7752.0,-42.1,-45.6,-41.8,69,104,0.18,273,28.2,28.161352880078983,-1.4758739660510192,71119
2026-04-01 11:42:59,-113.7817,53.5462,356.0,7756.0,-42.2,-45.5,-41.7,70,105,0.18,274,28.2,28.131306217327044,-1.9671325595843312,71119
2026-04-01 11:43:00,-113.7813,53.5462,355.8,7760.0,-42.2,-45.5,-41.7,70,106,0.19,274,28.2,28.131306217327044,-1.9671325595843312,71119
2026-04-01 11:43:01,-113.7809,53.5462,355.6,7764.0,-42.2,-45.5,-41.7,70,106,0.19,274,28.2,28.131306217327044,-1.9671325595843312,71119
2026-04-01 11:43:02,-113.7805,53.5462,355.4,7768.0,-42.3,-45.5,-41.7,71,107,0.19,274,28.2,28.131306217327044,-1.9671325595843312,71119
2026-04-01 11:43:03,-113.7801,53.5461,355.2,7773.0,-42.3,-45.5,-41.7,71,107,0.19,274,28.2,28.131306217327044,-1.9671325595843312,71119
2026-04-01 11:43:04,-113.7797,53.5461,354.9,7777.0,-42.3,-45.6,-41.8,71,107,0.18,274,28.2,28.131306217327044,-1.9671325595843312,71119
2026-04-01 11:43:05,-113.7793,53.5461,354.7,7781.0,-42.4,-45.6,-41.8,71,107,0.18,274,28.2,28.131306217327044,-1.9671325595843312,71119
2026-04-01 11:43:06,-113.7789,53.5461,354.5,7785.0,-42.4,-45.6,-41.8,71,107,0.18,274,28.2,28.131306217327044,-1.9671325595843312,71119
2026-04-01 11:43:07,-113.7784,53.5461,354.3,7789.0,-42.4,-45.6,-41.8,71,107,0.18,274,28.3,28.23106262235303,-1.9741082069587437,71119
2026-04-01 11:43:08,-113.778,53.546,354.1,7793.0,-42.5,-45.6,-41.8,71,108,0.18,274,28.3,28.23106262235303,-1.9741082069587437,71119
2026-04-01 11:43:09,-113.7776,53.546,353.9,7797.0,-42.5,-45.6,-41.8,72,109,0.18,274,28.3,28.23106262235303,-1.9741082069587437,71119
2026-04-01 11:43:10,-113.7772,53.546,353.7,7801.0,-42.6,-45.5,-41.7,73,110,0.19,274,28.3,28.23106262235303,-1.9741082069587437,71119
2026-04-01 11:43:11,-113.7768,53.546,353.4,7805.0,-42.6,-45.5,-41.7,73,111,0.19,274,28.3,28.23106262235303,-1.9741082069587437,71119
2026-04-01 11:43:12,-113.7763,53.5459,353.2,7809.0,-42.6,-45.6,-41.8,73,110,0.18,274,28.3,28.23106262235303,-1.9741082069587437,71119
2026-04-01 11:43:13,-113.7759,53.5459,353.0,7813.0,-42.7,-45.7,-41.9,72,110,0.18,274,28.3,28.23106262235303,-1.9741082069587437,71119
2026-04-01 11:43:14,-113.7755,53.5459,352.8,7818.0,-42.7,-45.8,-42.0,72,109,0.18,275,28.3,28.1923099559964,-2.4665075197587183,71119
2026-04-01 11:43:15,-113.775,53.5459,352.6,7822.0,-42.7,-45.9,-42.1,71,108,0.18,275,28.3,28.1923099559964,-2.4665075197587183,71119
2026-04-01 11:43:16,-113.7746,53.5459,352.4,7826.0,-42.8,-46.0,-42.2,71,107,0.18,275,28.3,28.1923099559964,-2.4665075197587183,71119
2026-04-01 11:43:17,-113.7742,53.5458,352.1,7831.0,-42.8,-46.0,-42.2,70,107,0.18,275,28.4,28.291929425805574,-2.475223094033484,71119
2026-04-01 11:43:18,-113.7738,53.5458,351.9,7835.0,-42.8,-46.1,-42.3,70,107,0.18,275,28.4,28.291929425805574,-2.475223094033484,71119
2026-04-01 11:43:19,-113.7733,53.5458,351.7,7839.0,-42.9,-46.1,-42.2,71,108,0.18,275,28.4,28.291929425805574,-2.475223094033484,71119
2026-04-01 11:43:20,-113.7729,53.5458,351.5,7843.0,-42.9,-46.1,-42.2,71,108,0.18,275,28.4,28.291929425805574,-2.475223094033484,71119
2026-04-01 11:43:21,-113.7725,53.5457,351.3,7847.0,-42.9,-46.0,-42.2,72,109,0.18,275,28.4,28.291929425805574,-2.475223094033484,71119
2026-04-01 11:43:22,-113.772,53.5457,351.1,7851.0,-43.0,-46.0,-42.2,72,109,0.18,275,28.4,28.291929425805574,-2.475223094033484,71119
2026-04-01 11:43:23,-113.7716,53.5457,350.9,7855.0,-43.0,-46.0,-42.2,72,110,0.18,275,28.4,28.291929425805574,-2.475223094033484,71119
2026-04-01 11:43:24,-113.7711,53.5457,350.7,7859.0,-43.1,-46.1,-42.2,72,110,0.18,275,28.4,28.291929425805574,-2.475223094033484,71119
2026-04-01 11:43:25,-113.7707,53.5456,350.4,7863.0,-43.1,-46.1,-42.3,72,110,0.18,275,28.4,28.291929425805574,-2.475223094033484,71119
2026-04-01 11:43:26,-113.7703,53.5456,350.2,7867.0,-43.1,-46.1,-42.3,72,110,0.18,275,28.4,28.291929425805574,-2.475223094033484,71119
2026-04-01 11:43:27,-113.7699,53.5456,350.0,7872.0,-43.2,-46.1,-42.3,73,110,0.18,275,28.4,28.291929425805574,-2.475223094033484,71119
2026-04-01 11:43:28,-113.7695,53.5456,349.8,7876.0,-43.2,-46.2,-42.3,73,111,0.18,275,28.4,28.291929425805574,-2.475223094033484,71119
2026-04-01 11:43:29,-113.7691,53.5456,349.6,7880.0,-43.2,-46.2,-42.3,73,111,0.18,275,28.4,28.291929425805574,-2.475223094033484,71119
2026-04-01 11:43:30,-113.7686,53.5455,349.4,7884.0,-43.3,-46.1,-42.3,73,112,0.18,275,28.4,28.291929425805574,-2.475223094033484,71119
2026-04-01 11:43:31,-113.7682,53.5455,349.2,7888.0,-43.3,-46.1,-42.3,74,113,0.18,275,28.4,28.291929425805574,-2.475223094033484,71119
2026-04-01 11:43:32,-113.7678,53.5455,349.0,7891.0,-43.3,-46.1,-42.3,74,113,0.18,275,28.4,28.291929425805574,-2.475223094033484,71119
2026-04-01 11:43:33,-113.7673,53.5455,348.8,7895.0,-43.4,-46.1,-42.3,75,114,0.18,275,28.4,28.291929425805574,-2.475223094033484,71119
2026-04-01 11:43:34,-113.7669,53.5455,348.6,7899.0,-43.4,-46.1,-42.3,75,114,0.18,275,28.4,28.291929425805574,-2.475223094033484,71119
2026-04-01 11:43:35,-113.7665,53.5455,348.4,7903.0,-43.5,-46.2,-42.3,75,114,0.18,275,28.4,28.291929425805574,-2.475223094033484,71119
2026-04-01 11:43:36,-113.7661,53.5454,348.2,7907.0,-43.5,-46.3,-42.4,74,113,0.17,275,28.4,28.291929425805574,-2.475223094033484,71119
2026-04-01 11:43:37,-113.7656,53.5454,348.0,7910.0,-43.5,-46.4,-42.6,73,112,0.17,275,28.5,28.391548895614747,-2.48393866830825,71119
2026-04-01 11:43:38,-113.7652,53.5454,347.8,7914.0,-43.5,-46.6,-42.7,72,110,0.17,275,28.5,28.391548895614747,-2.48393866830825,71119
2026-04-01 11:43:39,-113.7648,53.5454,347.6,7918.0,-43.6,-46.8,-42.9,71,108,0.16,275,28.5,28.391548895614747,-2.48393866830825,71119
2026-04-01 11:43:40,-113.7643,53.5453,347.4,7922.0,-43.6,-46.9,-43.0,70,107,0.16,274,28.5,28.430575432404993,-1.9880595017075688,71119
2026-04-01 11:43:41,-113.7639,53.5453,347.2,7926.0,-43.6,-46.9,-43.1,70,107,0.16,274,28.5,28.430575432404993,-1.9880595017075688,71119
2026-04-01 11:43:42,-113.7635,53.5453,347.0,7930.0,-43.7,-46.9,-43.1,70,107,0.16,274,28.5,28.430575432404993,-1.9880595017075688,71119
2026-04-01 11:43:43,-113.7631,53.5453,346.8,7934.0,-43.7,-46.9,-43.0,71,109,0.16,274,28.6,28.53033183743098,-1.9950351490819813,71119
2026-04-01 11:43:44,-113.7627,53.5453,346.6,7938.0,-43.7,-46.8,-42.9,72,110,0.17,274,28.6,28.53033183743098,-1.9950351490819813,71119
2026-04-01 11:43:45,-113.7623,53.5453,346.4,7942.0,-43.8,-46.7,-42.8,73,112,0.17,274,28.6,28.53033183743098,-1.9950351490819813,71119
2026-04-01 11:43:46,-113.7618,53.5452,346.2,7946.0,-43.8,-46.6,-42.8,73,113,0.17,274,28.6,28.53033183743098,-1.9950351490819813,71119
2026-04-01 11:43:47,-113.7614,53.5452,345.9,7950.0,-43.8,-46.6,-42.8,74,113,0.17,274,28.7,28.630088242456956,-2.0020107964563936,71119
2026-04-01 11:43:48,-113.761,53.5452,345.8,7954.0,-43.9,-46.7,-42.8,74,113,0.17,274,28.7,28.630088242456956,-2.0020107964563936,71119
2026-04-01 11:43:49,-113.7605,53.5452,345.5,7958.0,-43.9,-46.7,-42.9,73,113,0.17,274,28.7,28.630088242456956,-2.0020107964563936,71119
2026-04-01 11:43:50,-113.7601,53.5451,345.3,7961.0,-44.0,-46.8,-43.0,73,112,0.16,274,28.8,28.729844647482942,-2.0089864438308065,71119
2026-04-01 11:43:51,-113.7597,53.5451,345.1,7965.0,-44.0,-46.9,-43.1,73,111,0.16,274,28.8,28.729844647482942,-2.0089864438308065,71119
2026-04-01 11:43:52,-113.7592,53.5451,344.9,7969.0,-44.0,-47.0,-43.2,72,111,0.16,274,28.8,28.729844647482942,-2.0089864438308065,71119
2026-04-01 11:43:53,-113.7588,53.5451,344.7,7973.0,-44.1,-47.1,-43.3,72,110,0.16,274,28.9,28.82960105250892,-2.0159620912052185,71119
2026-04-01 11:43:54,-113.7583,53.545,344.5,7977.0,-44.1,-47.2,-43.3,71,110,0.16,274,28.9,28.82960105250892,-2.0159620912052185,71119
2026-04-01 11:43:55,-113.7579,53.545,344.3,7981.0,-44.1,-47.2,-43.3,71,110,0.16,274,28.9,28.82960105250892,-2.0159620912052185,71119
2026-04-01 11:43:56,-113.7574,53.545,344.1,7985.0,-44.2,-47.3,-43.4,71,110,0.16,274,29.0,28.929357457534906,-2.0229377385796314,71119
2026-04-01 11:43:57,-113.757,53.545,344.0,7988.0,-44.2,-47.3,-43.4,72,110,0.16,273,29.0,28.96025650788264,-1.5177427310453744,71119
2026-04-01 11:43:58,-113.7565,53.545,343.8,7992.0,-44.2,-47.2,-43.4,72,111,0.16,273,29.1,29.0601194613581,-1.522976326669669,71119
2026-04-01 11:43:59,-113.7561,53.545,343.6,7995.0,-44.3,-47.2,-43.3,72,111,0.16,273,29.1,29.0601194613581,-1.522976326669669,71119
2026-04-01 11:44:00,-113.7557,53.545,343.4,7999.0,-44.3,-47.2,-43.3,73,112,0.16,273,29.1,29.0601194613581,-1.522976326669669,71119
2026-04-01 11:44:01,-113.7553,53.545,343.2,8003.0,-44.3,-47.2,-43.3,73,112,0.16,273,29.2,29.159982414833554,-1.5282099222939631,71119
2026-04-01 11:44:02,-113.7549,53.545,343.0,8007.0,-44.4,-47.2,-43.3,73,113,0.16,273,29.2,29.159982414833554,-1.5282099222939631,71119
2026-04-01 11:44:03,-113.7544,53.545,342.8,8011.0,-44.4,-47.2,-43.4,73,113,0.16,273,29.2,29.159982414833554,-1.5282099222939631,71119
2026-04-01 11:44:04,-113.754,53.5449,342.6,8016.0,-44.4,-47.3,-43.4,73,113,0.16,273,29.3,29.259845368309016,-1.5334435179182577,71119
2026-04-01 11:44:05,-113.7536,53.5449,342.3,8020.0,-44.5,-47.3,-43.4,74,114,0.16,273,29.3,29.259845368309016,-1.5334435179182577,71119
2026-04-01 11:44:06,-113.7531,53.5449,342.1,8024.0,-44.5,-47.3,-43.4,74,114,0.16,273,29.3,29.259845368309016,-1.5334435179182577,71119
2026-04-01 11:44:07,-113.7527,53.5449,341.9,8028.0,-44.5,-47.3,-43.4,74,114,0.16,273,29.4,29.35970832178447,-1.5386771135425519,71119
2026-04-01 11:44:08,-113.7522,53.5448,341.7,8032.0,-44.6,-47.3,-43.4,74,114,0.16,273,29.4,29.35970832178447,-1.5386771135425519,71119
2026-04-01 11:44:09,-113.7518,53.5448,341.5,8036.0,-44.6,-47.4,-43.5,74,114,0.16,272,29.4,29.382090314361413,-1.0260452030535376,71119
2026-04-01 11:44:10,-113.7513,53.5448,341.4,8039.0,-44.6,-47.4,-43.6,73,113,0.16,272,29.5,29.482029397063325,-1.0295351527237877,71119
2026-04-01 11:44:11,-113.7508,53.5448,341.2,8043.0,-44.7,-47.5,-43.7,73,113,0.15,272,29.5,29.482029397063325,-1.0295351527237877,71119
2026-04-01 11:44:12,-113.7504,53.5448,341.0,8047.0,-44.7,-47.7,-43.8,72,112,0.15,272,29.5,29.482029397063325,-1.0295351527237877,71119
2026-04-01 11:44:13,-113.7499,53.5448,340.8,8051.0,-44.7,-47.7,-43.8,72,111,0.15,272,29.5,29.482029397063325,-1.0295351527237877,71119
2026-04-01 11:44:14,-113.7495,53.5448,340.6,8054.0,-44.8,-47.8,-43.9,72,111,0.15,272,29.6,29.581968479765237,-1.033025102394038,71119
2026-04-01 11:44:15,-113.749,53.5448,340.4,8059.0,-44.8,-47.8,-43.9,72,111,0.15,272,29.6,29.581968479765237,-1.033025102394038,71119
2026-04-01 11:44:16,-113.7486,53.5448,340.2,8063.0,-44.8,-47.8,-43.9,72,111,0.15,272,29.6,29.581968479765237,-1.033025102394038,71119
2026-04-01 11:44:17,-113.7482,53.5448,340.0,8067.0,-44.9,-47.8,-43.9,72,112,0.15,272,29.6,29.581968479765237,-1.033025102394038,71119
2026-04-01 11:44:18,-113.7478,53.5448,339.8,8070.0,-44.9,-47.8,-43.9,73,112,0.15,272,29.7,29.681907562467142,-1.036515052064288,71119
2026-04-01 11:44:19,-113.7473,53.5448,339.6,8074.0,-44.9,-47.8,-43.9,73,113,0.15,272,29.7,29.681907562467142,-1.036515052064288,71119
2026-04-01 11:44:20,-113.7469,53.5448,339.4,8078.0,-45.0,-47.8,-43.9,73,113,0.15,272,29.7,29.681907562467142,-1.036515052064288,71119
2026-04-01 11:44:21,-113.7464,53.5448,339.2,8082.0,-45.0,-47.9,-43.9,73,113,0.15,272,29.7,29.681907562467142,-1.036515052064288,71119
2026-04-01 11:44:22,-113.7459,53.5447,339.0,8086.0,-45.1,-47.9,-44.0,73,114,0.15,272,29.7,29.681907562467142,-1.036515052064288,71119
2026-04-01 11:44:23,-113.7455,53.5447,338.8,8090.0,-45.1,-47.9,-44.0,73,114,0.15,272,29.7,29.681907562467142,-1.036515052064288,71119
2026-04-01 11:44:24,-113.745,53.5447,338.5,8094.0,-45.1,-47.9,-44.0,73,114,0.15,272,29.7,29.681907562467142,-1.036515052064288,71119
2026-04-01 11:44:25,-113.7446,53.5447,338.3,8099.0,-45.2,-48.0,-44.1,73,114,0.15,272,29.7,29.681907562467142,-1.036515052064288,71119
2026-04-01 11:44:26,-113.7441,53.5447,338.1,8103.0,-45.2,-48.0,-44.1,73,113,0.15,272,29.8,29.781846645169054,-1.0400050017345381,71119
2026-04-01 11:44:27,-113.7437,53.5447,337.9,8107.0,-45.2,-48.1,-44.2,73,113,0.15,273,29.8,29.7591601356863,-1.5596114960397296,71119
2026-04-01 11:44:28,-113.7432,53.5447,337.7,8112.0,-45.3,-48.2,-44.3,72,112,0.14,273,29.8,29.7591601356863,-1.5596114960397296,71119
2026-04-01 11:44:29,-113.7428,53.5446,337.5,8116.0,-45.3,-48.3,-44.4,71,111,0.14,273,29.8,29.7591601356863,-1.5596114960397296,71119
2026-04-01 11:44:30,-113.7423,53.5446,337.3,8120.0,-45.3,-48.5,-44.5,71,110,0.14,273,29.8,29.7591601356863,-1.5596114960397296,71119
2026-04-01 11:44:31,-113.7419,53.5446,337.1,8124.0,-45.4,-48.6,-44.7,70,108,0.14,273,29.8,29.7591601356863,-1.5596114960397296,71119
2026-04-01 11:44:32,-113.7414,53.5446,336.9,8128.0,-45.4,-48.7,-44.8,69,107,0.14,273,29.8,29.7591601356863,-1.5596114960397296,71119
2026-04-01 11:44:33,-113.741,53.5446,336.7,8132.0,-45.4,-48.8,-44.9,69,107,0.14,273,29.8,29.7591601356863,-1.5596114960397296,71119
2026-04-01 11:44:34,-113.7405,53.5445,336.5,8136.0,-45.4,-48.9,-44.9,68,106,0.13,273,29.8,29.7591601356863,-1.5596114960397296,71119
2026-04-01 11:44:35,-113.7401,53.5445,336.2,8140.0,-45.5,-48.9,-45.0,68,106,0.13,273,29.8,29.7591601356863,-1.5596114960397296,71119
2026-04-01 11:44:36,-113.7397,53.5445,336.0,8144.0,-45.5,-48.9,-45.0,68,106,0.13,273,29.8,29.7591601356863,-1.5596114960397296,71119
2026-04-01 11:44:37,-113.7393,53.5445,335.8,8148.0,-45.5,-49.0,-45.0,68,107,0.13,273,29.9,29.859023089161756,-1.564845091664024,71119
2026-04-01 11:44:38,-113.7388,53.5445,335.6,8153.0,-45.6,-49.0,-45.0,68,107,0.13,272,29.9,29.881785727870962,-1.0434949514047882,71119
2026-04-01 11:44:39,-113.7384,53.5445,335.4,8157.0,-45.6,-49.0,-45.1,68,107,0.13,272,29.9,29.881785727870962,-1.0434949514047882,71119
2026-04-01 11:44:40,-113.7379,53.5445,335.1,8162.0,-45.6,-49.1,-45.1,68,107,0.13,272,29.9,29.881785727870962,-1.0434949514047882,71119
2026-04-01 11:44:41,-113.7375,53.5445,334.9,8166.0,-45.7,-49.1,-45.1,68,107,0.13,272,29.9,29.881785727870962,-1.0434949514047882,71119
2026-04-01 11:44:42,-113.737,53.5445,334.7,8170.0,-45.7,-49.1,-45.1,69,107,0.13,272,29.9,29.881785727870962,-1.0434949514047882,71119
2026-04-01 11:44:43,-113.7365,53.5445,334.5,8174.0,-45.8,-49.1,-45.1,69,108,0.13,272,29.9,29.881785727870962,-1.0434949514047882,71119
2026-04-01 11:44:44,-113.736,53.5445,334.4,8178.0,-45.8,-49.1,-45.1,69,108,0.13,272,30.0,29.981724810572874,-1.0469849010750385,71119
2026-04-01 11:44:45,-113.7356,53.5444,334.2,8181.0,-45.8,-49.1,-45.1,70,109,0.13,272,30.0,29.981724810572874,-1.0469849010750385,71119
2026-04-01 11:44:46,-113.7351,53.5444,334.0,8185.0,-45.9,-49.0,-45.1,70,110,0.13,272,30.0,29.981724810572874,-1.0469849010750385,71119
2026-04-01 11:44:47,-113.7347,53.5444,333.8,8189.0,-45.9,-49.0,-45.0,71,111,0.13,272,30.0,29.981724810572874,-1.0469849010750385,71119
2026-04-01 11:44:48,-113.7342,53.5444,333.6,8193.0,-45.9,-48.9,-45.0,71,112,0.13,272,30.0,29.981724810572874,-1.0469849010750385,71119
2026-04-01 11:44:49,-113.7338,53.5444,333.4,8198.0,-46.0,-48.9,-45.0,72,113,0.14,272,30.1,30.081663893274783,-1.0504748507452886,71119
2026-04-01 11:44:50,-113.7334,53.5444,333.1,8202.0,-46.0,-48.9,-44.9,72,113,0.14,272,30.1,30.081663893274783,-1.0504748507452886,71119
2026-04-01 11:44:51,-113.7329,53.5444,332.9,8206.0,-46.0,-48.9,-44.9,73,114,0.14,272,30.1,30.081663893274783,-1.0504748507452886,71119
2026-04-01 11:44:52,-113.7325,53.5444,332.7,8211.0,-46.1,-48.9,-44.9,73,115,0.14,272,30.1,30.081663893274783,-1.0504748507452886,71119
2026-04-01 11:44:53,-113.732,53.5444,332.5,8215.0,-46.1,-48.9,-44.9,74,115,0.14,272,30.2,30.18160297597669,-1.0539648004155386,71119
2026-04-01 11:44:54,-113.7316,53.5444,332.3,8219.0,-46.2,-48.9,-44.9,74,116,0.14,272,30.2,30.18160297597669,-1.0539648004155386,71119
2026-04-01 11:44:55,-113.7311,53.5444,332.1,8224.0,-46.2,-48.9,-44.9,74,116,0.14,272,30.2,30.18160297597669,-1.0539648004155386,71119
2026-04-01 11:44:56,-113.7307,53.5444,331.8,8228.0,-46.2,-48.9,-44.9,74,117,0.14,272,30.2,30.18160297597669,-1.0539648004155386,71119
2026-04-01 11:44:57,-113.7302,53.5444,331.6,8232.0,-46.3,-48.9,-44.9,75,117,0.14,272,30.2,30.18160297597669,-1.0539648004155386,71119
2026-04-01 11:44:58,-113.7297,53.5444,331.4,8236.0,-46.3,-48.9,-44.9,75,118,0.14,272,30.3,30.281542058678603,-1.057454750085789,71119
2026-04-01 11:44:59,-113.7293,53.5443,331.2,8240.0,-46.3,-48.9,-44.9,75,118,0.14,272,30.3,30.281542058678603,-1.057454750085789,71119
2026-04-01 11:45:00,-113.7288,53.5443,331.0,8244.0,-46.4,-48.9,-44.9,76,119,0.14,272,30.3,30.281542058678603,-1.057454750085789,71119
2026-04-01 11:45:01,-113.7283,53.5443,330.8,8248.0,-46.4,-48.9,-44.9,76,119,0.14,272,30.3,30.281542058678603,-1.057454750085789,71119
2026-04-01 11:45:02,-113.7279,53.5443,330.6,8253.0,-46.5,-48.9,-45.0,76,120,0.14,272,30.4,30.381481141380508,-1.060944699756039,71119
2026-04-01 11:45:03,-113.7274,53.5443,330.4,8257.0,-46.5,-48.9,-45.0,76,120,0.14,272,30.4,30.381481141380508,-1.060944699756039,71119
2026-04-01 11:45:04,-113.727,53.5443,330.2,8261.0,-46.5,-49.0,-45.0,76,120,0.14,272,30.4,30.381481141380508,-1.060944699756039,71119
2026-04-01 11:45:05,-113.7265,53.5442,330.0,8265.0,-46.6,-49.0,-45.0,77,120,0.14,272,30.4,30.381481141380508,-1.060944699756039,71119
2026-04-01 11:45:06,-113.7261,53.5442,329.8,8269.0,-46.6,-49.0,-45.0,77,121,0.14,272,30.4,30.381481141380508,-1.060944699756039,71119
2026-04-01 11:45:07,-113.7256,53.5442,329.6,8273.0,-46.6,-49.0,-45.1,77,121,0.14,272,30.5,30.48142022408242,-1.064434649426289,71119
2026-04-01 11:45:08,-113.7251,53.5442,329.4,8277.0,-46.7,-49.0,-45.1,77,121,0.13,272,30.5,30.48142022408242,-1.064434649426289,71119
2026-04-01 11:45:09,-113.7247,53.5442,329.2,8281.0,-46.7,-49.1,-45.1,77,121,0.13,272,30.5,30.48142022408242,-1.064434649426289,71119
2026-04-01 11:45:10,-113.7242,53.5442,329.0,8284.0,-46.7,-49.1,-45.1,77,121,0.13,272,30.5,30.48142022408242,-1.064434649426289,71119
2026-04-01 11:45:11,-113.7238,53.5442,328.8,8288.0,-46.8,-49.1,-45.2,77,121,0.13,272,30.6,30.581359306784332,-1.0679245990965394,71119
2026-04-01 11:45:12,-113.7233,53.5442,328.6,8292.0,-46.8,-49.2,-45.2,77,121,0.13,272,30.6,30.581359306784332,-1.0679245990965394,71119
2026-04-01 11:45:13,-113.7229,53.5442,328.4,8296.0,-46.8,-49.2,-45.2,77,122,0.13,272,30.6,30.581359306784332,-1.0679245990965394,71119
2026-04-01 11:45:14,-113.7224,53.5442,328.2,8301.0,-46.9,-49.2,-45.2,77,122,0.13,272,30.6,30.581359306784332,-1.0679245990965394,71119
2026-04-01 11:45:15,-113.722,53.5442,328.0,8305.0,-46.9,-49.2,-45.3,77,122,0.13,272,30.6,30.581359306784332,-1.0679245990965394,71119
2026-04-01 11:45:16,-113.7215,53.5442,327.8,8309.0,-46.9,-49.3,-45.3,77,122,0.13,272,30.7,30.68129838948624,-1.0714145487667892,71119
2026-04-01 11:45:17,-113.721,53.5442,327.6,8312.0,-47.0,-49.3,-45.3,77,122,0.13,272,30.7,30.68129838948624,-1.0714145487667892,71119
2026-04-01 11:45:18,-113.7205,53.5442,327.4,8316.0,-47.0,-49.4,-45.4,77,121,0.13,272,30.7,30.68129838948624,-1.0714145487667892,71119
2026-04-01 11:45:19,-113.72,53.5441,327.2,8320.0,-47.0,-49.4,-45.5,77,121,0.13,272,30.7,30.68129838948624,-1.0714145487667892,71119
2026-04-01 11:45:20,-113.7196,53.5441,327.0,8324.0,-47.1,-49.5,-45.5,76,121,0.13,272,30.7,30.68129838948624,-1.0714145487667892,71119
2026-04-01 11:45:21,-113.7191,53.5441,326.8,8329.0,-47.1,-49.6,-45.6,76,120,0.13,272,30.8,30.78123747218815,-1.0749044984370395,71119
2026-04-01 11:45:22,-113.7187,53.5441,326.6,8333.0,-47.1,-49.7,-45.7,75,119,0.13,272,30.8,30.78123747218815,-1.0749044984370395,71119
2026-04-01 11:45:23,-113.7182,53.5441,326.4,8338.0,-47.2,-49.8,-45.8,75,118,0.13,272,30.8,30.78123747218815,-1.0749044984370395,71119
2026-04-01 11:45:24,-113.7177,53.5441,326.2,8342.0,-47.2,-49.9,-45.9,74,117,0.12,272,30.8,30.78123747218815,-1.0749044984370395,71119
2026-04-01 11:45:25,-113.7173,53.5441,326.0,8346.0,-47.2,-50.0,-45.9,74,117,0.12,272,30.8,30.78123747218815,-1.0749044984370395,71119
2026-04-01 11:45:26,-113.7168,53.5441,325.8,8350.0,-47.2,-50.0,-46.0,73,116,0.12,272,30.8,30.78123747218815,-1.0749044984370395,71119
2026-04-01 11:45:27,-113.7163,53.5441,325.6,8354.0,-47.3,-50.1,-46.1,73,116,0.12,272,30.8,30.78123747218815,-1.0749044984370395,71119
2026-04-01 11:45:28,-113.7159,53.5441,325.4,8358.0,-47.3,-50.1,-46.1,73,116,0.12,272,30.8,30.78123747218815,-1.0749044984370395,71119
2026-04-01 11:45:29,-113.7154,53.544,325.2,8362.0,-47.3,-50.0,-46.0,74,117,0.12,272,30.8,30.78123747218815,-1.0749044984370395,71119
2026-04-01 11:45:30,-113.7149,53.544,325.0,8366.0,-47.4,-50.0,-46.0,74,118,0.12,272,30.9,30.881176554890057,-1.0783944481072896,71119
2026-04-01 11:45:31,-113.7145,53.544,324.8,8370.0,-47.4,-50.0,-46.0,75,119,0.12,272,30.9,30.881176554890057,-1.0783944481072896,71119
2026-04-01 11:45:32,-113.714,53.544,324.6,8373.0,-47.5,-49.9,-45.9,76,121,0.12,272,30.9,30.881176554890057,-1.0783944481072896,71119
2026-04-01 11:45:33,-113.7136,53.5439,324.4,8377.0,-47.5,-49.9,-45.9,77,122,0.12,272,30.9,30.881176554890057,-1.0783944481072896,71119
2026-04-01 11:45:34,-113.7131,53.5439,324.2,8381.0,-47.5,-49.8,-45.8,77,123,0.13,272,30.9,30.881176554890057,-1.0783944481072896,71119
2026-04-01 11:45:35,-113.7126,53.5439,324.0,8385.0,-47.6,-49.8,-45.8,77,123,0.13,272,30.9,30.881176554890057,-1.0783944481072896,71119
2026-04-01 11:45:36,-113.7122,53.5439,323.8,8390.0,-47.6,-49.9,-45.9,78,123,0.12,272,30.9,30.881176554890057,-1.0783944481072896,71119
2026-04-01 11:45:37,-113.7117,53.5439,323.6,8394.0,-47.7,-49.9,-45.9,78,123,0.12,272,31.0,30.98111563759197,-1.0818843977775396,71119
2026-04-01 11:45:38,-113.7112,53.5439,323.4,8398.0,-47.7,-50.0,-46.0,77,123,0.12,272,31.0,30.98111563759197,-1.0818843977775396,71119
2026-04-01 11:45:39,-113.7108,53.5438,323.2,8402.0,-47.7,-50.0,-46.0,77,123,0.12,272,31.0,30.98111563759197,-1.0818843977775396,71119
2026-04-01 11:45:40,-113.7103,53.5438,323.0,8406.0,-47.7,-50.1,-46.1,77,122,0.12,272,31.0,30.98111563759197,-1.0818843977775396,71119
2026-04-01 11:45:41,-113.7099,53.5438,322.8,8410.0,-47.8,-50.1,-46.1,76,122,0.12,272,31.0,30.98111563759197,-1.0818843977775396,71119
2026-04-01 11:45:42,-113.7094,53.5438,322.6,8414.0,-47.8,-50.2,-46.2,76,121,0.12,272,31.1,31.08105472029388,-1.08537434744779,71119
2026-04-01 11:45:43,-113.709,53.5438,322.4,8418.0,-47.8,-50.3,-46.3,76,121,0.12,272,31.1,31.08105472029388,-1.08537434744779,71119
2026-04-01 11:45:44,-113.7085,53.5438,322.2,8422.0,-47.9,-50.3,-46.3,76,121,0.12,272,31.1,31.08105472029388,-1.08537434744779,71119
2026-04-01 11:45:45,-113.708,53.5438,322.0,8426.0,-47.9,-50.4,-46.4,76,121,0.12,272,31.1,31.08105472029388,-1.08537434744779,71119
2026-04-01 11:45:46,-113.7075,53.5438,321.8,8430.0,-48.0,-50.4,-46.4,76,121,0.12,272,31.1,31.08105472029388,-1.08537434744779,71119
2026-04-01 11:45:47,-113.707,53.5438,321.6,8434.0,-48.0,-50.5,-46.4,76,121,0.12,272,31.2,31.180993802995786,-1.08886429711804,71119
2026-04-01 11:45:48,-113.7066,53.5438,321.4,8438.0,-48.0,-50.5,-46.5,75,120,0.12,272,31.2,31.180993802995786,-1.08886429711804,71119
2026-04-01 11:45:49,-113.7061,53.5438,321.2,8442.0,-48.1,-50.6,-46.6,75,120,0.12,272,31.2,31.180993802995786,-1.08886429711804,71119
2026-04-01 11:45:50,-113.7056,53.5438,321.1,8446.0,-48.1,-50.7,-46.7,74,119,0.11,272,31.2,31.180993802995786,-1.08886429711804,71119
2026-04-01 11:45:51,-113.7051,53.5438,320.9,8450.0,-48.1,-50.8,-46.7,74,119,0.11,272,31.2,31.180993802995786,-1.08886429711804,71119
2026-04-01 11:45:52,-113.7047,53.5437,320.7,8453.0,-48.2,-50.8,-46.8,74,118,0.11,272,31.2,31.180993802995786,-1.08886429711804,71119
2026-04-01 11:45:53,-113.7042,53.5437,320.5,8457.0,-48.2,-50.9,-46.9,73,117,0.11,272,31.2,31.180993802995786,-1.08886429711804,71119
2026-04-01 11:45:54,-113.7037,53.5437,320.3,8461.0,-48.2,-51.0,-46.9,73,117,0.11,272,31.3,31.2809328856977,-1.09235424678829,71119
2026-04-01 11:45:55,-113.7032,53.5437,320.2,8465.0,-48.2,-51.0,-47.0,73,117,0.11,272,31.3,31.2809328856977,-1.09235424678829,71119
2026-04-01 11:45:56,-113.7027,53.5437,320.0,8468.0,-48.3,-51.1,-47.0,73,116,0.11,272,31.3,31.2809328856977,-1.09235424678829,71119
2026-04-01 11:45:57,-113.7023,53.5437,319.8,8472.0,-48.3,-51.1,-47.0,73,116,0.11,272,31.3,31.2809328856977,-1.09235424678829,71119
2026-04-01 11:45:58,-113.7018,53.5437,319.6,8476.0,-48.3,-51.1,-47.0,73,117,0.11,272,31.3,31.2809328856977,-1.09235424678829,71119
2026-04-01 11:45:59,-113.7014,53.5437,319.4,8480.0,-48.4,-51.1,-47.0,73,118,0.11,272,31.3,31.2809328856977,-1.09235424678829,71119
2026-04-01 11:46:00,-113.7009,53.5437,319.2,8484.0,-48.4,-51.0,-47.0,74,119,0.11,272,31.3,31.2809328856977,-1.09235424678829,71119
2026-04-01 11:46:01,-113.7004,53.5437,319.0,8488.0,-48.4,-51.0,-47.0,74,119,0.11,272,31.3,31.2809328856977,-1.09235424678829,71119
2026-04-01 11:46:02,-113.7,53.5437,318.8,8492.0,-48.5,-51.0,-47.0,75,120,0.11,272,31.3,31.2809328856977,-1.09235424678829,71119
2026-04-01 11:46:03,-113.6995,53.5436,318.6,8496.0,-48.5,-51.0,-46.9,75,121,0.11,272,31.3,31.2809328856977,-1.09235424678829,71119
2026-04-01 11:46:04,-113.699,53.5436,318.4,8500.0,-48.5,-51.0,-47.0,76,121,0.11,272,31.3,31.2809328856977,-1.09235424678829,71119
2026-04-01 11:46:05,-113.6986,53.5436,318.2,8504.0,-48.6,-51.0,-47.0,76,121,0.11,272,31.3,31.2809328856977,-1.09235424678829,71119
2026-04-01 11:46:06,-113.6981,53.5436,318.1,8508.0,-48.6,-51.1,-47.1,75,121,0.11,272,31.3,31.2809328856977,-1.09235424678829,71119
2026-04-01 11:46:07,-113.6976,53.5436,317.9,8512.0,-48.7,-51.2,-47.2,75,120,0.11,272,31.3,31.2809328856977,-1.09235424678829,71119
2026-04-01 11:46:08,-113.6972,53.5436,317.7,8516.0,-48.7,-51.3,-47.3,74,119,0.11,272,31.3,31.2809328856977,-1.09235424678829,71119
2026-04-01 11:46:09,-113.6967,53.5436,317.5,8520.0,-48.7,-51.4,-47.4,73,118,0.11,272,31.3,31.2809328856977,-1.09235424678829,71119
2026-04-01 11:46:10,-113.6962,53.5436,317.3,8524.0,-48.8,-51.6,-47.5,73,117,0.11,272,31.4,31.380871968399607,-1.0958441964585401,71119
2026-04-01 11:46:11,-113.6958,53.5436,317.1,8528.0,-48.8,-51.7,-47.6,72,116,0.1,272,31.4,31.380871968399607,-1.0958441964585401,71119
2026-04-01 11:46:12,-113.6953,53.5436,316.9,8532.0,-48.8,-51.8,-47.7,71,115,0.1,273,31.4,31.356967391293615,-1.6433490260284398,71119
2026-04-01 11:46:13,-113.6948,53.5436,316.7,8536.0,-48.8,-51.8,-47.7,71,114,0.1,273,31.4,31.356967391293615,-1.6433490260284398,71119
2026-04-01 11:46:14,-113.6944,53.5435,316.5,8539.0,-48.9,-51.9,-47.8,71,114,0.1,273,31.4,31.356967391293615,-1.6433490260284398,71119
2026-04-01 11:46:15,-113.6939,53.5435,316.4,8543.0,-48.9,-51.9,-47.8,71,114,0.1,273,31.5,31.456830344769077,-1.6485826216527344,71119
2026-04-01 11:46:16,-113.6934,53.5435,316.2,8546.0,-48.9,-52.0,-47.9,71,114,0.1,273,31.5,31.456830344769077,-1.6485826216527344,71119
2026-04-01 11:46:17,-113.6929,53.5435,316.0,8550.0,-49.0,-52.0,-47.9,71,114,0.1,273,31.5,31.456830344769077,-1.6485826216527344,71119
2026-04-01 11:46:18,-113.6924,53.5434,315.9,8553.0,-49.0,-52.0,-47.9,71,114,0.1,273,31.5,31.456830344769077,-1.6485826216527344,71119
2026-04-01 11:46:19,-113.6919,53.5434,315.7,8556.0,-49.0,-52.0,-47.9,71,115,0.1,273,31.5,31.456830344769077,-1.6485826216527344,71119
2026-04-01 11:46:20,-113.6914,53.5434,315.5,8561.0,-49.1,-52.0,-48.0,71,115,0.1,273,31.6,31.556693298244536,-1.6538162172770288,71119
2026-04-01 11:46:21,-113.691,53.5434,315.3,8565.0,-49.1,-52.1,-48.0,71,115,0.1,273,31.6,31.556693298244536,-1.6538162172770288,71119
2026-04-01 11:46:22,-113.6905,53.5434,315.1,8569.0,-49.1,-52.1,-48.0,71,115,0.1,273,31.6,31.556693298244536,-1.6538162172770288,71119
2026-04-01 11:46:23,-113.69,53.5434,314.9,8573.0,-49.2,-52.1,-48.0,71,115,0.1,273,31.6,31.556693298244536,-1.6538162172770288,71119
2026-04-01 11:46:24,-113.6896,53.5434,314.7,8577.0,-49.2,-52.2,-48.1,71,115,0.1,273,31.6,31.556693298244536,-1.6538162172770288,71119
2026-04-01 11:46:25,-113.6891,53.5434,314.6,8580.0,-49.2,-52.2,-48.1,71,115,0.1,273,31.6,31.556693298244536,-1.6538162172770288,71119
2026-04-01 11:46:26,-113.6886,53.5433,314.4,8584.0,-49.2,-52.1,-48.0,71,115,0.1,273,31.6,31.556693298244536,-1.6538162172770288,71119
2026-04-01 11:46:27,-113.6882,53.5433,314.2,8588.0,-49.2,-52.1,-48.0,72,116,0.1,273,31.7,31.65655625171999,-1.6590498129013231,71119
2026-04-01 11:46:28,-113.6877,53.5433,314.0,8592.0,-49.3,-52.1,-48.0,72,117,0.1,273,31.7,31.65655625171999,-1.6590498129013231,71119
2026-04-01 11:46:29,-113.6872,53.5433,313.8,8596.0,-49.3,-52.1,-48.0,73,117,0.1,273,31.7,31.65655625171999,-1.6590498129013231,71119
2026-04-01 11:46:30,-113.6867,53.5432,313.7,8599.0,-49.4,-52.1,-48.0,73,118,0.1,273,31.7,31.65655625171999,-1.6590498129013231,71119
2026-04-01 11:46:31,-113.6862,53.5432,313.5,8603.0,-49.4,-52.1,-48.0,74,119,0.1,273,31.7,31.65655625171999,-1.6590498129013231,71119
2026-04-01 11:46:32,-113.6858,53.5432,313.3,8607.0,-49.4,-52.1,-48.0,74,120,0.1,273,31.7,31.65655625171999,-1.6590498129013231,71119
2026-04-01 11:46:33,-113.6853,53.5432,313.1,8611.0,-49.4,-52.1,-48.0,74,120,0.1,273,31.7,31.65655625171999,-1.6590498129013231,71119
2026-04-01 11:46:34,-113.6848,53.5432,312.9,8615.0,-49.5,-52.1,-48.0,74,120,0.1,273,31.7,31.65655625171999,-1.6590498129013231,71119
2026-04-01 11:46:35,-113.6843,53.5432,312.7,8619.0,-49.5,-52.2,-48.1,74,120,0.1,273,31.7,31.65655625171999,-1.6590498129013231,71119
2026-04-01 11:46:36,-113.6838,53.5432,312.5,8623.0,-49.6,-52.2,-48.1,74,119,0.1,273,31.7,31.65655625171999,-1.6590498129013231,71119
2026-04-01 11:46:37,-113.6833,53.5432,312.3,8627.0,-49.6,-52.3,-48.2,73,119,0.1,273,31.7,31.65655625171999,-1.6590498129013231,71119
2026-04-01 11:46:38,-113.6829,53.5432,312.1,8631.0,-49.6,-52.4,-48.3,73,118,0.1,273,31.7,31.65655625171999,-1.6590498129013231,71119
2026-04-01 11:46:39,-113.6824,53.5432,312.0,8635.0,-49.7,-52.4,-48.3,73,118,0.1,273,31.7,31.65655625171999,-1.6590498129013231,71119
2026-04-01 11:46:40,-113.682,53.5432,311.8,8638.0,-49.7,-52.5,-48.4,72,117,0.1,273,31.7,31.65655625171999,-1.6590498129013231,71119
2026-04-01 11:46:41,-113.6815,53.5432,311.6,8642.0,-49.7,-52.6,-48.5,71,116,0.09,273,31.7,31.65655625171999,-1.6590498129013231,71119
2026-04-01 11:46:42,-113.6811,53.5431,311.4,8646.0,-49.7,-52.7,-48.6,71,115,0.09,273,31.7,31.65655625171999,-1.6590498129013231,71119
2026-04-01 11:46:43,-113.6806,53.5431,311.2,8650.0,-49.8,-52.8,-48.7,70,114,0.09,273,31.7,31.65655625171999,-1.6590498129013231,71119
2026-04-01 11:46:44,-113.6801,53.5431,311.1,8654.0,-49.8,-52.9,-48.8,70,113,0.09,273,31.7,31.65655625171999,-1.6590498129013231,71119
2026-04-01 11:46:45,-113.6796,53.543,310.9,8658.0,-49.8,-53.0,-48.9,69,112,0.09,273,31.7,31.65655625171999,-1.6590498129013231,71119
2026-04-01 11:46:46,-113.6791,53.543,310.7,8661.0,-49.9,-53.1,-49.0,69,112,0.09,273,31.7,31.65655625171999,-1.6590498129013231,71119
2026-04-01 11:46:47,-113.6786,53.543,310.5,8665.0,-49.9,-53.1,-49.0,69,112,0.09,273,31.7,31.65655625171999,-1.6590498129013231,71119
2026-04-01 11:46:48,-113.6781,53.543,310.3,8669.0,-49.9,-53.2,-49.0,69,112,0.09,273,31.7,31.65655625171999,-1.6590498129013231,71119
2026-04-01 11:46:49,-113.6776,53.543,310.1,8673.0,-49.9,-53.2,-49.0,69,112,0.09,273,31.7,31.65655625171999,-1.6590498129013231,71119
2026-04-01 11:46:50,-113.6772,53.543,309.9,8677.0,-50.0,-53.2,-49.0,69,112,0.09,273,31.7,31.65655625171999,-1.6590498129013231,71119
2026-04-01 11:46:51,-113.6767,53.543,309.8,8681.0,-50.0,-53.2,-49.0,69,113,0.09,273,31.7,31.65655625171999,-1.6590498129013231,71119
2026-04-01 11:46:52,-113.6762,53.543,309.6,8685.0,-50.0,-53.1,-49.0,70,114,0.09,273,31.7,31.65655625171999,-1.6590498129013231,71119
2026-04-01 11:46:53,-113.6758,53.543,309.4,8689.0,-50.1,-53.1,-49.0,70,114,0.09,273,31.7,31.65655625171999,-1.6590498129013231,71119
2026-04-01 11:46:54,-113.6753,53.543,309.2,8693.0,-50.1,-53.1,-49.0,71,115,0.09,273,31.8,31.75641920519545,-1.6642834085256175,71119
2026-04-01 11:46:55,-113.6748,53.5429,309.0,8697.0,-50.1,-53.1,-48.9,71,116,0.09,273,31.8,31.75641920519545,-1.6642834085256175,71119
2026-04-01 11:46:56,-113.6743,53.5429,308.8,8701.0,-50.2,-53.1,-49.0,71,116,0.09,273,31.8,31.75641920519545,-1.6642834085256175,71119
2026-04-01 11:46:57,-113.6739,53.5429,308.6,8705.0,-50.2,-53.1,-49.0,71,117,0.09,273,31.8,31.75641920519545,-1.6642834085256175,71119
2026-04-01 11:46:58,-113.6734,53.5429,308.4,8709.0,-50.2,-53.1,-49.0,72,117,0.09,273,31.8,31.75641920519545,-1.6642834085256175,71119
2026-04-01 11:46:59,-113.6729,53.5429,308.2,8713.0,-50.3,-53.2,-49.0,72,117,0.09,273,31.8,31.75641920519545,-1.6642834085256175,71119
2026-04-01 11:47:00,-113.6724,53.5429,308.0,8718.0,-50.3,-53.2,-49.1,72,117,0.09,273,31.8,31.75641920519545,-1.6642834085256175,71119
2026-04-01 11:47:01,-113.6719,53.5429,307.8,8722.0,-50.4,-53.2,-49.1,72,117,0.09,273,31.8,31.75641920519545,-1.6642834085256175,71119
2026-04-01 11:47:02,-113.6714,53.5429,307.6,8726.0,-50.4,-53.3,-49.1,72,117,0.09,273,31.8,31.75641920519545,-1.6642834085256175,71119
2026-04-01 11:47:03,-113.671,53.5429,307.4,8731.0,-50.4,-53.4,-49.2,71,116,0.09,273,31.8,31.75641920519545,-1.6642834085256175,71119
2026-04-01 11:47:04,-113.6705,53.5428,307.2,8734.0,-50.5,-53.4,-49.3,71,116,0.09,273,31.8,31.75641920519545,-1.6642834085256175,71119
2026-04-01 11:47:05,-113.67,53.5428,307.1,8738.0,-50.5,-53.5,-49.3,70,115,0.09,273,31.8,31.75641920519545,-1.6642834085256175,71119
2026-04-01 11:47:06,-113.6696,53.5428,306.9,8742.0,-50.5,-53.6,-49.4,70,115,0.09,273,31.8,31.75641920519545,-1.6642834085256175,71119
2026-04-01 11:47:07,-113.6691,53.5428,306.7,8746.0,-50.5,-53.6,-49.5,70,114,0.09,273,31.9,31.856282158670904,-1.6695170041499119,71119
2026-04-01 11:47:08,-113.6686,53.5428,306.6,8749.0,-50.6,-53.7,-49.5,70,114,0.08,273,31.9,31.856282158670904,-1.6695170041499119,71119
2026-04-01 11:47:09,-113.6681,53.5427,306.4,8753.0,-50.6,-53.7,-49.6,69,114,0.08,273,31.9,31.856282158670904,-1.6695170041499119,71119
2026-04-01 11:47:10,-113.6676,53.5427,306.2,8757.0,-50.6,-53.8,-49.6,70,114,0.08,273,31.9,31.856282158670904,-1.6695170041499119,71119
2026-04-01 11:47:11,-113.6671,53.5427,306.0,8760.0,-50.7,-53.8,-49.6,70,114,0.08,273,31.9,31.856282158670904,-1.6695170041499119,71119
2026-04-01 11:47:12,-113.6667,53.5427,305.8,8764.0,-50.7,-53.8,-49.6,70,114,0.08,273,31.9,31.856282158670904,-1.6695170041499119,71119
2026-04-01 11:47:13,-113.6662,53.5427,305.6,8768.0,-50.8,-53.8,-49.6,70,115,0.08,273,31.9,31.856282158670904,-1.6695170041499119,71119
2026-04-01 11:47:14,-113.6657,53.5427,305.5,8772.0,-50.8,-53.8,-49.7,70,115,0.08,273,32.0,31.956145112146363,-1.6747505997742063,71119
2026-04-01 11:47:15,-113.6652,53.5427,305.3,8776.0,-50.8,-53.9,-49.7,70,115,0.08,273,32.0,31.956145112146363,-1.6747505997742063,71119
2026-04-01 11:47:16,-113.6647,53.5426,305.1,8780.0,-50.9,-53.9,-49.7,70,115,0.08,273,32.0,31.956145112146363,-1.6747505997742063,71119
2026-04-01 11:47:17,-113.6642,53.5426,304.9,8783.0,-50.9,-53.9,-49.7,70,115,0.08,273,32.0,31.956145112146363,-1.6747505997742063,71119
2026-04-01 11:47:18,-113.6637,53.5426,304.8,8787.0,-50.9,-53.9,-49.8,70,115,0.08,273,32.0,31.956145112146363,-1.6747505997742063,71119
2026-04-01 11:47:19,-113.6633,53.5426,304.6,8791.0,-51.0,-54.0,-49.8,70,115,0.08,273,32.0,31.956145112146363,-1.6747505997742063,71119
2026-04-01 11:47:20,-113.6628,53.5426,304.4,8795.0,-51.0,-54.0,-49.8,70,115,0.08,273,32.1,32.056008065621825,-1.6799841953985006,71119
2026-04-01 11:47:21,-113.6623,53.5426,304.2,8799.0,-51.0,-54.1,-49.9,70,115,0.08,273,32.1,32.056008065621825,-1.6799841953985006,71119
2026-04-01 11:47:22,-113.6619,53.5426,304.0,8803.0,-51.0,-54.1,-49.9,70,115,0.08,273,32.1,32.056008065621825,-1.6799841953985006,71119
2026-04-01 11:47:23,-113.6614,53.5425,303.8,8807.0,-51.1,-54.2,-50.0,70,114,0.08,273,32.1,32.056008065621825,-1.6799841953985006,71119
2026-04-01 11:47:24,-113.6609,53.5425,303.6,8811.0,-51.1,-54.2,-50.1,69,114,0.08,273,32.1,32.056008065621825,-1.6799841953985006,71119
2026-04-01 11:47:25,-113.6604,53.5425,303.4,8815.0,-51.1,-54.3,-50.1,69,113,0.08,273,32.1,32.056008065621825,-1.6799841953985006,71119
2026-04-01 11:47:26,-113.6599,53.5425,303.3,8819.0,-51.2,-54.4,-50.2,69,113,0.08,273,32.2,32.15587101909728,-1.6852177910227952,71119
2026-04-01 11:47:27,-113.6594,53.5425,303.1,8824.0,-51.2,-54.4,-50.2,69,113,0.08,273,32.2,32.15587101909728,-1.6852177910227952,71119
2026-04-01 11:47:28,-113.6589,53.5425,302.9,8828.0,-51.3,-54.5,-50.3,69,113,0.08,273,32.2,32.15587101909728,-1.6852177910227952,71119
2026-04-01 11:47:29,-113.6584,53.5424,302.7,8832.0,-51.3,-54.5,-50.3,69,113,0.08,273,32.2,32.15587101909728,-1.6852177910227952,71119
2026-04-01 11:47:30,-113.6579,53.5424,302.5,8836.0,-51.3,-54.5,-50.3,69,114,0.08,273,32.2,32.15587101909728,-1.6852177910227952,71119
2026-04-01 11:47:31,-113.6575,53.5424,302.3,8840.0,-51.4,-54.5,-50.3,69,114,0.08,273,32.2,32.15587101909728,-1.6852177910227952,71119
2026-04-01 11:47:32,-113.657,53.5424,302.1,8844.0,-51.4,-54.5,-50.3,70,115,0.08,273,32.3,32.255733972572735,-1.6904513866470894,71119
2026-04-01 11:47:33,-113.6565,53.5423,301.9,8848.0,-51.5,-54.5,-50.3,70,115,0.08,274,32.3,32.22131882339232,-2.2531341019352444,71119
2026-04-01 11:47:34,-113.656,53.5423,301.7,8852.0,-51.5,-54.5,-50.4,70,115,0.08,274,32.3,32.22131882339232,-2.2531341019352444,71119
2026-04-01 11:47:35,-113.6555,53.5423,301.6,8856.0,-51.5,-54.6,-50.4,70,115,0.08,274,32.3,32.22131882339232,-2.2531341019352444,71119
2026-04-01 11:47:36,-113.655,53.5423,301.4,8860.0,-51.5,-54.6,-50.4,70,115,0.08,274,32.3,32.22131882339232,-2.2531341019352444,71119
2026-04-01 11:47:37,-113.6546,53.5423,301.2,8864.0,-51.6,-54.6,-50.4,70,115,0.08,274,32.3,32.22131882339232,-2.2531341019352444,71119
2026-04-01 11:47:38,-113.6541,53.5423,301.0,8868.0,-51.6,-54.7,-50.5,70,115,0.08,274,32.3,32.22131882339232,-2.2531341019352444,71119
2026-04-01 11:47:39,-113.6536,53.5423,300.8,8872.0,-51.6,-54.7,-50.5,69,115,0.08,274,32.4,32.32107522841831,-2.260109749309657,71119
2026-04-01 11:47:40,-113.6531,53.5423,300.6,8876.0,-51.7,-54.8,-50.6,69,114,0.08,274,32.4,32.32107522841831,-2.260109749309657,71119
2026-04-01 11:47:41,-113.6527,53.5422,300.5,8879.0,-51.7,-54.9,-50.7,69,114,0.08,274,32.4,32.32107522841831,-2.260109749309657,71119
2026-04-01 11:47:42,-113.6522,53.5422,300.3,8883.0,-51.7,-54.9,-50.7,69,113,0.07,274,32.4,32.32107522841831,-2.260109749309657,71119
2026-04-01 11:47:43,-113.6517,53.5422,300.1,8886.0,-51.8,-55.0,-50.8,69,113,0.07,274,32.4,32.32107522841831,-2.260109749309657,71119
2026-04-01 11:47:44,-113.6512,53.5421,300.0,8889.0,-51.8,-55.0,-50.8,68,113,0.07,274,32.4,32.32107522841831,-2.260109749309657,71119
2026-04-01 11:47:45,-113.6507,53.5421,299.9,8893.0,-51.8,-55.0,-50.8,69,114,0.07,274,32.4,32.32107522841831,-2.260109749309657,71119
2026-04-01 11:47:46,-113.6502,53.5421,299.7,8896.0,-51.8,-55.0,-50.8,69,114,0.07,274,32.4,32.32107522841831,-2.260109749309657,71119
2026-04-01 11:47:47,-113.6497,53.5421,299.5,8900.0,-51.9,-55.0,-50.8,69,114,0.07,274,32.5,32.42083163344429,-2.26708539668407,71119
2026-04-01 11:47:48,-113.6492,53.542,299.4,8903.0,-51.9,-55.1,-50.8,69,114,0.07,274,32.5,32.42083163344429,-2.26708539668407,71119
2026-04-01 11:47:49,-113.6488,53.542,299.2,8906.0,-51.9,-55.1,-50.9,69,114,0.07,274,32.5,32.42083163344429,-2.26708539668407,71119
2026-04-01 11:47:50,-113.6483,53.542,299.1,8910.0,-51.9,-55.1,-50.9,69,115,0.07,274,32.5,32.42083163344429,-2.26708539668407,71119
2026-04-01 11:47:51,-113.6478,53.542,298.9,8914.0,-52.0,-55.1,-50.9,69,115,0.07,274,32.5,32.42083163344429,-2.26708539668407,71119
2026-04-01 11:47:52,-113.6473,53.542,298.7,8918.0,-52.0,-55.1,-50.9,69,115,0.07,274,32.5,32.42083163344429,-2.26708539668407,71119
2026-04-01 11:47:53,-113.6468,53.542,298.5,8922.0,-52.0,-55.1,-50.9,70,115,0.07,274,32.5,32.42083163344429,-2.26708539668407,71119
2026-04-01 11:47:54,-113.6463,53.542,298.3,8926.0,-52.1,-55.1,-50.9,70,116,0.07,274,32.5,32.42083163344429,-2.26708539668407,71119
2026-04-01 11:47:55,-113.6458,53.5419,298.1,8930.0,-52.1,-55.1,-50.9,70,116,0.07,274,32.5,32.42083163344429,-2.26708539668407,71119
2026-04-01 11:47:56,-113.6453,53.5419,298.0,8933.0,-52.1,-55.1,-50.9,71,117,0.07,274,32.5,32.42083163344429,-2.26708539668407,71119
2026-04-01 11:47:57,-113.6448,53.5419,297.8,8937.0,-52.2,-55.1,-50.9,71,118,0.07,274,32.5,32.42083163344429,-2.26708539668407,71119
2026-04-01 11:47:58,-113.6443,53.5419,297.6,8940.0,-52.2,-55.1,-50.8,71,118,0.07,274,32.5,32.42083163344429,-2.26708539668407,71119
2026-04-01 11:47:59,-113.6438,53.5418,297.5,8944.0,-52.2,-55.0,-50.8,72,119,0.07,274,32.5,32.42083163344429,-2.26708539668407,71119
2026-04-01 11:48:00,-113.6433,53.5418,297.3,8948.0,-52.3,-55.0,-50.8,72,120,0.07,274,32.5,32.42083163344429,-2.26708539668407,71119
2026-04-01 11:48:01,-113.6429,53.5418,297.1,8952.0,-52.3,-55.1,-50.8,72,120,0.07,274,32.5,32.42083163344429,-2.26708539668407,71119
2026-04-01 11:48:02,-113.6424,53.5418,296.9,8956.0,-52.3,-55.1,-50.9,72,120,0.07,274,32.5,32.42083163344429,-2.26708539668407,71119
2026-04-01 11:48:03,-113.6419,53.5417,296.8,8959.0,-52.4,-55.1,-50.9,72,120,0.07,274,32.5,32.42083163344429,-2.26708539668407,71119
2026-04-01 11:48:04,-113.6414,53.5417,296.6,8963.0,-52.4,-55.1,-50.9,72,120,0.07,274,32.6,32.52058803847027,-2.2740610440584823,71119
2026-04-01 11:48:05,-113.6409,53.5417,296.4,8966.0,-52.4,-55.2,-51.0,72,120,0.07,274,32.6,32.52058803847027,-2.2740610440584823,71119
2026-04-01 11:48:06,-113.6405,53.5417,296.3,8970.0,-52.4,-55.2,-51.0,72,120,0.07,274,32.6,32.52058803847027,-2.2740610440584823,71119
2026-04-01 11:48:07,-113.64,53.5416,296.1,8974.0,-52.5,-55.3,-51.1,72,120,0.07,274,32.6,32.52058803847027,-2.2740610440584823,71119
2026-04-01 11:48:08,-113.6395,53.5416,295.9,8978.0,-52.5,-55.3,-51.1,72,119,0.07,274,32.6,32.52058803847027,-2.2740610440584823,71119
2026-04-01 11:48:09,-113.639,53.5416,295.8,8981.0,-52.5,-55.4,-51.1,72,119,0.07,274,32.6,32.52058803847027,-2.2740610440584823,71119
2026-04-01 11:48:10,-113.6385,53.5416,295.6,8985.0,-52.6,-55.4,-51.2,71,119,0.07,274,32.6,32.52058803847027,-2.2740610440584823,71119
2026-04-01 11:48:11,-113.638,53.5416,295.4,8989.0,-52.6,-55.5,-51.2,71,119,0.07,274,32.6,32.52058803847027,-2.2740610440584823,71119
2026-04-01 11:48:12,-113.6375,53.5415,295.2,8993.0,-52.6,-55.5,-51.3,71,119,0.07,274,32.7,32.62034444349626,-2.281036691432895,71119
2026-04-01 11:48:13,-113.637,53.5415,295.1,8997.0,-52.7,-55.6,-51.3,71,118,0.07,274,32.7,32.62034444349626,-2.281036691432895,71119
2026-04-01 11:48:14,-113.6365,53.5415,294.9,9001.0,-52.7,-55.6,-51.4,71,118,0.07,275,32.7,32.57556662760008,-2.849992787848413,71119
2026-04-01 11:48:15,-113.636,53.5415,294.7,9005.0,-52.7,-55.7,-51.4,71,118,0.07,275,32.7,32.57556662760008,-2.849992787848413,71119
2026-04-01 11:48:16,-113.6356,53.5414,294.5,9009.0,-52.8,-55.7,-51.4,71,118,0.07,275,32.8,32.67518609740925,-2.8587083621231786,71119
2026-04-01 11:48:17,-113.6351,53.5414,294.4,9012.0,-52.8,-55.7,-51.5,71,118,0.07,275,32.8,32.67518609740925,-2.8587083621231786,71119
2026-04-01 11:48:18,-113.6346,53.5414,294.2,9016.0,-52.8,-55.7,-51.5,71,118,0.07,275,32.8,32.67518609740925,-2.8587083621231786,71119
2026-04-01 11:48:19,-113.6341,53.5413,294.0,9020.0,-52.9,-55.8,-51.5,71,119,0.07,275,32.8,32.67518609740925,-2.8587083621231786,71119
2026-04-01 11:48:20,-113.6336,53.5413,293.9,9023.0,-52.9,-55.8,-51.5,71,119,0.07,275,32.9,32.77480556721843,-2.8674239363979446,71119
2026-04-01 11:48:21,-113.6331,53.5413,293.7,9027.0,-52.9,-55.8,-51.5,71,119,0.07,275,32.9,32.77480556721843,-2.8674239363979446,71119
2026-04-01 11:48:22,-113.6326,53.5413,293.5,9031.0,-53.0,-55.8,-51.6,71,120,0.07,275,32.9,32.77480556721843,-2.8674239363979446,71119
2026-04-01 11:48:23,-113.6321,53.5413,293.3,9035.0,-53.0,-55.8,-51.6,72,120,0.07,275,32.9,32.77480556721843,-2.8674239363979446,71119
2026-04-01 11:48:24,-113.6316,53.5413,293.2,9038.0,-53.1,-55.8,-51.6,72,121,0.07,275,32.9,32.77480556721843,-2.8674239363979446,71119
2026-04-01 11:48:25,-113.6311,53.5413,293.0,9042.0,-53.1,-55.8,-51.6,72,121,0.07,275,33.0,32.874425037027606,-2.87613951067271,71119
2026-04-01 11:48:26,-113.6306,53.5412,292.9,9045.0,-53.1,-55.8,-51.6,73,122,0.07,275,33.0,32.874425037027606,-2.87613951067271,71119
2026-04-01 11:48:27,-113.6301,53.5412,292.7,9049.0,-53.2,-55.8,-51.6,73,122,0.07,275,33.0,32.874425037027606,-2.87613951067271,71119
2026-04-01 11:48:28,-113.6295,53.5412,292.5,9053.0,-53.2,-55.9,-51.6,73,122,0.07,275,33.0,32.874425037027606,-2.87613951067271,71119
2026-04-01 11:48:29,-113.629,53.5411,292.3,9057.0,-53.2,-55.9,-51.6,73,122,0.07,275,33.0,32.874425037027606,-2.87613951067271,71119
2026-04-01 11:48:30,-113.6285,53.5411,292.1,9061.0,-53.3,-55.9,-51.6,73,123,0.07,275,33.0,32.874425037027606,-2.87613951067271,71119
2026-04-01 11:48:31,-113.628,53.5411,292.0,9065.0,-53.3,-55.9,-51.7,73,123,0.07,275,33.0,32.874425037027606,-2.87613951067271,71119
2026-04-01 11:48:32,-113.6276,53.541,291.8,9069.0,-53.3,-55.9,-51.7,73,123,0.07,275,33.0,32.874425037027606,-2.87613951067271,71119
2026-04-01 11:48:33,-113.6271,53.541,291.6,9073.0,-53.4,-55.9,-51.7,73,123,0.07,275,33.0,32.874425037027606,-2.87613951067271,71119
2026-04-01 11:48:34,-113.6267,53.541,291.4,9076.0,-53.4,-56.0,-51.7,73,123,0.07,275,33.0,32.874425037027606,-2.87613951067271,71119
2026-04-01 11:48:35,-113.6262,53.541,291.3,9080.0,-53.4,-56.0,-51.8,73,123,0.07,275,33.1,32.974044506836776,-2.884855084947476,71119
2026-04-01 11:48:36,-113.6257,53.5409,291.1,9084.0,-53.5,-56.1,-51.8,73,123,0.07,275,33.1,32.974044506836776,-2.884855084947476,71119
2026-04-01 11:48:37,-113.6252,53.5409,290.9,9088.0,-53.5,-56.1,-51.8,73,123,0.07,275,33.0,32.874425037027606,-2.87613951067271,71119
2026-04-01 11:48:38,-113.6247,53.5409,290.8,9092.0,-53.5,-56.1,-51.9,73,123,0.07,275,33.0,32.874425037027606,-2.87613951067271,71119
2026-04-01 11:48:39,-113.6242,53.5408,290.6,9095.0,-53.6,-56.2,-51.9,73,123,0.07,276,33.0,32.819222547153025,-3.4494392878325484,71119
2026-04-01 11:48:40,-113.6237,53.5408,290.4,9099.0,-53.6,-56.2,-51.9,73,123,0.07,276,33.0,32.819222547153025,-3.4494392878325484,71119
2026-04-01 11:48:41,-113.6231,53.5408,290.3,9102.0,-53.6,-56.2,-52.0,73,123,0.07,276,33.0,32.819222547153025,-3.4494392878325484,71119
2026-04-01 11:48:42,-113.6226,53.5408,290.1,9106.0,-53.7,-56.3,-52.0,73,123,0.07,276,33.0,32.819222547153025,-3.4494392878325484,71119
2026-04-01 11:48:43,-113.6221,53.5407,289.9,9110.0,-53.7,-56.3,-52.0,73,123,0.07,276,33.0,32.819222547153025,-3.4494392878325484,71119
2026-04-01 11:48:44,-113.6216,53.5407,289.7,9114.0,-53.7,-56.3,-52.1,73,123,0.07,276,33.0,32.819222547153025,-3.4494392878325484,71119
2026-04-01 11:48:45,-113.6212,53.5407,289.6,9118.0,-53.7,-56.4,-52.1,73,123,0.07,276,33.0,32.819222547153025,-3.4494392878325484,71119
2026-04-01 11:48:46,-113.6207,53.5406,289.4,9121.0,-53.8,-56.4,-52.2,73,123,0.06,276,33.0,32.819222547153025,-3.4494392878325484,71119
2026-04-01 11:48:47,-113.6202,53.5406,289.3,9125.0,-53.8,-56.5,-52.2,73,123,0.06,276,33.0,32.819222547153025,-3.4494392878325484,71119
2026-04-01 11:48:48,-113.6197,53.5405,289.1,9128.0,-53.8,-56.5,-52.3,72,122,0.06,276,33.0,32.819222547153025,-3.4494392878325484,71119
2026-04-01 11:48:49,-113.6192,53.5405,288.9,9132.0,-53.9,-56.6,-52.3,72,122,0.06,276,33.0,32.819222547153025,-3.4494392878325484,71119
2026-04-01 11:48:50,-113.6187,53.5405,288.7,9136.0,-53.9,-56.6,-52.3,72,122,0.06,276,33.0,32.819222547153025,-3.4494392878325484,71119
2026-04-01 11:48:51,-113.6182,53.5405,288.5,9140.0,-53.9,-56.7,-52.4,72,122,0.06,276,33.0,32.819222547153025,-3.4494392878325484,71119
2026-04-01 11:48:52,-113.6178,53.5404,288.4,9145.0,-53.9,-56.7,-52.5,72,121,0.06,276,33.0,32.819222547153025,-3.4494392878325484,71119
2026-04-01 11:48:53,-113.6173,53.5404,288.2,9149.0,-54.0,-56.8,-52.5,71,121,0.06,276,33.0,32.819222547153025,-3.4494392878325484,71119
2026-04-01 11:48:54,-113.6168,53.5404,288.0,9153.0,-54.0,-56.9,-52.6,71,120,0.06,276,33.0,32.819222547153025,-3.4494392878325484,71119
2026-04-01 11:48:55,-113.6163,53.5403,287.8,9157.0,-54.0,-56.9,-52.7,71,119,0.06,276,33.0,32.819222547153025,-3.4494392878325484,71119
2026-04-01 11:48:56,-113.6157,53.5403,287.6,9160.0,-54.1,-57.0,-52.7,70,119,0.06,276,33.0,32.819222547153025,-3.4494392878325484,71119
2026-04-01 11:48:57,-113.6152,53.5403,287.5,9164.0,-54.1,-57.1,-52.8,70,118,0.06,276,33.0,32.819222547153025,-3.4494392878325484,71119
2026-04-01 11:48:58,-113.6147,53.5403,287.3,9168.0,-54.2,-57.2,-52.9,70,118,0.06,276,33.0,32.819222547153025,-3.4494392878325484,71119
2026-04-01 11:48:59,-113.6142,53.5402,287.1,9172.0,-54.2,-57.2,-52.9,69,118,0.06,276,33.1,32.91867473668985,-3.459892134159314,71119
2026-04-01 11:49:00,-113.6138,53.5402,286.9,9176.0,-54.2,-57.3,-53.0,69,117,0.06,276,33.1,32.91867473668985,-3.459892134159314,71119
2026-04-01 11:49:01,-113.6133,53.5402,286.8,9180.0,-54.3,-57.3,-53.0,69,117,0.06,276,33.1,32.91867473668985,-3.459892134159314,71119
2026-04-01 11:49:02,-113.6128,53.5401,286.6,9184.0,-54.3,-57.4,-53.1,69,117,0.06,276,33.1,32.91867473668985,-3.459892134159314,71119
2026-04-01 11:49:03,-113.6123,53.5401,286.4,9188.0,-54.3,-57.4,-53.1,69,116,0.06,276,33.1,32.91867473668985,-3.459892134159314,71119
2026-04-01 11:49:04,-113.6118,53.54,286.3,9192.0,-54.4,-57.5,-53.2,68,116,0.06,276,33.1,32.91867473668985,-3.459892134159314,71119
2026-04-01 11:49:05,-113.6113,53.54,286.1,9195.0,-54.4,-57.6,-53.3,68,116,0.06,276,33.1,32.91867473668985,-3.459892134159314,71119
2026-04-01 11:49:06,-113.6108,53.54,285.9,9199.0,-54.4,-57.6,-53.3,68,115,0.06,276,33.1,32.91867473668985,-3.459892134159314,71119
2026-04-01 11:49:07,-113.6103,53.5399,285.8,9202.0,-54.4,-57.6,-53.3,68,115,0.06,276,33.2,33.01812692622668,-3.4703449804860793,71119
2026-04-01 11:49:08,-113.6098,53.5399,285.6,9206.0,-54.5,-57.7,-53.4,68,115,0.06,276,33.2,33.01812692622668,-3.4703449804860793,71119
2026-04-01 11:49:09,-113.6093,53.5399,285.4,9210.0,-54.5,-57.8,-53.4,67,115,0.06,276,33.2,33.01812692622668,-3.4703449804860793,71119
2026-04-01 11:49:10,-113.6089,53.5399,285.3,9214.0,-54.5,-57.8,-53.5,67,115,0.06,276,33.2,33.01812692622668,-3.4703449804860793,71119
2026-04-01 11:49:11,-113.6084,53.5399,285.1,9217.0,-54.6,-57.8,-53.5,67,115,0.06,276,33.2,33.01812692622668,-3.4703449804860793,71119
2026-04-01 11:49:12,-113.6079,53.5398,285.0,9220.0,-54.6,-57.9,-53.5,67,115,0.06,276,33.2,33.01812692622668,-3.4703449804860793,71119
2026-04-01 11:49:13,-113.6074,53.5398,284.8,9223.0,-54.6,-57.9,-53.6,67,115,0.05,276,33.2,33.01812692622668,-3.4703449804860793,71119
2026-04-01 11:49:14,-113.6068,53.5398,284.7,9227.0,-54.7,-57.9,-53.6,68,115,0.05,276,33.3,33.117579115763505,-3.480797826812844,71119
2026-04-01 11:49:15,-113.6063,53.5398,284.5,9230.0,-54.7,-57.9,-53.6,68,115,0.05,276,33.3,33.117579115763505,-3.480797826812844,71119
2026-04-01 11:49:16,-113.6058,53.5397,284.4,9234.0,-54.7,-58.0,-53.6,68,115,0.05,276,33.3,33.117579115763505,-3.480797826812844,71119
2026-04-01 11:49:17,-113.6053,53.5397,284.2,9238.0,-54.8,-58.0,-53.7,68,115,0.05,276,33.3,33.117579115763505,-3.480797826812844,71119
2026-04-01 11:49:18,-113.6048,53.5397,284.0,9242.0,-54.8,-58.0,-53.7,68,115,0.05,276,33.3,33.117579115763505,-3.480797826812844,71119
2026-04-01 11:49:19,-113.6043,53.5396,283.8,9246.0,-54.8,-58.1,-53.7,68,115,0.05,276,33.4,33.21703130530033,-3.4912506731396094,71119
2026-04-01 11:49:20,-113.6038,53.5396,283.7,9250.0,-54.9,-58.1,-53.8,67,115,0.05,276,33.4,33.21703130530033,-3.4912506731396094,71119
2026-04-01 11:49:21,-113.6033,53.5395,283.5,9253.0,-54.9,-58.1,-53.8,67,115,0.05,276,33.4,33.21703130530033,-3.4912506731396094,71119
2026-04-01 11:49:22,-113.6029,53.5395,283.3,9257.0,-54.9,-58.2,-53.9,67,114,0.05,276,33.4,33.21703130530033,-3.4912506731396094,71119
2026-04-01 11:49:23,-113.6024,53.5395,283.2,9261.0,-54.9,-58.2,-53.9,67,114,0.05,276,33.4,33.21703130530033,-3.4912506731396094,71119
2026-04-01 11:49:24,-113.6019,53.5394,283.0,9265.0,-55.0,-58.3,-54.0,66,113,0.05,276,33.5,33.31648349483716,-3.501703519466375,71119
2026-04-01 11:49:25,-113.6014,53.5394,282.8,9268.0,-55.0,-58.4,-54.1,66,113,0.05,276,33.5,33.31648349483716,-3.501703519466375,71119
2026-04-01 11:49:26,-113.6009,53.5394,282.7,9272.0,-55.0,-58.5,-54.1,66,112,0.05,276,33.5,33.31648349483716,-3.501703519466375,71119
2026-04-01 11:49:27,-113.6004,53.5393,282.5,9276.0,-55.0,-58.5,-54.2,65,111,0.05,276,33.5,33.31648349483716,-3.501703519466375,71119
2026-04-01 11:49:28,-113.5999,53.5393,282.3,9280.0,-55.1,-58.6,-54.3,65,111,0.05,276,33.5,33.31648349483716,-3.501703519466375,71119
2026-04-01 11:49:29,-113.5994,53.5393,282.2,9283.0,-55.1,-58.7,-54.4,64,110,0.05,276,33.5,33.31648349483716,-3.501703519466375,71119
2026-04-01 11:49:30,-113.5989,53.5392,282.0,9287.0,-55.1,-58.8,-54.5,64,109,0.05,276,33.6,33.415935684373984,-3.5121563657931403,71119
2026-04-01 11:49:31,-113.5983,53.5392,281.9,9290.0,-55.2,-58.9,-54.5,64,109,0.05,277,33.6,33.34955069514842,-4.094809938412962,71119
2026-04-01 11:49:32,-113.5978,53.5392,281.7,9294.0,-55.2,-58.9,-54.6,63,108,0.05,277,33.6,33.34955069514842,-4.094809938412962,71119
2026-04-01 11:49:33,-113.5973,53.5391,281.6,9297.0,-55.2,-59.0,-54.6,63,108,0.05,277,33.6,33.34955069514842,-4.094809938412962,71119
2026-04-01 11:49:34,-113.5968,53.5391,281.4,9301.0,-55.2,-59.0,-54.6,63,108,0.05,277,33.6,33.34955069514842,-4.094809938412962,71119
2026-04-01 11:49:35,-113.5963,53.539,281.2,9305.0,-55.3,-59.0,-54.7,63,108,0.05,277,33.6,33.34955069514842,-4.094809938412962,71119
2026-04-01 11:49:36,-113.5958,53.539,281.1,9308.0,-55.3,-59.0,-54.7,63,108,0.05,277,33.6,33.34955069514842,-4.094809938412962,71119
2026-04-01 11:49:37,-113.5953,53.5389,280.9,9312.0,-55.3,-59.1,-54.7,63,108,0.05,277,33.6,33.34955069514842,-4.094809938412962,71119
2026-04-01 11:49:38,-113.5948,53.5389,280.8,9316.0,-55.4,-59.1,-54.7,64,109,0.05,277,33.6,33.34955069514842,-4.094809938412962,71119
2026-04-01 11:49:39,-113.5943,53.5389,280.6,9319.0,-55.4,-59.1,-54.7,64,109,0.05,277,33.6,33.34955069514842,-4.094809938412962,71119
2026-04-01 11:49:40,-113.5938,53.5389,280.4,9323.0,-55.4,-59.1,-54.7,64,110,0.05,277,33.6,33.34955069514842,-4.094809938412962,71119
2026-04-01 11:49:41,-113.5933,53.5388,280.3,9326.0,-55.5,-59.1,-54.8,64,110,0.05,277,33.6,33.34955069514842,-4.094809938412962,71119
2026-04-01 11:49:42,-113.5928,53.5388,280.1,9330.0,-55.5,-59.1,-54.8,64,110,0.05,277,33.6,33.34955069514842,-4.094809938412962,71119
2026-04-01 11:49:43,-113.5923,53.5388,280.0,9333.0,-55.5,-59.2,-54.8,64,110,0.05,277,33.6,33.34955069514842,-4.094809938412962,71119
2026-04-01 11:49:44,-113.5918,53.5388,279.8,9337.0,-55.6,-59.2,-54.8,64,110,0.05,277,33.5,33.25029607998429,-4.082623004072447,71119
2026-04-01 11:49:45,-113.5913,53.5387,279.6,9341.0,-55.6,-59.2,-54.9,64,110,0.05,277,33.5,33.25029607998429,-4.082623004072447,71119
2026-04-01 11:49:46,-113.5907,53.5387,279.4,9345.0,-55.6,-59.3,-54.9,64,110,0.05,277,33.5,33.25029607998429,-4.082623004072447,71119
2026-04-01 11:49:47,-113.5902,53.5387,279.3,9349.0,-55.7,-59.3,-55.0,64,110,0.05,277,33.5,33.25029607998429,-4.082623004072447,71119
2026-04-01 11:49:48,-113.5897,53.5386,279.1,9353.0,-55.7,-59.4,-55.0,63,109,0.05,277,33.5,33.25029607998429,-4.082623004072447,71119
2026-04-01 11:49:49,-113.5892,53.5386,278.9,9357.0,-55.7,-59.4,-55.1,63,108,0.05,277,33.5,33.25029607998429,-4.082623004072447,71119
2026-04-01 11:49:50,-113.5887,53.5385,278.8,9361.0,-55.7,-59.5,-55.1,63,108,0.05,277,33.5,33.25029607998429,-4.082623004072447,71119
2026-04-01 11:49:51,-113.5882,53.5385,278.6,9365.0,-55.7,-59.6,-55.2,62,107,0.05,277,33.5,33.25029607998429,-4.082623004072447,71119
2026-04-01 11:49:52,-113.5877,53.5385,278.4,9369.0,-55.8,-59.6,-55.3,62,107,0.05,277,33.5,33.25029607998429,-4.082623004072447,71119
2026-04-01 11:49:53,-113.5872,53.5384,278.3,9372.0,-55.8,-59.7,-55.3,62,107,0.04,277,33.5,33.25029607998429,-4.082623004072447,71119
2026-04-01 11:49:54,-113.5868,53.5384,278.1,9376.0,-55.8,-59.7,-55.4,62,106,0.04,277,33.5,33.25029607998429,-4.082623004072447,71119
2026-04-01 11:49:55,-113.5863,53.5384,277.9,9380.0,-55.9,-59.8,-55.4,62,107,0.04,277,33.5,33.25029607998429,-4.082623004072447,71119
2026-04-01 11:49:56,-113.5858,53.5383,277.8,9384.0,-55.9,-59.8,-55.4,62,107,0.04,277,33.5,33.25029607998429,-4.082623004072447,71119
2026-04-01 11:49:57,-113.5853,53.5383,277.6,9388.0,-55.9,-59.8,-55.4,62,107,0.04,277,33.5,33.25029607998429,-4.082623004072447,71119
2026-04-01 11:49:58,-113.5848,53.5383,277.4,9392.0,-55.9,-59.8,-55.4,62,107,0.04,278,33.5,33.17398030284261,-4.662298882162193,71119
2026-04-01 11:49:59,-113.5843,53.5382,277.2,9396.0,-55.9,-59.8,-55.4,62,107,0.04,278,33.5,33.17398030284261,-4.662298882162193,71119
2026-04-01 11:50:00,-113.5838,53.5382,277.1,9400.0,-55.9,-59.8,-55.4,62,108,0.04,278,33.5,33.17398030284261,-4.662298882162193,71119
2026-04-01 11:50:01,-113.5833,53.5381,276.9,9403.0,-56.0,-59.8,-55.4,63,108,0.04,278,33.5,33.17398030284261,-4.662298882162193,71119
2026-04-01 11:50:02,-113.5828,53.5381,276.7,9407.0,-56.0,-59.8,-55.4,63,108,0.04,278,33.5,33.17398030284261,-4.662298882162193,71119
2026-04-01 11:50:03,-113.5823,53.538,276.6,9411.0,-56.0,-59.8,-55.4,63,109,0.04,278,33.5,33.17398030284261,-4.662298882162193,71119
2026-04-01 11:50:04,-113.5818,53.538,276.4,9415.0,-56.1,-59.8,-55.4,63,109,0.04,278,33.5,33.17398030284261,-4.662298882162193,71119
2026-04-01 11:50:05,-113.5813,53.5379,276.2,9418.0,-56.1,-59.8,-55.4,63,109,0.04,278,33.5,33.17398030284261,-4.662298882162193,71119
2026-04-01 11:50:06,-113.5807,53.5379,276.1,9422.0,-56.1,-59.9,-55.5,63,109,0.04,278,33.5,33.17398030284261,-4.662298882162193,71119
2026-04-01 11:50:07,-113.5802,53.5378,275.9,9426.0,-56.2,-59.9,-55.5,63,109,0.04,278,33.5,33.17398030284261,-4.662298882162193,71119
2026-04-01 11:50:08,-113.5797,53.5378,275.8,9429.0,-56.2,-60.0,-55.6,63,108,0.04,278,33.5,33.17398030284261,-4.662298882162193,71119
2026-04-01 11:50:09,-113.5792,53.5377,275.6,9433.0,-56.2,-60.0,-55.6,63,108,0.04,278,33.5,33.17398030284261,-4.662298882162193,71119
2026-04-01 11:50:10,-113.5787,53.5377,275.4,9437.0,-56.3,-60.1,-55.7,62,107,0.04,279,33.5,33.087559409937114,-5.2405545788477275,71119
2026-04-01 11:50:11,-113.5783,53.5376,275.3,9441.0,-56.3,-60.2,-55.8,61,106,0.04,279,33.5,33.087559409937114,-5.2405545788477275,71119
2026-04-01 11:50:12,-113.5778,53.5376,275.1,9445.0,-56.3,-60.3,-55.9,61,105,0.04,279,33.5,33.087559409937114,-5.2405545788477275,71119
2026-04-01 11:50:13,-113.5773,53.5375,274.9,9449.0,-56.3,-60.5,-56.1,60,103,0.04,279,33.5,33.087559409937114,-5.2405545788477275,71119
2026-04-01 11:50:14,-113.5768,53.5375,274.8,9453.0,-56.3,-60.6,-56.2,59,102,0.04,279,33.5,33.087559409937114,-5.2405545788477275,71119
2026-04-01 11:50:15,-113.5763,53.5374,274.6,9457.0,-56.3,-60.7,-56.3,58,100,0.04,279,33.5,33.087559409937114,-5.2405545788477275,71119
2026-04-01 11:50:16,-113.5758,53.5374,274.4,9461.0,-56.4,-60.9,-56.4,57,99,0.04,279,33.5,33.087559409937114,-5.2405545788477275,71119
2026-04-01 11:50:17,-113.5753,53.5373,274.2,9465.0,-56.4,-61.0,-56.6,57,98,0.04,279,33.5,33.087559409937114,-5.2405545788477275,71119
2026-04-01 11:50:18,-113.5748,53.5373,274.0,9470.0,-56.4,-61.1,-56.7,56,97,0.04,279,33.4,32.9887905758776,-5.2249111323437045,71119
2026-04-01 11:50:19,-113.5743,53.5373,273.9,9474.0,-56.5,-61.2,-56.8,55,96,0.04,279,33.4,32.9887905758776,-5.2249111323437045,71119
2026-04-01 11:50:20,-113.5738,53.5372,273.7,9477.0,-56.5,-61.4,-56.9,55,95,0.04,279,33.4,32.9887905758776,-5.2249111323437045,71119
2026-04-01 11:50:21,-113.5733,53.5372,273.5,9481.0,-56.5,-61.4,-57.0,54,94,0.04,279,33.4,32.9887905758776,-5.2249111323437045,71119
2026-04-01 11:50:22,-113.5728,53.5372,273.4,9485.0,-56.6,-61.5,-57.1,54,93,0.04,279,33.4,32.9887905758776,-5.2249111323437045,71119
2026-04-01 11:50:23,-113.5723,53.5371,273.2,9489.0,-56.6,-61.6,-57.2,54,93,0.04,279,33.4,32.9887905758776,-5.2249111323437045,71119
2026-04-01 11:50:24,-113.5718,53.5371,273.0,9493.0,-56.6,-61.7,-57.2,53,92,0.04,279,33.4,32.9887905758776,-5.2249111323437045,71119
2026-04-01 11:50:25,-113.5713,53.537,272.8,9497.0,-56.7,-61.7,-57.3,53,92,0.04,279,33.3,32.89002174181808,-5.209267685839681,71119
2026-04-01 11:50:26,-113.5708,53.537,272.7,9502.0,-56.7,-61.8,-57.4,53,92,0.03,279,33.3,32.89002174181808,-5.209267685839681,71119
2026-04-01 11:50:27,-113.5703,53.5369,272.5,9506.0,-56.8,-61.9,-57.4,53,91,0.03,279,33.3,32.89002174181808,-5.209267685839681,71119
2026-04-01 11:50:28,-113.5698,53.5369,272.3,9510.0,-56.8,-61.9,-57.5,53,91,0.03,279,33.3,32.89002174181808,-5.209267685839681,71119
2026-04-01 11:50:29,-113.5694,53.5368,272.1,9514.0,-56.8,-61.9,-57.5,53,92,0.03,279,33.3,32.89002174181808,-5.209267685839681,71119
2026-04-01 11:50:30,-113.5689,53.5368,272.0,9518.0,-56.9,-62.0,-57.5,53,92,0.03,278,33.3,32.97592668909429,-4.634464261970179,71119
2026-04-01 11:50:31,-113.5684,53.5367,271.8,9521.0,-56.9,-62.0,-57.5,53,92,0.03,278,33.3,32.97592668909429,-4.634464261970179,71119
2026-04-01 11:50:32,-113.5678,53.5367,271.6,9525.0,-56.9,-62.0,-57.5,53,93,0.03,278,33.3,32.97592668909429,-4.634464261970179,71119
2026-04-01 11:50:33,-113.5673,53.5366,271.5,9529.0,-57.0,-62.0,-57.5,54,93,0.03,279,33.3,32.89002174181808,-5.209267685839681,71119
2026-04-01 11:50:34,-113.5668,53.5366,271.3,9533.0,-57.0,-62.0,-57.5,54,94,0.03,279,33.2,32.791252907758576,-5.193624239335659,71119
2026-04-01 11:50:35,-113.5663,53.5366,271.1,9537.0,-57.0,-62.0,-57.5,54,94,0.03,279,33.2,32.791252907758576,-5.193624239335659,71119
2026-04-01 11:50:36,-113.5658,53.5366,271.0,9541.0,-57.1,-62.0,-57.5,54,94,0.03,279,33.2,32.791252907758576,-5.193624239335659,71119
2026-04-01 11:50:37,-113.5653,53.5365,270.8,9545.0,-57.1,-62.0,-57.6,54,95,0.03,279,33.2,32.791252907758576,-5.193624239335659,71119
2026-04-01 11:50:38,-113.5648,53.5365,270.6,9549.0,-57.2,-62.0,-57.6,54,95,0.03,279,33.2,32.791252907758576,-5.193624239335659,71119
2026-04-01 11:50:39,-113.5644,53.5364,270.4,9553.0,-57.2,-62.0,-57.6,55,95,0.03,279,33.2,32.791252907758576,-5.193624239335659,71119
2026-04-01 11:50:40,-113.5639,53.5364,270.3,9557.0,-57.2,-62.1,-57.6,55,95,0.03,279,33.2,32.791252907758576,-5.193624239335659,71119
2026-04-01 11:50:41,-113.5634,53.5363,270.1,9560.0,-57.3,-62.1,-57.6,55,96,0.03,279,33.1,32.69248407369906,-5.177980792831636,71119
2026-04-01 11:50:42,-113.5629,53.5363,270.0,9564.0,-57.3,-62.1,-57.7,55,96,0.03,279,33.1,32.69248407369906,-5.177980792831636,71119
2026-04-01 11:50:43,-113.5624,53.5362,269.8,9568.0,-57.4,-62.1,-57.7,55,96,0.03,279,33.1,32.69248407369906,-5.177980792831636,71119
2026-04-01 11:50:44,-113.5619,53.5362,269.6,9572.0,-57.4,-62.2,-57.7,55,96,0.03,279,33.1,32.69248407369906,-5.177980792831636,71119
2026-04-01 11:50:45,-113.5614,53.5361,269.5,9576.0,-57.4,-62.2,-57.7,55,96,0.03,279,33.1,32.69248407369906,-5.177980792831636,71119
2026-04-01 11:50:46,-113.5609,53.5361,269.3,9580.0,-57.5,-62.2,-57.8,55,96,0.03,279,33.1,32.69248407369906,-5.177980792831636,71119
2026-04-01 11:50:47,-113.5604,53.536,269.1,9584.0,-57.5,-62.3,-57.8,55,96,0.03,279,33.1,32.69248407369906,-5.177980792831636,71119
2026-04-01 11:50:48,-113.56,53.536,269.0,9588.0,-57.5,-62.3,-57.9,55,96,0.03,279,33.0,32.59371523963954,-5.162337346327612,71119
2026-04-01 11:50:49,-113.5595,53.5359,268.8,9591.0,-57.6,-62.4,-57.9,55,96,0.03,279,33.0,32.59371523963954,-5.162337346327612,71119
2026-04-01 11:50:50,-113.559,53.5359,268.7,9595.0,-57.6,-62.4,-58.0,55,96,0.03,279,33.0,32.59371523963954,-5.162337346327612,71119
2026-04-01 11:50:51,-113.5585,53.5358,268.5,9598.0,-57.6,-62.4,-58.0,55,96,0.03,279,33.0,32.59371523963954,-5.162337346327612,71119
2026-04-01 11:50:52,-113.558,53.5358,268.3,9602.0,-57.7,-62.5,-58.0,54,95,0.03,279,33.0,32.59371523963954,-5.162337346327612,71119
2026-04-01 11:50:53,-113.5575,53.5358,268.2,9606.0,-57.7,-62.5,-58.1,54,95,0.03,279,33.0,32.59371523963954,-5.162337346327612,71119
2026-04-01 11:50:54,-113.557,53.5357,268.0,9610.0,-57.7,-62.6,-58.1,54,95,0.03,279,33.0,32.59371523963954,-5.162337346327612,71119
2026-04-01 11:50:55,-113.5565,53.5357,267.8,9614.0,-57.8,-62.6,-58.2,54,95,0.03,279,33.0,32.59371523963954,-5.162337346327612,71119
2026-04-01 11:50:56,-113.556,53.5356,267.7,9618.0,-57.8,-62.7,-58.2,54,95,0.03,279,33.0,32.59371523963954,-5.162337346327612,71119
2026-04-01 11:50:57,-113.5555,53.5356,267.5,9622.0,-57.9,-62.7,-58.3,54,95,0.03,279,33.0,32.59371523963954,-5.162337346327612,71119
2026-04-01 11:50:58,-113.555,53.5355,267.4,9625.0,-57.9,-62.8,-58.3,54,95,0.03,279,33.0,32.59371523963954,-5.162337346327612,71119
2026-04-01 11:50:59,-113.5546,53.5355,267.2,9629.0,-57.9,-62.8,-58.3,54,95,0.03,279,33.0,32.59371523963954,-5.162337346327612,71119
2026-04-01 11:51:00,-113.5541,53.5354,267.0,9633.0,-58.0,-62.8,-58.4,54,95,0.03,279,33.0,32.59371523963954,-5.162337346327612,71119
2026-04-01 11:51:01,-113.5536,53.5354,266.9,9638.0,-58.0,-62.9,-58.4,54,95,0.03,279,33.0,32.59371523963954,-5.162337346327612,71119
2026-04-01 11:51:02,-113.5531,53.5354,266.7,9642.0,-58.1,-62.9,-58.4,54,95,0.03,279,33.0,32.59371523963954,-5.162337346327612,71119
2026-04-01 11:51:03,-113.5526,53.5353,266.5,9646.0,-58.1,-62.9,-58.4,54,96,0.03,279,33.0,32.59371523963954,-5.162337346327612,71119
2026-04-01 11:51:04,-113.5521,53.5353,266.3,9650.0,-58.1,-62.9,-58.4,55,96,0.03,279,33.1,32.69248407369906,-5.177980792831636,71119
2026-04-01 11:51:05,-113.5516,53.5352,266.1,9654.0,-58.2,-62.9,-58.5,55,96,0.03,279,33.1,32.69248407369906,-5.177980792831636,71119
2026-04-01 11:51:06,-113.5511,53.5352,266.0,9658.0,-58.2,-62.9,-58.5,55,97,0.03,279,33.1,32.69248407369906,-5.177980792831636,71119
2026-04-01 11:51:07,-113.5506,53.5351,265.8,9662.0,-58.2,-62.9,-58.5,55,97,0.03,279,33.1,32.69248407369906,-5.177980792831636,71119
2026-04-01 11:51:08,-113.5501,53.5351,265.6,9666.0,-58.3,-63.0,-58.5,55,97,0.03,279,33.1,32.69248407369906,-5.177980792831636,71119
2026-04-01 11:51:09,-113.5496,53.535,265.5,9670.0,-58.3,-63.0,-58.5,55,97,0.03,279,33.1,32.69248407369906,-5.177980792831636,71119
2026-04-01 11:51:10,-113.5491,53.535,265.3,9675.0,-58.4,-63.0,-58.5,55,98,0.03,279,33.1,32.69248407369906,-5.177980792831636,71119
2026-04-01 11:51:11,-113.5486,53.5349,265.1,9679.0,-58.4,-63.1,-58.6,55,98,0.03,279,33.1,32.69248407369906,-5.177980792831636,71119
2026-04-01 11:51:12,-113.5481,53.5349,264.9,9683.0,-58.5,-63.1,-58.6,56,98,0.03,279,33.1,32.69248407369906,-5.177980792831636,71119
2026-04-01 11:51:13,-113.5476,53.5348,264.8,9686.0,-58.5,-63.1,-58.6,56,98,0.03,279,33.1,32.69248407369906,-5.177980792831636,71119
2026-04-01 11:51:14,-113.5471,53.5348,264.6,9690.0,-58.5,-63.1,-58.6,56,99,0.03,279,33.1,32.69248407369906,-5.177980792831636,71119
2026-04-01 11:51:15,-113.5466,53.5348,264.5,9694.0,-58.6,-63.1,-58.6,56,99,0.03,279,33.0,32.59371523963954,-5.162337346327612,71119
2026-04-01 11:51:16,-113.5461,53.5347,264.3,9698.0,-58.6,-63.1,-58.6,56,99,0.03,279,33.0,32.59371523963954,-5.162337346327612,71119
2026-04-01 11:51:17,-113.5457,53.5347,264.1,9702.0,-58.6,-63.1,-58.6,57,100,0.03,279,33.0,32.59371523963954,-5.162337346327612,71119
2026-04-01 11:51:18,-113.5452,53.5346,264.0,9705.0,-58.7,-63.1,-58.6,57,101,0.03,279,33.0,32.59371523963954,-5.162337346327612,71119
2026-04-01 11:51:19,-113.5447,53.5346,263.8,9709.0,-58.7,-63.1,-58.6,57,101,0.03,279,33.0,32.59371523963954,-5.162337346327612,71119
2026-04-01 11:51:20,-113.5442,53.5345,263.7,9713.0,-58.7,-63.1,-58.6,57,102,0.03,279,33.0,32.59371523963954,-5.162337346327612,71119
2026-04-01 11:51:21,-113.5437,53.5345,263.5,9716.0,-58.8,-63.1,-58.6,58,102,0.03,279,33.0,32.59371523963954,-5.162337346327612,71119
2026-04-01 11:51:22,-113.5432,53.5345,263.4,9720.0,-58.8,-63.1,-58.6,58,103,0.03,279,33.0,32.59371523963954,-5.162337346327612,71119
2026-04-01 11:51:23,-113.5428,53.5344,263.2,9724.0,-58.8,-63.1,-58.6,58,103,0.03,279,33.0,32.59371523963954,-5.162337346327612,71119
2026-04-01 11:51:24,-113.5423,53.5344,263.0,9728.0,-58.9,-63.1,-58.6,58,103,0.03,279,32.9,32.49494640558003,-5.146693899823589,71119
2026-04-01 11:51:25,-113.5418,53.5343,262.9,9732.0,-58.9,-63.1,-58.6,59,104,0.03,279,32.9,32.49494640558003,-5.146693899823589,71119
2026-04-01 11:51:26,-113.5413,53.5343,262.7,9736.0,-59.0,-63.1,-58.6,59,104,0.03,279,32.9,32.49494640558003,-5.146693899823589,71119
2026-04-01 11:51:27,-113.5408,53.5342,262.6,9739.0,-59.0,-63.1,-58.7,59,104,0.03,279,32.9,32.49494640558003,-5.146693899823589,71119
2026-04-01 11:51:28,-113.5403,53.5341,262.4,9743.0,-59.0,-63.1,-58.7,59,105,0.03,279,32.9,32.49494640558003,-5.146693899823589,71119
2026-04-01 11:51:29,-113.5398,53.5341,262.2,9747.0,-59.1,-63.2,-58.7,59,105,0.03,279,32.9,32.49494640558003,-5.146693899823589,71119
2026-04-01 11:51:30,-113.5393,53.534,262.1,9751.0,-59.1,-63.2,-58.8,59,105,0.03,279,32.9,32.49494640558003,-5.146693899823589,71119
2026-04-01 11:51:31,-113.5388,53.534,261.9,9756.0,-59.1,-63.3,-58.8,59,105,0.03,279,32.9,32.49494640558003,-5.146693899823589,71119
2026-04-01 11:51:32,-113.5383,53.534,261.7,9760.0,-59.2,-63.3,-58.8,59,105,0.03,279,32.9,32.49494640558003,-5.146693899823589,71119
2026-04-01 11:51:33,-113.5378,53.5339,261.6,9763.0,-59.2,-63.4,-58.9,59,104,0.03,279,32.9,32.49494640558003,-5.146693899823589,71119
2026-04-01 11:51:34,-113.5374,53.5339,261.4,9767.0,-59.2,-63.4,-58.9,59,104,0.03,279,32.9,32.49494640558003,-5.146693899823589,71119
2026-04-01 11:51:35,-113.5369,53.5338,261.2,9771.0,-59.3,-63.4,-59.0,59,104,0.03,279,32.9,32.49494640558003,-5.146693899823589,71119
2026-04-01 11:51:36,-113.5364,53.5338,261.1,9774.0,-59.3,-63.5,-59.0,59,104,0.03,279,32.9,32.49494640558003,-5.146693899823589,71119
2026-04-01 11:51:37,-113.536,53.5337,260.9,9778.0,-59.3,-63.5,-59.1,58,104,0.03,279,32.9,32.49494640558003,-5.146693899823589,71119
2026-04-01 11:51:38,-113.5355,53.5337,260.8,9782.0,-59.4,-63.6,-59.1,58,104,0.03,279,32.9,32.49494640558003,-5.146693899823589,71119
2026-04-01 11:51:39,-113.535,53.5337,260.6,9786.0,-59.4,-63.7,-59.2,58,103,0.03,278,32.9,32.579819461597666,-4.578795021586154,71119
2026-04-01 11:51:40,-113.5345,53.5336,260.4,9791.0,-59.5,-63.7,-59.2,58,103,0.03,278,32.9,32.579819461597666,-4.578795021586154,71119
2026-04-01 11:51:41,-113.534,53.5336,260.3,9794.0,-59.5,-63.8,-59.3,58,103,0.03,278,32.9,32.579819461597666,-4.578795021586154,71119
2026-04-01 11:51:42,-113.5335,53.5336,260.1,9798.0,-59.5,-63.8,-59.3,58,103,0.03,278,32.9,32.579819461597666,-4.578795021586154,71119
2026-04-01 11:51:43,-113.533,53.5335,260.0,9802.0,-59.6,-63.9,-59.4,58,103,0.03,278,32.9,32.579819461597666,-4.578795021586154,71119
2026-04-01 11:51:44,-113.5325,53.5334,259.8,9805.0,-59.6,-63.9,-59.4,58,103,0.03,278,33.0,32.67884626847182,-4.5927123316821605,71119
2026-04-01 11:51:45,-113.5319,53.5334,259.7,9808.0,-59.6,-63.9,-59.4,58,103,0.03,278,33.0,32.67884626847182,-4.5927123316821605,71119
2026-04-01 11:51:46,-113.5314,53.5333,259.6,9812.0,-59.7,-63.9,-59.4,58,104,0.03,278,33.0,32.67884626847182,-4.5927123316821605,71119
2026-04-01 11:51:47,-113.5309,53.5333,259.4,9815.0,-59.7,-63.9,-59.4,58,104,0.03,278,33.0,32.67884626847182,-4.5927123316821605,71119
2026-04-01 11:51:48,-113.5304,53.5332,259.2,9819.0,-59.7,-63.9,-59.4,59,105,0.03,278,33.0,32.67884626847182,-4.5927123316821605,71119
2026-04-01 11:51:49,-113.53,53.5332,259.1,9823.0,-59.7,-63.8,-59.4,59,105,0.03,277,33.0,32.75402300416363,-4.021688332369874,71119
2026-04-01 11:51:50,-113.5295,53.5332,258.9,9826.0,-59.7,-63.8,-59.4,59,105,0.03,277,33.0,32.75402300416363,-4.021688332369874,71119
2026-04-01 11:51:51,-113.529,53.5332,258.8,9830.0,-59.7,-63.9,-59.4,59,105,0.03,277,33.0,32.75402300416363,-4.021688332369874,71119
2026-04-01 11:51:52,-113.5286,53.5331,258.6,9834.0,-59.8,-63.9,-59.4,59,105,0.03,277,33.0,32.75402300416363,-4.021688332369874,71119
2026-04-01 11:51:53,-113.5281,53.5331,258.5,9837.0,-59.8,-63.9,-59.5,59,105,0.03,277,33.0,32.75402300416363,-4.021688332369874,71119
2026-04-01 11:51:54,-113.5276,53.5331,258.3,9841.0,-59.8,-64.0,-59.5,59,105,0.03,277,33.1,32.853277619327756,-4.033875266710388,71119
2026-04-01 11:51:55,-113.5271,53.5331,258.2,9845.0,-59.8,-64.0,-59.5,58,104,0.03,277,33.1,32.853277619327756,-4.033875266710388,71119
2026-04-01 11:51:56,-113.5266,53.533,258.0,9848.0,-59.9,-64.1,-59.6,58,104,0.03,277,33.1,32.853277619327756,-4.033875266710388,71119
2026-04-01 11:51:57,-113.5261,53.533,257.9,9852.0,-59.9,-64.1,-59.6,58,104,0.03,277,33.1,32.853277619327756,-4.033875266710388,71119
2026-04-01 11:51:58,-113.5255,53.533,257.7,9856.0,-59.9,-64.1,-59.6,58,104,0.03,277,33.1,32.853277619327756,-4.033875266710388,71119
2026-04-01 11:51:59,-113.525,53.5329,257.6,9859.0,-59.9,-64.1,-59.6,58,104,0.03,277,33.1,32.853277619327756,-4.033875266710388,71119
2026-04-01 11:52:00,-113.5246,53.5329,257.4,9863.0,-60.0,-64.1,-59.6,59,105,0.03,277,33.1,32.853277619327756,-4.033875266710388,71119
2026-04-01 11:52:01,-113.5241,53.5328,257.3,9866.0,-60.0,-64.1,-59.6,59,105,0.03,277,33.1,32.853277619327756,-4.033875266710388,71119
2026-04-01 11:52:02,-113.5236,53.5328,257.1,9870.0,-60.0,-64.1,-59.6,59,106,0.03,277,33.2,32.95253223449189,-4.046062201050903,71119
2026-04-01 11:52:03,-113.5231,53.5328,257.0,9874.0,-60.0,-64.1,-59.6,59,106,0.03,276,33.2,33.01812692622668,-3.4703449804860793,71119
2026-04-01 11:52:04,-113.5226,53.5327,256.8,9878.0,-60.1,-64.1,-59.6,60,107,0.03,276,33.2,33.01812692622668,-3.4703449804860793,71119
2026-04-01 11:52:05,-113.5221,53.5327,256.6,9882.0,-60.1,-64.1,-59.6,60,107,0.03,276,33.2,33.01812692622668,-3.4703449804860793,71119
2026-04-01 11:52:06,-113.5216,53.5327,256.4,9887.0,-60.2,-64.1,-59.6,60,108,0.03,276,33.2,33.01812692622668,-3.4703449804860793,71119
2026-04-01 11:52:07,-113.5211,53.5326,256.3,9891.0,-60.2,-64.1,-59.6,60,108,0.03,276,33.3,33.117579115763505,-3.480797826812844,71119
2026-04-01 11:52:08,-113.5206,53.5326,256.1,9895.0,-60.2,-64.2,-59.7,60,108,0.03,276,33.3,33.117579115763505,-3.480797826812844,71119
2026-04-01 11:52:09,-113.5201,53.5326,256.0,9898.0,-60.2,-64.2,-59.7,60,108,0.03,276,33.3,33.117579115763505,-3.480797826812844,71119
2026-04-01 11:52:10,-113.5196,53.5326,255.8,9902.0,-60.3,-64.3,-59.8,60,107,0.03,276,33.3,33.117579115763505,-3.480797826812844,71119
2026-04-01 11:52:11,-113.5191,53.5326,255.6,9906.0,-60.3,-64.3,-59.8,59,107,0.03,276,33.3,33.117579115763505,-3.480797826812844,71119
2026-04-01 11:52:12,-113.5187,53.5325,255.5,9910.0,-60.3,-64.4,-59.9,59,106,0.03,276,33.4,33.21703130530033,-3.4912506731396094,71119
2026-04-01 11:52:13,-113.5182,53.5325,255.3,9914.0,-60.4,-64.5,-59.9,59,106,0.03,276,33.4,33.21703130530033,-3.4912506731396094,71119
2026-04-01 11:52:14,-113.5177,53.5324,255.2,9918.0,-60.4,-64.5,-60.0,59,106,0.03,276,33.4,33.21703130530033,-3.4912506731396094,71119
2026-04-01 11:52:15,-113.5172,53.5324,255.0,9922.0,-60.4,-64.6,-60.0,59,105,0.03,276,33.4,33.21703130530033,-3.4912506731396094,71119
2026-04-01 11:52:16,-113.5166,53.5323,254.8,9926.0,-60.5,-64.6,-60.1,59,106,0.03,276,33.4,33.21703130530033,-3.4912506731396094,71119
2026-04-01 11:52:17,-113.5161,53.5323,254.7,9930.0,-60.5,-64.6,-60.1,59,106,0.03,276,33.4,33.21703130530033,-3.4912506731396094,71119
2026-04-01 11:52:18,-113.5156,53.5323,254.5,9934.0,-60.5,-64.6,-60.1,59,106,0.03,276,33.4,33.21703130530033,-3.4912506731396094,71119
2026-04-01 11:52:19,-113.5151,53.5322,254.4,9938.0,-60.6,-64.6,-60.1,59,106,0.03,276,33.5,33.31648349483716,-3.501703519466375,71119
2026-04-01 11:52:20,-113.5146,53.5322,254.2,9942.0,-60.6,-64.7,-60.2,59,106,0.03,276,33.5,33.31648349483716,-3.501703519466375,71119
2026-04-01 11:52:21,-113.5141,53.5322,254.0,9946.0,-60.6,-64.7,-60.2,59,107,0.03,276,33.5,33.31648349483716,-3.501703519466375,71119
2026-04-01 11:52:22,-113.5136,53.5321,253.9,9950.0,-60.7,-64.7,-60.2,59,107,0.03,276,33.5,33.31648349483716,-3.501703519466375,71119
2026-04-01 11:52:23,-113.5131,53.5321,253.7,9954.0,-60.7,-64.7,-60.2,59,107,0.03,276,33.5,33.31648349483716,-3.501703519466375,71119
2026-04-01 11:52:24,-113.5126,53.5321,253.5,9958.0,-60.8,-64.8,-60.3,59,107,0.03,276,33.5,33.31648349483716,-3.501703519466375,71119
2026-04-01 11:52:25,-113.5121,53.5321,253.4,9962.0,-60.8,-64.8,-60.3,59,107,0.03,276,33.5,33.31648349483716,-3.501703519466375,71119
2026-04-01 11:52:26,-113.5116,53.532,253.2,9966.0,-60.8,-64.8,-60.3,60,107,0.03,276,33.5,33.31648349483716,-3.501703519466375,71119
2026-04-01 11:52:27,-113.5111,53.532,253.0,9970.0,-60.9,-64.8,-60.3,60,108,0.03,276,33.6,33.415935684373984,-3.5121563657931403,71119
2026-04-01 11:52:28,-113.5106,53.532,252.9,9974.0,-60.9,-64.9,-60.3,60,108,0.03,276,33.6,33.415935684373984,-3.5121563657931403,71119
2026-04-01 11:52:29,-113.5101,53.5319,252.7,9977.0,-60.9,-64.9,-60.3,60,108,0.03,276,33.6,33.415935684373984,-3.5121563657931403,71119
2026-04-01 11:52:30,-113.5096,53.5319,252.6,9981.0,-61.0,-64.9,-60.3,60,109,0.03,276,33.6,33.415935684373984,-3.5121563657931403,71119
2026-04-01 11:52:31,-113.5091,53.5319,252.4,9984.0,-61.0,-64.9,-60.3,60,109,0.03,276,33.6,33.415935684373984,-3.5121563657931403,71119
2026-04-01 11:52:32,-113.5086,53.5318,252.3,9988.0,-61.0,-64.9,-60.3,61,110,0.03,276,33.6,33.415935684373984,-3.5121563657931403,71119
2026-04-01 11:52:33,-113.5081,53.5318,252.2,9991.0,-61.0,-64.9,-60.4,61,110,0.03,276,33.6,33.415935684373984,-3.5121563657931403,71119
2026-04-01 11:52:34,-113.5075,53.5318,252.0,9995.0,-61.1,-64.9,-60.3,61,110,0.03,276,33.7,33.51538787391082,-3.5226092121199057,71119
2026-04-01 11:52:35,-113.507,53.5318,251.8,9999.0,-61.1,-64.9,-60.3,61,111,0.03,276,33.7,33.51538787391082,-3.5226092121199057,71119
2026-04-01 11:52:36,-113.5065,53.5317,251.7,10003.0,-61.1,-64.8,-60.3,61,111,0.03,276,33.7,33.51538787391082,-3.5226092121199057,71119
2026-04-01 11:52:37,-113.5061,53.5317,251.5,10007.0,-61.1,-64.8,-60.3,61,111,0.03,276,33.7,33.51538787391082,-3.5226092121199057,71119
2026-04-01 11:52:38,-113.5056,53.5317,251.4,10010.0,-61.1,-64.8,-60.3,62,112,0.03,276,33.8,33.61484006344764,-3.5330620584466708,71119
2026-04-01 11:52:39,-113.5051,53.5316,251.2,10014.0,-61.1,-64.8,-60.3,62,112,0.03,276,33.8,33.61484006344764,-3.5330620584466708,71119
2026-04-01 11:52:40,-113.5046,53.5316,251.1,10017.0,-61.1,-64.8,-60.3,62,112,0.03,276,33.8,33.61484006344764,-3.5330620584466708,71119
2026-04-01 11:52:41,-113.5041,53.5315,251.0,10021.0,-61.2,-64.8,-60.3,62,112,0.03,276,33.8,33.61484006344764,-3.5330620584466708,71119
2026-04-01 11:52:42,-113.5036,53.5315,250.8,10024.0,-61.2,-64.8,-60.3,62,112,0.03,276,33.9,33.714292252984464,-3.5435149047734362,71119
2026-04-01 11:52:43,-113.503,53.5314,250.7,10028.0,-61.2,-64.8,-60.3,62,113,0.03,276,33.9,33.714292252984464,-3.5435149047734362,71119
2026-04-01 11:52:44,-113.5025,53.5314,250.5,10032.0,-61.2,-64.8,-60.3,62,113,0.03,276,33.9,33.714292252984464,-3.5435149047734362,71119
2026-04-01 11:52:45,-113.502,53.5314,250.4,10036.0,-61.2,-64.8,-60.3,63,113,0.03,276,33.9,33.714292252984464,-3.5435149047734362,71119
2026-04-01 11:52:46,-113.5015,53.5314,250.2,10040.0,-61.2,-64.8,-60.3,63,114,0.03,276,34.0,33.8137444425213,-3.5539677511002017,71119
2026-04-01 11:52:46,-113.5013,53.5314,250.0,10044.0,-61.3,-64.8,-60.3,63,114,0.03,276,34.0,33.8137444425213,-3.5539677511002017,71119
2026-04-01 11:52:47,-113.501,53.5313,250.0,10045.0,-61.3,-64.8,-60.3,63,114,0.03,276,34.0,33.8137444425213,-3.5539677511002017,71119
2026-04-01 11:52:48,-113.5005,53.5313,249.9,10048.0,-61.3,-64.8,-60.3,63,114,0.03,276,34.0,33.8137444425213,-3.5539677511002017,71119
2026-04-01 11:52:49,-113.5,53.5313,249.7,10052.0,-61.3,-64.8,-60.3,63,115,0.03,276,34.0,33.8137444425213,-3.5539677511002017,71119
2026-04-01 11:52:50,-113.4995,53.5313,249.5,10057.0,-61.4,-64.8,-60.3,64,115,0.03,276,34.1,33.913196632058124,-3.564420597426967,71119
2026-04-01 11:52:51,-113.4989,53.5313,249.4,10060.0,-61.4,-64.9,-60.3,64,116,0.03,276,34.1,33.913196632058124,-3.564420597426967,71119
2026-04-01 11:52:52,-113.4984,53.5312,249.2,10064.0,-61.4,-64.9,-60.3,64,116,0.03,276,34.1,33.913196632058124,-3.564420597426967,71119
2026-04-01 11:52:53,-113.4979,53.5312,249.1,10068.0,-61.5,-64.9,-60.3,64,117,0.03,276,34.1,33.913196632058124,-3.564420597426967,71119
2026-04-01 11:52:54,-113.4974,53.5312,248.9,10072.0,-61.5,-64.9,-60.3,64,117,0.03,276,34.1,33.913196632058124,-3.564420597426967,71119
2026-04-01 11:52:55,-113.4969,53.5311,248.8,10076.0,-61.5,-64.9,-60.3,64,117,0.03,276,34.1,33.913196632058124,-3.564420597426967,71119
2026-04-01 11:52:56,-113.4964,53.5311,248.6,10080.0,-61.5,-64.8,-60.3,65,117,0.03,276,34.1,33.913196632058124,-3.564420597426967,71119
2026-04-01 11:52:57,-113.4959,53.5311,248.4,10084.0,-61.5,-64.8,-60.3,65,117,0.03,276,34.1,33.913196632058124,-3.564420597426967,71119
2026-04-01 11:52:58,-113.4953,53.531,248.2,10088.0,-61.4,-64.7,-60.2,65,118,0.03,276,34.1,33.913196632058124,-3.564420597426967,71119
2026-04-01 11:52:59,-113.4948,53.531,248.1,10093.0,-61.3,-64.6,-60.1,65,118,0.03,276,34.2,34.01264882159495,-3.574873443753732,71119
2026-04-01 11:53:00,-113.4943,53.531,247.9,10097.0,-61.2,-64.5,-60.0,65,118,0.03,276,34.2,34.01264882159495,-3.574873443753732,71119
2026-04-01 11:53:01,-113.4938,53.5309,247.8,10100.0,-61.2,-64.4,-59.9,66,119,0.03,277,34.2,33.94507838613321,-4.167931544456051,71119
2026-04-01 11:53:02,-113.4933,53.5309,247.6,10104.0,-61.2,-64.4,-59.9,66,119,0.03,277,34.2,33.94507838613321,-4.167931544456051,71119
2026-04-01 11:53:03,-113.4928,53.5309,247.4,10108.0,-61.2,-64.4,-59.9,66,120,0.03,277,34.2,33.94507838613321,-4.167931544456051,71119
2026-04-01 11:53:04,-113.4923,53.5309,247.3,10112.0,-61.2,-64.4,-59.9,66,120,0.03,277,34.2,33.94507838613321,-4.167931544456051,71119
2026-04-01 11:53:05,-113.4918,53.5308,247.1,10116.0,-61.2,-64.4,-59.9,66,120,0.03,277,34.2,33.94507838613321,-4.167931544456051,71119
2026-04-01 11:53:06,-113.4913,53.5308,247.0,10120.0,-61.3,-64.4,-59.9,66,120,0.03,277,34.2,33.94507838613321,-4.167931544456051,71119
2026-04-01 11:53:07,-113.4907,53.5307,246.8,10124.0,-61.3,-64.4,-59.9,67,121,0.03,277,34.2,33.94507838613321,-4.167931544456051,71119
2026-04-01 11:53:08,-113.4902,53.5307,246.7,10128.0,-61.3,-64.4,-59.9,66,120,0.03,277,34.2,33.94507838613321,-4.167931544456051,71119
2026-04-01 11:53:09,-113.4897,53.5306,246.5,10132.0,-61.3,-64.5,-59.9,66,120,0.03,277,34.2,33.94507838613321,-4.167931544456051,71119
2026-04-01 11:53:10,-113.4892,53.5306,246.3,10136.0,-61.3,-64.5,-60.0,66,120,0.03,278,34.2,33.86716795096171,-4.759720052834239,71119
2026-04-01 11:53:11,-113.4888,53.5305,246.2,10140.0,-61.3,-64.5,-60.0,66,119,0.03,278,34.2,33.86716795096171,-4.759720052834239,71119
2026-04-01 11:53:12,-113.4883,53.5305,246.0,10144.0,-61.3,-64.6,-60.1,66,119,0.03,278,34.2,33.86716795096171,-4.759720052834239,71119
2026-04-01 11:53:13,-113.4878,53.5304,245.9,10148.0,-61.4,-64.6,-60.1,65,118,0.03,278,34.2,33.86716795096171,-4.759720052834239,71119
2026-04-01 11:53:14,-113.4873,53.5304,245.7,10152.0,-61.4,-64.7,-60.2,65,118,0.03,278,34.2,33.86716795096171,-4.759720052834239,71119
2026-04-01 11:53:15,-113.4867,53.5303,245.6,10156.0,-61.4,-64.7,-60.2,65,117,0.03,278,34.2,33.86716795096171,-4.759720052834239,71119
2026-04-01 11:53:16,-113.4862,53.5303,245.4,10160.0,-61.4,-64.8,-60.3,64,117,0.03,278,34.2,33.86716795096171,-4.759720052834239,71119
2026-04-01 11:53:17,-113.4856,53.5302,245.2,10164.0,-61.4,-64.8,-60.3,64,117,0.03,278,34.2,33.86716795096171,-4.759720052834239,71119
2026-04-01 11:53:18,-113.4851,53.5302,245.1,10168.0,-61.5,-64.9,-60.4,64,117,0.03,278,34.2,33.86716795096171,-4.759720052834239,71119
2026-04-01 11:53:19,-113.4846,53.5302,244.9,10172.0,-61.5,-64.9,-60.4,64,116,0.03,278,34.2,33.86716795096171,-4.759720052834239,71119
2026-04-01 11:53:20,-113.4841,53.5302,244.8,10176.0,-61.5,-64.9,-60.4,64,117,0.03,278,34.2,33.86716795096171,-4.759720052834239,71119
2026-04-01 11:53:21,-113.4836,53.5301,244.6,10180.0,-61.5,-64.9,-60.4,64,117,0.03,278,34.2,33.86716795096171,-4.759720052834239,71119
2026-04-01 11:53:22,-113.4831,53.5301,244.4,10184.0,-61.6,-64.9,-60.4,65,118,0.03,279,34.2,33.77894124835372,-5.35005870437589,71119
2026-04-01 11:53:23,-113.4826,53.53,244.3,10188.0,-61.6,-64.9,-60.4,65,118,0.03,279,34.1,33.6801724142942,-5.334415257871866,71119
2026-04-01 11:53:24,-113.4821,53.53,244.2,10192.0,-61.6,-64.9,-60.4,65,118,0.03,279,34.1,33.6801724142942,-5.334415257871866,71119
2026-04-01 11:53:25,-113.4816,53.5299,244.0,10195.0,-61.6,-64.9,-60.4,65,119,0.03,279,34.1,33.6801724142942,-5.334415257871866,71119
2026-04-01 11:53:26,-113.4811,53.5298,243.8,10199.0,-61.7,-64.9,-60.4,65,119,0.03,279,34.0,33.581403580234685,-5.318771811367843,71119
2026-04-01 11:53:27,-113.4805,53.5298,243.7,10203.0,-61.7,-64.9,-60.4,65,119,0.03,279,34.0,33.581403580234685,-5.318771811367843,71119
2026-04-01 11:53:28,-113.48,53.5298,243.5,10207.0,-61.7,-64.9,-60.4,65,119,0.03,279,34.0,33.581403580234685,-5.318771811367843,71119
2026-04-01 11:53:29,-113.4795,53.5297,243.4,10211.0,-61.7,-65.0,-60.5,65,119,0.03,279,33.9,33.48263474617517,-5.303128364863819,71119
2026-04-01 11:53:30,-113.479,53.5297,243.2,10214.0,-61.7,-65.0,-60.5,65,118,0.03,279,33.9,33.48263474617517,-5.303128364863819,71119
2026-04-01 11:53:31,-113.4785,53.5296,243.1,10218.0,-61.7,-65.0,-60.5,65,118,0.03,279,33.8,33.38386591211565,-5.287484918359796,71119
2026-04-01 11:53:32,-113.478,53.5296,242.9,10222.0,-61.7,-65.1,-60.6,65,117,0.03,279,33.8,33.38386591211565,-5.287484918359796,71119
2026-04-01 11:53:33,-113.4775,53.5295,242.8,10227.0,-61.8,-65.1,-60.6,64,117,0.03,279,33.7,33.28509707805615,-5.271841471855774,71119
2026-04-01 11:53:34,-113.477,53.5295,242.6,10231.0,-61.8,-65.2,-60.7,64,117,0.03,278,33.6,33.273007109716765,-4.6762161922582,71119
2026-04-01 11:53:35,-113.4766,53.5294,242.4,10236.0,-61.8,-65.2,-60.7,64,117,0.03,278,33.6,33.273007109716765,-4.6762161922582,71119
2026-04-01 11:53:36,-113.476,53.5293,242.2,10240.0,-61.9,-65.3,-60.7,64,117,0.03,278,33.5,33.17398030284261,-4.662298882162193,71119
2026-04-01 11:53:37,-113.4755,53.5293,242.1,10245.0,-61.9,-65.3,-60.8,64,116,0.03,278,33.4,33.07495349596845,-4.648381572066186,71119
2026-04-01 11:53:38,-113.475,53.5292,241.9,10249.0,-61.9,-65.3,-60.8,64,116,0.02,278,33.3,32.97592668909429,-4.634464261970179,71119
2026-04-01 11:53:39,-113.4745,53.5292,241.7,10254.0,-61.9,-65.4,-60.8,64,116,0.02,278,33.3,32.97592668909429,-4.634464261970179,71119
2026-04-01 11:53:40,-113.4741,53.5292,241.6,10258.0,-61.9,-65.4,-60.9,64,116,0.02,278,33.2,32.87689988222014,-4.620546951874174,71119
2026-04-01 11:53:41,-113.4736,53.5292,241.4,10261.0,-62.0,-65.4,-60.9,64,116,0.02,278,33.1,32.77787307534598,-4.606629641778167,71119
2026-04-01 11:53:42,-113.4731,53.5291,241.3,10265.0,-62.0,-65.4,-60.9,63,116,0.02,278,33.0,32.67884626847182,-4.5927123316821605,71119
2026-04-01 11:53:43,-113.4726,53.5291,241.1,10269.0,-62.0,-65.5,-60.9,63,116,0.02,278,32.9,32.579819461597666,-4.578795021586154,71119
2026-04-01 11:53:44,-113.4721,53.529,240.9,10274.0,-62.0,-65.5,-60.9,63,116,0.02,278,32.8,32.48079265472351,-4.564877711490147,71119
2026-04-01 11:53:45,-113.4716,53.529,240.8,10278.0,-62.0,-65.4,-60.9,63,116,0.02,278,32.7,32.38176584784935,-4.550960401394141,71119
2026-04-01 11:53:46,-113.4711,53.529,240.6,10282.0,-61.9,-65.4,-60.9,63,115,0.02,278,32.6,32.282739040975194,-4.537043091298134,71119
2026-04-01 11:53:47,-113.4706,53.5289,240.4,10286.0,-61.9,-65.4,-60.9,63,115,0.02,278,32.4,32.08468542722688,-4.509208471106121,71119
2026-04-01 11:53:48,-113.4701,53.5289,240.3,10290.0,-61.9,-65.4,-60.9,63,115,0.02,278,32.3,31.98565862035272,-4.4952911610101145,71119
2026-04-01 11:53:49,-113.4696,53.5289,240.2,10294.0,-61.9,-65.5,-61.0,63,114,0.02,278,32.2,31.88663181347857,-4.481373850914109,71119
2026-04-01 11:53:50,-113.4691,53.5288,240.0,10298.0,-61.9,-65.6,-61.0,62,113,0.02,278,32.1,31.78760500660441,-4.467456540818102,71119
2026-04-01 11:53:51,-113.4686,53.5288,239.8,10302.0,-61.9,-65.6,-61.1,62,112,0.02,278,31.9,31.589551392856094,-4.439621920626088,71119
2026-04-01 11:53:52,-113.4681,53.5288,239.7,10306.0,-61.9,-65.7,-61.2,61,111,0.02,278,31.8,31.490524585981937,-4.425704610530082,71119
2026-04-01 11:53:53,-113.4677,53.5287,239.5,10310.0,-62.0,-65.9,-61.3,60,109,0.02,278,31.7,31.39149777910778,-4.411787300434075,71119
2026-04-01 11:53:54,-113.4672,53.5287,239.3,10314.0,-62.0,-66.0,-61.5,59,107,0.02,278,31.5,31.193444165359466,-4.3839526802420625,71119
2026-04-01 11:53:55,-113.4667,53.5287,239.2,10319.0,-62.0,-66.2,-61.6,58,105,0.02,278,31.4,31.09441735848531,-4.370035370146056,71119
2026-04-01 11:53:56,-113.4663,53.5287,239.0,10323.0,-62.0,-66.3,-61.8,56,103,0.02,278,31.2,30.896363744736995,-4.342200749954042,71119
2026-04-01 11:53:57,-113.4658,53.5286,238.9,10327.0,-62.0,-66.5,-62.0,55,100,0.02,278,31.1,30.79733693786284,-4.328283439858036,71119
2026-04-01 11:53:58,-113.4654,53.5286,238.7,10331.0,-62.0,-66.7,-62.1,54,98,0.02,278,31.0,30.69831013098868,-4.314366129762029,71119
2026-04-01 11:53:59,-113.4649,53.5285,238.6,10335.0,-62.0,-66.9,-62.3,52,95,0.02,278,30.8,30.500256517240366,-4.2865315095700165,71119
2026-04-01 11:54:00,-113.4645,53.5285,238.4,10339.0,-61.9,-67.1,-62.5,51,92,0.02,278,30.7,30.40122971036621,-4.27261419947401,71119
2026-04-01 11:54:01,-113.4641,53.5284,238.3,10342.0,-61.9,-67.3,-62.7,49,89,0.02,278,30.6,30.302202903492056,-4.258696889378004,71119
2026-04-01 11:54:02,-113.4636,53.5284,238.1,10346.0,-61.9,-67.5,-63.0,47,86,0.02,278,30.5,30.203176096617895,-4.244779579281997,71119
2026-04-01 11:54:03,-113.4632,53.5283,238.0,10350.0,-61.8,-67.8,-63.2,45,83,0.02,278,30.4,30.104149289743738,-4.23086226918599,71119
2026-04-01 11:54:04,-113.4628,53.5283,237.9,10353.0,-61.8,-68.1,-63.5,43,79,0.02,278,30.3,30.005122482869584,-4.216944959089984,71119
2026-04-01 11:54:05,-113.4623,53.5282,237.7,10357.0,-61.8,-68.4,-63.8,41,75,0.02,278,30.1,29.80706886912127,-4.1891103388979705,71119
2026-04-01 11:54:06,-113.4619,53.5282,237.6,10360.0,-61.7,-68.7,-64.1,39,72,0.02,278,30.0,29.70804206224711,-4.175193028801964,71119
2026-04-01 11:54:07,-113.4614,53.5281,237.4,10364.0,-61.5,-68.9,-64.3,37,68,0.02,278,29.9,29.609015255372952,-4.161275718705957,71119
2026-04-01 11:54:08,-113.461,53.5281,237.3,10368.0,-61.2,-69.0,-64.4,35,64,0.02,278,29.8,29.5099884484988,-4.147358408609951,71119
2026-04-01 11:54:09,-113.4605,53.528,237.2,10371.0,-61.0,-69.2,-64.6,33,60,0.01,278,29.7,29.410961641624638,-4.133441098513944,71119
2026-04-01 11:54:10,-113.4601,53.528,237.0,10375.0,-60.9,-69.6,-64.9,32,57,0.01,278,29.6,29.311934834750485,-4.119523788417938,71119
2026-04-01 11:54:11,-113.4596,53.528,236.8,10380.0,-60.8,-69.9,-65.2,30,54,0.01,278,29.5,29.212908027876324,-4.105606478321931,71119
2026-04-01 11:54:12,-113.4592,53.528,236.7,10384.0,-60.7,-70.2,-65.5,28,51,0.01,278,29.5,29.212908027876324,-4.105606478321931,71119
2026-04-01 11:54:13,-113.4588,53.5279,236.5,10388.0,-60.7,-70.5,-65.8,27,49,0.01,278,29.4,29.113881221002167,-4.091689168225924,71119
2026-04-01 11:54:14,-113.4584,53.5279,236.4,10392.0,-60.6,-70.7,-66.1,26,46,0.01,278,29.3,29.014854414128013,-4.0777718581299185,71119
2026-04-01 11:54:15,-113.458,53.5279,236.2,10396.0,-60.5,-71.0,-66.3,25,44,0.01,278,29.3,29.014854414128013,-4.0777718581299185,71119
2026-04-01 11:54:16,-113.4576,53.5278,236.1,10400.0,-60.5,-71.2,-66.5,24,43,0.01,278,29.3,29.014854414128013,-4.0777718581299185,71119
2026-04-01 11:54:17,-113.4572,53.5278,235.9,10404.0,-60.3,-71.3,-66.7,23,41,0.01,278,29.2,28.915827607253853,-4.063854548033912,71119
2026-04-01 11:54:18,-113.4567,53.5277,235.8,10407.0,-60.2,-71.4,-66.8,22,40,0.01,278,29.2,28.915827607253853,-4.063854548033912,71119
2026-04-01 11:54:19,-113.4563,53.5276,235.7,10411.0,-60.2,-71.5,-66.9,22,39,0.01,278,29.2,28.915827607253853,-4.063854548033912,71119
2026-04-01 11:54:20,-113.4558,53.5276,235.5,10414.0,-60.2,-71.7,-67.0,22,39,0.01,278,29.1,28.8168008003797,-4.049937237937905,71119
2026-04-01 11:54:21,-113.4554,53.5275,235.4,10418.0,-60.2,-71.8,-67.1,21,38,0.01,278,29.1,28.8168008003797,-4.049937237937905,71119
2026-04-01 11:54:22,-113.4549,53.5275,235.3,10422.0,-60.2,-71.9,-67.2,21,37,0.01,278,29.1,28.8168008003797,-4.049937237937905,71119
2026-04-01 11:54:23,-113.4544,53.5275,235.1,10425.0,-60.2,-71.9,-67.3,21,37,0.01,278,29.1,28.8168008003797,-4.049937237937905,71119
2026-04-01 11:54:24,-113.454,53.5275,235.0,10429.0,-60.1,-72.0,-67.3,20,37,0.01,278,29.1,28.8168008003797,-4.049937237937905,71119
2026-04-01 11:54:25,-113.4536,53.5275,234.8,10433.0,-60.1,-72.0,-67.3,20,36,0.01,277,29.1,28.883093012762473,-3.546397893089798,71119
2026-04-01 11:54:26,-113.4532,53.5275,234.7,10436.0,-60.0,-72.0,-67.3,20,36,0.01,277,29.1,28.883093012762473,-3.546397893089798,71119
2026-04-01 11:54:27,-113.4528,53.5275,234.6,10440.0,-59.9,-71.9,-67.3,20,36,0.01,277,29.2,28.9823476279266,-3.5585848274303125,71119
2026-04-01 11:54:28,-113.4524,53.5274,234.4,10443.0,-59.8,-71.9,-67.2,20,35,0.01,277,29.2,28.9823476279266,-3.5585848274303125,71119
2026-04-01 11:54:29,-113.452,53.5274,234.3,10446.0,-59.7,-71.9,-67.2,20,35,0.01,277,29.2,28.9823476279266,-3.5585848274303125,71119
2026-04-01 11:54:30,-113.4516,53.5274,234.2,10450.0,-59.7,-71.9,-67.2,20,35,0.01,277,29.2,28.9823476279266,-3.5585848274303125,71119
2026-04-01 11:54:31,-113.4511,53.5273,234.1,10453.0,-59.7,-71.9,-67.2,20,35,0.01,277,29.2,28.9823476279266,-3.5585848274303125,71119
2026-04-01 11:54:32,-113.4506,53.5272,233.9,10456.0,-59.7,-71.9,-67.3,20,35,0.01,277,29.3,29.081602243090735,-3.5707717617708274,71119
2026-04-01 11:54:33,-113.4502,53.5272,233.8,10460.0,-59.7,-71.9,-67.3,20,35,0.01,277,29.3,29.081602243090735,-3.5707717617708274,71119
2026-04-01 11:54:34,-113.4497,53.5272,233.7,10463.0,-59.7,-71.9,-67.3,20,35,0.01,277,29.3,29.081602243090735,-3.5707717617708274,71119
2026-04-01 11:54:35,-113.4492,53.5271,233.5,10468.0,-59.7,-71.9,-67.2,20,35,0.01,276,29.3,29.13949153429041,-3.0626839737422324,71119
2026-04-01 11:54:36,-113.4488,53.5271,233.4,10471.0,-59.7,-71.9,-67.2,20,35,0.01,276,29.3,29.13949153429041,-3.0626839737422324,71119
2026-04-01 11:54:37,-113.4484,53.5271,233.2,10475.0,-59.7,-71.9,-67.2,20,35,0.01,276,29.4,29.238943723827237,-3.0731368200689975,71119
2026-04-01 11:54:38,-113.4479,53.5271,233.1,10479.0,-59.7,-71.9,-67.2,20,35,0.01,276,29.4,29.238943723827237,-3.0731368200689975,71119
2026-04-01 11:54:39,-113.4475,53.527,233.0,10482.0,-59.7,-71.9,-67.2,19,35,0.01,276,29.4,29.238943723827237,-3.0731368200689975,71119
2026-04-01 11:54:40,-113.4471,53.527,232.8,10486.0,-59.7,-71.9,-67.2,19,35,0.01,276,29.4,29.238943723827237,-3.0731368200689975,71119
2026-04-01 11:54:41,-113.4467,53.527,232.7,10490.0,-59.7,-71.9,-67.3,19,35,0.01,276,29.4,29.238943723827237,-3.0731368200689975,71119
2026-04-01 11:54:42,-113.4463,53.527,232.6,10494.0,-59.7,-71.9,-67.3,19,34,0.01,276,29.4,29.238943723827237,-3.0731368200689975,71119
2026-04-01 11:54:43,-113.4458,53.5269,232.4,10498.0,-59.7,-72.0,-67.3,19,34,0.01,276,29.5,29.338395913364064,-3.083589666395763,71119
2026-04-01 11:54:44,-113.4454,53.5269,232.2,10502.0,-59.6,-72.0,-67.3,19,34,0.01,276,29.5,29.338395913364064,-3.083589666395763,71119
2026-04-01 11:54:45,-113.4449,53.5269,232.1,10506.0,-59.6,-72.0,-67.3,19,34,0.01,275,29.5,29.387743593706492,-2.5710944110559075,71119
2026-04-01 11:54:46,-113.4444,53.5268,232.0,10509.0,-59.6,-72.0,-67.3,19,34,0.01,275,29.5,29.387743593706492,-2.5710944110559075,71119
2026-04-01 11:54:47,-113.4439,53.5268,231.8,10513.0,-59.5,-71.9,-67.3,19,34,0.01,275,29.5,29.387743593706492,-2.5710944110559075,71119
2026-04-01 11:54:48,-113.4435,53.5268,231.7,10517.0,-59.4,-71.9,-67.2,19,34,0.01,275,29.5,29.387743593706492,-2.5710944110559075,71119
2026-04-01 11:54:49,-113.443,53.5268,231.6,10521.0,-59.4,-71.9,-67.2,19,34,0.01,275,29.5,29.387743593706492,-2.5710944110559075,71119
2026-04-01 11:54:50,-113.4426,53.5268,231.4,10525.0,-59.4,-71.9,-67.2,19,34,0.01,275,29.5,29.387743593706492,-2.5710944110559075,71119
2026-04-01 11:54:51,-113.4421,53.5268,231.2,10529.0,-59.4,-71.9,-67.2,19,33,0.01,275,29.5,29.387743593706492,-2.5710944110559075,71119
2026-04-01 11:54:52,-113.4417,53.5268,231.1,10533.0,-59.4,-71.9,-67.2,19,34,0.01,275,29.5,29.387743593706492,-2.5710944110559075,71119
2026-04-01 11:54:53,-113.4413,53.5268,231.0,10537.0,-59.4,-71.9,-67.3,19,34,0.01,275,29.5,29.387743593706492,-2.5710944110559075,71119
2026-04-01 11:54:54,-113.4409,53.5267,230.8,10541.0,-59.5,-71.9,-67.3,19,34,0.01,275,29.5,29.387743593706492,-2.5710944110559075,71119
2026-04-01 11:54:55,-113.4404,53.5267,230.7,10545.0,-59.5,-71.9,-67.3,19,34,0.01,275,29.5,29.387743593706492,-2.5710944110559075,71119
2026-04-01 11:54:56,-113.44,53.5267,230.5,10550.0,-59.5,-71.9,-67.3,19,34,0.01,275,29.5,29.387743593706492,-2.5710944110559075,71119
2026-04-01 11:54:57,-113.4396,53.5266,230.3,10554.0,-59.5,-71.9,-67.3,19,34,0.01,275,29.5,29.387743593706492,-2.5710944110559075,71119
2026-04-01 11:54:58,-113.4392,53.5266,230.2,10558.0,-59.5,-71.9,-67.3,19,34,0.01,275,29.5,29.387743593706492,-2.5710944110559075,71119
2026-04-01 11:54:59,-113.4387,53.5266,230.0,10562.0,-59.5,-71.9,-67.3,19,34,0.01,275,29.5,29.387743593706492,-2.5710944110559075,71119
2026-04-01 11:55:00,-113.4383,53.5266,229.9,10566.0,-59.5,-72.0,-67.3,19,33,0.01,275,29.5,29.387743593706492,-2.5710944110559075,71119
2026-04-01 11:55:01,-113.4378,53.5265,229.8,10570.0,-59.5,-72.0,-67.3,19,33,0.01,275,29.5,29.387743593706492,-2.5710944110559075,71119
2026-04-01 11:55:02,-113.4373,53.5265,229.6,10574.0,-59.4,-72.0,-67.3,19,33,0.01,275,29.5,29.387743593706492,-2.5710944110559075,71119
2026-04-01 11:55:03,-113.4369,53.5265,229.4,10578.0,-59.4,-72.0,-67.4,19,33,0.01,275,29.5,29.387743593706492,-2.5710944110559075,71119
2026-04-01 11:55:04,-113.4364,53.5265,229.3,10582.0,-59.3,-72.0,-67.3,18,33,0.01,275,29.5,29.387743593706492,-2.5710944110559075,71119
2026-04-01 11:55:05,-113.4359,53.5265,229.2,10586.0,-59.2,-71.9,-67.3,18,33,0.01,275,29.5,29.387743593706492,-2.5710944110559075,71119
2026-04-01 11:55:06,-113.4355,53.5265,229.0,10589.0,-59.2,-71.9,-67.3,18,32,0.01,275,29.5,29.387743593706492,-2.5710944110559075,71119
2026-04-01 11:55:07,-113.4351,53.5264,228.9,10593.0,-59.2,-72.0,-67.3,18,32,0.01,275,29.5,29.387743593706492,-2.5710944110559075,71119
2026-04-01 11:55:08,-113.4347,53.5264,228.8,10596.0,-59.2,-72.0,-67.4,18,32,0.01,275,29.5,29.387743593706492,-2.5710944110559075,71119
2026-04-01 11:55:09,-113.4343,53.5264,228.7,10600.0,-59.3,-72.1,-67.4,18,32,0.01,275,29.5,29.387743593706492,-2.5710944110559075,71119
2026-04-01 11:55:10,-113.4338,53.5263,228.5,10603.0,-59.3,-72.1,-67.5,18,32,0.01,275,29.5,29.387743593706492,-2.5710944110559075,71119
2026-04-01 11:55:11,-113.4334,53.5263,228.4,10607.0,-59.3,-72.2,-67.5,18,32,0.01,275,29.5,29.387743593706492,-2.5710944110559075,71119
2026-04-01 11:55:12,-113.433,53.5263,228.2,10611.0,-59.4,-72.2,-67.6,18,32,0.01,275,29.4,29.28812412389732,-2.562378836781142,71119
2026-04-01 11:55:13,-113.4325,53.5263,228.1,10614.0,-59.4,-72.2,-67.6,18,32,0.01,276,29.4,29.238943723827237,-3.0731368200689975,71119
2026-04-01 11:55:14,-113.4321,53.5262,228.0,10618.0,-59.4,-72.3,-67.6,18,32,0.01,276,29.4,29.238943723827237,-3.0731368200689975,71119
2026-04-01 11:55:15,-113.4316,53.5262,227.8,10622.0,-59.4,-72.3,-67.6,18,32,0.01,276,29.4,29.238943723827237,-3.0731368200689975,71119
2026-04-01 11:55:16,-113.4312,53.5262,227.7,10626.0,-59.5,-72.3,-67.7,18,32,0.01,276,29.3,29.13949153429041,-3.0626839737422324,71119
2026-04-01 11:55:17,-113.4307,53.5261,227.6,10629.0,-59.5,-72.4,-67.7,18,32,0.01,276,29.3,29.13949153429041,-3.0626839737422324,71119
2026-04-01 11:55:18,-113.4302,53.5261,227.4,10633.0,-59.5,-72.4,-67.7,18,32,0.01,276,29.3,29.13949153429041,-3.0626839737422324,71119
2026-04-01 11:55:19,-113.4298,53.5261,227.3,10637.0,-59.6,-72.4,-67.8,18,32,0.01,276,29.2,29.040039344753584,-3.052231127415467,71119
2026-04-01 11:55:20,-113.4293,53.526,227.1,10642.0,-59.6,-72.5,-67.8,18,32,0.01,276,29.2,29.040039344753584,-3.052231127415467,71119
2026-04-01 11:55:21,-113.4289,53.526,227.0,10646.0,-59.6,-72.5,-67.9,18,31,0.01,276,29.1,28.940587155216758,-3.041778281088702,71119
2026-04-01 11:55:22,-113.4284,53.526,226.8,10650.0,-59.7,-72.6,-67.9,18,31,0.01,276,29.1,28.940587155216758,-3.041778281088702,71119
2026-04-01 11:55:23,-113.428,53.526,226.7,10655.0,-59.7,-72.7,-68.0,17,31,0.01,276,29.0,28.841134965679927,-3.0313254347619365,71119
2026-04-01 11:55:24,-113.4276,53.526,226.5,10659.0,-59.7,-72.8,-68.1,17,31,0.01,276,29.0,28.841134965679927,-3.0313254347619365,71119
2026-04-01 11:55:25,-113.4272,53.526,226.4,10662.0,-59.8,-72.9,-68.2,17,31,0.01,276,28.9,28.7416827761431,-3.020872588435171,71119
2026-04-01 11:55:26,-113.4268,53.5259,226.2,10666.0,-59.8,-73.0,-68.3,17,30,0.01,276,28.9,28.7416827761431,-3.020872588435171,71119
2026-04-01 11:55:27,-113.4264,53.5259,226.1,10670.0,-59.8,-73.0,-68.4,17,30,0.01,276,28.8,28.642230586606274,-3.010419742108406,71119
2026-04-01 11:55:28,-113.4259,53.5259,225.9,10674.0,-59.8,-73.1,-68.5,16,29,0.01,276,28.8,28.642230586606274,-3.010419742108406,71119
2026-04-01 11:55:29,-113.4255,53.5258,225.8,10678.0,-59.8,-73.2,-68.5,16,29,0.01,276,28.7,28.542778397069444,-2.9999668957816406,71119
2026-04-01 11:55:30,-113.425,53.5258,225.6,10682.0,-59.7,-73.3,-68.6,16,28,0.01,276,28.7,28.542778397069444,-2.9999668957816406,71119
2026-04-01 11:55:31,-113.4246,53.5258,225.5,10686.0,-59.6,-73.3,-68.6,16,28,0.01,276,28.7,28.542778397069444,-2.9999668957816406,71119
2026-04-01 11:55:32,-113.4242,53.5258,225.4,10690.0,-59.4,-73.4,-68.7,15,27,0.01,276,28.6,28.44332620753262,-2.9895140494548755,71119
2026-04-01 11:55:33,-113.4237,53.5258,225.2,10694.0,-59.4,-73.4,-68.8,15,27,0.01,276,28.6,28.44332620753262,-2.9895140494548755,71119
2026-04-01 11:55:34,-113.4234,53.5257,225.1,10697.0,-59.3,-73.5,-68.9,15,26,0.01,276,28.6,28.44332620753262,-2.9895140494548755,71119
2026-04-01 11:55:35,-113.423,53.5257,225.0,10701.0,-59.3,-73.7,-69.0,14,25,0.01,276,28.5,28.34387401799579,-2.97906120312811,71119
2026-04-01 11:55:36,-113.4226,53.5257,224.8,10704.0,-59.2,-73.8,-69.1,14,25,0.01,276,28.5,28.34387401799579,-2.97906120312811,71119
2026-04-01 11:55:37,-113.4222,53.5256,224.7,10708.0,-59.3,-74.0,-69.3,14,24,0.01,276,28.5,28.34387401799579,-2.97906120312811,71119
2026-04-01 11:55:38,-113.4218,53.5256,224.6,10711.0,-59.3,-74.1,-69.5,13,24,0.01,277,28.5,28.287565321777677,-3.473276287046709,71119
2026-04-01 11:55:39,-113.4213,53.5256,224.5,10715.0,-59.3,-74.3,-69.6,13,23,0.01,277,28.5,28.287565321777677,-3.473276287046709,71119
2026-04-01 11:55:40,-113.4209,53.5255,224.4,10718.0,-59.3,-74.4,-69.7,13,23,0.01,277,28.5,28.287565321777677,-3.473276287046709,71119
2026-04-01 11:55:41,-113.4205,53.5255,224.2,10722.0,-59.3,-74.6,-69.9,13,22,0.01,277,28.6,28.38681993694181,-3.485463221387224,71119
2026-04-01 11:55:42,-113.42,53.5254,224.1,10725.0,-59.3,-74.7,-70.0,12,22,0.01,277,28.6,28.38681993694181,-3.485463221387224,71119
2026-04-01 11:55:43,-113.4196,53.5254,224.0,10728.0,-59.3,-74.7,-70.0,12,22,0.01,277,28.6,28.38681993694181,-3.485463221387224,71119
2026-04-01 11:55:44,-113.4191,53.5254,223.9,10731.0,-59.3,-74.8,-70.1,12,22,0.01,277,28.6,28.38681993694181,-3.485463221387224,71119
2026-04-01 11:55:45,-113.4187,53.5253,223.8,10735.0,-59.2,-74.8,-70.1,12,21,0.01,277,28.6,28.38681993694181,-3.485463221387224,71119
2026-04-01 11:55:46,-113.4183,53.5253,223.6,10738.0,-59.1,-74.8,-70.1,12,21,0.01,277,28.7,28.48607455210594,-3.4976501557277384,71119
2026-04-01 11:55:47,-113.4179,53.5253,223.5,10741.0,-59.1,-74.7,-70.0,12,21,0.01,277,28.7,28.48607455210594,-3.4976501557277384,71119
2026-04-01 11:55:48,-113.4174,53.5253,223.4,10745.0,-59.0,-74.7,-70.0,12,21,0.01,277,28.7,28.48607455210594,-3.4976501557277384,71119
2026-04-01 11:55:49,-113.417,53.5252,223.3,10748.0,-59.0,-74.8,-70.1,12,21,0.01,277,28.8,28.585329167270075,-3.5098370900682534,71119
2026-04-01 11:55:50,-113.4166,53.5252,223.2,10751.0,-59.0,-74.8,-70.1,12,21,0.01,277,28.8,28.585329167270075,-3.5098370900682534,71119
2026-04-01 11:55:51,-113.4161,53.5252,223.1,10755.0,-59.0,-74.9,-70.2,12,21,0.01,277,28.8,28.585329167270075,-3.5098370900682534,71119
2026-04-01 11:55:52,-113.4157,53.5251,222.9,10758.0,-59.1,-74.9,-70.2,12,21,0.01,277,28.8,28.585329167270075,-3.5098370900682534,71119
2026-04-01 11:55:53,-113.4153,53.5251,222.8,10762.0,-59.1,-75.0,-70.3,12,20,0.01,276,28.8,28.642230586606274,-3.010419742108406,71119
2026-04-01 11:55:54,-113.4148,53.5251,222.7,10765.0,-59.1,-75.0,-70.3,11,20,0.01,276,28.8,28.642230586606274,-3.010419742108406,71119
2026-04-01 11:55:55,-113.4144,53.5251,222.6,10768.0,-59.1,-75.1,-70.4,11,20,0.01,276,28.8,28.642230586606274,-3.010419742108406,71119
2026-04-01 11:55:56,-113.4139,53.525,222.4,10772.0,-59.1,-75.2,-70.5,11,20,0.01,276,28.8,28.642230586606274,-3.010419742108406,71119
2026-04-01 11:55:57,-113.4135,53.525,222.3,10775.0,-59.1,-75.2,-70.5,11,20,0.01,276,28.8,28.642230586606274,-3.010419742108406,71119
2026-04-01 11:55:58,-113.4131,53.525,222.2,10778.0,-59.1,-75.3,-70.6,11,20,0.01,276,28.8,28.642230586606274,-3.010419742108406,71119
2026-04-01 11:55:59,-113.4127,53.525,222.1,10781.0,-59.0,-75.3,-70.6,11,19,0.01,276,28.8,28.642230586606274,-3.010419742108406,71119
2026-04-01 11:56:00,-113.4122,53.5249,222.0,10785.0,-58.9,-75.3,-70.6,11,19,0.01,276,28.8,28.642230586606274,-3.010419742108406,71119
2026-04-01 11:56:01,-113.4118,53.5249,221.9,10788.0,-58.8,-75.3,-70.6,11,19,0.01,276,28.8,28.642230586606274,-3.010419742108406,71119
2026-04-01 11:56:02,-113.4113,53.5248,221.7,10792.0,-58.8,-75.4,-70.7,10,18,0.01,276,28.8,28.642230586606274,-3.010419742108406,71119
2026-04-01 11:56:03,-113.4109,53.5248,221.6,10796.0,-58.8,-75.5,-70.8,10,18,0.01,276,28.7,28.542778397069444,-2.9999668957816406,71119
2026-04-01 11:56:04,-113.4105,53.5248,221.4,10800.0,-58.8,-75.7,-70.9,10,18,0.01,275,28.7,28.590787835233098,-2.5013698168577814,71119
2026-04-01 11:56:05,-113.41,53.5247,221.3,10804.0,-58.8,-75.7,-71.0,10,18,0.01,275,28.7,28.590787835233098,-2.5013698168577814,71119
2026-04-01 11:56:06,-113.4096,53.5247,221.2,10807.0,-58.8,-75.8,-71.1,10,17,0.01,275,28.6,28.491168365423924,-2.492654242583016,71119
2026-04-01 11:56:07,-113.4092,53.5247,221.1,10811.0,-58.8,-75.9,-71.2,10,17,0.01,275,28.6,28.491168365423924,-2.492654242583016,71119
2026-04-01 11:56:08,-113.4088,53.5247,220.9,10814.0,-58.8,-76.0,-71.3,10,17,0.01,275,28.6,28.491168365423924,-2.492654242583016,71119
2026-04-01 11:56:09,-113.4083,53.5247,220.8,10817.0,-58.8,-76.1,-71.4,9,17,0.01,275,28.5,28.391548895614747,-2.48393866830825,71119
2026-04-01 11:56:10,-113.4079,53.5247,220.7,10821.0,-58.8,-76.2,-71.5,9,17,0.01,275,28.5,28.391548895614747,-2.48393866830825,71119
2026-04-01 11:56:11,-113.4075,53.5247,220.6,10824.0,-58.9,-76.3,-71.6,9,16,0.01,275,28.5,28.391548895614747,-2.48393866830825,71119
2026-04-01 11:56:12,-113.4071,53.5247,220.5,10828.0,-58.9,-76.4,-71.6,9,16,0.01,275,28.4,28.291929425805574,-2.475223094033484,71119
2026-04-01 11:56:13,-113.4067,53.5246,220.3,10832.0,-58.9,-76.4,-71.7,9,16,0.01,274,28.4,28.330819027379007,-1.9810838543331561,71119
2026-04-01 11:56:14,-113.4062,53.5246,220.2,10835.0,-58.9,-76.4,-71.7,9,16,0.01,274,28.4,28.330819027379007,-1.9810838543331561,71119
2026-04-01 11:56:15,-113.4058,53.5246,220.1,10839.0,-59.0,-76.5,-71.8,9,16,0.01,274,28.3,28.23106262235303,-1.9741082069587437,71119
2026-04-01 11:56:16,-113.4054,53.5246,220.0,10841.0,-59.0,-76.5,-71.8,9,16,0.01,274,28.3,28.23106262235303,-1.9741082069587437,71119
2026-04-01 11:56:17,-113.4049,53.5245,219.9,10844.0,-59.0,-76.5,-71.8,9,16,0.01,274,28.3,28.23106262235303,-1.9741082069587437,71119
2026-04-01 11:56:18,-113.4045,53.5245,219.8,10846.0,-59.0,-76.6,-71.8,9,16,0.01,274,28.3,28.23106262235303,-1.9741082069587437,71119
2026-04-01 11:56:19,-113.4041,53.5245,219.7,10851.0,-59.0,-76.6,-71.9,9,16,0.01,274,28.3,28.23106262235303,-1.9741082069587437,71119
2026-04-01 11:56:20,-113.4037,53.5245,219.5,10856.0,-59.0,-76.6,-71.9,9,16,0.01,274,28.2,28.131306217327044,-1.9671325595843312,71119
2026-04-01 11:56:21,-113.4032,53.5245,219.3,10861.0,-59.0,-76.6,-71.8,9,16,0.01,274,28.2,28.131306217327044,-1.9671325595843312,71119
2026-04-01 11:56:22,-113.4028,53.5244,219.1,10866.0,-59.0,-76.5,-71.8,9,16,0.01,274,28.2,28.131306217327044,-1.9671325595843312,71119
2026-04-01 11:56:23,-113.4024,53.5244,219.0,10870.0,-59.0,-76.5,-71.8,9,16,0.01,274,28.2,28.131306217327044,-1.9671325595843312,71119
2026-04-01 11:56:24,-113.402,53.5244,218.9,10873.0,-59.0,-76.5,-71.8,9,16,0.01,274,28.2,28.131306217327044,-1.9671325595843312,71119
2026-04-01 11:56:25,-113.4016,53.5244,218.8,10876.0,-59.1,-76.5,-71.7,9,16,0.01,274,28.2,28.131306217327044,-1.9671325595843312,71119
2026-04-01 11:56:26,-113.4012,53.5244,218.7,10878.0,-59.1,-76.4,-71.7,9,16,0.01,274,28.2,28.131306217327044,-1.9671325595843312,71119
2026-04-01 11:56:27,-113.4008,53.5244,218.6,10882.0,-59.1,-76.4,-71.7,9,17,0.01,274,28.1,28.031549812301066,-1.9601569122099187,71119
2026-04-01 11:56:28,-113.4004,53.5244,218.5,10884.0,-59.1,-76.3,-71.6,9,17,0.01,274,28.1,28.031549812301066,-1.9601569122099187,71119
2026-04-01 11:56:29,-113.3999,53.5244,218.4,10887.0,-59.1,-76.3,-71.6,10,17,0.01,274,28.1,28.031549812301066,-1.9601569122099187,71119
2026-04-01 11:56:30,-113.3995,53.5244,218.3,10891.0,-59.1,-76.3,-71.6,10,17,0.01,274,28.1,28.031549812301066,-1.9601569122099187,71119
2026-04-01 11:56:31,-113.399,53.5244,218.2,10894.0,-59.2,-76.2,-71.5,10,17,0.01,274,28.0,27.93179340727508,-1.9531812648355062,71119
2026-04-01 11:56:32,-113.3986,53.5244,218.0,10898.0,-59.2,-76.2,-71.5,10,17,0.01,274,28.0,27.93179340727508,-1.9531812648355062,71119
2026-04-01 11:56:33,-113.3981,53.5243,217.9,10901.0,-59.2,-76.2,-71.4,10,17,0.01,274,28.0,27.93179340727508,-1.9531812648355062,71119
2026-04-01 11:56:34,-113.3977,53.5243,217.8,10905.0,-59.2,-76.1,-71.4,10,18,0.01,274,28.0,27.93179340727508,-1.9531812648355062,71119
2026-04-01 11:56:35,-113.3973,53.5243,217.6,10909.0,-59.3,-76.1,-71.4,10,18,0.01,274,27.9,27.8320370022491,-1.9462056174610936,71119
2026-04-01 11:56:36,-113.3969,53.5243,217.5,10912.0,-59.3,-76.1,-71.4,10,18,0.01,274,27.9,27.8320370022491,-1.9462056174610936,71119
2026-04-01 11:56:37,-113.3965,53.5242,217.4,10916.0,-59.3,-76.1,-71.4,10,18,0.01,274,27.9,27.8320370022491,-1.9462056174610936,71119
2026-04-01 11:56:38,-113.396,53.5242,217.3,10920.0,-59.3,-76.1,-71.3,10,18,0.01,274,27.8,27.732280597223117,-1.939229970086681,71119
2026-04-01 11:56:39,-113.3956,53.5242,217.1,10923.0,-59.3,-76.1,-71.3,10,18,0.01,274,27.8,27.732280597223117,-1.939229970086681,71119
2026-04-01 11:56:40,-113.3952,53.5242,217.0,10927.0,-59.3,-76.1,-71.4,10,18,0.01,275,27.8,27.694212606950526,-2.4229296483848892,71119
2026-04-01 11:56:41,-113.3948,53.5242,216.9,10930.0,-59.3,-76.1,-71.4,10,18,0.01,275,27.7,27.594593137141352,-2.4142140741101232,71119
2026-04-01 11:56:42,-113.3944,53.5241,216.8,10934.0,-59.2,-76.1,-71.3,10,18,0.01,275,27.7,27.594593137141352,-2.4142140741101232,71119
2026-04-01 11:56:43,-113.394,53.5241,216.6,10937.0,-59.1,-76.0,-71.3,10,18,0.01,275,27.6,27.49497366733218,-2.4054984998353577,71119
2026-04-01 11:56:44,-113.3936,53.5241,216.5,10941.0,-59.0,-76.0,-71.3,10,18,0.01,275,27.6,27.49497366733218,-2.4054984998353577,71119
2026-04-01 11:56:45,-113.3932,53.5241,216.4,10944.0,-58.9,-76.0,-71.3,10,17,0.01,275,27.5,27.395354197523,-2.396782925560592,71119
2026-04-01 11:56:46,-113.3928,53.524,216.3,10948.0,-58.9,-76.0,-71.3,10,17,0.01,275,27.5,27.395354197523,-2.396782925560592,71119
2026-04-01 11:56:47,-113.3924,53.524,216.2,10951.0,-58.8,-76.0,-71.3,10,17,0.01,276,27.4,27.24989993309069,-2.8640798935336917,71119
2026-04-01 11:56:48,-113.392,53.524,216.1,10954.0,-58.8,-76.0,-71.3,10,17,0.01,276,27.4,27.24989993309069,-2.8640798935336917,71119
2026-04-01 11:56:49,-113.3916,53.524,215.9,10958.0,-58.8,-76.1,-71.4,9,17,0.01,276,27.3,27.150447743553865,-2.8536270472069267,71119
2026-04-01 11:56:50,-113.3912,53.524,215.8,10961.0,-58.8,-76.1,-71.4,9,17,0.01,276,27.3,27.150447743553865,-2.8536270472069267,71119
2026-04-01 11:56:51,-113.3908,53.5239,215.7,10965.0,-58.8,-76.2,-71.5,9,16,0.01,276,27.2,27.050995554017035,-2.8431742008801613,71119
2026-04-01 11:56:52,-113.3904,53.5239,215.6,10968.0,-58.8,-76.2,-71.5,9,16,0.01,276,27.2,27.050995554017035,-2.8431742008801613,71119
2026-04-01 11:56:53,-113.3899,53.5239,215.4,10972.0,-58.7,-76.2,-71.5,9,16,0.01,276,27.1,26.951543364480212,-2.8327213545533962,71119
2026-04-01 11:56:54,-113.3895,53.5239,215.3,10976.0,-58.7,-76.2,-71.5,9,16,0.01,276,27.0,26.852091174943382,-2.822268508226631,71119
2026-04-01 11:56:55,-113.3891,53.5238,215.2,10979.0,-58.7,-76.2,-71.5,9,16,0.01,277,27.0,26.798746094315693,-3.2904722719389876,71119
2026-04-01 11:56:56,-113.3887,53.5238,215.1,10982.0,-58.7,-76.2,-71.5,9,16,0.01,277,26.9,26.69949147915156,-3.2782853375984726,71119
2026-04-01 11:56:57,-113.3882,53.5237,215.0,10986.0,-58.7,-76.1,-71.4,9,16,0.01,277,26.9,26.69949147915156,-3.2782853375984726,71119
2026-04-01 11:56:58,-113.3878,53.5237,214.9,10989.0,-58.6,-76.1,-71.4,9,16,0.01,277,26.8,26.60023686398743,-3.266098403257958,71119
2026-04-01 11:56:59,-113.3874,53.5237,214.8,10993.0,-58.6,-76.0,-71.3,9,16,0.01,277,26.7,26.500982248823295,-3.253911468917443,71119
2026-04-01 11:57:00,-113.387,53.5236,214.6,10996.0,-58.5,-75.9,-71.2,9,16,0.01,277,26.7,26.500982248823295,-3.253911468917443,71119
2026-04-01 11:57:01,-113.3867,53.5236,214.5,11000.0,-58.5,-75.9,-71.1,9,17,0.01,277,26.6,26.401727633659167,-3.2417245345769286,71119
2026-04-01 11:57:02,-113.3863,53.5236,214.4,11003.0,-58.4,-75.8,-71.1,9,17,0.01,277,26.5,26.302473018495032,-3.2295376002364136,71119
2026-04-01 11:57:03,-113.3859,53.5236,214.2,11007.0,-58.4,-75.7,-71.0,9,17,0.01,277,26.4,26.203218403330897,-3.2173506658958986,71119
2026-04-01 11:57:04,-113.3855,53.5235,214.1,11011.0,-58.4,-75.7,-71.0,10,17,0.01,277,26.4,26.203218403330897,-3.2173506658958986,71119
2026-04-01 11:57:05,-113.3851,53.5235,214.0,11014.0,-58.3,-75.6,-70.9,10,17,0.01,277,26.3,26.10396378816677,-3.205163731555384,71119
2026-04-01 11:57:06,-113.3848,53.5235,213.9,11018.0,-58.3,-75.6,-70.9,10,17,0.01,277,26.2,26.004709173002635,-3.192976797214869,71119
2026-04-01 11:57:07,-113.3844,53.5234,213.8,11021.0,-58.3,-75.5,-70.8,10,17,0.01,277,26.2,26.004709173002635,-3.192976797214869,71119
2026-04-01 11:57:08,-113.384,53.5234,213.7,11024.0,-58.3,-75.5,-70.8,10,17,0.01,277,26.1,25.905454557838507,-3.180789862874355,71119
2026-04-01 11:57:09,-113.3836,53.5233,213.5,11028.0,-58.3,-75.5,-70.8,10,17,0.01,277,26.0,25.806199942674372,-3.16860292853384,71119
2026-04-01 11:57:10,-113.3832,53.5233,213.4,11032.0,-58.3,-75.5,-70.7,10,17,0.01,277,26.0,25.806199942674372,-3.16860292853384,71119
2026-04-01 11:57:11,-113.3829,53.5233,213.3,11035.0,-58.3,-75.4,-70.7,10,17,0.01,277,25.9,25.706945327510237,-3.156415994193325,71119
2026-04-01 11:57:12,-113.3825,53.5233,213.2,11039.0,-58.3,-75.4,-70.7,10,17,0.01,277,25.9,25.706945327510237,-3.156415994193325,71119
2026-04-01 11:57:13,-113.3821,53.5232,213.1,11042.0,-58.3,-75.4,-70.7,10,17,0.01,276,25.8,25.658664900501453,-2.696834352305447,71119
2026-04-01 11:57:14,-113.3817,53.5232,212.9,11045.0,-58.3,-75.4,-70.7,10,17,0.01,276,25.8,25.658664900501453,-2.696834352305447,71119
2026-04-01 11:57:15,-113.3813,53.5232,212.8,11048.0,-58.3,-75.4,-70.7,10,17,0.01,276,25.8,25.658664900501453,-2.696834352305447,71119
2026-04-01 11:57:16,-113.3809,53.5232,212.7,11052.0,-58.3,-75.4,-70.7,10,17,0.01,276,25.7,25.559212710964626,-2.6863815059786815,71119
2026-04-01 11:57:17,-113.3805,53.5232,212.6,11055.0,-58.3,-75.4,-70.7,10,17,0.01,276,25.7,25.559212710964626,-2.6863815059786815,71119
2026-04-01 11:57:18,-113.3801,53.5232,212.5,11058.0,-58.3,-75.3,-70.6,10,18,0.01,276,25.7,25.559212710964626,-2.6863815059786815,71119
2026-04-01 11:57:19,-113.3797,53.5231,212.4,11062.0,-58.3,-75.3,-70.6,10,18,0.01,276,25.7,25.559212710964626,-2.6863815059786815,71119
2026-04-01 11:57:20,-113.3794,53.5231,212.3,11065.0,-58.3,-75.3,-70.6,10,18,0.01,276,25.7,25.559212710964626,-2.6863815059786815,71119
2026-04-01 11:57:21,-113.379,53.523,212.2,11068.0,-58.3,-75.3,-70.6,10,18,0.01,276,25.7,25.559212710964626,-2.6863815059786815,71119
2026-04-01 11:57:22,-113.3786,53.523,212.1,11071.0,-58.3,-75.3,-70.6,10,18,0.01,276,25.7,25.559212710964626,-2.6863815059786815,71119
2026-04-01 11:57:23,-113.3783,53.523,211.9,11075.0,-58.3,-75.3,-70.6,10,18,0.01,275,25.7,25.60220374095786,-2.239902588614808,71119
2026-04-01 11:57:24,-113.3779,53.523,211.8,11079.0,-58.3,-75.2,-70.5,10,18,0.01,275,25.7,25.60220374095786,-2.239902588614808,71119
2026-04-01 11:57:25,-113.3775,53.523,211.7,11082.0,-58.3,-75.2,-70.5,10,18,0.01,275,25.7,25.60220374095786,-2.239902588614808,71119
2026-04-01 11:57:26,-113.3771,53.523,211.6,11086.0,-58.2,-75.2,-70.5,10,18,0.01,275,25.7,25.60220374095786,-2.239902588614808,71119
2026-04-01 11:57:27,-113.3767,53.523,211.5,11090.0,-58.2,-75.2,-70.5,10,18,0.01,275,25.7,25.60220374095786,-2.239902588614808,71119
2026-04-01 11:57:28,-113.3763,53.5229,211.3,11094.0,-58.3,-75.2,-70.5,10,18,0.01,275,25.8,25.701823210767035,-2.2486181628895734,71119
2026-04-01 11:57:29,-113.3759,53.5229,211.2,11097.0,-58.3,-75.2,-70.5,10,18,0.01,275,25.8,25.701823210767035,-2.2486181628895734,71119
2026-04-01 11:57:30,-113.3756,53.5229,211.1,11101.0,-58.3,-75.3,-70.6,10,18,0.01,275,25.8,25.701823210767035,-2.2486181628895734,71119
2026-04-01 11:57:31,-113.3752,53.5229,210.9,11105.0,-58.3,-75.3,-70.6,10,18,0.01,275,25.8,25.701823210767035,-2.2486181628895734,71119
2026-04-01 11:57:32,-113.3748,53.5229,210.8,11109.0,-58.3,-75.4,-70.7,10,18,0.01,275,25.9,25.80144268057621,-2.2573337371643394,71119
2026-04-01 11:57:33,-113.3744,53.5229,210.7,11112.0,-58.3,-75.4,-70.7,10,17,0.01,275,25.9,25.80144268057621,-2.2573337371643394,71119
2026-04-01 11:57:34,-113.374,53.5228,210.6,11116.0,-58.3,-75.4,-70.7,10,17,0.01,274,25.9,25.836908901729448,-1.8066926699728432,71119
2026-04-01 11:57:35,-113.3736,53.5228,210.5,11119.0,-58.2,-75.5,-70.7,10,17,0.01,274,26.0,25.936665306755433,-1.8136683173472556,71119
2026-04-01 11:57:36,-113.3732,53.5228,210.3,11123.0,-58.2,-75.5,-70.8,10,17,0.01,274,26.0,25.936665306755433,-1.8136683173472556,71119
2026-04-01 11:57:37,-113.3729,53.5227,210.2,11126.0,-58.1,-75.5,-70.8,9,17,0.01,274,26.0,25.936665306755433,-1.8136683173472556,71119
2026-04-01 11:57:38,-113.3725,53.5227,210.1,11130.0,-58.0,-75.5,-70.8,9,16,0.01,274,26.1,26.036421711781415,-1.8206439647216683,71119
2026-04-01 11:57:39,-113.3721,53.5227,210.0,11134.0,-58.0,-75.6,-70.9,9,16,0.01,274,26.1,26.036421711781415,-1.8206439647216683,71119
2026-04-01 11:57:40,-113.3717,53.5227,209.9,11137.0,-58.0,-75.7,-71.0,9,16,0.01,274,26.1,26.036421711781415,-1.8206439647216683,71119
2026-04-01 11:57:41,-113.3713,53.5227,209.7,11141.0,-58.0,-75.8,-71.1,9,16,0.01,274,26.2,26.136178116807397,-1.8276196120960806,71119
2026-04-01 11:57:42,-113.3709,53.5227,209.6,11144.0,-58.0,-75.9,-71.2,9,16,0.01,274,26.2,26.136178116807397,-1.8276196120960806,71119
2026-04-01 11:57:43,-113.3705,53.5227,209.5,11147.0,-58.0,-76.0,-71.3,9,15,0.01,274,26.2,26.136178116807397,-1.8276196120960806,71119
2026-04-01 11:57:44,-113.37,53.5227,209.4,11150.0,-58.0,-76.0,-71.3,9,15,0.01,274,26.2,26.136178116807397,-1.8276196120960806,71119
2026-04-01 11:57:45,-113.3696,53.5227,209.3,11154.0,-58.0,-76.1,-71.4,9,15,0.01,274,26.3,26.23593452183338,-1.8345952594704933,71119
2026-04-01 11:57:46,-113.3692,53.5227,209.2,11157.0,-58.0,-76.1,-71.4,9,15,0.01,274,26.3,26.23593452183338,-1.8345952594704933,71119
2026-04-01 11:57:47,-113.3688,53.5226,209.1,11161.0,-58.1,-76.2,-71.5,8,15,0.01,274,26.3,26.23593452183338,-1.8345952594704933,71119
2026-04-01 11:57:48,-113.3684,53.5226,208.9,11165.0,-58.1,-76.3,-71.5,8,15,0.01,274,26.3,26.23593452183338,-1.8345952594704933,71119
2026-04-01 11:57:49,-113.3681,53.5226,208.8,11168.0,-58.1,-76.3,-71.6,8,15,0.01,274,26.3,26.23593452183338,-1.8345952594704933,71119
2026-04-01 11:57:50,-113.3677,53.5226,208.7,11172.0,-58.1,-76.3,-71.6,8,15,0.01,274,26.2,26.136178116807397,-1.8276196120960806,71119
2026-04-01 11:57:51,-113.3673,53.5225,208.6,11176.0,-58.1,-76.4,-71.7,8,15,0.01,274,26.2,26.136178116807397,-1.8276196120960806,71119
2026-04-01 11:57:52,-113.3669,53.5225,208.5,11179.0,-58.1,-76.4,-71.7,8,14,0.01,274,26.2,26.136178116807397,-1.8276196120960806,71119
2026-04-01 11:57:53,-113.3666,53.5225,208.3,11183.0,-58.0,-76.4,-71.7,8,14,0.01,274,26.2,26.136178116807397,-1.8276196120960806,71119
2026-04-01 11:57:54,-113.3662,53.5225,208.2,11187.0,-58.0,-76.4,-71.7,8,14,0.01,274,26.1,26.036421711781415,-1.8206439647216683,71119
2026-04-01 11:57:55,-113.3658,53.5224,208.1,11190.0,-58.0,-76.5,-71.8,8,14,0.01,274,26.1,26.036421711781415,-1.8206439647216683,71119
2026-04-01 11:57:56,-113.3653,53.5224,208.0,11194.0,-58.0,-76.5,-71.8,8,14,0.01,274,26.0,25.936665306755433,-1.8136683173472556,71119
2026-04-01 11:57:57,-113.3649,53.5224,207.9,11197.0,-57.9,-76.6,-71.9,8,14,0.01,275,26.0,25.901062150385386,-2.266049311439105,71119
2026-04-01 11:57:58,-113.3645,53.5224,207.8,11200.0,-57.9,-76.6,-71.9,8,14,0.01,275,25.9,25.80144268057621,-2.2573337371643394,71119
2026-04-01 11:57:59,-113.3641,53.5224,207.7,11204.0,-57.9,-76.7,-72.0,8,14,0.01,275,25.9,25.80144268057621,-2.2573337371643394,71119
2026-04-01 11:58:00,-113.3637,53.5224,207.5,11208.0,-57.8,-76.7,-72.0,8,13,0.01,275,25.8,25.701823210767035,-2.2486181628895734,71119
2026-04-01 11:58:01,-113.3633,53.5224,207.4,11212.0,-57.8,-76.8,-72.1,7,13,0.01,275,25.7,25.60220374095786,-2.239902588614808,71119
2026-04-01 11:58:02,-113.3629,53.5224,207.2,11216.0,-57.7,-76.9,-72.1,7,13,0.01,275,25.7,25.60220374095786,-2.239902588614808,71119
2026-04-01 11:58:03,-113.3625,53.5224,207.1,11220.0,-57.7,-77.0,-72.2,7,13,0.01,275,25.6,25.502584271148688,-2.231187014340042,71119
2026-04-01 11:58:04,-113.3621,53.5224,207.0,11224.0,-57.7,-77.1,-72.3,7,12,0.01,275,25.5,25.40296480133951,-2.2224714400652763,71119
2026-04-01 11:58:05,-113.3618,53.5223,206.9,11227.0,-57.6,-77.1,-72.4,7,12,0.01,275,25.4,25.303345331530334,-2.2137558657905103,71119
2026-04-01 11:58:06,-113.3614,53.5223,206.8,11230.0,-57.5,-77.2,-72.5,7,12,0.01,275,25.4,25.303345331530334,-2.2137558657905103,71119
2026-04-01 11:58:07,-113.3611,53.5222,206.7,11234.0,-57.5,-77.3,-72.6,7,12,0.01,275,25.3,25.203725861721164,-2.2050402915157448,71119
2026-04-01 11:58:08,-113.3607,53.5222,206.6,11237.0,-57.5,-77.5,-72.8,6,11,0.01,275,25.2,25.104106391911987,-2.1963247172409788,71119
2026-04-01 11:58:09,-113.3604,53.5222,206.5,11240.0,-57.5,-77.7,-72.9,6,11,0.01,275,25.2,25.104106391911987,-2.1963247172409788,71119
2026-04-01 11:58:10,-113.36,53.5221,206.3,11244.0,-57.5,-77.8,-73.1,6,11,0.0,275,25.1,25.004486922102814,-2.1876091429662132,71119
2026-04-01 11:58:11,-113.3596,53.5221,206.2,11247.0,-57.5,-78.0,-73.3,6,10,0.0,275,25.1,25.004486922102814,-2.1876091429662132,71119
2026-04-01 11:58:12,-113.3593,53.5221,206.1,11251.0,-57.4,-78.2,-73.5,6,10,0.0,275,25.0,24.90486745229364,-2.1788935686914472,71119
2026-04-01 11:58:13,-113.3589,53.5221,206.0,11254.0,-57.4,-78.4,-73.7,6,10,0.0,275,25.0,24.90486745229364,-2.1788935686914472,71119
2026-04-01 11:58:14,-113.3585,53.522,205.9,11257.0,-57.3,-78.5,-73.8,5,9,0.0,275,24.9,24.805247982484463,-2.1701779944166812,71119
2026-04-01 11:58:15,-113.3581,53.522,205.8,11261.0,-57.3,-78.7,-74.0,5,9,0.0,275,24.9,24.805247982484463,-2.1701779944166812,71119
2026-04-01 11:58:16,-113.3578,53.522,205.7,11265.0,-57.3,-78.9,-74.2,5,9,0.0,275,24.9,24.805247982484463,-2.1701779944166812,71119
2026-04-01 11:58:17,-113.3574,53.522,205.6,11268.0,-57.3,-79.1,-74.4,5,9,0.0,275,24.8,24.70562851267529,-2.1614624201419157,71119
2026-04-01 11:58:18,-113.357,53.522,205.4,11272.0,-57.3,-79.3,-74.6,5,8,0.0,275,24.8,24.70562851267529,-2.1614624201419157,71119
2026-04-01 11:58:19,-113.3566,53.522,205.3,11275.0,-57.3,-79.5,-74.8,5,8,0.0,275,24.8,24.70562851267529,-2.1614624201419157,71119
2026-04-01 11:58:20,-113.3563,53.522,205.2,11278.0,-57.3,-79.7,-75.0,5,8,0.0,275,24.8,24.70562851267529,-2.1614624201419157,71119
2026-04-01 11:58:21,-113.3559,53.522,205.1,11282.0,-57.3,-79.9,-75.1,4,8,0.0,274,24.8,24.739588446443644,-1.7299605488543055,71119
2026-04-01 11:58:22,-113.3556,53.522,205.0,11285.0,-57.3,-80.0,-75.2,4,8,0.0,274,24.8,24.739588446443644,-1.7299605488543055,71119
2026-04-01 11:58:23,-113.3552,53.522,204.9,11288.0,-57.2,-80.1,-75.3,4,7,0.0,274,24.8,24.739588446443644,-1.7299605488543055,71119
2026-04-01 11:58:24,-113.3548,53.5219,204.8,11292.0,-57.2,-80.1,-75.4,4,7,0.0,274,24.8,24.739588446443644,-1.7299605488543055,71119
2026-04-01 11:58:25,-113.3545,53.5219,204.7,11296.0,-57.1,-80.1,-75.4,4,7,0.0,274,24.7,24.63983204141766,-1.7229849014798928,71119
2026-04-01 11:58:26,-113.3541,53.5219,204.5,11300.0,-57.1,-80.2,-75.4,4,7,0.0,274,24.7,24.63983204141766,-1.7229849014798928,71119
2026-04-01 11:58:27,-113.3537,53.5219,204.4,11303.0,-57.1,-80.2,-75.4,4,7,0.0,275,24.7,24.606009042866113,-2.1527468458671497,71119
2026-04-01 11:58:28,-113.3533,53.5219,204.3,11307.0,-57.1,-80.2,-75.4,4,7,0.0,275,24.7,24.606009042866113,-2.1527468458671497,71119
2026-04-01 11:58:29,-113.3529,53.5219,204.2,11311.0,-57.1,-80.1,-75.4,4,7,0.0,275,24.7,24.606009042866113,-2.1527468458671497,71119
2026-04-01 11:58:30,-113.3525,53.5218,204.1,11314.0,-57.1,-80.1,-75.3,4,7,0.0,275,24.7,24.606009042866113,-2.1527468458671497,71119
2026-04-01 11:58:31,-113.3521,53.5218,204.0,11317.0,-57.1,-80.0,-75.3,4,7,0.0,275,24.6,24.506389573056943,-2.144031271592384,71119
2026-04-01 11:58:32,-113.3517,53.5218,203.8,11321.0,-57.1,-80.0,-75.2,4,7,0.0,275,24.6,24.506389573056943,-2.144031271592384,71119
2026-04-01 11:58:33,-113.3513,53.5218,203.7,11325.0,-57.1,-79.9,-75.2,4,7,0.0,275,24.6,24.506389573056943,-2.144031271592384,71119
2026-04-01 11:58:34,-113.351,53.5218,203.6,11328.0,-57.1,-79.8,-75.1,4,8,0.0,275,24.5,24.406770103247766,-2.135315697317618,71119
2026-04-01 11:58:35,-113.3506,53.5218,203.5,11332.0,-57.1,-79.8,-75.0,4,8,0.0,275,24.5,24.406770103247766,-2.135315697317618,71119
2026-04-01 11:58:36,-113.3503,53.5217,203.4,11335.0,-57.1,-79.7,-75.0,4,8,0.0,275,24.5,24.406770103247766,-2.135315697317618,71119
2026-04-01 11:58:37,-113.3499,53.5217,203.3,11339.0,-57.0,-79.6,-74.9,4,8,0.0,275,24.4,24.30715063343859,-2.126600123042852,71119
2026-04-01 11:58:38,-113.3496,53.5217,203.2,11342.0,-57.0,-79.6,-74.8,4,8,0.0,275,24.4,24.30715063343859,-2.126600123042852,71119
2026-04-01 11:58:39,-113.3492,53.5216,203.1,11346.0,-57.0,-79.5,-74.8,5,8,0.0,275,24.3,24.20753116362942,-2.1178845487680866,71119
2026-04-01 11:58:40,-113.3489,53.5216,202.9,11349.0,-57.0,-79.5,-74.7,5,8,0.0,275,24.3,24.20753116362942,-2.1178845487680866,71119
2026-04-01 11:58:41,-113.3485,53.5216,202.8,11353.0,-57.0,-79.4,-74.7,5,8,0.0,275,24.3,24.20753116362942,-2.1178845487680866,71119
2026-04-01 11:58:42,-113.3482,53.5216,202.7,11356.0,-57.0,-79.4,-74.7,5,8,0.0,275,24.2,24.107911693820242,-2.1091689744933206,71119
2026-04-01 11:58:43,-113.3478,53.5215,202.6,11360.0,-57.0,-79.3,-74.6,5,8,0.0,275,24.2,24.107911693820242,-2.1091689744933206,71119
2026-04-01 11:58:44,-113.3474,53.5215,202.5,11364.0,-56.9,-79.3,-74.5,5,8,0.0,274,24.2,24.141050016287746,-1.6881066646078302,71119
2026-04-01 11:58:45,-113.3471,53.5215,202.4,11367.0,-56.9,-79.3,-74.5,5,8,0.0,274,24.1,24.041293611261768,-1.681131017233418,71119
2026-04-01 11:58:46,-113.3467,53.5215,202.2,11370.0,-56.9,-79.2,-74.5,5,8,0.0,274,24.1,24.041293611261768,-1.681131017233418,71119
2026-04-01 11:58:47,-113.3463,53.5215,202.1,11374.0,-56.9,-79.2,-74.5,5,8,0.0,274,24.1,24.041293611261768,-1.681131017233418,71119
2026-04-01 11:58:48,-113.346,53.5215,202.0,11378.0,-56.9,-79.2,-74.5,5,8,0.0,274,24.1,24.041293611261768,-1.681131017233418,71119
2026-04-01 11:58:49,-113.3456,53.5215,201.9,11381.0,-56.9,-79.2,-74.5,5,8,0.0,274,24.1,24.041293611261768,-1.681131017233418,71119
2026-04-01 11:58:50,-113.3453,53.5214,201.8,11385.0,-56.9,-79.2,-74.5,5,8,0.0,274,24.1,24.041293611261768,-1.681131017233418,71119
2026-04-01 11:58:51,-113.3449,53.5214,201.7,11388.0,-56.9,-79.2,-74.5,5,8,0.0,274,24.1,24.041293611261768,-1.681131017233418,71119
2026-04-01 11:58:52,-113.3446,53.5214,201.6,11392.0,-56.9,-79.3,-74.5,5,8,0.0,274,24.1,24.041293611261768,-1.681131017233418,71119
2026-04-01 11:58:53,-113.3443,53.5214,201.5,11395.0,-56.9,-79.3,-74.5,5,8,0.0,274,24.2,24.141050016287746,-1.6881066646078302,71119
2026-04-01 11:58:54,-113.3439,53.5214,201.3,11399.0,-56.9,-79.3,-74.6,5,8,0.0,274,24.2,24.141050016287746,-1.6881066646078302,71119
2026-04-01 11:58:55,-113.3436,53.5214,201.2,11402.0,-56.9,-79.3,-74.6,5,8,0.0,274,24.2,24.141050016287746,-1.6881066646078302,71119
2026-04-01 11:58:56,-113.3432,53.5214,201.1,11406.0,-56.9,-79.3,-74.6,5,8,0.0,273,24.3,24.266697694536145,-1.271763736703538,71119
2026-04-01 11:58:57,-113.3428,53.5214,201.0,11409.0,-56.9,-79.3,-74.6,5,8,0.0,273,24.4,24.3665606480116,-1.2769973323278323,71119
2026-04-01 11:58:58,-113.3424,53.5214,200.9,11412.0,-56.9,-79.3,-74.6,5,8,0.0,273,24.4,24.3665606480116,-1.2769973323278323,71119
2026-04-01 11:58:59,-113.3421,53.5214,200.8,11416.0,-56.9,-79.4,-74.6,5,8,0.0,273,24.5,24.466423601487058,-1.2822309279521267,71119
2026-04-01 11:59:00,-113.3417,53.5214,200.7,11419.0,-56.8,-79.4,-74.6,4,8,0.0,273,24.6,24.566286554962517,-1.287464523576421,71119
2026-04-01 11:59:01,-113.3413,53.5214,200.6,11423.0,-56.8,-79.4,-74.7,4,8,0.0,273,24.7,24.66614950843797,-1.2926981192007154,71119
2026-04-01 11:59:02,-113.3409,53.5214,200.4,11427.0,-56.8,-79.4,-74.7,4,8,0.0,273,24.8,24.76601246191343,-1.2979317148250098,71119
2026-04-01 11:59:03,-113.3406,53.5213,200.3,11431.0,-56.8,-79.5,-74.7,4,8,0.0,273,24.9,24.86587541538889,-1.3031653104493042,71119
2026-04-01 11:59:04,-113.3402,53.5213,200.2,11435.0,-56.8,-79.5,-74.8,4,8,0.0,273,25.0,24.965738368864347,-1.3083989060735985,71119
2026-04-01 11:59:05,-113.3399,53.5213,200.1,11438.0,-56.8,-79.5,-74.8,4,8,0.0,273,25.1,25.065601322339806,-1.3136325016978931,71119
2026-04-01 11:59:05,-113.3399,53.5213,200.0,11441.0,-56.8,-79.6,-74.8,4,8,0.0,273,25.1,25.065601322339806,-1.3136325016978931,71119
2026-04-01 11:59:06,-113.3395,53.5213,200.0,11442.0,-56.8,-79.6,-74.8,4,7,0.0,273,25.2,25.16546427581526,-1.3188660973221873,71119
2026-04-01 11:59:07,-113.3391,53.5213,199.9,11446.0,-56.8,-79.6,-74.9,4,7,0.0,273,25.3,25.26532722929072,-1.3240996929464819,71119
2026-04-01 11:59:08,-113.3387,53.5212,199.7,11450.0,-56.7,-79.7,-74.9,4,7,0.0,273,25.4,25.365190182766174,-1.329333288570776,71119
2026-04-01 11:59:09,-113.3383,53.5212,199.6,11454.0,-56.7,-79.7,-75.0,4,7,0.0,274,25.5,25.43788328162552,-1.778790080475193,71119
2026-04-01 11:59:10,-113.338,53.5212,199.5,11457.0,-56.7,-79.8,-75.1,4,7,0.0,274,25.6,25.537639686651502,-1.7857657278496057,71119
2026-04-01 11:59:11,-113.3376,53.5212,199.4,11461.0,-56.7,-79.9,-75.1,4,7,0.0,274,25.7,25.637396091677484,-1.792741375224018,71119
2026-04-01 11:59:12,-113.3372,53.5212,199.3,11464.0,-56.7,-79.9,-75.2,4,7,0.0,274,25.8,25.73715249670347,-1.7997170225984307,71119
2026-04-01 11:59:13,-113.3368,53.5212,199.2,11467.0,-56.7,-80.0,-75.3,4,7,0.0,274,25.9,25.836908901729448,-1.8066926699728432,71119
2026-04-01 11:59:14,-113.3364,53.5211,199.1,11471.0,-56.6,-80.1,-75.3,4,7,0.0,274,26.0,25.936665306755433,-1.8136683173472556,71119
2026-04-01 11:59:15,-113.336,53.5211,198.9,11475.0,-56.6,-80.1,-75.4,4,7,0.0,274,26.1,26.036421711781415,-1.8206439647216683,71119
2026-04-01 11:59:16,-113.3355,53.5211,198.8,11478.0,-56.6,-80.1,-75.4,4,7,0.0,274,26.1,26.036421711781415,-1.8206439647216683,71119
2026-04-01 11:59:17,-113.3351,53.5211,198.7,11482.0,-56.5,-80.2,-75.4,4,7,0.0,274,26.2,26.136178116807397,-1.8276196120960806,71119
2026-04-01 11:59:18,-113.3347,53.5211,198.6,11485.0,-56.5,-80.2,-75.5,4,7,0.0,274,26.2,26.136178116807397,-1.8276196120960806,71119
2026-04-01 11:59:19,-113.3343,53.5211,198.5,11489.0,-56.5,-80.3,-75.5,4,6,0.0,274,26.3,26.23593452183338,-1.8345952594704933,71119
2026-04-01 11:59:20,-113.3339,53.5211,198.4,11492.0,-56.4,-80.3,-75.6,4,6,0.0,274,26.3,26.23593452183338,-1.8345952594704933,71119
2026-04-01 11:59:21,-113.3335,53.521,198.3,11496.0,-56.4,-80.4,-75.6,4,6,0.0,274,26.3,26.23593452183338,-1.8345952594704933,71119
2026-04-01 11:59:22,-113.3331,53.521,198.2,11500.0,-56.4,-80.4,-75.6,4,6,0.0,274,26.3,26.23593452183338,-1.8345952594704933,71119
2026-04-01 11:59:23,-113.3327,53.521,198.1,11503.0,-56.3,-80.4,-75.6,4,6,0.0,274,26.3,26.23593452183338,-1.8345952594704933,71119
2026-04-01 11:59:24,-113.3323,53.521,197.9,11507.0,-56.3,-80.4,-75.7,4,6,0.0,274,26.3,26.23593452183338,-1.8345952594704933,71119
2026-04-01 11:59:25,-113.3319,53.521,197.8,11510.0,-56.3,-80.5,-75.7,4,6,0.0,274,26.3,26.23593452183338,-1.8345952594704933,71119
2026-04-01 11:59:26,-113.3315,53.5209,197.7,11514.0,-56.3,-80.5,-75.8,4,6,0.0,274,26.3,26.23593452183338,-1.8345952594704933,71119
2026-04-01 11:59:27,-113.3311,53.5209,197.6,11518.0,-56.2,-80.6,-75.8,3,6,0.0,274,26.2,26.136178116807397,-1.8276196120960806,71119
2026-04-01 11:59:28,-113.3307,53.5209,197.5,11521.0,-56.2,-80.6,-75.8,3,6,0.0,273,26.2,26.164093810569835,-1.3712020535651313,71119
2026-04-01 11:59:29,-113.3303,53.5209,197.4,11525.0,-56.2,-80.6,-75.9,3,6,0.0,273,26.1,26.06423085709438,-1.365968457940837,71119
2026-04-01 11:59:30,-113.3299,53.5208,197.3,11528.0,-56.2,-80.6,-75.9,3,6,0.0,273,26.1,26.06423085709438,-1.365968457940837,71119
2026-04-01 11:59:31,-113.3295,53.5208,197.2,11532.0,-56.1,-80.6,-75.9,3,6,0.0,273,26.0,25.96436790361892,-1.3607348623165425,71119
2026-04-01 11:59:32,-113.3291,53.5208,197.1,11535.0,-56.1,-80.6,-75.9,3,6,0.0,273,26.0,25.96436790361892,-1.3607348623165425,71119
2026-04-01 11:59:33,-113.3287,53.5208,197.0,11538.0,-56.0,-80.6,-75.8,3,6,0.0,273,25.9,25.86450495014346,-1.3555012666922481,71119
2026-04-01 11:59:34,-113.3284,53.5208,196.8,11542.0,-55.9,-80.5,-75.8,3,6,0.0,273,25.9,25.86450495014346,-1.3555012666922481,71119
2026-04-01 11:59:35,-113.328,53.5208,196.7,11546.0,-55.8,-80.4,-75.7,3,6,0.0,273,25.8,25.764641996668004,-1.3502676710679538,71119
2026-04-01 11:59:36,-113.3276,53.5208,196.6,11549.0,-55.7,-80.4,-75.6,3,6,0.0,273,25.7,25.664779043192546,-1.3450340754436594,71119
2026-04-01 11:59:37,-113.3272,53.5208,196.5,11553.0,-55.7,-80.3,-75.6,3,6,0.0,273,25.7,25.664779043192546,-1.3450340754436594,71119
2026-04-01 11:59:38,-113.3269,53.5208,196.4,11556.0,-55.6,-80.3,-75.5,3,6,0.0,273,25.6,25.56491608971709,-1.339800479819365,71119
2026-04-01 11:59:39,-113.3265,53.5208,196.3,11559.0,-55.6,-80.2,-75.4,3,6,0.0,273,25.6,25.56491608971709,-1.339800479819365,71119
2026-04-01 11:59:40,-113.3261,53.5208,196.2,11563.0,-55.5,-80.1,-75.4,3,6,0.0,273,25.5,25.465053136241632,-1.3345668841950706,71119
2026-04-01 11:59:41,-113.3257,53.5208,196.1,11566.0,-55.5,-80.1,-75.3,3,6,0.0,273,25.4,25.365190182766174,-1.329333288570776,71119
2026-04-01 11:59:42,-113.3253,53.5208,196.0,11570.0,-55.5,-80.0,-75.3,3,6,0.0,273,25.4,25.365190182766174,-1.329333288570776,71119
2026-04-01 11:59:43,-113.325,53.5208,195.9,11573.0,-55.5,-79.9,-75.2,3,6,0.0,273,25.3,25.26532722929072,-1.3240996929464819,71119
2026-04-01 11:59:44,-113.3246,53.5207,195.8,11577.0,-55.5,-79.9,-75.1,4,6,0.0,273,25.2,25.16546427581526,-1.3188660973221873,71119
2026-04-01 11:59:45,-113.3242,53.5207,195.7,11581.0,-55.5,-79.8,-75.1,4,6,0.0,274,25.2,25.13861406654757,-1.7578631383519554,71119
2026-04-01 11:59:46,-113.3238,53.5207,195.6,11584.0,-55.5,-79.8,-75.1,4,6,0.0,274,25.1,25.038857661521593,-1.7508874909775431,71119
2026-04-01 11:59:47,-113.3235,53.5207,195.4,11588.0,-55.5,-79.8,-75.0,4,6,0.0,274,25.0,24.939101256495608,-1.7439118436031305,71119
2026-04-01 11:59:48,-113.3231,53.5207,195.3,11592.0,-55.5,-79.7,-75.0,4,6,0.0,274,25.0,24.939101256495608,-1.7439118436031305,71119
2026-04-01 11:59:49,-113.3227,53.5207,195.2,11596.0,-55.5,-79.7,-75.0,4,6,0.0,274,24.9,24.839344851469622,-1.7369361962287178,71119
2026-04-01 11:59:50,-113.3223,53.5207,195.1,11599.0,-55.5,-79.7,-75.0,4,6,0.0,274,24.8,24.739588446443644,-1.7299605488543055,71119
2026-04-01 11:59:51,-113.3219,53.5206,195.0,11603.0,-55.5,-79.7,-74.9,4,6,0.0,274,24.8,24.739588446443644,-1.7299605488543055,71119
2026-04-01 11:59:52,-113.3216,53.5206,194.8,11607.0,-55.5,-79.7,-74.9,4,6,0.0,274,24.7,24.63983204141766,-1.7229849014798928,71119
2026-04-01 11:59:53,-113.3212,53.5206,194.7,11611.0,-55.5,-79.7,-74.9,4,6,0.0,275,24.6,24.506389573056943,-2.144031271592384,71119
2026-04-01 11:59:54,-113.3208,53.5206,194.6,11614.0,-55.4,-79.7,-74.9,4,6,0.0,275,24.6,24.506389573056943,-2.144031271592384,71119
2026-04-01 11:59:55,-113.3204,53.5206,194.5,11618.0,-55.4,-79.6,-74.9,4,6,0.0,275,24.5,24.406770103247766,-2.135315697317618,71119
2026-04-01 11:59:56,-113.3201,53.5205,194.4,11622.0,-55.3,-79.6,-74.9,4,6,0.0,275,24.4,24.30715063343859,-2.126600123042852,71119
2026-04-01 11:59:57,-113.3197,53.5205,194.3,11625.0,-55.2,-79.6,-74.8,4,6,0.0,275,24.4,24.30715063343859,-2.126600123042852,71119
2026-04-01 11:59:58,-113.3194,53.5205,194.2,11629.0,-55.2,-79.6,-74.8,4,6,0.0,276,24.3,24.166882057449044,-2.5400416574039677,71119
2026-04-01 11:59:59,-113.319,53.5205,194.1,11633.0,-55.1,-79.6,-74.9,4,6,0.0,276,24.2,24.067429867912214,-2.5295888110772022,71119
2026-04-01 12:00:00,-113.3187,53.5204,194.0,11636.0,-55.1,-79.6,-74.9,3,6,0.0,276,24.1,23.96797767837539,-2.519135964750437,71119
2026-04-01 12:00:01,-113.3183,53.5204,193.9,11640.0,-55.1,-79.7,-74.9,3,6,0.0,276,24.1,23.96797767837539,-2.519135964750437,71119
2026-04-01 12:00:02,-113.318,53.5204,193.8,11643.0,-55.0,-79.7,-75.0,3,6,0.0,277,24.0,23.821107639391727,-2.9248642417235446,71119
2026-04-01 12:00:03,-113.3176,53.5204,193.6,11647.0,-55.0,-79.8,-75.1,3,6,0.0,277,23.9,23.721853024227595,-2.9126773073830297,71119
2026-04-01 12:00:04,-113.3173,53.5204,193.5,11650.0,-54.9,-79.9,-75.1,3,6,0.0,277,23.9,23.721853024227595,-2.9126773073830297,71119
2026-04-01 12:00:05,-113.3169,53.5204,193.4,11654.0,-54.9,-79.9,-75.2,3,6,0.0,277,23.8,23.622598409063464,-2.900490373042515,71119
2026-04-01 12:00:06,-113.3165,53.5203,193.3,11658.0,-54.8,-80.0,-75.2,3,5,0.0,278,23.8,23.568380036049376,-3.312319802849558,71119
2026-04-01 12:00:07,-113.3162,53.5203,193.2,11662.0,-54.7,-80.1,-75.4,3,5,0.0,278,23.7,23.469353229175216,-3.2984024927535516,71119
2026-04-01 12:00:08,-113.3158,53.5203,193.1,11665.0,-54.7,-80.2,-75.5,3,5,0.0,278,23.7,23.469353229175216,-3.2984024927535516,71119
2026-04-01 12:00:09,-113.3154,53.5202,193.0,11668.0,-54.6,-80.4,-75.6,3,5,0.0,279,23.6,23.309444838045252,-3.691853374949444,71119
2026-04-01 12:00:10,-113.3151,53.5202,192.9,11672.0,-54.5,-80.5,-75.7,3,5,0.0,279,23.6,23.309444838045252,-3.691853374949444,71119
2026-04-01 12:00:11,-113.3148,53.5202,192.8,11676.0,-54.4,-80.6,-75.8,3,5,0.0,279,23.5,23.21067600398574,-3.676209928445421,71119
2026-04-01 12:00:12,-113.3144,53.5201,192.7,11679.0,-54.4,-80.7,-76.0,3,5,0.0,279,23.5,23.21067600398574,-3.676209928445421,71119
2026-04-01 12:00:13,-113.3141,53.5201,192.6,11683.0,-54.3,-80.8,-76.1,3,4,0.0,280,23.4,23.04450142048567,-4.063367357406161,71119
2026-04-01 12:00:14,-113.3138,53.52,192.4,11686.0,-54.2,-81.0,-76.2,3,4,0.0,280,23.4,23.04450142048567,-4.063367357406161,71119
2026-04-01 12:00:15,-113.3135,53.52,192.3,11690.0,-54.2,-81.1,-76.3,3,4,0.0,280,23.4,23.04450142048567,-4.063367357406161,71119
2026-04-01 12:00:16,-113.3131,53.5199,192.2,11694.0,-54.1,-81.2,-76.4,2,4,0.0,280,23.3,22.94602064518445,-4.046002539639469,71119
2026-04-01 12:00:17,-113.3128,53.5199,192.1,11697.0,-54.1,-81.3,-76.5,2,4,0.0,280,23.3,22.94602064518445,-4.046002539639469,71119
2026-04-01 12:00:18,-113.3124,53.5198,192.0,11701.0,-54.1,-81.4,-76.6,2,4,0.0,281,23.3,22.871913374330568,-4.445849592273501,71119
2026-04-01 12:00:19,-113.3121,53.5198,191.9,11704.0,-54.1,-81.4,-76.7,2,4,0.0,281,23.3,22.871913374330568,-4.445849592273501,71119
2026-04-01 12:00:20,-113.3117,53.5198,191.8,11708.0,-54.0,-81.5,-76.7,2,4,0.0,281,23.2,22.7737506559858,-4.4267686927358465,71119
2026-04-01 12:00:21,-113.3114,53.5197,191.7,11711.0,-54.0,-81.5,-76.8,2,4,0.0,281,23.2,22.7737506559858,-4.4267686927358465,71119
2026-04-01 12:00:22,-113.311,53.5197,191.6,11715.0,-54.1,-81.6,-76.8,2,4,0.0,281,23.2,22.7737506559858,-4.4267686927358465,71119
2026-04-01 12:00:23,-113.3107,53.5196,191.5,11718.0,-54.1,-81.6,-76.8,2,4,0.0,281,23.1,22.675587937641037,-4.407687793198193,71119
2026-04-01 12:00:24,-113.3103,53.5196,191.4,11722.0,-54.1,-81.6,-76.8,2,4,0.0,281,23.1,22.675587937641037,-4.407687793198193,71119
2026-04-01 12:00:25,-113.31,53.5195,191.3,11725.0,-54.0,-81.5,-76.8,2,4,0.0,281,23.1,22.675587937641037,-4.407687793198193,71119
2026-04-01 12:00:26,-113.3096,53.5195,191.2,11729.0,-54.0,-81.5,-76.8,2,4,0.0,282,23.0,22.497394816877527,-4.781968888808468,71119
2026-04-01 12:00:27,-113.3093,53.5195,191.1,11733.0,-54.0,-81.5,-76.7,2,4,0.0,282,23.0,22.497394816877527,-4.781968888808468,71119
2026-04-01 12:00:28,-113.309,53.5194,190.9,11737.0,-54.0,-81.5,-76.7,2,4,0.0,282,22.9,22.399580056804147,-4.761177719726692,71119
2026-04-01 12:00:29,-113.3086,53.5194,190.8,11740.0,-54.0,-81.5,-76.7,2,4,0.0,282,22.9,22.399580056804147,-4.761177719726692,71119
2026-04-01 12:00:30,-113.3083,53.5193,190.7,11744.0,-54.0,-81.4,-76.7,2,4,0.0,282,22.8,22.301765296730768,-4.740386550644915,71119
2026-04-01 12:00:31,-113.308,53.5193,190.6,11748.0,-54.0,-81.4,-76.7,2,4,0.0,282,22.8,22.301765296730768,-4.740386550644915,71119
2026-04-01 12:00:32,-113.3077,53.5193,190.5,11751.0,-54.0,-81.4,-76.7,2,4,0.0,282,22.7,22.203950536657384,-4.719595381563139,71119
2026-04-01 12:00:33,-113.3073,53.5192,190.4,11755.0,-54.1,-81.4,-76.6,2,4,0.0,282,22.7,22.203950536657384,-4.719595381563139,71119
2026-04-01 12:00:34,-113.307,53.5192,190.3,11759.0,-54.1,-81.4,-76.6,2,4,0.0,282,22.6,22.106135776584008,-4.698804212481364,71119
2026-04-01 12:00:35,-113.3066,53.5191,190.2,11763.0,-54.1,-81.4,-76.6,2,4,0.0,282,22.5,22.008321016510624,-4.678013043399588,71119
2026-04-01 12:00:36,-113.3063,53.5191,190.1,11766.0,-54.1,-81.4,-76.6,2,4,0.0,282,22.4,21.910506256437245,-4.657221874317812,71119
2026-04-01 12:00:37,-113.3059,53.5191,189.9,11770.0,-54.2,-81.4,-76.6,2,4,0.0,282,22.3,21.812691496363865,-4.636430705236036,71119
2026-04-01 12:00:38,-113.3056,53.519,189.8,11774.0,-54.2,-81.3,-76.6,2,4,0.0,282,22.2,21.714876736290485,-4.6156395361542595,71119
2026-04-01 12:00:39,-113.3053,53.519,189.7,11778.0,-54.2,-81.3,-76.6,2,4,0.0,282,22.2,21.714876736290485,-4.6156395361542595,71119
2026-04-01 12:00:40,-113.3049,53.5189,189.6,11782.0,-54.2,-81.3,-76.6,2,4,0.0,283,22.1,21.5335784317537,-4.971418300999415,71119
2026-04-01 12:00:41,-113.3046,53.5189,189.5,11786.0,-54.2,-81.3,-76.5,2,4,0.0,283,22.0,21.436141425275174,-4.948923195565028,71119
2026-04-01 12:00:42,-113.3043,53.5188,189.4,11790.0,-54.2,-81.3,-76.5,2,4,0.0,283,21.9,21.33870441879665,-4.926428090130641,71119
2026-04-01 12:00:43,-113.304,53.5188,189.2,11794.0,-54.3,-81.3,-76.5,2,4,0.0,283,21.8,21.24126741231813,-4.903932984696255,71119
2026-04-01 12:00:44,-113.3037,53.5187,189.1,11798.0,-54.3,-81.3,-76.5,2,4,0.0,283,21.7,21.143830405839605,-4.881437879261869,71119
2026-04-01 12:00:45,-113.3034,53.5187,189.0,11801.0,-54.3,-81.3,-76.5,2,4,0.0,283,21.5,20.948956392882558,-4.836447668393096,71119
2026-04-01 12:00:46,-113.3031,53.5187,188.9,11804.0,-54.3,-81.3,-76.5,2,4,0.0,284,21.4,20.764328542306327,-5.177128565832883,71119
2026-04-01 12:00:47,-113.3028,53.5186,188.8,11808.0,-54.4,-81.3,-76.5,2,4,0.0,284,21.3,20.66729896967873,-5.152936376272917,71119
2026-04-01 12:00:48,-113.3025,53.5186,188.7,11812.0,-54.4,-81.3,-76.5,2,4,0.0,284,21.2,20.570269397051128,-5.12874418671295,71119
2026-04-01 12:00:49,-113.3022,53.5186,188.6,11816.0,-54.4,-81.3,-76.5,2,4,0.0,284,21.1,20.47323982442353,-5.104551997152984,71119
2026-04-01 12:00:50,-113.3019,53.5185,188.5,11820.0,-54.4,-81.3,-76.6,2,4,0.0,284,21.0,20.37621025179593,-5.080359807593016,71119
2026-04-01 12:00:51,-113.3016,53.5184,188.4,11824.0,-54.4,-81.3,-76.6,2,4,0.0,285,20.9,20.187849769441527,-5.409318042642674,71119
2026-04-01 12:00:52,-113.3012,53.5184,188.3,11827.0,-54.4,-81.3,-76.6,2,4,0.0,285,20.8,20.091257186812623,-5.3834361381324225,71119
2026-04-01 12:00:53,-113.3009,53.5183,188.2,11831.0,-54.4,-81.3,-76.6,2,4,0.0,285,20.7,19.994664604183715,-5.35755423362217,71119
2026-04-01 12:00:54,-113.3006,53.5183,188.1,11835.0,-54.4,-81.3,-76.6,2,4,0.0,285,20.6,19.89807202155481,-5.331672329111918,71119
2026-04-01 12:00:55,-113.3003,53.5182,187.9,11839.0,-54.4,-81.3,-76.6,2,4,0.0,285,20.5,19.801479438925902,-5.305790424601666,71119
2026-04-01 12:00:56,-113.3,53.5182,187.8,11842.0,-54.4,-81.4,-76.6,2,4,0.0,285,20.4,19.704886856296994,-5.279908520091413,71119
2026-04-01 12:00:57,-113.2997,53.5181,187.7,11846.0,-54.4,-81.4,-76.6,2,4,0.0,286,20.3,19.513612427547873,-5.595438323085088,71119
2026-04-01 12:00:58,-113.2995,53.5181,187.6,11850.0,-54.4,-81.4,-76.7,2,4,0.0,286,20.2,19.41748625795404,-5.567874587503387,71119
2026-04-01 12:00:59,-113.2992,53.518,187.5,11854.0,-54.5,-81.5,-76.7,2,4,0.0,286,20.1,19.32136008836021,-5.540310851921688,71119
2026-04-01 12:01:00,-113.2989,53.518,187.4,11857.0,-54.5,-81.5,-76.7,2,4,0.0,286,20.0,19.225233918766374,-5.5127471163399875,71119
2026-04-01 12:01:01,-113.2987,53.5179,187.3,11861.0,-54.5,-81.5,-76.8,2,4,0.0,286,19.9,19.129107749172544,-5.485183380758287,71119
2026-04-01 12:01:02,-113.2984,53.5179,187.2,11864.0,-54.5,-81.6,-76.8,2,4,0.0,286,19.9,19.129107749172544,-5.485183380758287,71119
2026-04-01 12:01:03,-113.2981,53.5178,187.1,11868.0,-54.5,-81.6,-76.9,2,4,0.0,286,19.8,19.032981579578713,-5.457619645176588,71119
2026-04-01 12:01:04,-113.2978,53.5178,187.0,11871.0,-54.5,-81.7,-76.9,2,4,0.0,286,19.7,18.93685540998488,-5.430055909594888,71119
2026-04-01 12:01:05,-113.2975,53.5177,186.9,11874.0,-54.5,-81.7,-77.0,2,4,0.0,286,19.6,18.84072924039105,-5.402492174013188,71119
2026-04-01 12:01:06,-113.2972,53.5176,186.8,11878.0,-54.5,-81.8,-77.0,2,4,0.0,286,19.5,18.744603070797215,-5.374928438431488,71119
2026-04-01 12:01:07,-113.2969,53.5176,186.7,11882.0,-54.5,-81.8,-77.0,2,4,0.0,286,19.5,18.744603070797215,-5.374928438431488,71119
2026-04-01 12:01:08,-113.2967,53.5175,186.6,11885.0,-54.5,-81.8,-77.1,2,4,0.0,285,19.4,18.738961030007925,-5.0210894749888935,71119
2026-04-01 12:01:09,-113.2964,53.5175,186.5,11889.0,-54.5,-81.9,-77.1,2,4,0.0,285,19.3,18.64236844737902,-4.995207570478642,71119
2026-04-01 12:01:10,-113.2962,53.5174,186.3,11893.0,-54.5,-81.9,-77.2,2,4,0.0,285,19.2,18.545775864750112,-4.969325665968389,71119
2026-04-01 12:01:11,-113.2959,53.5174,186.2,11896.0,-54.5,-82.0,-77.2,2,4,0.0,285,19.2,18.545775864750112,-4.969325665968389,71119
2026-04-01 12:01:12,-113.2956,53.5173,186.1,11900.0,-54.5,-82.0,-77.3,2,4,0.0,284,19.1,18.532648371871534,-4.620708205953648,71119
2026-04-01 12:01:13,-113.2954,53.5173,186.0,11904.0,-54.5,-82.1,-77.3,2,4,0.0,284,19.0,18.435618799243937,-4.596516016393681,71119
2026-04-01 12:01:14,-113.2951,53.5173,185.9,11907.0,-54.5,-82.1,-77.4,2,4,0.0,284,19.0,18.435618799243937,-4.596516016393681,71119
2026-04-01 12:01:15,-113.2948,53.5172,185.8,11911.0,-54.6,-82.2,-77.5,2,4,0.0,283,18.9,18.415594224440945,-4.251574927099047,71119
2026-04-01 12:01:16,-113.2945,53.5172,185.7,11915.0,-54.6,-82.3,-77.5,2,4,0.0,283,18.8,18.318157217962423,-4.22907982166466,71119
2026-04-01 12:01:17,-113.2942,53.5172,185.6,11919.0,-54.6,-82.4,-77.6,2,4,0.0,282,18.8,18.389174893795545,-3.908739787373878,71119
2026-04-01 12:01:18,-113.2939,53.5171,185.4,11924.0,-54.6,-82.4,-77.7,2,4,0.0,282,18.7,18.291360133722165,-3.8879486182921017,71119
2026-04-01 12:01:19,-113.2936,53.5171,185.3,11928.0,-54.6,-82.5,-77.8,2,4,0.0,281,18.6,18.25826561212655,-3.5490473140037393,71119
2026-04-01 12:01:20,-113.2933,53.517,185.2,11933.0,-54.6,-82.6,-77.8,2,4,0.0,281,18.6,18.25826561212655,-3.5490473140037393,71119
2026-04-01 12:01:21,-113.293,53.517,185.0,11938.0,-54.6,-82.7,-77.9,2,3,0.0,280,18.5,18.21894343072585,-3.2124912868382043,71119
2026-04-01 12:01:22,-113.2928,53.517,184.9,11943.0,-54.6,-82.8,-78.0,2,3,0.0,280,18.4,18.120462655424628,-3.195126469071511,71119
2026-04-01 12:01:23,-113.2925,53.517,184.8,11948.0,-54.6,-82.8,-78.1,2,3,0.0,280,18.4,18.120462655424628,-3.195126469071511,71119
2026-04-01 12:01:24,-113.2923,53.517,184.6,11952.0,-54.6,-82.9,-78.2,2,3,0.0,279,18.3,18.074696632891023,-2.8627507102362215,71119
2026-04-01 12:01:25,-113.292,53.5169,184.5,11957.0,-54.6,-83.0,-78.2,2,3,0.0,279,18.2,17.975927798831506,-2.847107263732198,71119
2026-04-01 12:01:26,-113.2918,53.5169,184.4,11961.0,-54.6,-83.0,-78.3,2,3,0.0,278,18.2,18.02287885109658,-2.5329504374731915,71119
2026-04-01 12:01:27,-113.2916,53.5169,184.2,11965.0,-54.5,-83.1,-78.3,2,3,0.0,278,18.1,17.923852044222425,-2.519033127377185,71119
2026-04-01 12:01:28,-113.2913,53.5169,184.1,11970.0,-54.5,-83.1,-78.4,2,3,0.0,277,18.1,17.96508534470793,-2.2058351156331732,71119
2026-04-01 12:01:29,-113.291,53.5168,184.0,11974.0,-54.5,-83.1,-78.4,2,3,0.0,277,18.0,17.865830729543795,-2.1936481812926583,71119
2026-04-01 12:01:30,-113.2907,53.5168,183.9,11978.0,-54.4,-83.2,-78.4,2,3,0.0,277,18.0,17.865830729543795,-2.1936481812926583,71119
2026-04-01 12:01:31,-113.2904,53.5168,183.8,11983.0,-54.4,-83.2,-78.4,2,3,0.0,276,17.9,17.80194192709209,-1.8710594924909882,71119
2026-04-01 12:01:32,-113.29,53.5168,183.6,11987.0,-54.4,-83.2,-78.5,2,3,0.0,276,17.8,17.70248973755527,-1.8606066461642232,71119
2026-04-01 12:01:33,-113.2898,53.5168,183.5,11991.0,-54.4,-83.3,-78.5,2,3,0.0,276,17.8,17.70248973755527,-1.8606066461642232,71119
2026-04-01 12:01:34,-113.2895,53.5168,183.4,11994.0,-54.4,-83.3,-78.5,2,3,0.0,275,17.8,17.732265626033072,-1.5513722209083105,71119
2026-04-01 12:01:35,-113.2892,53.5168,183.3,11998.0,-54.4,-83.3,-78.6,2,3,0.0,275,17.7,17.632646156223895,-1.5426566466335445,71119
2026-04-01 12:01:36,-113.289,53.5168,183.2,12001.0,-54.5,-83.4,-78.6,2,3,0.0,275,17.7,17.632646156223895,-1.5426566466335445,71119
2026-04-01 12:01:37,-113.2888,53.5168,183.1,12005.0,-54.5,-83.4,-78.6,2,3,0.0,275,17.6,17.533026686414722,-1.533941072358779,71119
2026-04-01 12:01:38,-113.2886,53.5168,183.0,12008.0,-54.5,-83.4,-78.6,2,3,0.0,274,17.6,17.55712728457291,-1.227713937896604,71119
2026-04-01 12:01:39,-113.2884,53.5168,182.9,12012.0,-54.5,-83.4,-78.6,2,3,0.0,274,17.6,17.55712728457291,-1.227713937896604,71119
2026-04-01 12:01:40,-113.2881,53.5168,182.8,12016.0,-54.4,-83.4,-78.6,2,3,0.0,274,17.6,17.55712728457291,-1.227713937896604,71119
2026-04-01 12:01:41,-113.2878,53.5167,182.7,12020.0,-54.4,-83.4,-78.6,2,3,0.0,274,17.5,17.457370879546925,-1.2207382905221913,71119
2026-04-01 12:01:42,-113.2876,53.5167,182.6,12023.0,-54.4,-83.4,-78.6,2,3,0.0,274,17.5,17.457370879546925,-1.2207382905221913,71119
2026-04-01 12:01:43,-113.2873,53.5167,182.5,12027.0,-54.4,-83.4,-78.6,2,3,0.0,274,17.5,17.457370879546925,-1.2207382905221913,71119
2026-04-01 12:01:44,-113.287,53.5167,182.4,12031.0,-54.4,-83.4,-78.6,2,3,0.0,273,17.5,17.476016858205043,-0.9158792342515191,71119
2026-04-01 12:01:45,-113.2867,53.5167,182.2,12035.0,-54.3,-83.4,-78.6,2,3,0.0,273,17.5,17.476016858205043,-0.9158792342515191,71119
2026-04-01 12:01:46,-113.2865,53.5167,182.1,12039.0,-54.3,-83.4,-78.6,2,3,0.0,273,17.5,17.476016858205043,-0.9158792342515191,71119
2026-04-01 12:01:47,-113.2862,53.5167,182.0,12043.0,-54.2,-83.4,-78.6,2,3,0.0,273,17.6,17.5758798116805,-0.9211128298758136,71119
2026-04-01 12:01:48,-113.286,53.5167,181.9,12047.0,-54.2,-83.4,-78.6,2,3,0.0,273,17.6,17.5758798116805,-0.9211128298758136,71119
2026-04-01 12:01:49,-113.2857,53.5167,181.8,12051.0,-54.2,-83.3,-78.6,2,3,0.0,273,17.6,17.5758798116805,-0.9211128298758136,71119
2026-04-01 12:01:50,-113.2855,53.5167,181.7,12054.0,-54.1,-83.3,-78.6,2,3,0.0,273,17.6,17.5758798116805,-0.9211128298758136,71119
2026-04-01 12:01:51,-113.2852,53.5167,181.6,12058.0,-54.1,-83.3,-78.6,2,3,0.0,273,17.7,17.675742765155956,-0.9263464255001078,71119
2026-04-01 12:01:52,-113.285,53.5166,181.5,12061.0,-54.1,-83.4,-78.6,2,3,0.0,272,17.7,17.689217638237995,-0.6177210916342727,71119
2026-04-01 12:01:53,-113.2847,53.5166,181.4,12065.0,-54.1,-83.4,-78.6,2,3,0.0,272,17.8,17.789156720939904,-0.6212110413045229,71119
2026-04-01 12:01:54,-113.2844,53.5167,181.3,12068.0,-54.1,-83.4,-78.7,2,3,0.0,272,17.8,17.789156720939904,-0.6212110413045229,71119
2026-04-01 12:01:55,-113.2841,53.5167,181.2,12071.0,-54.2,-83.5,-78.7,2,3,0.0,272,17.9,17.889095803641812,-0.6247009909747729,71119
2026-04-01 12:01:56,-113.2839,53.5167,181.1,12075.0,-54.2,-83.5,-78.7,2,3,0.0,272,17.9,17.889095803641812,-0.6247009909747729,71119
2026-04-01 12:01:57,-113.2836,53.5167,181.0,12078.0,-54.2,-83.5,-78.8,2,3,0.0,272,18.0,17.989034886343724,-0.628190940645023,71119
2026-04-01 12:01:58,-113.2834,53.5167,180.9,12082.0,-54.2,-83.5,-78.8,2,3,0.0,271,18.1,18.097243282330684,-0.31588855651482467,71119
2026-04-01 12:01:59,-113.2831,53.5167,180.8,12085.0,-54.2,-83.6,-78.8,2,3,0.0,271,18.1,18.097243282330684,-0.31588855651482467,71119
2026-04-01 12:02:00,-113.2828,53.5166,180.7,12088.0,-54.2,-83.5,-78.8,2,3,0.0,271,18.2,18.19722805184632,-0.31763379715855294,71119
2026-04-01 12:02:01,-113.2826,53.5166,180.6,12092.0,-54.1,-83.5,-78.8,2,3,0.0,271,18.3,18.29721282136196,-0.3193790378022813,71119
2026-04-01 12:02:02,-113.2823,53.5166,180.5,12095.0,-54.1,-83.5,-78.8,2,3,0.0,271,18.3,18.29721282136196,-0.3193790378022813,71119
2026-04-01 12:02:03,-113.282,53.5166,180.4,12099.0,-54.1,-83.5,-78.8,2,3,0.0,270,18.4,18.4,3.3800251656466943e-15,71119
2026-04-01 12:02:04,-113.2817,53.5166,180.3,12103.0,-54.1,-83.5,-78.8,2,3,0.0,270,18.5,18.5,3.398394867633905e-15,71119
2026-04-01 12:02:05,-113.2814,53.5166,180.2,12106.0,-54.2,-83.6,-78.8,2,3,0.0,270,18.5,18.5,3.398394867633905e-15,71119
2026-04-01 12:02:06,-113.2811,53.5166,180.1,12110.0,-54.2,-83.6,-78.8,2,3,0.0,270,18.6,18.6,3.4167645696211155e-15,71119
2026-04-01 12:02:07,-113.2808,53.5166,180.0,12114.0,-54.2,-83.6,-78.8,2,3,0.0,270,18.7,18.7,3.4351342716083256e-15,71119
2026-04-01 12:02:08,-113.2805,53.5166,179.9,12117.0,-54.2,-83.6,-78.8,2,3,0.0,269,18.7,18.697151899424515,0.3263600003772014,71119
2026-04-01 12:02:09,-113.2803,53.5166,179.8,12121.0,-54.2,-83.6,-78.8,2,3,0.0,269,18.8,18.797136668940155,0.32810524102092975,71119
2026-04-01 12:02:10,-113.28,53.5166,179.7,12124.0,-54.2,-83.6,-78.8,2,3,0.0,269,18.8,18.797136668940155,0.32810524102092975,71119
2026-04-01 12:02:11,-113.2797,53.5166,179.6,12128.0,-54.2,-83.6,-78.8,2,3,0.0,269,18.9,18.897121438455795,0.3298504816646581,71119
2026-04-01 12:02:12,-113.2795,53.5166,179.5,12132.0,-54.2,-83.6,-78.8,2,3,0.0,268,18.9,18.888486630660907,0.6596004876772643,71119
2026-04-01 12:02:13,-113.2791,53.5166,179.4,12137.0,-54.2,-83.6,-78.8,2,3,0.0,268,18.9,18.888486630660907,0.6596004876772643,71119
2026-04-01 12:02:14,-113.2788,53.5166,179.2,12141.0,-54.2,-83.6,-78.8,2,3,0.0,268,19.0,18.98842571336282,0.6630904373475145,71119
2026-04-01 12:02:15,-113.2785,53.5166,179.1,12146.0,-54.2,-83.6,-78.8,2,3,0.0,267,19.0,18.973961160336902,0.9943831686159418,71119
2026-04-01 12:02:16,-113.2782,53.5166,179.0,12150.0,-54.2,-83.6,-78.8,2,3,0.0,267,19.0,18.973961160336902,0.9943831686159418,71119
2026-04-01 12:02:17,-113.2779,53.5167,178.9,12154.0,-54.2,-83.6,-78.8,2,3,0.0,267,19.0,18.973961160336902,0.9943831686159418,71119
2026-04-01 12:02:18,-113.2776,53.5167,178.8,12158.0,-54.2,-83.6,-78.9,2,3,0.0,267,19.1,19.07382411381236,0.9996167642402364,71119
2026-04-01 12:02:19,-113.2773,53.5167,178.7,12161.0,-54.2,-83.6,-78.9,2,3,0.0,267,19.1,19.07382411381236,0.9996167642402364,71119
2026-04-01 12:02:20,-113.277,53.5167,178.6,12164.0,-54.3,-83.7,-78.9,2,3,0.0,266,19.1,19.053473359962645,1.3323486485127987,71119
2026-04-01 12:02:21,-113.2768,53.5168,178.5,12168.0,-54.3,-83.7,-78.9,2,3,0.0,266,19.1,19.053473359962645,1.3323486485127987,71119
2026-04-01 12:02:22,-113.2765,53.5168,178.4,12172.0,-54.3,-83.7,-79.0,2,3,0.0,266,19.1,19.053473359962645,1.3323486485127987,71119
2026-04-01 12:02:23,-113.2762,53.5168,178.3,12176.0,-54.3,-83.8,-79.0,2,3,0.0,266,19.1,19.053473359962645,1.3323486485127987,71119
2026-04-01 12:02:24,-113.276,53.5168,178.2,12180.0,-54.3,-83.8,-79.0,2,3,0.0,265,19.1,19.02731873355234,1.6646746864802726,71119
2026-04-01 12:02:25,-113.2757,53.5168,178.1,12184.0,-54.2,-83.8,-79.0,2,3,0.0,265,19.1,19.02731873355234,1.6646746864802726,71119
2026-04-01 12:02:26,-113.2754,53.5168,178.0,12188.0,-54.2,-83.7,-79.0,2,3,0.0,265,19.0,18.927699263743165,1.6559591122055068,71119
2026-04-01 12:02:27,-113.2751,53.5168,177.9,12191.0,-54.1,-83.7,-79.0,2,3,0.0,265,19.0,18.927699263743165,1.6559591122055068,71119
2026-04-01 12:02:28,-113.2748,53.5168,177.8,12195.0,-54.1,-83.8,-79.0,2,3,0.0,265,19.0,18.927699263743165,1.6559591122055068,71119
2026-04-01 12:02:29,-113.2745,53.5168,177.7,12199.0,-54.0,-83.7,-79.0,2,3,0.0,265,19.0,18.927699263743165,1.6559591122055068,71119
2026-04-01 12:02:30,-113.2742,53.5168,177.5,12203.0,-53.9,-83.7,-78.9,2,3,0.0,264,19.0,18.895916011997194,1.986040802085414,71119
2026-04-01 12:02:31,-113.2739,53.5169,177.4,12207.0,-53.9,-83.6,-78.9,2,3,0.0,264,18.9,18.796463822460368,1.9755879557586484,71119
2026-04-01 12:02:32,-113.2736,53.5169,177.3,12212.0,-53.8,-83.6,-78.9,2,3,0.0,264,18.9,18.796463822460368,1.9755879557586484,71119
2026-04-01 12:02:33,-113.2733,53.5169,177.2,12216.0,-53.8,-83.6,-78.9,2,3,0.0,264,18.9,18.796463822460368,1.9755879557586484,71119
2026-04-01 12:02:34,-113.273,53.5169,177.1,12220.0,-53.8,-83.6,-78.9,2,3,0.0,264,18.8,18.69701163292354,1.9651351094318832,71119
2026-04-01 12:02:35,-113.2727,53.5169,177.0,12223.0,-53.8,-83.6,-78.9,2,3,0.0,264,18.8,18.69701163292354,1.9651351094318832,71119
2026-04-01 12:02:36,-113.2724,53.517,176.9,12227.0,-53.8,-83.7,-78.9,2,3,0.0,263,18.8,18.659867650856857,2.291143656016767,71119
2026-04-01 12:02:37,-113.2722,53.517,176.8,12230.0,-53.9,-83.7,-78.9,2,3,0.0,263,18.7,18.56061303569272,2.278956721676252,71119
2026-04-01 12:02:38,-113.2719,53.517,176.7,12234.0,-53.9,-83.7,-79.0,2,3,0.0,263,18.7,18.56061303569272,2.278956721676252,71119
2026-04-01 12:02:39,-113.2717,53.517,176.6,12238.0,-53.9,-83.7,-79.0,2,3,0.0,263,18.7,18.56061303569272,2.278956721676252,71119
2026-04-01 12:02:40,-113.2714,53.5171,176.5,12242.0,-53.9,-83.7,-79.0,2,3,0.0,263,18.6,18.461358420528594,2.2667697873357375,71119
2026-04-01 12:02:41,-113.2712,53.5171,176.3,12246.0,-53.9,-83.7,-79.0,2,3,0.0,263,18.6,18.461358420528594,2.2667697873357375,71119
2026-04-01 12:02:42,-113.2709,53.5171,176.2,12250.0,-54.0,-83.8,-79.0,2,3,0.0,262,18.6,18.418986078593207,2.5886196778572246,71119
2026-04-01 12:02:43,-113.2706,53.5171,176.1,12254.0,-54.0,-83.8,-79.0,2,3,0.0,262,18.5,18.31995927171905,2.5747023677612177,71119
2026-04-01 12:02:44,-113.2704,53.5172,176.0,12258.0,-54.0,-83.8,-79.0,2,3,0.0,262,18.5,18.31995927171905,2.5747023677612177,71119
2026-04-01 12:02:45,-113.2701,53.5172,175.9,12261.0,-54.0,-83.8,-79.0,2,3,0.0,262,18.5,18.31995927171905,2.5747023677612177,71119
2026-04-01 12:02:46,-113.2698,53.5172,175.8,12265.0,-54.1,-83.8,-79.0,2,3,0.0,262,18.5,18.31995927171905,2.5747023677612177,71119
2026-04-01 12:02:47,-113.2695,53.5172,175.7,12268.0,-54.1,-83.8,-79.0,2,3,0.0,262,18.4,18.220932464844893,2.560785057665211,71119
2026-04-01 12:02:48,-113.2692,53.5173,175.6,12272.0,-54.1,-83.8,-79.1,2,3,0.0,262,18.4,18.220932464844893,2.560785057665211,71119
2026-04-01 12:02:49,-113.2689,53.5173,175.5,12276.0,-54.2,-83.8,-79.1,2,3,0.0,261,18.4,18.173465466950532,2.8783941567402507,71119
2026-04-01 12:02:50,-113.2686,53.5173,175.4,12279.0,-54.2,-83.8,-79.1,2,3,0.0,261,18.4,18.173465466950532,2.8783941567402507,71119
2026-04-01 12:02:51,-113.2683,53.5173,175.3,12283.0,-54.2,-83.8,-79.1,2,3,0.0,261,18.4,18.173465466950532,2.8783941567402507,71119
2026-04-01 12:02:52,-113.2681,53.5174,175.2,12286.0,-54.2,-83.8,-79.1,2,3,0.0,261,18.4,18.173465466950532,2.8783941567402507,71119
2026-04-01 12:02:53,-113.2678,53.5174,175.2,12290.0,-54.3,-83.8,-79.1,2,3,0.0,261,18.4,18.173465466950532,2.8783941567402507,71119
2026-04-01 12:02:54,-113.2675,53.5174,175.1,12293.0,-54.3,-83.8,-79.1,2,3,0.0,261,18.4,18.173465466950532,2.8783941567402507,71119
2026-04-01 12:02:55,-113.2673,53.5174,174.9,12297.0,-54.3,-83.9,-79.1,2,3,0.0,261,18.4,18.173465466950532,2.8783941567402507,71119
2026-04-01 12:02:56,-113.2671,53.5174,174.8,12301.0,-54.4,-83.9,-79.1,2,3,0.0,261,18.5,18.272234301010048,2.894037603244274,71119
2026-04-01 12:02:57,-113.2668,53.5175,174.7,12305.0,-54.4,-83.9,-79.1,2,3,0.0,260,18.5,18.218943430725847,3.212491286838211,71119
2026-04-01 12:02:58,-113.2666,53.5175,174.6,12310.0,-54.5,-83.9,-79.2,2,3,0.0,260,18.5,18.218943430725847,3.212491286838211,71119
2026-04-01 12:02:59,-113.2663,53.5175,174.5,12314.0,-54.5,-83.9,-79.2,2,3,0.0,260,18.6,18.31742420602707,3.2298561046049046,71119
2026-04-01 12:03:00,-113.266,53.5176,174.4,12318.0,-54.5,-84.0,-79.2,2,3,0.0,260,18.6,18.31742420602707,3.2298561046049046,71119
2026-04-01 12:03:01,-113.2658,53.5176,174.3,12322.0,-54.6,-84.0,-79.2,2,3,0.0,260,18.7,18.41590498132829,3.247220922371597,71119
2026-04-01 12:03:02,-113.2655,53.5176,174.2,12326.0,-54.6,-84.0,-79.2,2,3,0.0,260,18.7,18.41590498132829,3.247220922371597,71119
2026-04-01 12:03:03,-113.2652,53.5177,174.1,12330.0,-54.6,-84.0,-79.3,2,3,0.0,260,18.8,18.514385756629512,3.2645857401382905,71119
2026-04-01 12:03:04,-113.2649,53.5177,173.9,12334.0,-54.7,-84.0,-79.3,2,3,0.0,260,18.9,18.61286653193073,3.281950557904983,71119
2026-04-01 12:03:05,-113.2646,53.5177,173.8,12339.0,-54.7,-84.1,-79.3,2,3,0.0,259,19.0,18.650916485505615,3.625370912154348,71119
2026-04-01 12:03:06,-113.2643,53.5178,173.7,12342.0,-54.8,-84.1,-79.3,2,3,0.0,259,19.0,18.650916485505615,3.625370912154348,71119
2026-04-01 12:03:07,-113.264,53.5178,173.6,12346.0,-54.8,-84.1,-79.3,2,3,0.0,259,19.1,18.749079203850382,3.644451811692002,71119
2026-04-01 12:03:08,-113.2638,53.5178,173.5,12349.0,-54.8,-84.1,-79.3,2,3,0.0,259,19.2,18.84724192219515,3.6635327112296565,71119
2026-04-01 12:03:09,-113.2635,53.5179,173.4,12352.0,-54.8,-84.1,-79.3,2,3,0.0,259,19.3,18.945404640539916,3.6826136107673113,71119
2026-04-01 12:03:10,-113.2632,53.5179,173.4,12355.0,-54.9,-84.1,-79.3,2,3,0.0,259,19.4,19.04356735888468,3.701694510304965,71119
2026-04-01 12:03:11,-113.2629,53.5179,173.3,12359.0,-54.9,-84.1,-79.3,2,3,0.0,259,19.5,19.141730077229447,3.72077540984262,71119
2026-04-01 12:03:12,-113.2626,53.5179,173.2,12362.0,-54.9,-84.1,-79.3,2,3,0.0,259,19.6,19.239892795574214,3.739856309380275,71119
2026-04-01 12:03:13,-113.2623,53.518,173.1,12366.0,-54.9,-84.1,-79.3,2,3,0.0,259,19.7,19.33805551391898,3.7589372089179287,71119
2026-04-01 12:03:14,-113.262,53.518,173.0,12369.0,-54.9,-84.1,-79.3,2,3,0.0,258,19.8,19.36732249452935,4.116651478191644,71119
2026-04-01 12:03:15,-113.2617,53.518,172.9,12373.0,-54.9,-84.1,-79.3,2,3,0.0,258,19.9,19.46513725460273,4.13744264727342,71119
2026-04-01 12:03:16,-113.2614,53.5181,172.8,12377.0,-54.9,-84.1,-79.3,2,3,0.0,258,20.1,19.660766774749494,4.179024985436972,71119
2026-04-01 12:03:17,-113.2611,53.5181,172.7,12381.0,-54.9,-84.1,-79.3,2,3,0.0,258,20.2,19.758581534822873,4.199816154518747,71119
2026-04-01 12:03:18,-113.2608,53.5182,172.6,12385.0,-54.9,-84.1,-79.3,2,3,0.0,258,20.3,19.856396294896253,4.2206073236005235,71119
2026-04-01 12:03:19,-113.2605,53.5182,172.4,12389.0,-54.9,-84.1,-79.4,2,3,0.0,258,20.4,19.954211054969633,4.2413984926823,71119
2026-04-01 12:03:20,-113.2602,53.5182,172.3,12393.0,-54.9,-84.1,-79.4,2,3,0.0,258,20.5,20.052025815043013,4.262189661764076,71119
2026-04-01 12:03:21,-113.2599,53.5183,172.2,12397.0,-54.8,-84.1,-79.4,2,3,0.0,258,20.6,20.149840575116396,4.282980830845852,71119
2026-04-01 12:03:22,-113.2596,53.5183,172.1,12400.0,-54.8,-84.1,-79.4,2,3,0.0,259,20.7,20.319682697366645,3.949746204294473,71119
2026-04-01 12:03:23,-113.2593,53.5184,172.0,12404.0,-54.8,-84.2,-79.4,2,3,0.0,259,20.8,20.41784541571141,3.968827103832128,71119
2026-04-01 12:03:24,-113.259,53.5184,171.9,12408.0,-54.8,-84.2,-79.4,2,3,0.0,259,20.9,20.516008134056175,3.9879080033697822,71119
2026-04-01 12:03:25,-113.2587,53.5185,171.8,12412.0,-54.8,-84.2,-79.5,2,3,0.0,259,21.0,20.614170852400942,4.006988902907437,71119
2026-04-01 12:03:26,-113.2584,53.5185,171.7,12416.0,-54.8,-84.3,-79.5,2,3,0.0,259,21.0,20.614170852400942,4.006988902907437,71119
2026-04-01 12:03:27,-113.2581,53.5185,171.6,12420.0,-54.8,-84.3,-79.5,2,3,0.0,259,21.1,20.712333570745713,4.026069802445091,71119
2026-04-01 12:03:28,-113.2578,53.5186,171.5,12423.0,-54.8,-84.3,-79.6,2,3,0.0,259,21.2,20.810496289090477,4.045150701982745,71119
2026-04-01 12:03:29,-113.2574,53.5186,171.4,12427.0,-54.7,-84.3,-79.6,2,3,0.0,260,21.2,20.87792436385881,3.681341366538923,71119
2026-04-01 12:03:30,-113.2571,53.5186,171.3,12431.0,-54.6,-84.3,-79.5,2,3,0.0,260,21.3,20.976405139160033,3.698706184305616,71119
2026-04-01 12:03:31,-113.2567,53.5187,171.2,12434.0,-54.4,-84.2,-79.4,2,3,0.0,260,21.4,21.07488591446125,3.716071002072309,71119
2026-04-01 12:03:32,-113.2564,53.5187,171.2,12438.0,-54.4,-84.2,-79.4,2,3,0.0,260,21.4,21.07488591446125,3.716071002072309,71119
2026-04-01 12:03:33,-113.2561,53.5188,171.1,12441.0,-54.4,-84.2,-79.4,2,3,0.0,261,21.5,21.23529932279546,3.363340998364967,71119
2026-04-01 12:03:34,-113.2558,53.5188,171.0,12444.0,-54.4,-84.2,-79.5,2,3,0.0,261,21.5,21.23529932279546,3.363340998364967,71119
2026-04-01 12:03:35,-113.2554,53.5188,170.9,12448.0,-54.4,-84.3,-79.5,2,3,0.0,261,21.5,21.23529932279546,3.363340998364967,71119
2026-04-01 12:03:36,-113.2551,53.5189,170.8,12452.0,-54.4,-84.3,-79.6,2,3,0.0,261,21.6,21.334068156854975,3.3789844448689905,71119
2026-04-01 12:03:37,-113.2548,53.5189,170.7,12456.0,-54.4,-84.3,-79.6,2,3,0.0,262,21.6,21.38979028481792,3.006138980737422,71119
2026-04-01 12:03:38,-113.2545,53.5189,170.5,12460.0,-54.4,-84.4,-79.6,2,3,0.0,262,21.6,21.38979028481792,3.006138980737422,71119
2026-04-01 12:03:39,-113.2542,53.5189,170.4,12464.0,-54.4,-84.4,-79.6,2,3,0.0,262,21.7,21.488817091692074,3.0200562908334283,71119
2026-04-01 12:03:40,-113.2538,53.5189,170.3,12469.0,-54.4,-84.4,-79.7,1,3,0.0,263,21.7,21.538251490616688,2.6445647518916937,71119
2026-04-01 12:03:41,-113.2535,53.519,170.2,12473.0,-54.4,-84.4,-79.7,1,3,0.0,263,21.7,21.538251490616688,2.6445647518916937,71119
2026-04-01 12:03:42,-113.2532,53.519,170.1,12477.0,-54.4,-84.4,-79.7,1,3,0.0,263,21.7,21.538251490616688,2.6445647518916937,71119
2026-04-01 12:03:43,-113.2529,53.519,170.0,12481.0,-54.3,-84.4,-79.7,1,3,0.0,264,21.7,21.581125129491532,2.2682676529080776,71119
2026-04-01 12:03:44,-113.2526,53.519,169.9,12485.0,-54.3,-84.5,-79.7,1,3,0.0,264,21.7,21.581125129491532,2.2682676529080776,71119
2026-04-01 12:03:45,-113.2522,53.519,169.8,12490.0,-54.3,-84.5,-79.7,1,2,0.0,264,21.8,21.680577319028362,2.278720499234843,71119
2026-04-01 12:03:46,-113.2519,53.519,169.7,12494.0,-54.3,-84.5,-79.8,1,2,0.0,265,21.8,21.717044418400054,1.89999519189895,71119
2026-04-01 12:03:47,-113.2516,53.5191,169.6,12498.0,-54.3,-84.5,-79.8,1,2,0.0,265,21.8,21.717044418400054,1.89999519189895,71119
2026-04-01 12:03:48,-113.2512,53.5191,169.4,12501.0,-54.3,-84.5,-79.8,1,2,0.0,265,21.8,21.717044418400054,1.89999519189895,71119
2026-04-01 12:03:49,-113.2509,53.5191,169.4,12505.0,-54.2,-84.6,-79.8,1,2,0.0,266,21.8,21.74689629566417,1.5206911276219377,71119
2026-04-01 12:03:50,-113.2505,53.5191,169.3,12508.0,-54.2,-84.5,-79.8,1,2,0.0,266,21.9,21.84665270069015,1.5276667749963502,71119
2026-04-01 12:03:51,-113.2502,53.5191,169.2,12512.0,-54.1,-84.5,-79.8,1,2,0.0,266,21.9,21.84665270069015,1.5276667749963502,71119
2026-04-01 12:03:52,-113.2499,53.5192,169.1,12516.0,-54.0,-84.5,-79.7,1,2,0.0,266,21.9,21.84665270069015,1.5276667749963502,71119
2026-04-01 12:03:53,-113.2496,53.5192,169.0,12519.0,-53.8,-84.4,-79.7,1,2,0.0,267,21.9,21.869986811125166,1.1461574417204803,71119
2026-04-01 12:03:54,-113.2493,53.5192,168.9,12522.0,-53.7,-84.4,-79.6,1,2,0.0,267,22.0,21.969849764600625,1.1513910373447747,71119
2026-04-01 12:03:55,-113.249,53.5192,168.8,12526.0,-53.7,-84.4,-79.6,1,2,0.0,267,22.0,21.969849764600625,1.1513910373447747,71119
2026-04-01 12:03:56,-113.2487,53.5192,168.7,12530.0,-53.6,-84.3,-79.6,1,2,0.0,268,22.0,21.986598194420107,0.7677889274550167,71119
2026-04-01 12:03:57,-113.2484,53.5192,168.6,12533.0,-53.6,-84.3,-79.6,1,2,0.0,268,22.1,22.08653727712202,0.7712788771252669,71119
2026-04-01 12:03:58,-113.2481,53.5192,168.5,12537.0,-53.5,-84.3,-79.6,1,2,0.0,268,22.1,22.08653727712202,0.7712788771252669,71119
2026-04-01 12:03:59,-113.2477,53.5192,168.4,12540.0,-53.5,-84.3,-79.6,1,2,0.0,268,22.2,22.186476359823924,0.7747688267955168,71119
2026-04-01 12:04:00,-113.2474,53.5192,168.3,12544.0,-53.5,-84.3,-79.6,1,2,0.0,269,22.2,22.196618832471884,0.3874434229076936,71119
2026-04-01 12:04:01,-113.247,53.5192,168.2,12548.0,-53.5,-84.3,-79.6,1,2,0.0,269,22.3,22.296603601987528,0.389188663551422,71119
2026-04-01 12:04:02,-113.2466,53.5192,168.1,12551.0,-53.6,-84.3,-79.6,1,2,0.0,269,22.3,22.296603601987528,0.389188663551422,71119
2026-04-01 12:04:03,-113.2463,53.5192,168.0,12555.0,-53.6,-84.3,-79.6,1,2,0.0,269,22.3,22.296603601987528,0.389188663551422,71119
2026-04-01 12:04:04,-113.2459,53.5192,167.9,12559.0,-53.6,-84.3,-79.6,1,2,0.0,270,22.4,22.4,4.114813245135106e-15,71119
2026-04-01 12:04:05,-113.2456,53.5192,167.8,12563.0,-53.6,-84.3,-79.6,1,2,0.0,270,22.5,22.5,4.133182947122317e-15,71119
2026-04-01 12:04:06,-113.2452,53.5192,167.7,12567.0,-53.6,-84.3,-79.6,1,2,0.0,270,22.5,22.5,4.133182947122317e-15,71119
2026-04-01 12:04:07,-113.2449,53.5192,167.6,12571.0,-53.7,-84.3,-79.5,1,2,0.0,271,22.6,22.596557910534443,-0.3944243854825988,71119
2026-04-01 12:04:08,-113.2446,53.5192,167.5,12575.0,-53.7,-84.3,-79.5,1,2,0.0,271,22.6,22.596557910534443,-0.3944243854825988,71119
2026-04-01 12:04:09,-113.2443,53.5192,167.4,12578.0,-53.7,-84.3,-79.5,1,2,0.0,271,22.7,22.69654268005008,-0.39616962612632706,71119
2026-04-01 12:04:10,-113.2439,53.5192,167.3,12583.0,-53.8,-84.3,-79.5,1,2,0.0,272,22.7,22.686171773333474,-0.7922185751467791,71119
2026-04-01 12:04:11,-113.2436,53.5192,167.2,12587.0,-53.8,-84.3,-79.6,1,2,0.0,272,22.8,22.786110856035386,-0.7957085248170293,71119
2026-04-01 12:04:12,-113.2433,53.5192,167.1,12591.0,-53.8,-84.3,-79.6,1,2,0.0,272,22.8,22.786110856035386,-0.7957085248170293,71119
2026-04-01 12:04:13,-113.2429,53.5192,167.0,12596.0,-53.9,-84.3,-79.6,1,2,0.0,273,22.9,22.86861634587974,-1.1984933979634163,71119
2026-04-01 12:04:14,-113.2426,53.5192,166.9,12600.0,-53.9,-84.3,-79.6,1,2,0.0,273,22.9,22.86861634587974,-1.1984933979634163,71119
2026-04-01 12:04:15,-113.2422,53.5192,166.8,12605.0,-53.9,-84.4,-79.6,1,2,0.0,273,23.0,22.9684792993552,-1.2037269935877108,71119
2026-04-01 12:04:16,-113.2418,53.5192,166.6,12609.0,-54.0,-84.4,-79.6,1,2,0.0,274,23.0,22.94397315597596,-1.60439889611488,71119
2026-04-01 12:04:17,-113.2415,53.5191,166.5,12613.0,-54.0,-84.4,-79.6,1,2,0.0,274,23.0,22.94397315597596,-1.60439889611488,71119
2026-04-01 12:04:18,-113.2411,53.5191,166.4,12617.0,-54.0,-84.4,-79.6,1,2,0.0,274,23.1,23.043729561001943,-1.6113745434892928,71119
2026-04-01 12:04:19,-113.2408,53.5191,166.3,12620.0,-54.0,-84.4,-79.6,1,2,0.0,275,23.1,23.012097525919323,-2.0132976574708974,71119
2026-04-01 12:04:20,-113.2404,53.5191,166.2,12624.0,-54.0,-84.4,-79.7,1,2,0.0,275,23.1,23.012097525919323,-2.0132976574708974,71119
2026-04-01 12:04:21,-113.2401,53.519,166.2,12627.0,-54.0,-84.4,-79.7,1,2,0.0,275,23.2,23.111716995728496,-2.022013231745663,71119
2026-04-01 12:04:22,-113.2397,53.519,166.1,12631.0,-54.0,-84.4,-79.7,1,2,0.0,276,23.2,23.07290797254394,-2.4250603478095494,71119
2026-04-01 12:04:23,-113.2394,53.5189,166.0,12635.0,-54.0,-84.4,-79.7,1,2,0.0,276,23.2,23.07290797254394,-2.4250603478095494,71119
2026-04-01 12:04:24,-113.239,53.5189,165.8,12639.0,-54.1,-84.4,-79.7,1,2,0.0,276,23.2,23.07290797254394,-2.4250603478095494,71119
2026-04-01 12:04:25,-113.2387,53.5189,165.7,12643.0,-54.1,-84.5,-79.7,1,2,0.0,277,23.3,23.126325333242804,-2.839555701339941,71119
2026-04-01 12:04:26,-113.2383,53.5189,165.6,12648.0,-54.1,-84.5,-79.7,1,2,0.0,277,23.3,23.126325333242804,-2.839555701339941,71119
2026-04-01 12:04:27,-113.238,53.5188,165.5,12652.0,-54.1,-84.5,-79.7,1,2,0.0,277,23.3,23.126325333242804,-2.839555701339941,71119
2026-04-01 12:04:28,-113.2376,53.5188,165.4,12655.0,-54.1,-84.5,-79.7,1,2,0.0,277,23.3,23.126325333242804,-2.839555701339941,71119
2026-04-01 12:04:29,-113.2373,53.5188,165.3,12659.0,-54.1,-84.5,-79.7,1,2,0.0,278,23.3,23.07324600167859,-3.2427332523695256,71119
2026-04-01 12:04:30,-113.237,53.5188,165.2,12663.0,-54.1,-84.5,-79.7,1,2,0.0,278,23.2,22.97421919480443,-3.2288159422735188,71119
2026-04-01 12:04:31,-113.2366,53.5188,165.1,12667.0,-54.1,-84.5,-79.7,1,2,0.0,278,23.2,22.97421919480443,-3.2288159422735188,71119
2026-04-01 12:04:32,-113.2363,53.5187,165.0,12671.0,-54.1,-84.5,-79.7,1,2,0.0,279,23.2,22.914369501807197,-3.6292795889333513,71119
2026-04-01 12:04:33,-113.2359,53.5187,164.9,12675.0,-54.0,-84.4,-79.7,1,2,0.0,279,23.2,22.914369501807197,-3.6292795889333513,71119
2026-04-01 12:04:34,-113.2355,53.5187,164.8,12679.0,-54.0,-84.4,-79.7,1,2,0.0,279,23.1,22.815600667747685,-3.613636142429329,71119
2026-04-01 12:04:35,-113.2352,53.5186,164.7,12683.0,-54.0,-84.4,-79.7,1,2,0.0,279,23.1,22.815600667747685,-3.613636142429329,71119
2026-04-01 12:04:36,-113.2348,53.5186,164.6,12687.0,-54.0,-84.4,-79.7,1,2,0.0,280,23.1,22.74905909458201,-4.011272904106082,71119
2026-04-01 12:04:37,-113.2345,53.5185,164.5,12691.0,-54.0,-84.4,-79.7,1,2,0.0,280,23.0,22.650578319280786,-3.993908086339389,71119
2026-04-01 12:04:38,-113.2341,53.5185,164.4,12695.0,-54.0,-84.4,-79.7,1,2,0.0,280,23.0,22.650578319280786,-3.993908086339389,71119
2026-04-01 12:04:39,-113.2338,53.5184,164.3,12699.0,-54.0,-84.5,-79.7,1,2,0.0,280,22.9,22.552097543979563,-3.976543268572696,71119
2026-04-01 12:04:40,-113.2334,53.5184,164.2,12703.0,-54.0,-84.5,-79.7,1,2,0.0,280,22.8,22.453616768678344,-3.9591784508060033,71119
2026-04-01 12:04:41,-113.2331,53.5184,164.1,12706.0,-54.0,-84.5,-79.7,1,2,0.0,281,22.8,22.381099782606736,-4.350445094585228,71119
2026-04-01 12:04:42,-113.2328,53.5183,164.0,12710.0,-54.0,-84.5,-79.8,1,2,0.0,281,22.7,22.28293706426197,-4.331364195047573,71119
2026-04-01 12:04:43,-113.2324,53.5183,163.9,12714.0,-54.0,-84.5,-79.8,1,2,0.0,281,22.6,22.184774345917205,-4.3122832955099195,71119
2026-04-01 12:04:44,-113.2321,53.5183,163.8,12717.0,-54.1,-84.6,-79.8,1,2,0.0,281,22.6,22.184774345917205,-4.3122832955099195,71119
2026-04-01 12:04:45,-113.2318,53.5182,163.8,12721.0,-54.1,-84.6,-79.8,1,2,0.0,281,22.5,22.086611627572438,-4.293202395972265,71119
2026-04-01 12:04:46,-113.2315,53.5182,163.7,12725.0,-54.1,-84.6,-79.8,1,2,0.0,281,22.4,21.98844890922767,-4.27412149643461,71119
2026-04-01 12:04:47,-113.2312,53.5181,163.6,12729.0,-54.1,-84.6,-79.9,1,2,0.0,281,22.3,21.890286190882904,-4.255040596896956,71119
2026-04-01 12:04:48,-113.2308,53.5181,163.5,12732.0,-54.0,-84.6,-79.8,1,2,0.0,282,22.2,21.714876736290485,-4.6156395361542595,71119
2026-04-01 12:04:49,-113.2305,53.518,163.4,12736.0,-54.0,-84.6,-79.8,1,2,0.0,282,22.2,21.714876736290485,-4.6156395361542595,71119
2026-04-01 12:04:50,-113.2302,53.518,163.3,12740.0,-53.9,-84.5,-79.8,1,2,0.0,282,22.1,21.617061976217105,-4.594848367072484,71119
2026-04-01 12:04:51,-113.2299,53.5179,163.2,12743.0,-53.9,-84.5,-79.8,1,2,0.0,282,22.0,21.51924721614372,-4.574057197990708,71119
2026-04-01 12:04:52,-113.2295,53.5179,163.1,12747.0,-53.9,-84.5,-79.8,1,2,0.0,282,21.9,21.42143245607034,-4.553266028908932,71119
2026-04-01 12:04:53,-113.2292,53.5178,163.0,12751.0,-53.8,-84.5,-79.7,1,2,0.0,282,21.8,21.323617695996962,-4.532474859827156,71119
2026-04-01 12:04:54,-113.2289,53.5178,162.9,12755.0,-53.8,-84.5,-79.7,1,2,0.0,281,21.7,21.301309880814305,-4.140555199671029,71119
2026-04-01 12:04:55,-113.2286,53.5177,162.8,12759.0,-53.8,-84.5,-79.7,1,2,0.0,281,21.7,21.301309880814305,-4.140555199671029,71119
2026-04-01 12:04:56,-113.2283,53.5177,162.7,12763.0,-53.8,-84.5,-79.7,1,2,0.0,281,21.6,21.20314716246954,-4.121474300133374,71119
2026-04-01 12:04:57,-113.228,53.5177,162.6,12766.0,-53.8,-84.5,-79.7,1,2,0.0,281,21.5,21.104984444124774,-4.102393400595719,71119
2026-04-01 12:04:58,-113.2277,53.5176,162.5,12769.0,-53.8,-84.5,-79.7,1,2,0.0,281,21.4,21.006821725780004,-4.083312501058065,71119
2026-04-01 12:04:59,-113.2274,53.5176,162.4,12772.0,-53.8,-84.5,-79.7,1,2,0.0,281,21.3,20.90865900743524,-4.064231601520411,71119
2026-04-01 12:05:00,-113.227,53.5176,162.4,12776.0,-53.8,-84.5,-79.7,1,2,0.0,280,21.3,20.976405139160033,-3.6987061843056086,71119
2026-04-01 12:05:01,-113.2267,53.5175,162.3,12779.0,-53.9,-84.5,-79.7,1,2,0.0,280,21.2,20.877924363858813,-3.6813413665389154,71119
2026-04-01 12:05:02,-113.2264,53.5175,162.2,12783.0,-53.9,-84.5,-79.7,1,2,0.0,280,21.1,20.779443588557594,-3.6639765487722227,71119
2026-04-01 12:05:03,-113.226,53.5174,162.1,12787.0,-53.9,-84.5,-79.8,1,2,0.0,280,21.1,20.779443588557594,-3.6639765487722227,71119
2026-04-01 12:05:04,-113.2257,53.5174,162.0,12791.0,-53.9,-84.5,-79.8,1,2,0.0,279,21.0,20.741455152497892,-3.285123765844844,71119
2026-04-01 12:05:05,-113.2254,53.5174,161.9,12795.0,-54.0,-84.6,-79.8,1,2,0.0,279,21.0,20.741455152497892,-3.285123765844844,71119
2026-04-01 12:05:06,-113.2251,53.5173,161.8,12799.0,-54.0,-84.6,-79.8,1,2,0.0,279,20.9,20.64268631843838,-3.269480319340821,71119
2026-04-01 12:05:07,-113.2249,53.5173,161.7,12802.0,-54.0,-84.6,-79.8,1,2,0.0,278,20.9,20.69660263669882,-2.908717810065368,71119
2026-04-01 12:05:08,-113.2246,53.5173,161.6,12806.0,-54.0,-84.6,-79.9,1,2,0.0,278,20.8,20.597575829824663,-2.894800499969362,71119
2026-04-01 12:05:09,-113.2243,53.5173,161.5,12810.0,-54.1,-84.7,-79.9,1,2,0.0,278,20.8,20.597575829824663,-2.894800499969362,71119
2026-04-01 12:05:10,-113.224,53.5173,161.4,12814.0,-54.1,-84.7,-79.9,1,2,0.0,277,20.8,20.644959954139498,-2.5348823428270717,71119
2026-04-01 12:05:11,-113.2237,53.5173,161.3,12817.0,-54.1,-84.7,-79.9,1,2,0.0,277,20.8,20.644959954139498,-2.5348823428270717,71119
2026-04-01 12:05:12,-113.2234,53.5172,161.2,12821.0,-54.1,-84.7,-80.0,1,2,0.0,277,20.8,20.644959954139498,-2.5348823428270717,71119
2026-04-01 12:05:13,-113.2231,53.5172,161.1,12825.0,-54.1,-84.7,-80.0,1,2,0.0,276,20.8,20.686055423660086,-2.1741920359671822,71119
2026-04-01 12:05:14,-113.2228,53.5172,161.0,12829.0,-54.1,-84.8,-80.0,1,2,0.0,276,20.8,20.686055423660086,-2.1741920359671822,71119
2026-04-01 12:05:15,-113.2225,53.5172,160.9,12832.0,-54.1,-84.8,-80.0,1,2,0.0,276,20.8,20.686055423660086,-2.1741920359671822,71119
2026-04-01 12:05:16,-113.2222,53.5171,160.8,12836.0,-54.1,-84.8,-80.0,1,2,0.0,275,20.8,20.72084972030831,-1.812839449151284,71119
2026-04-01 12:05:17,-113.2219,53.5171,160.7,12840.0,-54.1,-84.8,-80.1,1,2,0.0,275,20.8,20.72084972030831,-1.812839449151284,71119
2026-04-01 12:05:18,-113.2215,53.5171,160.7,12844.0,-54.0,-84.8,-80.0,1,2,0.0,275,20.8,20.72084972030831,-1.812839449151284,71119
2026-04-01 12:05:19,-113.2212,53.5171,160.6,12847.0,-53.9,-84.8,-80.0,1,2,0.0,274,20.8,20.749332245404347,-1.4509346538778045,71119
2026-04-01 12:05:20,-113.2209,53.5171,160.5,12851.0,-53.8,-84.7,-80.0,1,2,0.0,274,20.8,20.749332245404347,-1.4509346538778045,71119
2026-04-01 12:05:21,-113.2206,53.5171,160.4,12854.0,-53.8,-84.7,-80.0,1,2,0.0,274,20.8,20.749332245404347,-1.4509346538778045,71119
2026-04-01 12:05:22,-113.2202,53.5171,160.3,12858.0,-53.7,-84.7,-80.0,1,2,0.0,274,20.8,20.749332245404347,-1.4509346538778045,71119
2026-04-01 12:05:23,-113.2199,53.5171,160.2,12862.0,-53.7,-84.7,-80.0,1,2,0.0,274,20.8,20.749332245404347,-1.4509346538778045,71119
2026-04-01 12:05:24,-113.2196,53.5171,160.1,12866.0,-53.6,-84.7,-80.0,1,2,0.0,273,20.8,20.771494322895137,-1.0885878898532342,71119
2026-04-01 12:05:25,-113.2193,53.5171,160.0,12870.0,-53.6,-84.7,-80.0,1,2,0.0,273,20.8,20.771494322895137,-1.0885878898532342,71119
2026-04-01 12:05:26,-113.219,53.5171,159.9,12874.0,-53.6,-84.7,-80.0,1,2,0.0,273,20.8,20.771494322895137,-1.0885878898532342,71119
2026-04-01 12:05:27,-113.2187,53.5171,159.8,12878.0,-53.6,-84.8,-80.0,1,2,0.0,273,20.8,20.771494322895137,-1.0885878898532342,71119
2026-04-01 12:05:28,-113.2183,53.517,159.7,12882.0,-53.6,-84.8,-80.0,1,2,0.0,273,20.7,20.67163136941968,-1.0833542942289396,71119
2026-04-01 12:05:29,-113.218,53.517,159.6,12885.0,-53.5,-84.8,-80.0,1,2,0.0,273,20.7,20.67163136941968,-1.0833542942289396,71119
2026-04-01 12:05:30,-113.2177,53.517,159.5,12889.0,-53.5,-84.8,-80.0,1,2,0.0,273,20.7,20.67163136941968,-1.0833542942289396,71119
2026-04-01 12:05:31,-113.2174,53.517,159.4,12893.0,-53.5,-84.8,-80.1,1,2,0.0,273,20.6,20.571768415944224,-1.0781206986046454,71119
2026-04-01 12:05:32,-113.2171,53.517,159.3,12897.0,-53.5,-84.9,-80.1,1,2,0.0,273,20.5,20.471905462468765,-1.0728871029803508,71119
2026-04-01 12:05:33,-113.2168,53.517,159.2,12900.0,-53.5,-84.9,-80.1,1,2,0.0,272,20.5,20.487511953891463,-0.7154396824012763,71119
2026-04-01 12:05:34,-113.2165,53.517,159.2,12904.0,-53.5,-84.9,-80.1,1,2,0.0,272,20.4,20.38757287118955,-0.7119497327310261,71119
2026-04-01 12:05:35,-113.2161,53.517,159.1,12908.0,-53.5,-84.9,-80.2,1,2,0.0,272,20.3,20.287633788487646,-0.7084597830607761,71119
2026-04-01 12:05:36,-113.2158,53.517,159.0,12912.0,-53.5,-84.9,-80.2,1,2,0.0,272,20.2,20.187694705785734,-0.7049698333905259,71119
2026-04-01 12:05:37,-113.2155,53.517,158.9,12916.0,-53.5,-84.9,-80.2,1,2,0.0,272,20.1,20.087755623083826,-0.7014798837202758,71119
2026-04-01 12:05:38,-113.2152,53.517,158.8,12919.0,-53.4,-84.9,-80.2,1,2,0.0,272,20.0,19.987816540381914,-0.6979899340500256,71119
2026-04-01 12:05:39,-113.2149,53.517,158.7,12923.0,-53.4,-84.9,-80.2,1,2,0.0,273,19.9,19.872727741616018,-1.0414855292345844,71119
2026-04-01 12:05:40,-113.2146,53.517,158.6,12927.0,-53.3,-84.9,-80.1,1,2,0.0,273,19.8,19.772864788140563,-1.0362519336102902,71119
2026-04-01 12:05:41,-113.2143,53.517,158.5,12931.0,-53.1,-84.8,-80.0,1,2,0.0,273,19.7,19.673001834665104,-1.0310183379859956,71119
2026-04-01 12:05:42,-113.214,53.517,158.4,12935.0,-53.0,-84.7,-79.9,1,2,0.0,273,19.6,19.57313888118965,-1.0257847423617015,71119
2026-04-01 12:05:43,-113.2137,53.517,158.3,12938.0,-52.9,-84.7,-79.9,1,2,0.0,273,19.5,19.47327592771419,-1.0205511467374069,71119
2026-04-01 12:05:44,-113.2134,53.517,158.2,12942.0,-52.9,-84.7,-79.9,1,2,0.0,273,19.4,19.373412974238732,-1.0153175511131125,71119
2026-04-01 12:05:45,-113.2131,53.517,158.1,12946.0,-52.9,-84.7,-79.9,1,2,0.0,273,19.3,19.273550020763274,-1.0100839554888181,71119
2026-04-01 12:05:46,-113.2129,53.517,158.0,12951.0,-52.9,-84.7,-80.0,1,2,0.0,273,19.2,19.173687067287815,-1.0048503598645238,71119
2026-04-01 12:05:47,-113.2126,53.517,157.9,12955.0,-52.9,-84.7,-80.0,1,2,0.0,273,19.1,19.07382411381236,-0.9996167642402294,71119
2026-04-01 12:05:48,-113.2123,53.5169,157.8,12958.0,-52.9,-84.7,-80.0,1,2,0.0,273,18.9,18.874098206861444,-0.9891495729916405,71119
2026-04-01 12:05:49,-113.212,53.5169,157.7,12962.0,-52.9,-84.8,-80.0,1,2,0.0,273,18.8,18.77423525338599,-0.9839159773673463,71119
2026-04-01 12:05:50,-113.2118,53.5169,157.6,12966.0,-52.9,-84.8,-80.0,1,2,0.0,273,18.7,18.67437229991053,-0.9786823817430518,71119
2026-04-01 12:05:51,-113.2116,53.5169,157.5,12970.0,-52.9,-84.8,-80.0,1,2,0.0,273,18.6,18.574509346435075,-0.9734487861187575,71119
2026-04-01 12:05:52,-113.2113,53.5168,157.4,12974.0,-52.9,-84.8,-80.0,1,2,0.0,273,18.5,18.474646392959617,-0.968215190494463,71119
2026-04-01 12:05:53,-113.211,53.5168,157.3,12978.0,-52.9,-84.8,-80.0,1,2,0.0,273,18.4,18.37478343948416,-0.9629815948701685,71119
2026-04-01 12:05:54,-113.2108,53.5168,157.2,12982.0,-52.9,-84.8,-80.0,1,2,0.0,273,18.3,18.274920486008703,-0.9577479992458743,71119
2026-04-01 12:05:55,-113.2105,53.5168,157.1,12986.0,-52.9,-84.8,-80.0,1,2,0.0,273,18.3,18.274920486008703,-0.9577479992458743,71119
2026-04-01 12:05:56,-113.2102,53.5168,157.0,12990.0,-52.9,-84.7,-80.0,1,2,0.0,273,18.2,18.17505753253324,-0.9525144036215798,71119
2026-04-01 12:05:57,-113.2099,53.5168,157.0,12993.0,-52.9,-84.7,-80.0,1,2,0.0,273,18.1,18.075194579057786,-0.9472808079972855,71119
2026-04-01 12:05:58,-113.2096,53.5168,156.9,12997.0,-52.9,-84.7,-80.0,1,2,0.0,273,18.0,17.975331625582328,-0.942047212372991,71119
2026-04-01 12:05:59,-113.2093,53.5168,156.8,13000.0,-52.9,-84.7,-79.9,1,2,0.0,273,17.9,17.87546867210687,-0.9368136167486966,71119
2026-04-01 12:06:00,-113.2091,53.5168,156.7,13004.0,-53.0,-84.7,-79.9,1,2,0.0,273,17.9,17.87546867210687,-0.9368136167486966,71119
2026-04-01 12:06:01,-113.2088,53.5168,156.6,13008.0,-53.0,-84.7,-79.9,1,2,0.0,273,17.8,17.775605718631414,-0.9315800211244023,71119
2026-04-01 12:06:02,-113.2086,53.5168,156.5,13011.0,-53.0,-84.7,-79.9,1,2,0.0,273,17.8,17.775605718631414,-0.9315800211244023,71119
2026-04-01 12:06:03,-113.2084,53.5168,156.4,13015.0,-53.0,-84.6,-79.9,1,2,0.0,273,17.7,17.675742765155956,-0.9263464255001078,71119
2026-04-01 12:06:04,-113.2081,53.5168,156.3,13018.0,-53.0,-84.6,-79.9,1,2,0.0,272,17.7,17.689217638237995,-0.6177210916342727,71119
2026-04-01 12:06:05,-113.2079,53.5168,156.3,13022.0,-53.0,-84.6,-79.9,1,2,0.0,272,17.6,17.589278555536087,-0.6142311419640226,71119
2026-04-01 12:06:06,-113.2076,53.5168,156.2,13025.0,-53.0,-84.6,-79.9,1,2,0.0,272,17.6,17.589278555536087,-0.6142311419640226,71119
2026-04-01 12:06:07,-113.2073,53.5168,156.1,13029.0,-53.0,-84.6,-79.8,1,2,0.0,272,17.5,17.489339472834175,-0.6107411922937724,71119
2026-04-01 12:06:08,-113.207,53.5168,156.0,13032.0,-53.0,-84.6,-79.8,1,2,0.0,272,17.5,17.489339472834175,-0.6107411922937724,71119
2026-04-01 12:06:09,-113.2067,53.5167,155.9,13036.0,-53.0,-84.6,-79.8,1,2,0.0,272,17.5,17.489339472834175,-0.6107411922937724,71119
2026-04-01 12:06:10,-113.2064,53.5167,155.8,13039.0,-53.0,-84.6,-79.8,1,2,0.0,272,17.4,17.389400390132266,-0.6072512426235223,71119
2026-04-01 12:06:11,-113.2061,53.5167,155.8,13043.0,-53.1,-84.6,-79.8,1,2,0.0,272,17.4,17.389400390132266,-0.6072512426235223,71119
2026-04-01 12:06:12,-113.2059,53.5167,155.7,13047.0,-53.1,-84.6,-79.8,1,2,0.0,272,17.4,17.389400390132266,-0.6072512426235223,71119
2026-04-01 12:06:13,-113.2057,53.5167,155.6,13051.0,-53.1,-84.6,-79.8,1,2,0.0,271,17.4,17.397349895721206,-0.3036718720087264,71119
2026-04-01 12:06:14,-113.2054,53.5167,155.5,13054.0,-53.1,-84.6,-79.8,1,2,0.0,271,17.4,17.397349895721206,-0.3036718720087264,71119
2026-04-01 12:06:15,-113.2052,53.5167,155.4,13058.0,-53.1,-84.6,-79.8,1,2,0.0,271,17.4,17.397349895721206,-0.3036718720087264,71119
2026-04-01 12:06:16,-113.205,53.5167,155.3,13062.0,-53.1,-84.6,-79.9,1,2,0.0,271,17.4,17.397349895721206,-0.3036718720087264,71119
2026-04-01 12:06:17,-113.2047,53.5167,155.2,13066.0,-53.2,-84.6,-79.9,1,2,0.0,271,17.4,17.397349895721206,-0.3036718720087264,71119
2026-04-01 12:06:18,-113.2045,53.5167,155.1,13070.0,-53.2,-84.7,-79.9,1,2,0.0,271,17.4,17.397349895721206,-0.3036718720087264,71119
2026-04-01 12:06:19,-113.2042,53.5167,155.0,13073.0,-53.2,-84.7,-79.9,1,2,0.0,270,17.4,17.4,3.1963281457745915e-15,71119
2026-04-01 12:06:20,-113.2039,53.5167,154.9,13077.0,-53.2,-84.7,-79.9,1,2,0.0,270,17.4,17.4,3.1963281457745915e-15,71119
2026-04-01 12:06:21,-113.2037,53.5167,154.8,13081.0,-53.3,-84.7,-79.9,1,2,0.0,270,17.4,17.4,3.1963281457745915e-15,71119
2026-04-01 12:06:22,-113.2034,53.5167,154.8,13085.0,-53.3,-84.7,-80.0,1,2,0.0,270,17.4,17.4,3.1963281457745915e-15,71119
2026-04-01 12:06:23,-113.2032,53.5167,154.7,13088.0,-53.3,-84.7,-80.0,1,2,0.0,270,17.4,17.4,3.1963281457745915e-15,71119
2026-04-01 12:06:24,-113.2029,53.5167,154.6,13092.0,-53.3,-84.8,-80.0,1,2,0.0,269,17.5,17.497334665236846,0.3054171126524612,71119
2026-04-01 12:06:25,-113.2026,53.5167,154.5,13096.0,-53.4,-84.8,-80.0,1,2,0.0,269,17.5,17.497334665236846,0.3054171126524612,71119
2026-04-01 12:06:26,-113.2024,53.5167,154.4,13100.0,-53.4,-84.8,-80.0,1,2,0.0,269,17.5,17.497334665236846,0.3054171126524612,71119
2026-04-01 12:06:27,-113.2021,53.5167,154.3,13103.0,-53.4,-84.8,-80.0,1,2,0.0,269,17.5,17.497334665236846,0.3054171126524612,71119
2026-04-01 12:06:28,-113.2018,53.5167,154.2,13107.0,-53.4,-84.8,-80.0,1,2,0.0,269,17.6,17.59731943475249,0.30716235329618957,71119
2026-04-01 12:06:29,-113.2015,53.5167,154.1,13110.0,-53.3,-84.8,-80.0,1,2,0.0,269,17.6,17.59731943475249,0.30716235329618957,71119
2026-04-01 12:06:30,-113.2013,53.5167,154.1,13114.0,-53.3,-84.7,-80.0,1,2,0.0,268,17.6,17.589278555536087,0.6142311419640134,71119
2026-04-01 12:06:31,-113.201,53.5167,153.9,13118.0,-53.3,-84.7,-80.0,1,2,0.0,268,17.6,17.589278555536087,0.6142311419640134,71119
2026-04-01 12:06:32,-113.2007,53.5167,153.9,13122.0,-53.3,-84.7,-80.0,1,2,0.0,268,17.7,17.689217638237995,0.6177210916342635,71119
2026-04-01 12:06:33,-113.2005,53.5167,153.8,13125.0,-53.4,-84.7,-80.0,1,2,0.0,268,17.7,17.689217638237995,0.6177210916342635,71119
2026-04-01 12:06:34,-113.2002,53.5168,153.7,13129.0,-53.4,-84.8,-80.0,1,2,0.0,268,17.7,17.689217638237995,0.6177210916342635,71119
2026-04-01 12:06:35,-113.1999,53.5168,153.6,13132.0,-53.4,-84.8,-80.0,1,2,0.0,268,17.8,17.789156720939904,0.6212110413045135,71119
2026-04-01 12:06:36,-113.1996,53.5168,153.5,13136.0,-53.4,-84.7,-80.0,1,2,0.0,268,17.8,17.789156720939904,0.6212110413045135,71119
2026-04-01 12:06:37,-113.1994,53.5168,153.4,13139.0,-53.4,-84.7,-80.0,1,2,0.0,268,17.8,17.789156720939904,0.6212110413045135,71119
2026-04-01 12:06:38,-113.1991,53.5168,153.4,13142.0,-53.4,-84.7,-80.0,1,2,0.0,267,17.8,17.775605718631414,0.9315800211244087,71119
2026-04-01 12:06:39,-113.1988,53.5168,153.3,13146.0,-53.4,-84.7,-80.0,1,2,0.0,267,17.9,17.87546867210687,0.936813616748703,71119
2026-04-01 12:06:40,-113.1986,53.5168,153.2,13150.0,-53.4,-84.7,-80.0,1,2,0.0,267,17.9,17.87546867210687,0.936813616748703,71119
2026-04-01 12:06:41,-113.1983,53.5168,153.1,13154.0,-53.4,-84.7,-80.0,1,2,0.0,267,17.9,17.87546867210687,0.936813616748703,71119
2026-04-01 12:06:42,-113.1981,53.5168,153.0,13157.0,-53.4,-84.7,-80.0,1,2,0.0,267,17.9,17.87546867210687,0.936813616748703,71119
2026-04-01 12:06:43,-113.1978,53.5168,152.9,13161.0,-53.4,-84.7,-80.0,1,2,0.0,267,17.9,17.87546867210687,0.936813616748703,71119
2026-04-01 12:06:44,-113.1976,53.5168,152.8,13165.0,-53.4,-84.7,-80.0,1,2,0.0,267,17.9,17.87546867210687,0.936813616748703,71119
2026-04-01 12:06:45,-113.1973,53.5168,152.7,13169.0,-53.4,-84.7,-80.0,1,2,0.0,267,18.0,17.975331625582328,0.9420472123729975,71119
2026-04-01 12:06:46,-113.197,53.5168,152.6,13173.0,-53.4,-84.7,-80.0,1,2,0.0,267,18.0,17.975331625582328,0.9420472123729975,71119
2026-04-01 12:06:47,-113.1967,53.5168,152.5,13177.0,-53.4,-84.7,-80.0,1,2,0.0,267,18.0,17.975331625582328,0.9420472123729975,71119
2026-04-01 12:06:48,-113.1964,53.5168,152.4,13181.0,-53.4,-84.7,-80.0,1,2,0.0,267,18.0,17.975331625582328,0.9420472123729975,71119
2026-04-01 12:06:49,-113.1962,53.5169,152.4,13184.0,-53.4,-84.7,-80.0,1,2,0.0,267,18.0,17.975331625582328,0.9420472123729975,71119
2026-04-01 12:06:50,-113.1959,53.5169,152.3,13188.0,-53.4,-84.7,-80.0,1,2,0.0,267,18.0,17.975331625582328,0.9420472123729975,71119
2026-04-01 12:06:51,-113.1956,53.5169,152.2,13192.0,-53.4,-84.8,-80.0,1,2,0.0,267,18.0,17.975331625582328,0.9420472123729975,71119
2026-04-01 12:06:52,-113.1954,53.5169,152.1,13196.0,-53.4,-84.8,-80.0,1,2,0.0,267,18.0,17.975331625582328,0.9420472123729975,71119
2026-04-01 12:06:53,-113.1951,53.5169,152.0,13199.0,-53.4,-84.8,-80.0,1,2,0.0,267,18.0,17.975331625582328,0.9420472123729975,71119
2026-04-01 12:06:54,-113.1948,53.5169,151.9,13203.0,-53.4,-84.8,-80.0,1,2,0.0,267,18.0,17.975331625582328,0.9420472123729975,71119
2026-04-01 12:06:55,-113.1946,53.5169,151.8,13207.0,-53.4,-84.8,-80.0,1,2,0.0,267,18.0,17.975331625582328,0.9420472123729975,71119
2026-04-01 12:06:56,-113.1943,53.517,151.7,13211.0,-53.5,-84.8,-80.0,1,2,0.0,267,18.0,17.975331625582328,0.9420472123729975,71119
2026-04-01 12:06:57,-113.194,53.517,151.7,13214.0,-53.5,-84.8,-80.0,1,2,0.0,267,18.0,17.975331625582328,0.9420472123729975,71119
2026-04-01 12:06:58,-113.1937,53.517,151.6,13218.0,-53.4,-84.8,-80.0,1,2,0.0,267,18.0,17.975331625582328,0.9420472123729975,71119
2026-04-01 12:06:59,-113.1934,53.517,151.5,13222.0,-53.4,-84.8,-80.0,1,2,0.0,267,18.0,17.975331625582328,0.9420472123729975,71119
2026-04-01 12:07:00,-113.1932,53.517,151.4,13225.0,-53.4,-84.7,-80.0,1,2,0.0,267,17.9,17.87546867210687,0.936813616748703,71119
2026-04-01 12:07:01,-113.1929,53.517,151.3,13229.0,-53.4,-84.7,-80.0,1,2,0.0,266,17.9,17.856396499650852,1.2486408800198479,71119
2026-04-01 12:07:02,-113.1926,53.517,151.2,13232.0,-53.4,-84.7,-80.0,1,2,0.0,266,17.9,17.856396499650852,1.2486408800198479,71119
2026-04-01 12:07:03,-113.1924,53.517,151.1,13236.0,-53.4,-84.8,-80.0,1,2,0.0,266,17.9,17.856396499650852,1.2486408800198479,71119
2026-04-01 12:07:04,-113.1921,53.517,151.1,13240.0,-53.4,-84.7,-80.0,1,2,0.0,266,17.9,17.856396499650852,1.2486408800198479,71119
2026-04-01 12:07:05,-113.1918,53.517,151.0,13244.0,-53.4,-84.7,-80.0,1,2,0.0,266,17.9,17.856396499650852,1.2486408800198479,71119
2026-04-01 12:07:06,-113.1916,53.517,150.9,13248.0,-53.4,-84.7,-80.0,1,2,0.0,266,17.9,17.856396499650852,1.2486408800198479,71119
2026-04-01 12:07:07,-113.1913,53.517,150.8,13251.0,-53.4,-84.7,-79.9,1,2,0.0,267,17.8,17.775605718631414,0.9315800211244087,71119
2026-04-01 12:07:08,-113.191,53.517,150.7,13255.0,-53.4,-84.7,-79.9,1,2,0.0,267,17.8,17.775605718631414,0.9315800211244087,71119
2026-04-01 12:07:09,-113.1907,53.517,150.6,13259.0,-53.4,-84.7,-80.0,1,2,0.0,267,17.8,17.775605718631414,0.9315800211244087,71119
2026-04-01 12:07:10,-113.1905,53.5171,150.5,13263.0,-53.4,-84.7,-80.0,1,2,0.0,267,17.8,17.775605718631414,0.9315800211244087,71119
2026-04-01 12:07:11,-113.1902,53.5171,150.4,13266.0,-53.4,-84.7,-80.0,1,2,0.0,267,17.8,17.775605718631414,0.9315800211244087,71119
2026-04-01 12:07:12,-113.19,53.5171,150.4,13269.0,-53.5,-84.7,-80.0,1,2,0.0,267,17.7,17.675742765155956,0.9263464255001141,71119
2026-04-01 12:07:13,-113.1897,53.5171,150.3,13273.0,-53.5,-84.7,-80.0,1,2,0.0,267,17.7,17.675742765155956,0.9263464255001141,71119
2026-04-01 12:07:14,-113.1895,53.5171,150.2,13276.0,-53.5,-84.7,-80.0,1,2,0.0,267,17.7,17.675742765155956,0.9263464255001141,71119
2026-04-01 12:07:15,-113.1892,53.5171,150.1,13279.0,-53.5,-84.7,-80.0,1,2,0.0,267,17.7,17.675742765155956,0.9263464255001141,71119
2026-04-01 12:07:16,-113.189,53.5171,150.1,13283.0,-53.5,-84.7,-80.0,1,2,0.0,267,17.6,17.5758798116805,0.9211128298758199,71119
2026-04-01 12:07:16,-113.1889,53.5171,150.0,13285.0,-53.5,-84.7,-80.0,1,2,0.0,267,17.6,17.5758798116805,0.9211128298758199,71119
2026-04-01 12:07:17,-113.1887,53.5171,150.0,13286.0,-53.5,-84.7,-80.0,1,2,0.0,267,17.6,17.5758798116805,0.9211128298758199,71119
2026-04-01 12:07:18,-113.1884,53.5172,149.9,13290.0,-53.6,-84.7,-80.0,1,2,0.0,267,17.6,17.5758798116805,0.9211128298758199,71119
2026-04-01 12:07:19,-113.1882,53.5172,149.8,13293.0,-53.6,-84.8,-80.0,1,2,0.0,267,17.6,17.5758798116805,0.9211128298758199,71119
2026-04-01 12:07:20,-113.1879,53.5172,149.7,13296.0,-53.6,-84.8,-80.0,1,2,0.0,267,17.5,17.476016858205043,0.9158792342515254,71119
2026-04-01 12:07:21,-113.1876,53.5172,149.7,13300.0,-53.6,-84.8,-80.0,1,2,0.0,267,17.5,17.476016858205043,0.9158792342515254,71119
2026-04-01 12:07:22,-113.1873,53.5172,149.6,13303.0,-53.6,-84.8,-80.0,1,2,0.0,268,17.5,17.489339472834175,0.6107411922937633,71119
2026-04-01 12:07:23,-113.1871,53.5172,149.5,13307.0,-53.6,-84.8,-80.0,1,2,0.0,268,17.4,17.389400390132266,0.6072512426235132,71119
2026-04-01 12:07:24,-113.1868,53.5172,149.4,13310.0,-53.6,-84.8,-80.0,1,2,0.0,268,17.4,17.389400390132266,0.6072512426235132,71119
2026-04-01 12:07:25,-113.1865,53.5172,149.3,13314.0,-53.6,-84.8,-80.0,1,2,0.0,268,17.4,17.389400390132266,0.6072512426235132,71119
2026-04-01 12:07:26,-113.1863,53.5173,149.2,13318.0,-53.5,-84.8,-80.0,1,2,0.0,268,17.3,17.289461307430358,0.6037612929532632,71119
2026-04-01 12:07:27,-113.186,53.5173,149.1,13322.0,-53.5,-84.8,-80.0,1,2,0.0,268,17.3,17.289461307430358,0.6037612929532632,71119
2026-04-01 12:07:28,-113.1857,53.5173,149.0,13326.0,-53.5,-84.8,-80.0,1,2,0.0,269,17.3,17.29736512620557,0.3019266313650045,71119
2026-04-01 12:07:29,-113.1855,53.5173,148.9,13331.0,-53.5,-84.7,-80.0,1,2,0.0,269,17.2,17.19738035668993,0.30018139072127614,71119
2026-04-01 12:07:30,-113.1852,53.5173,148.8,13335.0,-53.5,-84.8,-80.0,1,2,0.0,269,17.2,17.19738035668993,0.30018139072127614,71119
2026-04-01 12:07:31,-113.1849,53.5173,148.7,13339.0,-53.5,-84.8,-80.0,1,2,0.0,269,17.2,17.19738035668993,0.30018139072127614,71119
2026-04-01 12:07:32,-113.1847,53.5173,148.7,13343.0,-53.5,-84.8,-80.0,1,2,0.0,269,17.1,17.097395587174294,0.2984361500775478,71119
2026-04-01 12:07:33,-113.1844,53.5172,148.6,13347.0,-53.5,-84.8,-80.0,1,2,0.0,270,17.1,17.1,3.141219039812961e-15,71119
2026-04-01 12:07:34,-113.1842,53.5172,148.5,13351.0,-53.5,-84.8,-80.1,1,2,0.0,270,17.1,17.1,3.141219039812961e-15,71119
2026-04-01 12:07:35,-113.184,53.5172,148.4,13354.0,-53.5,-84.8,-80.1,1,2,0.0,270,17.0,17.0,3.1228493378257506e-15,71119
2026-04-01 12:07:36,-113.1838,53.5172,148.3,13358.0,-53.5,-84.9,-80.1,1,2,0.0,270,17.0,17.0,3.1228493378257506e-15,71119
2026-04-01 12:07:37,-113.1835,53.5172,148.2,13362.0,-53.5,-84.9,-80.1,1,2,0.0,270,17.0,17.0,3.1228493378257506e-15,71119
2026-04-01 12:07:38,-113.1833,53.5172,148.1,13366.0,-53.5,-84.9,-80.1,1,2,0.0,270,17.0,17.0,3.1228493378257506e-15,71119
2026-04-01 12:07:39,-113.1831,53.5172,148.1,13369.0,-53.5,-84.9,-80.2,1,2,0.0,270,17.0,17.0,3.1228493378257506e-15,71119
2026-04-01 12:07:40,-113.1828,53.5172,148.0,13373.0,-53.5,-84.9,-80.2,1,2,0.0,270,17.0,17.0,3.1228493378257506e-15,71119
2026-04-01 12:07:41,-113.1826,53.5172,147.9,13376.0,-53.5,-85.0,-80.2,1,2,0.0,270,17.0,17.0,3.1228493378257506e-15,71119
2026-04-01 12:07:42,-113.1823,53.5172,147.8,13380.0,-53.6,-85.0,-80.2,1,2,0.0,270,17.0,17.0,3.1228493378257506e-15,71119
2026-04-01 12:07:43,-113.182,53.5172,147.7,13384.0,-53.6,-85.0,-80.2,1,2,0.0,270,17.0,17.0,3.1228493378257506e-15,71119
2026-04-01 12:07:44,-113.1818,53.5172,147.6,13388.0,-53.6,-85.0,-80.2,1,2,0.0,270,17.0,17.0,3.1228493378257506e-15,71119
2026-04-01 12:07:45,-113.1815,53.5172,147.5,13392.0,-53.5,-84.9,-80.2,1,2,0.0,270,17.0,17.0,3.1228493378257506e-15,71119
2026-04-01 12:07:46,-113.1812,53.5172,147.4,13396.0,-53.5,-84.9,-80.2,1,2,0.0,270,17.0,17.0,3.1228493378257506e-15,71119
2026-04-01 12:07:47,-113.1809,53.5172,147.4,13399.0,-53.5,-84.9,-80.2,1,2,0.0,270,17.0,17.0,3.1228493378257506e-15,71119
2026-04-01 12:07:48,-113.1807,53.5172,147.3,13403.0,-53.5,-84.9,-80.2,1,2,0.0,270,17.0,17.0,3.1228493378257506e-15,71119
2026-04-01 12:07:49,-113.1804,53.5172,147.2,13406.0,-53.5,-84.9,-80.2,1,2,0.0,270,17.0,17.0,3.1228493378257506e-15,71119
2026-04-01 12:07:50,-113.1801,53.5172,147.1,13410.0,-53.5,-84.9,-80.2,1,2,0.0,270,17.0,17.0,3.1228493378257506e-15,71119
2026-04-01 12:07:51,-113.1799,53.5172,147.0,13413.0,-53.5,-84.9,-80.2,1,2,0.0,270,17.0,17.0,3.1228493378257506e-15,71119
2026-04-01 12:07:52,-113.1797,53.5172,146.9,13417.0,-53.5,-84.9,-80.2,1,2,0.0,270,17.1,17.1,3.141219039812961e-15,71119
2026-04-01 12:07:53,-113.1794,53.5172,146.9,13421.0,-53.6,-85.0,-80.2,1,2,0.0,270,17.1,17.1,3.141219039812961e-15,71119
2026-04-01 12:07:54,-113.1792,53.5172,146.8,13425.0,-53.6,-85.0,-80.2,1,2,0.0,270,17.1,17.1,3.141219039812961e-15,71119
2026-04-01 12:07:55,-113.1789,53.5172,146.7,13429.0,-53.6,-85.0,-80.2,1,2,0.0,269,17.1,17.097395587174294,0.2984361500775478,71119
2026-04-01 12:07:56,-113.1787,53.5172,146.6,13433.0,-53.6,-85.0,-80.3,1,2,0.0,269,17.1,17.097395587174294,0.2984361500775478,71119
2026-04-01 12:07:57,-113.1784,53.5172,146.5,13437.0,-53.6,-85.0,-80.3,1,2,0.0,269,17.2,17.19738035668993,0.30018139072127614,71119
2026-04-01 12:07:58,-113.1781,53.5172,146.4,13441.0,-53.6,-85.1,-80.3,1,2,0.0,269,17.2,17.19738035668993,0.30018139072127614,71119
2026-04-01 12:07:59,-113.1779,53.5172,146.3,13445.0,-53.6,-85.1,-80.3,1,2,0.0,269,17.2,17.19738035668993,0.30018139072127614,71119
2026-04-01 12:08:00,-113.1776,53.5172,146.2,13448.0,-53.6,-85.1,-80.4,1,2,0.0,269,17.2,17.19738035668993,0.30018139072127614,71119
2026-04-01 12:08:01,-113.1774,53.5172,146.2,13452.0,-53.7,-85.1,-80.4,1,2,0.0,269,17.3,17.29736512620557,0.3019266313650045,71119
2026-04-01 12:08:02,-113.1771,53.5172,146.1,13455.0,-53.7,-85.2,-80.4,1,2,0.0,268,17.3,17.289461307430358,0.6037612929532632,71119
2026-04-01 12:08:03,-113.1769,53.5172,146.0,13458.0,-53.6,-85.2,-80.4,1,2,0.0,268,17.3,17.289461307430358,0.6037612929532632,71119
2026-04-01 12:08:04,-113.1766,53.5172,145.9,13462.0,-53.6,-85.2,-80.4,1,2,0.0,268,17.3,17.289461307430358,0.6037612929532632,71119
2026-04-01 12:08:05,-113.1764,53.5173,145.8,13466.0,-53.5,-85.1,-80.4,1,2,0.0,268,17.4,17.389400390132266,0.6072512426235132,71119
2026-04-01 12:08:06,-113.1761,53.5173,145.7,13470.0,-53.5,-85.1,-80.4,1,2,0.0,268,17.4,17.389400390132266,0.6072512426235132,71119
2026-04-01 12:08:07,-113.1758,53.5173,145.7,13474.0,-53.4,-85.1,-80.3,1,2,0.0,268,17.4,17.389400390132266,0.6072512426235132,71119
2026-04-01 12:08:08,-113.1756,53.5173,145.6,13478.0,-53.3,-85.1,-80.3,1,2,0.0,268,17.4,17.389400390132266,0.6072512426235132,71119
2026-04-01 12:08:09,-113.1753,53.5172,145.5,13482.0,-53.3,-85.0,-80.3,1,2,0.0,268,17.5,17.489339472834175,0.6107411922937633,71119
2026-04-01 12:08:10,-113.175,53.5172,145.4,13485.0,-53.3,-85.0,-80.3,1,2,0.0,268,17.5,17.489339472834175,0.6107411922937633,71119
2026-04-01 12:08:11,-113.1747,53.5172,145.3,13489.0,-53.3,-85.0,-80.3,1,2,0.0,267,17.5,17.476016858205043,0.9158792342515254,71119
2026-04-01 12:08:12,-113.1745,53.5173,145.2,13493.0,-53.2,-85.0,-80.3,1,2,0.0,267,17.5,17.476016858205043,0.9158792342515254,71119
2026-04-01 12:08:13,-113.1742,53.5173,145.2,13496.0,-53.2,-85.0,-80.3,1,2,0.0,267,17.6,17.5758798116805,0.9211128298758199,71119
2026-04-01 12:08:14,-113.1739,53.5173,145.1,13500.0,-53.2,-85.0,-80.3,1,2,0.0,267,17.6,17.5758798116805,0.9211128298758199,71119
2026-04-01 12:08:15,-113.1737,53.5173,145.0,13503.0,-53.3,-85.0,-80.3,1,2,0.0,267,17.6,17.5758798116805,0.9211128298758199,71119
2026-04-01 12:08:16,-113.1734,53.5173,144.9,13507.0,-53.3,-85.0,-80.3,1,2,0.0,267,17.6,17.5758798116805,0.9211128298758199,71119
2026-04-01 12:08:17,-113.1732,53.5174,144.8,13510.0,-53.3,-85.0,-80.3,1,2,0.0,267,17.6,17.5758798116805,0.9211128298758199,71119
2026-04-01 12:08:18,-113.1729,53.5174,144.8,13513.0,-53.3,-85.0,-80.3,1,2,0.0,267,17.7,17.675742765155956,0.9263464255001141,71119
2026-04-01 12:08:19,-113.1727,53.5174,144.7,13517.0,-53.3,-85.0,-80.3,1,2,0.0,267,17.7,17.675742765155956,0.9263464255001141,71119
2026-04-01 12:08:20,-113.1724,53.5174,144.6,13520.0,-53.4,-85.0,-80.3,1,2,0.0,267,17.7,17.675742765155956,0.9263464255001141,71119
2026-04-01 12:08:21,-113.1721,53.5174,144.5,13523.0,-53.4,-85.0,-80.3,1,2,0.0,268,17.7,17.689217638237995,0.6177210916342635,71119
2026-04-01 12:08:22,-113.1718,53.5174,144.5,13527.0,-53.4,-85.0,-80.3,1,2,0.0,268,17.7,17.689217638237995,0.6177210916342635,71119
2026-04-01 12:08:23,-113.1716,53.5174,144.4,13530.0,-53.4,-85.0,-80.2,1,2,0.0,268,17.7,17.689217638237995,0.6177210916342635,71119
2026-04-01 12:08:24,-113.1713,53.5174,144.3,13534.0,-53.4,-85.0,-80.2,1,2,0.0,268,17.7,17.689217638237995,0.6177210916342635,71119
2026-04-01 12:08:25,-113.171,53.5174,144.2,13538.0,-53.4,-85.0,-80.2,1,2,0.0,268,17.7,17.689217638237995,0.6177210916342635,71119
2026-04-01 12:08:26,-113.1708,53.5174,144.2,13541.0,-53.5,-85.0,-80.3,1,2,0.0,268,17.7,17.689217638237995,0.6177210916342635,71119
2026-04-01 12:08:27,-113.1705,53.5174,144.1,13544.0,-53.5,-85.0,-80.3,1,2,0.0,268,17.7,17.689217638237995,0.6177210916342635,71119
2026-04-01 12:08:28,-113.1702,53.5174,144.0,13548.0,-53.5,-85.1,-80.3,1,2,0.0,268,17.7,17.689217638237995,0.6177210916342635,71119
2026-04-01 12:08:29,-113.17,53.5174,143.9,13552.0,-53.5,-85.1,-80.3,1,2,0.0,268,17.7,17.689217638237995,0.6177210916342635,71119
2026-04-01 12:08:30,-113.1697,53.5174,143.8,13556.0,-53.6,-85.1,-80.3,1,2,0.0,268,17.7,17.689217638237995,0.6177210916342635,71119
2026-04-01 12:08:31,-113.1694,53.5174,143.7,13560.0,-53.6,-85.1,-80.3,1,2,0.0,268,17.7,17.689217638237995,0.6177210916342635,71119
2026-04-01 12:08:32,-113.1692,53.5174,143.6,13564.0,-53.6,-85.1,-80.4,1,2,0.0,268,17.6,17.589278555536087,0.6142311419640134,71119
2026-04-01 12:08:33,-113.1689,53.5174,143.5,13568.0,-53.6,-85.1,-80.4,1,2,0.0,268,17.6,17.589278555536087,0.6142311419640134,71119
2026-04-01 12:08:34,-113.1686,53.5174,143.4,13572.0,-53.6,-85.2,-80.4,1,2,0.0,268,17.6,17.589278555536087,0.6142311419640134,71119
2026-04-01 12:08:35,-113.1684,53.5174,143.4,13576.0,-53.6,-85.2,-80.4,1,2,0.0,268,17.6,17.589278555536087,0.6142311419640134,71119
2026-04-01 12:08:36,-113.1681,53.5174,143.3,13579.0,-53.6,-85.2,-80.4,1,2,0.0,268,17.5,17.489339472834175,0.6107411922937633,71119
2026-04-01 12:08:37,-113.1678,53.5174,143.2,13583.0,-53.7,-85.2,-80.5,1,2,0.0,268,17.5,17.489339472834175,0.6107411922937633,71119
2026-04-01 12:08:38,-113.1675,53.5174,143.1,13587.0,-53.6,-85.2,-80.5,1,2,0.0,268,17.5,17.489339472834175,0.6107411922937633,71119
2026-04-01 12:08:39,-113.1673,53.5174,143.0,13591.0,-53.6,-85.2,-80.5,1,2,0.0,268,17.4,17.389400390132266,0.6072512426235132,71119
2026-04-01 12:08:40,-113.167,53.5174,142.9,13595.0,-53.6,-85.2,-80.5,1,2,0.0,268,17.4,17.389400390132266,0.6072512426235132,71119
2026-04-01 12:08:41,-113.1668,53.5174,142.9,13599.0,-53.6,-85.2,-80.5,1,2,0.0,268,17.3,17.289461307430358,0.6037612929532632,71119
2026-04-01 12:08:42,-113.1665,53.5174,142.8,13602.0,-53.5,-85.2,-80.5,1,2,0.0,268,17.3,17.289461307430358,0.6037612929532632,71119
2026-04-01 12:08:43,-113.1663,53.5174,142.7,13606.0,-53.5,-85.2,-80.5,1,2,0.0,268,17.2,17.189522224728446,0.600271343283013,71119
2026-04-01 12:08:44,-113.166,53.5174,142.6,13610.0,-53.5,-85.2,-80.5,1,2,0.0,268,17.1,17.089583142026537,0.5967813936127631,71119
2026-04-01 12:08:45,-113.1658,53.5175,142.5,13614.0,-53.5,-85.2,-80.5,1,2,0.0,268,17.1,17.089583142026537,0.5967813936127631,71119
2026-04-01 12:08:46,-113.1655,53.5175,142.4,13617.0,-53.4,-85.2,-80.5,1,2,0.0,268,17.0,16.98964405932463,0.593291443942513,71119
2026-04-01 12:08:47,-113.1652,53.5175,142.4,13621.0,-53.4,-85.2,-80.4,1,2,0.0,268,17.0,16.98964405932463,0.593291443942513,71119
2026-04-01 12:08:48,-113.165,53.5175,142.3,13624.0,-53.3,-85.2,-80.4,1,2,0.0,268,16.9,16.889704976622717,0.5898014942722628,71119
2026-04-01 12:08:49,-113.1647,53.5175,142.2,13628.0,-53.2,-85.1,-80.4,1,2,0.0,268,16.8,16.78976589392081,0.5863115446020128,71119
2026-04-01 12:08:50,-113.1644,53.5175,142.1,13631.0,-53.2,-85.1,-80.4,1,2,0.0,268,16.8,16.78976589392081,0.5863115446020128,71119
2026-04-01 12:08:51,-113.1642,53.5175,142.1,13635.0,-53.2,-85.1,-80.4,1,2,0.0,268,16.7,16.6898268112189,0.5828215949317627,71119
2026-04-01 12:08:52,-113.1639,53.5175,142.0,13638.0,-53.2,-85.1,-80.4,1,2,0.0,268,16.6,16.58988772851699,0.5793316452615127,71119
2026-04-01 12:08:53,-113.1637,53.5175,141.9,13642.0,-53.2,-85.1,-80.4,1,2,0.0,268,16.5,16.48994864581508,0.5758416955912625,71119
2026-04-01 12:08:54,-113.1635,53.5175,141.8,13646.0,-53.2,-85.2,-80.4,1,2,0.0,268,16.5,16.48994864581508,0.5758416955912625,71119
2026-04-01 12:08:55,-113.1632,53.5175,141.7,13649.0,-53.2,-85.2,-80.4,1,2,0.0,268,16.4,16.390009563113168,0.5723517459210125,71119
2026-04-01 12:08:56,-113.163,53.5175,141.7,13653.0,-53.2,-85.2,-80.4,1,2,0.0,267,16.3,16.277661416499555,0.8530760867599922,71119
2026-04-01 12:08:57,-113.1627,53.5175,141.6,13657.0,-53.1,-85.2,-80.4,1,2,0.0,267,16.3,16.277661416499555,0.8530760867599922,71119
2026-04-01 12:08:58,-113.1625,53.5175,141.5,13660.0,-53.1,-85.1,-80.4,1,2,0.0,267,16.2,16.177798463024097,0.8478424911356978,71119
2026-04-01 12:08:59,-113.1623,53.5176,141.4,13664.0,-53.1,-85.1,-80.4,1,2,0.0,267,16.1,16.07793550954864,0.8426088955114034,71119
2026-04-01 12:09:00,-113.162,53.5176,141.3,13668.0,-53.1,-85.1,-80.4,1,2,0.0,267,16.1,16.07793550954864,0.8426088955114034,71119
2026-04-01 12:09:01,-113.1618,53.5176,141.3,13671.0,-53.1,-85.1,-80.4,1,2,0.0,267,16.0,15.978072556073181,0.8373752998871089,71119
2026-04-01 12:09:02,-113.1616,53.5176,141.2,13674.0,-53.2,-85.1,-80.4,1,2,0.0,267,16.0,15.978072556073181,0.8373752998871089,71119
2026-04-01 12:09:03,-113.1614,53.5176,141.1,13678.0,-53.2,-85.1,-80.4,1,2,0.0,268,15.9,15.890314149603624,0.5549019975697621,71119
2026-04-01 12:09:04,-113.1611,53.5176,141.0,13681.0,-53.2,-85.1,-80.4,1,2,0.0,268,15.8,15.790375066901714,0.551412047899512,71119
2026-04-01 12:09:05,-113.1609,53.5176,141.0,13685.0,-53.2,-85.1,-80.4,1,2,0.0,268,15.8,15.790375066901714,0.551412047899512,71119
2026-04-01 12:09:06,-113.1607,53.5176,140.9,13688.0,-53.2,-85.1,-80.4,1,2,0.0,268,15.7,15.690435984199803,0.547922098229262,71119
2026-04-01 12:09:07,-113.1604,53.5176,140.8,13691.0,-53.2,-85.1,-80.3,1,2,0.0,268,15.7,15.690435984199803,0.547922098229262,71119
2026-04-01 12:09:08,-113.1602,53.5176,140.8,13695.0,-53.2,-85.1,-80.3,1,2,0.0,268,15.6,15.590496901497893,0.5444321485590119,71119
2026-04-01 12:09:09,-113.1599,53.5176,140.7,13698.0,-53.3,-85.1,-80.3,1,2,0.0,268,15.6,15.590496901497893,0.5444321485590119,71119
2026-04-01 12:09:10,-113.1597,53.5176,140.6,13701.0,-53.3,-85.1,-80.3,1,2,0.0,268,15.5,15.490557818795985,0.5409421988887618,71119
2026-04-01 12:09:11,-113.1594,53.5176,140.5,13704.0,-53.3,-85.1,-80.3,1,2,0.0,268,15.5,15.490557818795985,0.5409421988887618,71119
2026-04-01 12:09:12,-113.1591,53.5176,140.4,13708.0,-53.3,-85.1,-80.3,1,2,0.0,268,15.5,15.490557818795985,0.5409421988887618,71119
2026-04-01 12:09:13,-113.1589,53.5176,140.4,13712.0,-53.3,-85.1,-80.3,1,2,0.0,269,15.4,15.397654505408426,0.2687670591341659,71119
2026-04-01 12:09:14,-113.1587,53.5176,140.3,13716.0,-53.3,-85.1,-80.3,1,2,0.0,269,15.4,15.397654505408426,0.2687670591341659,71119
2026-04-01 12:09:15,-113.1584,53.5176,140.2,13720.0,-53.3,-85.1,-80.3,1,2,0.0,269,15.4,15.397654505408426,0.2687670591341659,71119
2026-04-01 12:09:16,-113.1582,53.5177,140.1,13724.0,-53.3,-85.1,-80.3,1,2,0.0,269,15.4,15.397654505408426,0.2687670591341659,71119
2026-04-01 12:09:17,-113.158,53.5177,140.0,13728.0,-53.4,-85.1,-80.4,1,2,0.0,269,15.3,15.297669735892788,0.26702181849043755,71119
2026-04-01 12:09:18,-113.1578,53.5177,139.9,13731.0,-53.4,-85.2,-80.4,1,2,0.0,269,15.3,15.297669735892788,0.26702181849043755,71119
2026-04-01 12:09:19,-113.1576,53.5177,139.9,13735.0,-53.4,-85.2,-80.4,1,2,0.0,269,15.3,15.297669735892788,0.26702181849043755,71119
2026-04-01 12:09:20,-113.1575,53.5177,139.8,13738.0,-53.4,-85.2,-80.4,1,2,0.0,269,15.3,15.297669735892788,0.26702181849043755,71119
2026-04-01 12:09:21,-113.1573,53.5176,139.7,13742.0,-53.4,-85.2,-80.5,1,2,0.0,270,15.3,15.3,2.8105644040431757e-15,71119
2026-04-01 12:09:22,-113.1571,53.5176,139.6,13745.0,-53.4,-85.2,-80.5,1,2,0.0,270,15.3,15.3,2.8105644040431757e-15,71119
2026-04-01 12:09:23,-113.1568,53.5176,139.6,13749.0,-53.3,-85.2,-80.4,1,2,0.0,270,15.3,15.3,2.8105644040431757e-15,71119
2026-04-01 12:09:24,-113.1566,53.5176,139.5,13753.0,-53.2,-85.1,-80.4,1,2,0.0,270,15.3,15.3,2.8105644040431757e-15,71119
2026-04-01 12:09:25,-113.1564,53.5176,139.4,13756.0,-53.1,-85.1,-80.3,1,2,0.0,270,15.3,15.3,2.8105644040431757e-15,71119
2026-04-01 12:09:26,-113.1561,53.5176,139.3,13760.0,-53.1,-85.1,-80.3,1,2,0.0,270,15.3,15.3,2.8105644040431757e-15,71119
2026-04-01 12:09:27,-113.1559,53.5176,139.2,13764.0,-53.0,-85.1,-80.3,1,2,0.0,270,15.3,15.3,2.8105644040431757e-15,71119
2026-04-01 12:09:28,-113.1556,53.5176,139.2,13767.0,-52.9,-85.0,-80.3,1,2,0.0,270,15.3,15.3,2.8105644040431757e-15,71119
2026-04-01 12:09:29,-113.1553,53.5176,139.1,13771.0,-52.9,-85.0,-80.2,1,2,0.0,270,15.3,15.3,2.8105644040431757e-15,71119
2026-04-01 12:09:30,-113.1551,53.5176,139.0,13774.0,-52.9,-85.0,-80.2,1,2,0.0,270,15.3,15.3,2.8105644040431757e-15,71119
2026-04-01 12:09:31,-113.1549,53.5177,138.9,13778.0,-52.9,-85.0,-80.2,1,2,0.0,270,15.3,15.3,2.8105644040431757e-15,71119
2026-04-01 12:09:32,-113.1546,53.5177,138.9,13781.0,-52.9,-85.0,-80.2,1,2,0.0,270,15.3,15.3,2.8105644040431757e-15,71119
2026-04-01 12:09:33,-113.1544,53.5177,138.8,13784.0,-52.8,-85.0,-80.2,1,2,0.0,270,15.3,15.3,2.8105644040431757e-15,71119
2026-04-01 12:09:34,-113.1542,53.5177,138.7,13788.0,-52.8,-85.0,-80.2,1,2,0.0,270,15.3,15.3,2.8105644040431757e-15,71119
2026-04-01 12:09:35,-113.1539,53.5176,138.6,13792.0,-52.8,-85.0,-80.2,1,2,0.0,269,15.2,15.197684966377146,0.26527657784670916,71119
2026-04-01 12:09:36,-113.1537,53.5176,138.6,13795.0,-52.8,-85.0,-80.2,1,2,0.0,269,15.2,15.197684966377146,0.26527657784670916,71119
2026-04-01 12:09:37,-113.1535,53.5176,138.5,13799.0,-52.8,-85.0,-80.2,1,2,0.0,269,15.2,15.197684966377146,0.26527657784670916,71119
2026-04-01 12:09:38,-113.1533,53.5176,138.4,13802.0,-52.8,-85.0,-80.2,1,2,0.0,269,15.2,15.197684966377146,0.26527657784670916,71119
2026-04-01 12:09:39,-113.153,53.5176,138.3,13806.0,-52.8,-85.0,-80.3,1,2,0.0,269,15.2,15.197684966377146,0.26527657784670916,71119
2026-04-01 12:09:40,-113.1528,53.5176,138.2,13810.0,-52.8,-85.0,-80.3,1,2,0.0,268,15.1,15.090801487988346,0.5269824002077614,71119
2026-04-01 12:09:41,-113.1526,53.5176,138.2,13814.0,-52.8,-85.0,-80.3,1,2,0.0,268,15.1,15.090801487988346,0.5269824002077614,71119
2026-04-01 12:09:42,-113.1523,53.5176,138.1,13818.0,-52.8,-85.0,-80.3,1,2,0.0,268,15.1,15.090801487988346,0.5269824002077614,71119
2026-04-01 12:09:43,-113.1521,53.5176,138.0,13821.0,-52.8,-85.0,-80.2,1,2,0.0,268,15.1,15.090801487988346,0.5269824002077614,71119
2026-04-01 12:09:44,-113.1519,53.5176,137.9,13825.0,-52.7,-85.0,-80.2,1,2,0.0,267,15.0,14.979443021318607,0.7850393436441646,71119
2026-04-01 12:09:45,-113.1517,53.5176,137.8,13829.0,-52.7,-85.0,-80.2,1,2,0.0,267,15.0,14.979443021318607,0.7850393436441646,71119
2026-04-01 12:09:46,-113.1515,53.5177,137.8,13832.0,-52.7,-85.0,-80.2,1,2,0.0,267,15.0,14.979443021318607,0.7850393436441646,71119
2026-04-01 12:09:47,-113.1513,53.5177,137.7,13836.0,-52.6,-85.0,-80.2,1,2,0.0,266,14.9,14.86370434887138,1.0393714587874712,71119
2026-04-01 12:09:48,-113.151,53.5177,137.6,13839.0,-52.6,-85.0,-80.2,1,2,0.0,266,14.9,14.86370434887138,1.0393714587874712,71119
2026-04-01 12:09:49,-113.1508,53.5177,137.5,13843.0,-52.6,-85.0,-80.2,1,2,0.0,266,14.9,14.86370434887138,1.0393714587874712,71119
2026-04-01 12:09:50,-113.1506,53.5177,137.5,13847.0,-52.5,-85.0,-80.2,1,2,0.0,266,14.8,14.763947943845398,1.0323958114130587,71119
2026-04-01 12:09:51,-113.1504,53.5177,137.4,13851.0,-52.5,-85.0,-80.2,1,2,0.0,265,14.8,14.743681531757835,1.289904992665342,71119
2026-04-01 12:09:52,-113.1502,53.5178,137.3,13854.0,-52.5,-85.0,-80.2,1,2,0.0,265,14.8,14.743681531757835,1.289904992665342,71119
2026-04-01 12:09:53,-113.1499,53.5178,137.2,13858.0,-52.5,-85.0,-80.2,1,2,0.0,265,14.8,14.743681531757835,1.289904992665342,71119
2026-04-01 12:09:54,-113.1497,53.5178,137.1,13862.0,-52.5,-85.0,-80.3,1,2,0.0,264,14.8,14.718924051450447,1.5470212563612697,71119
2026-04-01 12:09:55,-113.1495,53.5178,137.1,13866.0,-52.5,-85.0,-80.3,1,2,0.0,264,14.8,14.718924051450447,1.5470212563612697,71119
2026-04-01 12:09:56,-113.1493,53.5178,137.0,13870.0,-52.6,-85.0,-80.3,1,2,0.0,264,14.8,14.718924051450447,1.5470212563612697,71119
2026-04-01 12:09:57,-113.149,53.5179,136.9,13874.0,-52.6,-85.1,-80.3,1,2,0.0,264,14.8,14.718924051450447,1.5470212563612697,71119
2026-04-01 12:09:58,-113.1488,53.5179,136.8,13878.0,-52.6,-85.1,-80.3,1,2,0.0,263,14.8,14.689683044291568,1.8036662823961782,71119
2026-04-01 12:09:59,-113.1486,53.5179,136.7,13882.0,-52.6,-85.1,-80.3,1,2,0.0,263,14.8,14.689683044291568,1.8036662823961782,71119
2026-04-01 12:10:00,-113.1484,53.5179,136.6,13886.0,-52.6,-85.1,-80.3,1,2,0.0,263,14.8,14.689683044291568,1.8036662823961782,71119
2026-04-01 12:10:01,-113.1482,53.5179,136.6,13890.0,-52.6,-85.1,-80.3,1,2,0.0,263,14.8,14.689683044291568,1.8036662823961782,71119
2026-04-01 12:10:02,-113.1479,53.5179,136.5,13893.0,-52.7,-85.1,-80.3,1,2,0.0,263,14.9,14.7889376594557,1.815853216736693,71119
2026-04-01 12:10:03,-113.1477,53.5179,136.4,13897.0,-52.7,-85.1,-80.3,1,2,0.0,263,14.9,14.7889376594557,1.815853216736693,71119
2026-04-01 12:10:04,-113.1475,53.518,136.3,13900.0,-52.7,-85.1,-80.3,1,2,0.0,263,14.9,14.7889376594557,1.815853216736693,71119
2026-04-01 12:10:05,-113.1473,53.518,136.2,13904.0,-52.7,-85.1,-80.3,1,2,0.0,262,15.0,14.854021031123553,2.0875965144009876,71119
2026-04-01 12:10:06,-113.1471,53.518,136.2,13908.0,-52.8,-85.1,-80.3,1,2,0.0,262,15.0,14.854021031123553,2.0875965144009876,71119
2026-04-01 12:10:07,-113.1469,53.518,136.1,13912.0,-52.8,-85.1,-80.3,1,2,0.0,262,15.1,14.95304783799771,2.101513824496994,71119
2026-04-01 12:10:08,-113.1467,53.518,136.0,13916.0,-52.8,-85.1,-80.3,1,2,0.0,262,15.1,14.95304783799771,2.101513824496994,71119
2026-04-01 12:10:09,-113.1465,53.518,135.9,13920.0,-52.8,-85.1,-80.3,1,2,0.0,262,15.1,14.95304783799771,2.101513824496994,71119
2026-04-01 12:10:10,-113.1463,53.518,135.8,13924.0,-52.8,-85.1,-80.3,1,2,0.0,262,15.2,15.052074644871867,2.1154311345930004,71119
2026-04-01 12:10:11,-113.146,53.5181,135.8,13927.0,-52.9,-85.1,-80.3,1,2,0.0,262,15.2,15.052074644871867,2.1154311345930004,71119
2026-04-01 12:10:12,-113.1458,53.5181,135.7,13931.0,-52.9,-85.1,-80.4,1,2,0.0,262,15.3,15.151101451746026,2.129348444689007,71119
2026-04-01 12:10:13,-113.1455,53.5181,135.6,13934.0,-52.9,-85.1,-80.4,1,2,0.0,263,15.3,15.185956120112229,1.8646009540987518,71119
2026-04-01 12:10:14,-113.1453,53.5182,135.5,13938.0,-53.0,-85.1,-80.4,1,2,0.0,263,15.4,15.28521073527636,1.8767878884392666,71119
2026-04-01 12:10:15,-113.145,53.5182,135.4,13942.0,-53.0,-85.1,-80.4,1,2,0.0,263,15.4,15.28521073527636,1.8767878884392666,71119
2026-04-01 12:10:16,-113.1448,53.5182,135.4,13946.0,-53.0,-85.2,-80.4,1,2,0.0,263,15.4,15.28521073527636,1.8767878884392666,71119
2026-04-01 12:10:17,-113.1445,53.5183,135.3,13950.0,-53.0,-85.2,-80.4,1,2,0.0,263,15.5,15.384465350440493,1.8889748227797811,71119
2026-04-01 12:10:18,-113.1443,53.5183,135.2,13954.0,-53.1,-85.2,-80.4,1,2,0.0,264,15.5,15.415089378208238,1.620191180648627,71119
2026-04-01 12:10:19,-113.1441,53.5183,135.1,13957.0,-53.1,-85.2,-80.4,1,2,0.0,264,15.5,15.415089378208238,1.620191180648627,71119
2026-04-01 12:10:20,-113.1439,53.5183,135.0,13961.0,-53.1,-85.2,-80.4,1,2,0.0,264,15.5,15.415089378208238,1.620191180648627,71119
2026-04-01 12:10:21,-113.1436,53.5183,135.0,13965.0,-53.1,-85.2,-80.4,1,2,0.0,265,15.6,15.54063729023123,1.3596295868634687,71119
2026-04-01 12:10:22,-113.1434,53.5183,134.9,13969.0,-53.1,-85.2,-80.4,1,2,0.0,265,15.6,15.54063729023123,1.3596295868634687,71119
2026-04-01 12:10:23,-113.1432,53.5183,134.8,13973.0,-53.1,-85.2,-80.4,1,2,0.0,265,15.6,15.54063729023123,1.3596295868634687,71119
2026-04-01 12:10:24,-113.143,53.5183,134.7,13977.0,-53.1,-85.2,-80.4,1,2,0.0,266,15.6,15.561999184053256,1.088200990408359,71119
2026-04-01 12:10:25,-113.1427,53.5184,134.6,13981.0,-53.1,-85.2,-80.4,1,2,0.0,266,15.6,15.561999184053256,1.088200990408359,71119
2026-04-01 12:10:26,-113.1425,53.5184,134.6,13985.0,-53.1,-85.2,-80.4,1,2,0.0,267,15.6,15.578620742171351,0.8164409173899312,71119
2026-04-01 12:10:27,-113.1423,53.5184,134.5,13988.0,-53.1,-85.2,-80.4,1,2,0.0,267,15.6,15.578620742171351,0.8164409173899312,71119
2026-04-01 12:10:28,-113.142,53.5184,134.4,13992.0,-53.1,-85.2,-80.4,1,2,0.0,268,15.6,15.590496901497893,0.5444321485590119,71119
2026-04-01 12:10:29,-113.1418,53.5184,134.3,13996.0,-53.0,-85.2,-80.4,1,2,0.0,268,15.6,15.590496901497893,0.5444321485590119,71119
2026-04-01 12:10:30,-113.1415,53.5184,134.2,14000.0,-52.9,-85.1,-80.4,1,2,0.0,269,15.6,15.597624044439703,0.27225754042162253,71119
2026-04-01 12:10:31,-113.1413,53.5184,134.2,14004.0,-52.9,-85.1,-80.3,1,2,0.0,269,15.6,15.597624044439703,0.27225754042162253,71119
2026-04-01 12:10:32,-113.141,53.5184,134.1,14008.0,-52.9,-85.1,-80.3,1,2,0.0,270,15.5,15.5,2.847303808017596e-15,71119
2026-04-01 12:10:33,-113.1407,53.5184,134.0,14012.0,-52.9,-85.1,-80.3,1,2,0.0,270,15.5,15.5,2.847303808017596e-15,71119
2026-04-01 12:10:34,-113.1405,53.5184,133.9,14016.0,-52.9,-85.1,-80.4,1,2,0.0,271,15.5,15.497639274924065,-0.2705122997778885,71119
2026-04-01 12:10:35,-113.1403,53.5184,133.8,14020.0,-52.9,-85.2,-80.4,1,2,0.0,271,15.5,15.497639274924065,-0.2705122997778885,71119
2026-04-01 12:10:36,-113.1401,53.5184,133.7,14024.0,-52.9,-85.2,-80.4,1,2,0.0,272,15.5,15.490557818795985,-0.5409421988887698,71119
2026-04-01 12:10:37,-113.1399,53.5183,133.7,14027.0,-52.9,-85.2,-80.5,1,2,0.0,272,15.5,15.490557818795985,-0.5409421988887698,71119
2026-04-01 12:10:38,-113.1397,53.5183,133.6,14031.0,-52.9,-85.2,-80.5,1,2,0.0,273,15.5,15.478757788695894,-0.8112073217656312,71119
2026-04-01 12:10:39,-113.1395,53.5183,133.5,14035.0,-52.9,-85.2,-80.5,1,2,0.0,273,15.4,15.378894835220438,-0.8059737261413368,71119
2026-04-01 12:10:40,-113.1393,53.5183,133.4,14038.0,-52.9,-85.2,-80.5,1,2,0.0,273,15.4,15.378894835220438,-0.8059737261413368,71119
2026-04-01 12:10:41,-113.139,53.5183,133.4,14042.0,-52.9,-85.2,-80.5,1,2,0.0,274,15.4,15.362486374001294,-1.0742496956595284,71119
2026-04-01 12:10:42,-113.1388,53.5182,133.3,14046.0,-52.9,-85.2,-80.5,1,2,0.0,274,15.4,15.362486374001294,-1.0742496956595284,71119
2026-04-01 12:10:43,-113.1386,53.5182,133.2,14049.0,-52.9,-85.2,-80.5,1,2,0.0,274,15.3,15.262729968975313,-1.067274048285116,71119
2026-04-01 12:10:44,-113.1383,53.5182,133.1,14052.0,-52.9,-85.2,-80.5,1,2,0.0,274,15.3,15.262729968975313,-1.067274048285116,71119
2026-04-01 12:10:45,-113.1381,53.5182,133.1,14056.0,-52.9,-85.2,-80.5,1,2,0.0,274,15.3,15.262729968975313,-1.067274048285116,71119
2026-04-01 12:10:46,-113.1378,53.5182,133.0,14060.0,-52.9,-85.2,-80.5,1,2,0.0,274,15.3,15.262729968975313,-1.067274048285116,71119
2026-04-01 12:10:47,-113.1376,53.5182,132.9,14064.0,-52.9,-85.2,-80.5,1,2,0.0,274,15.2,15.162973563949329,-1.0602984009107033,71119
2026-04-01 12:10:48,-113.1373,53.5182,132.8,14068.0,-52.9,-85.2,-80.4,1,2,0.0,274,15.2,15.162973563949329,-1.0602984009107033,71119
2026-04-01 12:10:49,-113.1371,53.5181,132.7,14072.0,-52.9,-85.2,-80.4,1,2,0.0,274,15.2,15.162973563949329,-1.0602984009107033,71119
2026-04-01 12:10:50,-113.1369,53.5181,132.7,14077.0,-52.8,-85.2,-80.4,1,2,0.0,274,15.2,15.162973563949329,-1.0602984009107033,71119
2026-04-01 12:10:51,-113.1366,53.5181,132.6,14080.0,-52.8,-85.1,-80.4,1,2,0.0,274,15.1,15.063217158923347,-1.0533227535362908,71119
2026-04-01 12:10:52,-113.1364,53.5181,132.5,14084.0,-52.8,-85.1,-80.4,1,2,0.0,273,15.1,15.079305974794064,-0.7902729392684535,71119
2026-04-01 12:10:53,-113.1362,53.5181,132.4,14088.0,-52.8,-85.1,-80.4,1,2,0.0,273,15.1,15.079305974794064,-0.7902729392684535,71119
2026-04-01 12:10:54,-113.136,53.5181,132.3,14091.0,-52.8,-85.1,-80.4,1,2,0.0,273,15.1,15.079305974794064,-0.7902729392684535,71119
2026-04-01 12:10:55,-113.1358,53.5181,132.3,14095.0,-52.9,-85.1,-80.4,1,2,0.0,273,15.0,14.979443021318607,-0.7850393436441592,71119
2026-04-01 12:10:56,-113.1356,53.5181,132.2,14099.0,-52.9,-85.2,-80.4,1,2,0.0,272,15.0,14.990862405286437,-0.5234924505375192,71119
2026-04-01 12:10:57,-113.1354,53.5181,132.1,14103.0,-52.9,-85.2,-80.4,1,2,0.0,272,15.0,14.990862405286437,-0.5234924505375192,71119
2026-04-01 12:10:58,-113.1352,53.5181,132.0,14108.0,-52.9,-85.2,-80.4,1,2,0.0,272,15.0,14.990862405286437,-0.5234924505375192,71119
2026-04-01 12:10:59,-113.1349,53.5181,131.9,14112.0,-52.9,-85.2,-80.4,1,2,0.0,271,15.0,14.997715427345868,-0.26178609655924695,71119
2026-04-01 12:11:00,-113.1347,53.5181,131.9,14115.0,-52.9,-85.2,-80.4,1,2,0.0,271,15.0,14.997715427345868,-0.26178609655924695,71119
2026-04-01 12:11:01,-113.1345,53.5181,131.8,14118.0,-52.9,-85.2,-80.4,1,2,0.0,270,14.9,14.9,2.7370855960943343e-15,71119
2026-04-01 12:11:02,-113.1342,53.5181,131.7,14122.0,-52.9,-85.2,-80.4,1,2,0.0,270,14.9,14.9,2.7370855960943343e-15,71119
2026-04-01 12:11:03,-113.134,53.5181,131.7,14125.0,-52.8,-85.2,-80.4,1,2,0.0,270,15.0,15.0,2.7554552980815444e-15,71119
2026-04-01 12:11:04,-113.1338,53.5181,131.6,14128.0,-52.8,-85.1,-80.4,1,2,0.0,269,15.0,14.997715427345868,0.26178609655925245,71119
2026-04-01 12:11:05,-113.1335,53.5181,131.5,14132.0,-52.8,-85.1,-80.4,1,2,0.0,269,15.0,14.997715427345868,0.26178609655925245,71119
2026-04-01 12:11:06,-113.1333,53.5181,131.4,14136.0,-52.7,-85.1,-80.4,1,2,0.0,269,15.0,14.997715427345868,0.26178609655925245,71119
2026-04-01 12:11:07,-113.1331,53.5181,131.4,14140.0,-52.7,-85.1,-80.3,1,2,0.0,268,15.0,14.990862405286437,0.5234924505375114,71119
2026-04-01 12:11:08,-113.1329,53.5181,131.3,14144.0,-52.7,-85.1,-80.3,1,2,0.0,268,15.0,14.990862405286437,0.5234924505375114,71119
2026-04-01 12:11:09,-113.1327,53.5181,131.2,14148.0,-52.7,-85.1,-80.3,1,2,0.0,268,15.1,15.090801487988346,0.5269824002077614,71119
2026-04-01 12:11:10,-113.1325,53.5181,131.1,14152.0,-52.7,-85.1,-80.3,1,2,0.0,268,15.1,15.090801487988346,0.5269824002077614,71119
2026-04-01 12:11:11,-113.1323,53.5181,131.0,14156.0,-52.7,-85.1,-80.3,1,2,0.0,268,15.1,15.090801487988346,0.5269824002077614,71119
2026-04-01 12:11:12,-113.1321,53.5181,130.9,14160.0,-52.7,-85.0,-80.3,1,2,0.0,268,15.2,15.190740570690254,0.5304723498780115,71119
2026-04-01 12:11:13,-113.1318,53.5181,130.9,14164.0,-52.7,-85.0,-80.3,1,2,0.0,267,15.2,15.179168928269522,0.7955065348927535,71119
2026-04-01 12:11:14,-113.1316,53.5181,130.8,14168.0,-52.7,-85.0,-80.3,1,2,0.0,267,15.2,15.179168928269522,0.7955065348927535,71119
2026-04-01 12:11:15,-113.1313,53.5181,130.7,14172.0,-52.7,-85.0,-80.2,1,2,0.0,267,15.3,15.27903188174498,0.800740130517048,71119
2026-04-01 12:11:16,-113.1311,53.5182,130.6,14176.0,-52.7,-85.0,-80.2,1,2,0.0,267,15.3,15.27903188174498,0.800740130517048,71119
2026-04-01 12:11:17,-113.1308,53.5182,130.6,14179.0,-52.8,-85.0,-80.2,1,2,0.0,267,15.4,15.378894835220438,0.8059737261413423,71119
2026-04-01 12:11:18,-113.1306,53.5182,130.5,14183.0,-52.8,-85.0,-80.2,1,2,0.0,267,15.4,15.378894835220438,0.8059737261413423,71119
2026-04-01 12:11:19,-113.1304,53.5182,130.4,14186.0,-52.8,-85.0,-80.2,1,2,0.0,267,15.5,15.478757788695894,0.8112073217656367,71119
2026-04-01 12:11:20,-113.1302,53.5182,130.3,14190.0,-52.8,-85.0,-80.2,1,2,0.0,268,15.5,15.490557818795985,0.5409421988887618,71119
2026-04-01 12:11:21,-113.13,53.5183,130.3,14194.0,-52.8,-85.0,-80.2,1,2,0.0,268,15.6,15.590496901497893,0.5444321485590119,71119
2026-04-01 12:11:22,-113.1298,53.5183,130.2,14197.0,-52.8,-85.0,-80.2,1,2,0.0,268,15.6,15.590496901497893,0.5444321485590119,71119
2026-04-01 12:11:23,-113.1296,53.5183,130.1,14200.0,-52.9,-85.0,-80.2,1,2,0.0,268,15.6,15.590496901497893,0.5444321485590119,71119
2026-04-01 12:11:24,-113.1293,53.5183,130.1,14203.0,-52.9,-85.0,-80.2,1,2,0.0,268,15.7,15.690435984199803,0.547922098229262,71119
2026-04-01 12:11:25,-113.1291,53.5183,130.0,14207.0,-52.9,-85.0,-80.2,1,2,0.0,268,15.7,15.690435984199803,0.547922098229262,71119
2026-04-01 12:11:26,-113.1288,53.5182,129.9,14211.0,-52.9,-85.0,-80.2,1,2,0.0,268,15.7,15.690435984199803,0.547922098229262,71119
2026-04-01 12:11:27,-113.1286,53.5183,129.8,14215.0,-52.9,-85.0,-80.2,1,2,0.0,269,15.8,15.797593583470983,0.27574802170907925,71119
2026-04-01 12:11:28,-113.1283,53.5183,129.8,14218.0,-52.9,-85.0,-80.2,1,2,0.0,269,15.8,15.797593583470983,0.27574802170907925,71119
2026-04-01 12:11:29,-113.128,53.5183,129.7,14221.0,-52.9,-85.0,-80.2,1,2,0.0,269,15.8,15.797593583470983,0.27574802170907925,71119
2026-04-01 12:11:30,-113.1277,53.5183,129.6,14224.0,-52.9,-85.0,-80.2,1,2,0.0,269,15.8,15.797593583470983,0.27574802170907925,71119
2026-04-01 12:11:31,-113.1275,53.5183,129.6,14228.0,-52.9,-85.0,-80.2,1,2,0.0,270,15.8,15.8,2.902412913979227e-15,71119
2026-04-01 12:11:32,-113.1272,53.5183,129.5,14232.0,-52.9,-85.0,-80.2,1,2,0.0,270,15.8,15.8,2.902412913979227e-15,71119
2026-04-01 12:11:33,-113.1269,53.5183,129.4,14235.0,-52.9,-85.0,-80.2,1,2,0.0,270,15.8,15.8,2.902412913979227e-15,71119
2026-04-01 12:11:34,-113.1267,53.5183,129.3,14239.0,-52.9,-85.0,-80.2,1,2,0.0,270,15.8,15.8,2.902412913979227e-15,71119
2026-04-01 12:11:35,-113.1265,53.5183,129.3,14243.0,-52.9,-85.0,-80.3,1,2,0.0,270,15.8,15.8,2.902412913979227e-15,71119
2026-04-01 12:11:36,-113.1263,53.5183,129.2,14247.0,-52.9,-85.0,-80.3,1,2,0.0,271,15.8,15.797593583470983,-0.2757480217090735,71119
2026-04-01 12:11:37,-113.126,53.5182,129.1,14250.0,-52.9,-85.0,-80.3,1,2,0.0,271,15.7,15.697608813955343,-0.27400278106534515,71119
2026-04-01 12:11:38,-113.1258,53.5182,129.1,14254.0,-52.9,-85.0,-80.3,1,2,0.0,271,15.7,15.697608813955343,-0.27400278106534515,71119
2026-04-01 12:11:39,-113.1256,53.5182,129.0,14257.0,-52.9,-85.0,-80.3,1,2,0.0,271,15.7,15.697608813955343,-0.27400278106534515,71119
2026-04-01 12:11:40,-113.1254,53.5182,128.9,14261.0,-52.8,-85.0,-80.3,1,2,0.0,271,15.6,15.597624044439703,-0.2722575404216168,71119
2026-04-01 12:11:41,-113.1252,53.5182,128.8,14265.0,-52.8,-85.0,-80.3,1,2,0.0,272,15.6,15.590496901497893,-0.54443214855902,71119
2026-04-01 12:11:42,-113.125,53.5182,128.8,14269.0,-52.8,-85.1,-80.3,1,2,0.0,272,15.6,15.590496901497893,-0.54443214855902,71119
2026-04-01 12:11:43,-113.1247,53.5182,128.7,14273.0,-52.8,-85.1,-80.3,1,2,0.0,272,15.5,15.490557818795985,-0.5409421988887698,71119
2026-04-01 12:11:44,-113.1245,53.5182,128.6,14277.0,-52.8,-85.1,-80.3,1,2,0.0,272,15.5,15.490557818795985,-0.5409421988887698,71119
2026-04-01 12:11:45,-113.1242,53.5182,128.5,14281.0,-52.8,-85.1,-80.3,1,2,0.0,272,15.4,15.390618736094074,-0.5374522492185198,71119
2026-04-01 12:11:46,-113.124,53.5182,128.4,14285.0,-52.8,-85.1,-80.3,1,2,0.0,272,15.4,15.390618736094074,-0.5374522492185198,71119
2026-04-01 12:11:47,-113.1238,53.5182,128.4,14289.0,-52.8,-85.1,-80.4,1,2,0.0,273,15.4,15.378894835220438,-0.8059737261413368,71119
2026-04-01 12:11:48,-113.1235,53.5182,128.3,14293.0,-52.8,-85.1,-80.4,1,2,0.0,273,15.3,15.27903188174498,-0.8007401305170424,71119
2026-04-01 12:11:49,-113.1233,53.5182,128.2,14297.0,-52.8,-85.1,-80.4,1,2,0.0,273,15.3,15.27903188174498,-0.8007401305170424,71119
2026-04-01 12:11:50,-113.1231,53.5182,128.1,14300.0,-52.8,-85.1,-80.4,1,2,0.0,273,15.2,15.179168928269522,-0.7955065348927479,71119
2026-04-01 12:11:51,-113.1228,53.5181,128.0,14305.0,-52.8,-85.1,-80.3,1,2,0.0,273,15.2,15.179168928269522,-0.7955065348927479,71119
2026-04-01 12:11:52,-113.1226,53.5181,128.0,14309.0,-52.7,-85.1,-80.3,1,2,0.0,273,15.2,15.179168928269522,-0.7955065348927479,71119
2026-04-01 12:11:53,-113.1224,53.5181,127.9,14313.0,-52.7,-85.1,-80.3,1,2,0.0,274,15.1,15.063217158923347,-1.0533227535362908,71119
2026-04-01 12:11:54,-113.1222,53.5181,127.8,14317.0,-52.7,-85.0,-80.3,1,2,0.0,274,15.1,15.063217158923347,-1.0533227535362908,71119
2026-04-01 12:11:55,-113.122,53.5181,127.7,14321.0,-52.7,-85.0,-80.3,1,2,0.0,274,15.1,15.063217158923347,-1.0533227535362908,71119
2026-04-01 12:11:56,-113.1217,53.5181,127.6,14325.0,-52.6,-85.0,-80.2,1,2,0.0,274,15.0,14.963460753897365,-1.0463471061618783,71119
2026-04-01 12:11:57,-113.1215,53.5181,127.6,14329.0,-52.6,-85.0,-80.2,1,2,0.0,274,15.0,14.963460753897365,-1.0463471061618783,71119
2026-04-01 12:11:58,-113.1213,53.5181,127.5,14333.0,-52.6,-85.0,-80.2,1,2,0.0,274,15.0,14.963460753897365,-1.0463471061618783,71119
2026-04-01 12:11:59,-113.121,53.5181,127.4,14336.0,-52.6,-85.0,-80.2,1,2,0.0,274,14.9,14.863704348871382,-1.0393714587874658,71119
2026-04-01 12:12:00,-113.1208,53.5181,127.3,14340.0,-52.6,-85.0,-80.2,1,2,0.0,274,14.9,14.863704348871382,-1.0393714587874658,71119
2026-04-01 12:12:01,-113.1206,53.5181,127.3,14344.0,-52.6,-85.0,-80.2,1,2,0.0,274,14.9,14.863704348871382,-1.0393714587874658,71119
2026-04-01 12:12:02,-113.1204,53.518,127.2,14348.0,-52.6,-85.0,-80.2,1,2,0.0,275,14.8,14.743681531757835,-1.2899049926653368,71119
2026-04-01 12:12:03,-113.1202,53.518,127.1,14352.0,-52.7,-85.0,-80.2,1,2,0.0,275,14.8,14.743681531757835,-1.2899049926653368,71119
2026-04-01 12:12:04,-113.12,53.518,127.0,14356.0,-52.7,-85.0,-80.2,1,2,0.0,275,14.8,14.743681531757835,-1.2899049926653368,71119
2026-04-01 12:12:05,-113.1198,53.518,127.0,14360.0,-52.7,-85.0,-80.2,1,2,0.0,275,14.8,14.743681531757835,-1.2899049926653368,71119
2026-04-01 12:12:06,-113.1196,53.518,126.9,14363.0,-52.7,-85.0,-80.2,1,2,0.0,275,14.8,14.743681531757835,-1.2899049926653368,71119
2026-04-01 12:12:07,-113.1193,53.518,126.8,14367.0,-52.7,-85.0,-80.2,1,2,0.0,275,14.7,14.64406206194866,-1.281189418390571,71119
2026-04-01 12:12:08,-113.1191,53.5179,126.7,14371.0,-52.7,-85.0,-80.2,1,2,0.0,275,14.7,14.64406206194866,-1.281189418390571,71119
2026-04-01 12:12:09,-113.1188,53.5179,126.7,14375.0,-52.7,-85.0,-80.2,1,2,0.0,275,14.7,14.64406206194866,-1.281189418390571,71119
2026-04-01 12:12:10,-113.1186,53.5179,126.6,14379.0,-52.8,-85.0,-80.2,1,2,0.0,275,14.7,14.64406206194866,-1.281189418390571,71119
2026-04-01 12:12:11,-113.1183,53.5179,126.5,14382.0,-52.8,-85.0,-80.2,1,2,0.0,275,14.7,14.64406206194866,-1.281189418390571,71119
2026-04-01 12:12:12,-113.1181,53.5179,126.5,14385.0,-52.8,-84.9,-80.2,1,2,0.0,275,14.6,14.544442592139484,-1.2724738441158052,71119
2026-04-01 12:12:13,-113.1179,53.5179,126.4,14388.0,-52.8,-84.9,-80.2,1,2,0.0,275,14.6,14.544442592139484,-1.2724738441158052,71119
2026-04-01 12:12:14,-113.1177,53.5179,126.3,14391.0,-52.8,-84.9,-80.2,1,2,0.0,275,14.6,14.544442592139484,-1.2724738441158052,71119
2026-04-01 12:12:15,-113.1175,53.5179,126.3,14394.0,-52.8,-84.9,-80.2,1,2,0.0,274,14.6,14.564435133793435,-1.0184445166642282,71119
2026-04-01 12:12:16,-113.1174,53.5179,126.2,14398.0,-52.8,-84.9,-80.2,1,2,0.0,274,14.6,14.564435133793435,-1.0184445166642282,71119
2026-04-01 12:12:17,-113.1172,53.5179,126.1,14401.0,-52.9,-84.9,-80.2,1,2,0.0,274,14.6,14.564435133793435,-1.0184445166642282,71119
2026-04-01 12:12:18,-113.117,53.5178,126.1,14404.0,-52.9,-84.9,-80.2,1,2,0.0,274,14.5,14.464678728767453,-1.0114688692898157,71119
2026-04-01 12:12:19,-113.1168,53.5178,126.0,14408.0,-52.9,-84.9,-80.1,1,2,0.0,274,14.5,14.464678728767453,-1.0114688692898157,71119
2026-04-01 12:12:20,-113.1166,53.5178,125.9,14412.0,-52.9,-84.9,-80.1,1,2,0.0,274,14.5,14.464678728767453,-1.0114688692898157,71119
2026-04-01 12:12:21,-113.1163,53.5178,125.8,14416.0,-52.9,-84.9,-80.1,1,2,0.0,274,14.5,14.464678728767453,-1.0114688692898157,71119
2026-04-01 12:12:22,-113.1161,53.5178,125.8,14421.0,-52.9,-84.9,-80.1,1,2,0.0,274,14.5,14.464678728767453,-1.0114688692898157,71119
2026-04-01 12:12:23,-113.1159,53.5178,125.7,14425.0,-52.9,-84.8,-80.1,1,2,0.0,274,14.4,14.364922323741471,-1.0044932219154032,71119
2026-04-01 12:12:24,-113.1156,53.5178,125.6,14428.0,-52.9,-84.8,-80.1,1,2,0.0,274,14.4,14.364922323741471,-1.0044932219154032,71119
2026-04-01 12:12:25,-113.1154,53.5178,125.5,14432.0,-52.9,-84.8,-80.1,1,2,0.0,274,14.4,14.364922323741471,-1.0044932219154032,71119
2026-04-01 12:12:26,-113.1151,53.5178,125.5,14436.0,-52.9,-84.9,-80.1,1,2,0.0,274,14.3,14.26516591871549,-0.9975175745409907,71119
2026-04-01 12:12:27,-113.1149,53.5178,125.4,14440.0,-52.9,-84.9,-80.1,1,2,0.0,274,14.3,14.26516591871549,-0.9975175745409907,71119
2026-04-01 12:12:28,-113.1146,53.5178,125.3,14443.0,-53.0,-84.9,-80.1,1,2,0.0,274,14.3,14.26516591871549,-0.9975175745409907,71119
2026-04-01 12:12:29,-113.1144,53.5178,125.2,14447.0,-53.0,-84.9,-80.1,1,2,0.0,274,14.2,14.165409513689504,-0.9905419271665781,71119
2026-04-01 12:12:30,-113.1142,53.5178,125.2,14451.0,-53.0,-84.9,-80.1,1,2,0.0,274,14.2,14.165409513689504,-0.9905419271665781,71119
2026-04-01 12:12:31,-113.114,53.5178,125.1,14454.0,-53.0,-84.9,-80.1,1,2,0.0,274,14.1,14.065653108663522,-0.9835662797921656,71119
2026-04-01 12:12:32,-113.1138,53.5178,125.0,14458.0,-53.0,-84.9,-80.1,1,2,0.0,274,14.1,14.065653108663522,-0.9835662797921656,71119
2026-04-01 12:12:33,-113.1136,53.5178,125.0,14462.0,-53.0,-84.9,-80.1,1,2,0.0,274,14.0,13.96589670363754,-0.9765906324177531,71119
2026-04-01 12:12:34,-113.1134,53.5178,124.9,14466.0,-53.0,-84.9,-80.1,1,2,0.0,274,14.0,13.96589670363754,-0.9765906324177531,71119
2026-04-01 12:12:35,-113.1132,53.5178,124.8,14470.0,-53.1,-84.9,-80.2,1,2,0.0,274,14.0,13.96589670363754,-0.9765906324177531,71119
2026-04-01 12:12:36,-113.113,53.5177,124.7,14473.0,-53.1,-84.9,-80.2,1,2,0.0,274,13.9,13.866140298611558,-0.9696149850433405,71119
2026-04-01 12:12:37,-113.1128,53.5177,124.7,14477.0,-53.1,-84.9,-80.2,1,2,0.0,274,13.9,13.866140298611558,-0.9696149850433405,71119
2026-04-01 12:12:38,-113.1126,53.5177,124.6,14481.0,-53.1,-84.9,-80.2,1,2,0.0,274,13.8,13.766383893585576,-0.9626393376689281,71119
2026-04-01 12:12:39,-113.1124,53.5177,124.5,14485.0,-53.1,-84.9,-80.2,1,2,0.0,274,13.8,13.766383893585576,-0.9626393376689281,71119
2026-04-01 12:12:40,-113.1122,53.5177,124.4,14489.0,-53.1,-84.9,-80.2,1,2,0.0,274,13.7,13.666627488559593,-0.9556636902945155,71119
2026-04-01 12:12:41,-113.112,53.5177,124.4,14493.0,-53.0,-85.0,-80.2,1,2,0.0,274,13.7,13.666627488559593,-0.9556636902945155,71119
2026-04-01 12:12:42,-113.1118,53.5177,124.3,14496.0,-53.0,-85.0,-80.2,1,2,0.0,274,13.7,13.666627488559593,-0.9556636902945155,71119
2026-04-01 12:12:43,-113.1116,53.5176,124.2,14500.0,-53.0,-85.0,-80.2,1,2,0.0,274,13.7,13.666627488559593,-0.9556636902945155,71119
2026-04-01 12:12:44,-113.1114,53.5176,124.2,14504.0,-53.0,-85.0,-80.2,1,2,0.0,274,13.6,13.566871083533611,-0.948688042920103,71119
2026-04-01 12:12:45,-113.1112,53.5176,124.1,14507.0,-53.0,-85.0,-80.2,1,2,0.0,274,13.6,13.566871083533611,-0.948688042920103,71119
2026-04-01 12:12:46,-113.111,53.5176,124.0,14511.0,-53.0,-85.0,-80.2,1,2,0.0,274,13.6,13.566871083533611,-0.948688042920103,71119
2026-04-01 12:12:47,-113.1108,53.5176,123.9,14515.0,-53.0,-85.0,-80.3,1,2,0.0,274,13.6,13.566871083533611,-0.948688042920103,71119
2026-04-01 12:12:48,-113.1106,53.5175,123.9,14518.0,-53.0,-85.1,-80.3,1,2,0.0,274,13.6,13.566871083533611,-0.948688042920103,71119
2026-04-01 12:12:49,-113.1104,53.5175,123.8,14522.0,-53.0,-85.1,-80.3,1,2,0.0,274,13.6,13.566871083533611,-0.948688042920103,71119
2026-04-01 12:12:50,-113.1102,53.5176,123.7,14526.0,-53.0,-85.1,-80.4,1,2,0.0,274,13.6,13.566871083533611,-0.948688042920103,71119
2026-04-01 12:12:51,-113.11,53.5176,123.7,14529.0,-53.0,-85.2,-80.4,1,2,0.0,274,13.7,13.666627488559593,-0.9556636902945155,71119
2026-04-01 12:12:52,-113.1098,53.5176,123.6,14533.0,-53.0,-85.2,-80.4,1,2,0.0,274,13.7,13.666627488559593,-0.9556636902945155,71119
2026-04-01 12:12:53,-113.1096,53.5176,123.5,14537.0,-53.0,-85.2,-80.5,1,2,0.0,274,13.7,13.666627488559593,-0.9556636902945155,71119
2026-04-01 12:12:54,-113.1095,53.5176,123.4,14540.0,-53.1,-85.3,-80.5,1,2,0.0,274,13.7,13.666627488559593,-0.9556636902945155,71119
2026-04-01 12:12:55,-113.1093,53.5176,123.4,14544.0,-53.1,-85.3,-80.6,1,2,0.0,274,13.7,13.666627488559593,-0.9556636902945155,71119
2026-04-01 12:12:56,-113.109,53.5176,123.3,14548.0,-53.1,-85.3,-80.6,1,2,0.0,274,13.8,13.766383893585576,-0.9626393376689281,71119
2026-04-01 12:12:57,-113.1088,53.5176,123.2,14551.0,-53.1,-85.4,-80.6,1,2,0.0,274,13.8,13.766383893585576,-0.9626393376689281,71119
2026-04-01 12:12:58,-113.1086,53.5175,123.2,14555.0,-53.1,-85.4,-80.6,1,2,0.0,274,13.8,13.766383893585576,-0.9626393376689281,71119
2026-04-01 12:12:59,-113.1084,53.5175,123.1,14559.0,-53.1,-85.4,-80.6,1,2,0.0,274,13.9,13.866140298611558,-0.9696149850433405,71119
2026-04-01 12:13:00,-113.1081,53.5175,123.0,14563.0,-53.0,-85.3,-80.6,1,2,0.0,274,13.9,13.866140298611558,-0.9696149850433405,71119
2026-04-01 12:13:01,-113.1079,53.5175,122.9,14567.0,-53.0,-85.3,-80.6,1,2,0.0,274,13.9,13.866140298611558,-0.9696149850433405,71119
2026-04-01 12:13:02,-113.1077,53.5175,122.9,14571.0,-53.0,-85.3,-80.6,1,2,0.0,274,14.0,13.96589670363754,-0.9765906324177531,71119
2026-04-01 12:13:03,-113.1075,53.5175,122.8,14575.0,-53.0,-85.3,-80.6,1,2,0.0,274,14.0,13.96589670363754,-0.9765906324177531,71119
2026-04-01 12:13:04,-113.1073,53.5175,122.7,14578.0,-53.0,-85.4,-80.6,1,2,0.0,274,14.0,13.96589670363754,-0.9765906324177531,71119
2026-04-01 12:13:05,-113.1071,53.5175,122.6,14582.0,-53.0,-85.4,-80.6,1,2,0.0,274,14.0,13.96589670363754,-0.9765906324177531,71119
2026-04-01 12:13:06,-113.1069,53.5175,122.6,14586.0,-53.0,-85.4,-80.6,1,2,0.0,274,14.1,14.065653108663522,-0.9835662797921656,71119
2026-04-01 12:13:07,-113.1067,53.5175,122.5,14590.0,-53.1,-85.4,-80.6,1,2,0.0,274,14.1,14.065653108663522,-0.9835662797921656,71119
2026-04-01 12:13:08,-113.1065,53.5174,122.4,14593.0,-53.1,-85.4,-80.6,1,2,0.0,274,14.1,14.065653108663522,-0.9835662797921656,71119
2026-04-01 12:13:09,-113.1063,53.5174,122.4,14597.0,-53.1,-85.4,-80.6,1,2,0.0,274,14.1,14.065653108663522,-0.9835662797921656,71119
2026-04-01 12:13:10,-113.106,53.5174,122.3,14601.0,-53.1,-85.4,-80.6,1,2,0.0,274,14.1,14.065653108663522,-0.9835662797921656,71119
2026-04-01 12:13:11,-113.1058,53.5174,122.2,14604.0,-53.1,-85.4,-80.6,1,2,0.0,274,14.1,14.065653108663522,-0.9835662797921656,71119
2026-04-01 12:13:12,-113.1056,53.5174,122.2,14608.0,-53.1,-85.4,-80.6,1,2,0.0,274,14.1,14.065653108663522,-0.9835662797921656,71119
2026-04-01 12:13:13,-113.1054,53.5174,122.1,14611.0,-53.1,-85.4,-80.6,1,2,0.0,274,14.1,14.065653108663522,-0.9835662797921656,71119
2026-04-01 12:13:14,-113.1051,53.5173,122.0,14615.0,-53.1,-85.3,-80.6,1,2,0.0,274,14.2,14.165409513689504,-0.9905419271665781,71119
2026-04-01 12:13:15,-113.1049,53.5173,122.0,14619.0,-53.0,-85.3,-80.6,1,2,0.0,274,14.2,14.165409513689504,-0.9905419271665781,71119
2026-04-01 12:13:16,-113.1047,53.5173,121.9,14622.0,-53.0,-85.3,-80.6,1,2,0.0,274,14.2,14.165409513689504,-0.9905419271665781,71119
2026-04-01 12:13:17,-113.1045,53.5173,121.8,14626.0,-53.0,-85.3,-80.6,1,2,0.0,274,14.2,14.165409513689504,-0.9905419271665781,71119
2026-04-01 12:13:18,-113.1043,53.5173,121.7,14630.0,-53.1,-85.4,-80.6,1,2,0.0,274,14.2,14.165409513689504,-0.9905419271665781,71119
2026-04-01 12:13:19,-113.1041,53.5173,121.7,14634.0,-53.1,-85.4,-80.6,1,2,0.0,273,14.3,14.280402346990407,-0.7484041742740984,71119
2026-04-01 12:13:20,-113.1039,53.5173,121.6,14637.0,-53.1,-85.4,-80.6,1,2,0.0,273,14.3,14.280402346990407,-0.7484041742740984,71119
2026-04-01 12:13:21,-113.1037,53.5173,121.5,14641.0,-53.1,-85.4,-80.6,1,2,0.0,273,14.3,14.280402346990407,-0.7484041742740984,71119
2026-04-01 12:13:22,-113.1035,53.5173,121.5,14645.0,-53.1,-85.4,-80.6,1,2,0.0,273,14.3,14.280402346990407,-0.7484041742740984,71119
2026-04-01 12:13:23,-113.1033,53.5173,121.4,14649.0,-53.0,-85.4,-80.6,1,2,0.0,273,14.4,14.380265300465863,-0.7536377698983928,71119
2026-04-01 12:13:24,-113.1031,53.5173,121.3,14653.0,-53.0,-85.4,-80.6,1,2,0.0,273,14.4,14.380265300465863,-0.7536377698983928,71119
2026-04-01 12:13:25,-113.1029,53.5174,121.2,14657.0,-53.0,-85.4,-80.6,1,2,0.0,273,14.4,14.380265300465863,-0.7536377698983928,71119
2026-04-01 12:13:26,-113.1027,53.5174,121.2,14660.0,-53.0,-85.4,-80.7,1,2,0.0,273,14.5,14.48012825394132,-0.7588713655226872,71119
2026-04-01 12:13:27,-113.1024,53.5173,121.1,14664.0,-53.0,-85.4,-80.7,1,2,0.0,273,14.5,14.48012825394132,-0.7588713655226872,71119
2026-04-01 12:13:28,-113.1022,53.5173,121.0,14668.0,-53.0,-85.4,-80.7,1,2,0.0,273,14.6,14.579991207416777,-0.7641049611469816,71119
2026-04-01 12:13:29,-113.102,53.5173,121.0,14671.0,-53.0,-85.5,-80.7,1,2,0.0,273,14.6,14.579991207416777,-0.7641049611469816,71119
2026-04-01 12:13:30,-113.1018,53.5173,120.9,14675.0,-53.1,-85.5,-80.7,1,2,0.0,273,14.6,14.579991207416777,-0.7641049611469816,71119
2026-04-01 12:13:31,-113.1015,53.5172,120.8,14678.0,-53.1,-85.5,-80.7,1,2,0.0,273,14.7,14.679854160892235,-0.7693385567712759,71119
2026-04-01 12:13:32,-113.1013,53.5172,120.8,14682.0,-53.1,-85.5,-80.8,1,2,0.0,273,14.7,14.679854160892235,-0.7693385567712759,71119
2026-04-01 12:13:33,-113.1012,53.5172,120.7,14686.0,-53.1,-85.5,-80.8,1,2,0.0,274,14.8,14.7639479438454,-1.0323958114130534,71119
2026-04-01 12:13:34,-113.1009,53.5172,120.6,14689.0,-53.1,-85.5,-80.8,1,2,0.0,274,14.8,14.7639479438454,-1.0323958114130534,71119
2026-04-01 12:13:35,-113.1007,53.5172,120.5,14693.0,-53.1,-85.5,-80.8,1,2,0.0,274,14.8,14.7639479438454,-1.0323958114130534,71119
2026-04-01 12:13:36,-113.1005,53.5172,120.5,14696.0,-53.1,-85.5,-80.8,1,2,0.0,274,14.9,14.863704348871382,-1.0393714587874658,71119
2026-04-01 12:13:37,-113.1002,53.5172,120.4,14700.0,-53.0,-85.5,-80.7,1,2,0.0,274,14.9,14.863704348871382,-1.0393714587874658,71119
2026-04-01 12:13:38,-113.1,53.5173,120.3,14704.0,-53.0,-85.5,-80.7,1,2,0.0,274,14.9,14.863704348871382,-1.0393714587874658,71119
2026-04-01 12:13:39,-113.0997,53.5173,120.3,14708.0,-53.0,-85.5,-80.7,1,2,0.0,274,14.9,14.863704348871382,-1.0393714587874658,71119
2026-04-01 12:13:40,-113.0994,53.5172,120.2,14712.0,-53.0,-85.5,-80.7,1,2,0.0,274,15.0,14.963460753897365,-1.0463471061618783,71119
2026-04-01 12:13:41,-113.0992,53.5172,120.1,14716.0,-53.1,-85.5,-80.7,1,2,0.0,274,15.0,14.963460753897365,-1.0463471061618783,71119
2026-04-01 12:13:42,-113.099,53.5172,120.0,14720.0,-53.1,-85.5,-80.7,1,2,0.0,274,15.0,14.963460753897365,-1.0463471061618783,71119
2026-04-01 12:13:43,-113.0988,53.5172,120.0,14723.0,-53.1,-85.5,-80.7,1,2,0.0,274,15.0,14.963460753897365,-1.0463471061618783,71119
2026-04-01 12:13:44,-113.0985,53.5172,119.9,14727.0,-53.1,-85.5,-80.7,1,2,0.0,274,15.0,14.963460753897365,-1.0463471061618783,71119
2026-04-01 12:13:45,-113.0983,53.5171,119.8,14731.0,-53.1,-85.5,-80.7,1,2,0.0,274,15.0,14.963460753897365,-1.0463471061618783,71119
2026-04-01 12:13:46,-113.0981,53.5171,119.8,14735.0,-53.2,-85.5,-80.7,1,2,0.0,274,15.0,14.963460753897365,-1.0463471061618783,71119
2026-04-01 12:13:47,-113.0979,53.5171,119.7,14739.0,-53.2,-85.5,-80.7,1,2,0.0,274,15.0,14.963460753897365,-1.0463471061618783,71119
2026-04-01 12:13:48,-113.0977,53.517,119.6,14744.0,-53.2,-85.5,-80.7,1,2,0.0,274,15.1,15.063217158923347,-1.0533227535362908,71119
2026-04-01 12:13:49,-113.0975,53.517,119.5,14747.0,-53.1,-85.4,-80.7,1,2,0.0,274,15.1,15.063217158923347,-1.0533227535362908,71119
2026-04-01 12:13:50,-113.0973,53.517,119.5,14751.0,-53.1,-85.4,-80.7,1,2,0.0,274,15.1,15.063217158923347,-1.0533227535362908,71119
2026-04-01 12:13:51,-113.0971,53.517,119.4,14754.0,-53.2,-85.4,-80.6,1,2,0.0,274,15.1,15.063217158923347,-1.0533227535362908,71119
2026-04-01 12:13:52,-113.0969,53.517,119.3,14758.0,-53.2,-85.4,-80.6,1,2,0.0,274,15.1,15.063217158923347,-1.0533227535362908,71119
2026-04-01 12:13:53,-113.0967,53.517,119.3,14762.0,-53.2,-85.4,-80.6,1,2,0.0,274,15.1,15.063217158923347,-1.0533227535362908,71119
2026-04-01 12:13:54,-113.0964,53.517,119.2,14766.0,-53.2,-85.4,-80.6,1,2,0.0,274,15.1,15.063217158923347,-1.0533227535362908,71119
2026-04-01 12:13:55,-113.0962,53.517,119.1,14769.0,-53.2,-85.4,-80.6,1,2,0.0,274,15.1,15.063217158923347,-1.0533227535362908,71119
2026-04-01 12:13:56,-113.0959,53.517,119.1,14772.0,-53.3,-85.4,-80.6,1,2,0.0,274,15.1,15.063217158923347,-1.0533227535362908,71119
2026-04-01 12:13:57,-113.0957,53.517,119.0,14776.0,-53.3,-85.4,-80.6,1,2,0.0,274,15.2,15.162973563949329,-1.0602984009107033,71119
2026-04-01 12:13:58,-113.0955,53.517,119.0,14779.0,-53.3,-85.4,-80.7,1,2,0.0,274,15.2,15.162973563949329,-1.0602984009107033,71119
2026-04-01 12:13:59,-113.0952,53.517,118.9,14782.0,-53.4,-85.4,-80.7,1,2,0.0,274,15.2,15.162973563949329,-1.0602984009107033,71119
2026-04-01 12:14:00,-113.095,53.517,118.8,14786.0,-53.4,-85.5,-80.7,1,2,0.0,274,15.2,15.162973563949329,-1.0602984009107033,71119
2026-04-01 12:14:01,-113.0948,53.517,118.8,14790.0,-53.4,-85.5,-80.7,1,2,0.0,274,15.2,15.162973563949329,-1.0602984009107033,71119
2026-04-01 12:14:02,-113.0946,53.517,118.7,14794.0,-53.5,-85.5,-80.8,1,2,0.0,274,15.3,15.262729968975313,-1.067274048285116,71119
2026-04-01 12:14:03,-113.0943,53.517,118.6,14798.0,-53.5,-85.6,-80.8,1,2,0.0,275,15.3,15.241778880803707,-1.3334828640391658,71119
2026-04-01 12:14:04,-113.0941,53.517,118.5,14802.0,-53.5,-85.6,-80.8,1,2,0.0,275,15.3,15.241778880803707,-1.3334828640391658,71119
2026-04-01 12:14:05,-113.0939,53.517,118.5,14806.0,-53.5,-85.6,-80.9,1,2,0.0,275,15.3,15.241778880803707,-1.3334828640391658,71119
2026-04-01 12:14:06,-113.0936,53.517,118.4,14810.0,-53.5,-85.7,-80.9,1,2,0.0,275,15.3,15.241778880803707,-1.3334828640391658,71119
2026-04-01 12:14:07,-113.0934,53.517,118.3,14814.0,-53.5,-85.7,-80.9,1,2,0.0,275,15.3,15.241778880803707,-1.3334828640391658,71119
2026-04-01 12:14:08,-113.0932,53.5169,118.2,14818.0,-53.4,-85.7,-80.9,1,2,0.0,275,15.3,15.241778880803707,-1.3334828640391658,71119
2026-04-01 12:14:09,-113.0929,53.5169,118.2,14821.0,-53.4,-85.7,-80.9,1,2,0.0,276,15.4,15.315637188671412,-1.609738334321856,71119
2026-04-01 12:14:10,-113.0927,53.5169,118.1,14825.0,-53.4,-85.7,-80.9,1,2,0.0,276,15.4,15.315637188671412,-1.609738334321856,71119
2026-04-01 12:14:11,-113.0925,53.5169,118.0,14830.0,-53.4,-85.7,-80.9,1,2,0.0,276,15.4,15.315637188671412,-1.609738334321856,71119
2026-04-01 12:14:12,-113.0922,53.5169,117.9,14834.0,-53.3,-85.7,-81.0,1,2,0.0,276,15.4,15.315637188671412,-1.609738334321856,71119
2026-04-01 12:14:13,-113.092,53.5169,117.9,14839.0,-53.3,-85.8,-81.0,1,2,0.0,277,15.4,15.285210735276358,-1.8767878884392744,71119
2026-04-01 12:14:14,-113.0918,53.5169,117.8,14843.0,-53.3,-85.8,-81.0,1,2,0.0,277,15.4,15.285210735276358,-1.8767878884392744,71119
2026-04-01 12:14:15,-113.0916,53.5168,117.7,14846.0,-53.3,-85.8,-81.0,1,2,0.0,277,15.4,15.285210735276358,-1.8767878884392744,71119
2026-04-01 12:14:16,-113.0914,53.5168,117.7,14850.0,-53.2,-85.8,-81.0,1,2,0.0,277,15.4,15.285210735276358,-1.8767878884392744,71119
2026-04-01 12:14:17,-113.0911,53.5167,117.6,14854.0,-53.2,-85.7,-81.0,1,2,0.0,277,15.4,15.285210735276358,-1.8767878884392744,71119
2026-04-01 12:14:18,-113.0909,53.5167,117.5,14857.0,-53.1,-85.7,-80.9,1,2,0.0,278,15.3,15.151101451746028,-2.129348444689002,71119
2026-04-01 12:14:19,-113.0907,53.5167,117.5,14861.0,-53.1,-85.7,-80.9,1,2,0.0,278,15.3,15.151101451746028,-2.129348444689002,71119
2026-04-01 12:14:20,-113.0904,53.5166,117.4,14865.0,-53.0,-85.7,-80.9,1,2,0.0,278,15.3,15.151101451746028,-2.129348444689002,71119
2026-04-01 12:14:21,-113.0902,53.5166,117.3,14869.0,-53.0,-85.6,-80.9,1,2,0.0,278,15.3,15.151101451746028,-2.129348444689002,71119
2026-04-01 12:14:22,-113.0899,53.5166,117.2,14873.0,-52.9,-85.6,-80.8,1,2,0.0,278,15.3,15.151101451746028,-2.129348444689002,71119
2026-04-01 12:14:23,-113.0897,53.5166,117.2,14877.0,-52.9,-85.6,-80.8,1,2,0.0,278,15.3,15.151101451746028,-2.129348444689002,71119
2026-04-01 12:14:24,-113.0895,53.5166,117.1,14881.0,-52.9,-85.6,-80.8,1,2,0.0,279,15.3,15.111631611105608,-2.3934473151155293,71119
2026-04-01 12:14:25,-113.0893,53.5166,117.0,14884.0,-52.9,-85.5,-80.8,1,2,0.0,279,15.3,15.111631611105608,-2.3934473151155293,71119
2026-04-01 12:14:26,-113.0891,53.5166,117.0,14888.0,-52.9,-85.5,-80.8,1,2,0.0,279,15.3,15.111631611105608,-2.3934473151155293,71119
2026-04-01 12:14:27,-113.0888,53.5166,116.9,14891.0,-52.9,-85.5,-80.7,1,2,0.0,279,15.3,15.111631611105608,-2.3934473151155293,71119
2026-04-01 12:14:28,-113.0886,53.5166,116.8,14895.0,-52.9,-85.5,-80.7,1,2,0.0,279,15.4,15.210400445165122,-2.4090907616195523,71119
2026-04-01 12:14:29,-113.0884,53.5165,116.8,14899.0,-52.9,-85.4,-80.7,1,2,0.0,279,15.4,15.210400445165122,-2.4090907616195523,71119
2026-04-01 12:14:30,-113.0882,53.5165,116.7,14903.0,-52.9,-85.4,-80.7,1,2,0.0,279,15.4,15.210400445165122,-2.4090907616195523,71119
2026-04-01 12:14:31,-113.0879,53.5165,116.6,14907.0,-52.9,-85.4,-80.6,1,2,0.0,279,15.4,15.210400445165122,-2.4090907616195523,71119
2026-04-01 12:14:32,-113.0877,53.5164,116.5,14911.0,-52.9,-85.3,-80.6,1,2,0.0,279,15.5,15.309169279224635,-2.4247342081235757,71119
2026-04-01 12:14:33,-113.0875,53.5164,116.5,14915.0,-52.9,-85.3,-80.5,1,2,0.0,278,15.5,15.34915506549434,-2.1571830648810146,71119
2026-04-01 12:14:34,-113.0873,53.5164,116.4,14919.0,-52.9,-85.3,-80.5,1,2,0.0,278,15.5,15.34915506549434,-2.1571830648810146,71119
2026-04-01 12:14:35,-113.0871,53.5163,116.3,14923.0,-52.9,-85.2,-80.5,1,2,0.0,278,15.6,15.448181872368497,-2.171100374977021,71119
2026-04-01 12:14:36,-113.0869,53.5163,116.2,14927.0,-52.9,-85.2,-80.5,1,2,0.0,278,15.6,15.448181872368497,-2.171100374977021,71119
2026-04-01 12:14:37,-113.0867,53.5163,116.2,14931.0,-52.9,-85.2,-80.5,1,2,0.0,278,15.7,15.547208679242654,-2.185017685073028,71119
2026-04-01 12:14:38,-113.0864,53.5163,116.1,14935.0,-52.9,-85.2,-80.4,1,2,0.0,278,15.7,15.547208679242654,-2.185017685073028,71119
2026-04-01 12:14:39,-113.0862,53.5163,116.0,14939.0,-53.0,-85.2,-80.4,1,2,0.0,278,15.8,15.646235486116812,-2.1989349951690342,71119
2026-04-01 12:14:40,-113.0859,53.5163,116.0,14943.0,-53.0,-85.2,-80.4,1,2,0.0,277,15.8,15.682229195932887,-1.9255356258013334,71119
2026-04-01 12:14:41,-113.0857,53.5162,115.9,14947.0,-53.0,-85.2,-80.4,1,2,0.0,277,15.9,15.78148381109702,-1.9377225601418482,71119
2026-04-01 12:14:42,-113.0854,53.5162,115.8,14951.0,-53.0,-85.2,-80.5,1,2,0.0,277,15.9,15.78148381109702,-1.9377225601418482,71119
2026-04-01 12:14:43,-113.0852,53.5162,115.7,14956.0,-53.1,-85.2,-80.5,1,2,0.0,277,16.0,15.880738426261152,-1.949909494482363,71119
2026-04-01 12:14:44,-113.0849,53.5162,115.7,14960.0,-53.1,-85.2,-80.5,1,2,0.0,276,16.1,16.011802515429203,-1.6829082586092132,71119
2026-04-01 12:14:45,-113.0847,53.5161,115.6,14964.0,-53.1,-85.3,-80.5,1,2,0.0,276,16.2,16.11125470496603,-1.6933611049359782,71119
2026-04-01 12:14:46,-113.0844,53.5161,115.5,14968.0,-53.2,-85.3,-80.5,1,2,0.0,276,16.2,16.11125470496603,-1.6933611049359782,71119
2026-04-01 12:14:47,-113.0842,53.5161,115.4,14972.0,-53.2,-85.3,-80.5,1,2,0.0,275,16.3,16.237973578895453,-1.4206386067868237,71119
2026-04-01 12:14:48,-113.0839,53.5161,115.4,14976.0,-53.2,-85.3,-80.5,1,2,0.0,275,16.4,16.337593048704626,-1.4293541810615893,71119
2026-04-01 12:14:49,-113.0837,53.5161,115.3,14981.0,-53.2,-85.3,-80.5,1,2,0.0,275,16.5,16.437212518513803,-1.438069755336355,71119
2026-04-01 12:14:50,-113.0834,53.5161,115.2,14985.0,-53.2,-85.3,-80.5,1,2,0.0,274,16.5,16.4598068292871,-1.150981816778066,71119
2026-04-01 12:14:51,-113.0832,53.5161,115.1,14989.0,-53.2,-85.3,-80.5,1,2,0.0,274,16.6,16.559563234313085,-1.1579574641524788,71119
2026-04-01 12:14:52,-113.0829,53.5161,115.1,14993.0,-53.3,-85.3,-80.5,1,2,0.0,274,16.7,16.659319639339067,-1.164933111526891,71119
2026-04-01 12:14:53,-113.0827,53.5161,115.0,14997.0,-53.3,-85.3,-80.5,1,2,0.0,273,16.8,16.77697618387684,-0.8792440648814583,71119
2026-04-01 12:14:54,-113.0825,53.5161,114.9,15001.0,-53.3,-85.3,-80.5,1,2,0.0,273,16.9,16.876839137352295,-0.8844776605057526,71119
2026-04-01 12:14:55,-113.0823,53.5161,114.8,15005.0,-53.3,-85.3,-80.5,1,2,0.0,273,16.9,16.876839137352295,-0.8844776605057526,71119
2026-04-01 12:14:56,-113.082,53.5161,114.8,15009.0,-53.3,-85.2,-80.5,1,2,0.0,273,17.0,16.976702090827754,-0.8897112561300471,71119
2026-04-01 12:14:57,-113.0818,53.5161,114.7,15012.0,-53.3,-85.2,-80.5,1,2,0.0,272,17.1,17.089583142026537,-0.5967813936127719,71119
2026-04-01 12:14:58,-113.0815,53.516,114.7,15016.0,-53.3,-85.2,-80.5,1,2,0.0,272,17.2,17.189522224728446,-0.600271343283022,71119
2026-04-01 12:14:59,-113.0813,53.516,114.6,15019.0,-53.3,-85.2,-80.5,1,2,0.0,272,17.2,17.189522224728446,-0.600271343283022,71119
2026-04-01 12:15:00,-113.0809,53.516,114.5,15023.0,-53.4,-85.3,-80.5,1,2,0.0,271,17.3,17.29736512620557,-0.30192663136499814,71119
2026-04-01 12:15:01,-113.0806,53.516,114.5,15028.0,-53.4,-85.3,-80.5,1,2,0.0,271,17.4,17.397349895721206,-0.3036718720087264,71119
2026-04-01 12:15:02,-113.0803,53.516,114.4,15032.0,-53.5,-85.3,-80.5,1,2,0.0,271,17.5,17.497334665236846,-0.30541711265245475,71119
2026-04-01 12:15:03,-113.0801,53.516,114.3,15036.0,-53.5,-85.3,-80.6,1,2,0.0,271,17.5,17.497334665236846,-0.30541711265245475,71119
2026-04-01 12:15:04,-113.0798,53.516,114.2,15040.0,-53.5,-85.3,-80.6,1,2,0.0,271,17.6,17.59731943475249,-0.30716235329618313,71119
2026-04-01 12:15:05,-113.0795,53.5161,114.2,15043.0,-53.5,-85.3,-80.6,1,2,0.0,270,17.6,17.6,3.2330675497490124e-15,71119
2026-04-01 12:15:06,-113.0793,53.5161,114.1,15047.0,-53.6,-85.4,-80.6,1,2,0.0,270,17.7,17.7,3.2514372517362224e-15,71119
2026-04-01 12:15:07,-113.0791,53.5161,114.0,15050.0,-53.6,-85.4,-80.6,1,2,0.0,270,17.8,17.8,3.269806953723433e-15,71119
2026-04-01 12:15:08,-113.0788,53.5161,114.0,15054.0,-53.6,-85.4,-80.6,1,2,0.0,270,17.8,17.8,3.269806953723433e-15,71119
2026-04-01 12:15:09,-113.0785,53.5161,113.9,15057.0,-53.6,-85.4,-80.6,1,2,0.0,270,17.8,17.8,3.269806953723433e-15,71119
2026-04-01 12:15:10,-113.0782,53.5161,113.8,15062.0,-53.6,-85.4,-80.6,1,2,0.0,270,17.9,17.9,3.288176655710643e-15,71119
2026-04-01 12:15:11,-113.0779,53.5161,113.8,15066.0,-53.6,-85.4,-80.7,1,2,0.0,269,17.9,17.8972737432994,0.31239807522737456,71119
2026-04-01 12:15:12,-113.0777,53.5161,113.7,15070.0,-53.7,-85.4,-80.7,1,2,0.0,269,18.0,17.997258512815044,0.31414331587110295,71119
2026-04-01 12:15:13,-113.0774,53.516,113.6,15075.0,-53.7,-85.5,-80.7,1,2,0.0,269,18.0,17.997258512815044,0.31414331587110295,71119
2026-04-01 12:15:14,-113.0771,53.516,113.5,15079.0,-53.7,-85.5,-80.7,1,2,0.0,269,18.0,17.997258512815044,0.31414331587110295,71119
2026-04-01 12:15:15,-113.0768,53.516,113.5,15083.0,-53.7,-85.5,-80.7,1,2,0.0,269,18.0,17.997258512815044,0.31414331587110295,71119
2026-04-01 12:15:16,-113.0765,53.516,113.4,15086.0,-53.7,-85.5,-80.7,1,2,0.0,269,18.0,17.997258512815044,0.31414331587110295,71119
2026-04-01 12:15:17,-113.0763,53.516,113.3,15090.0,-53.7,-85.5,-80.7,1,2,0.0,269,18.0,17.997258512815044,0.31414331587110295,71119
2026-04-01 12:15:18,-113.076,53.5161,113.3,15093.0,-53.7,-85.5,-80.7,1,2,0.0,269,18.0,17.997258512815044,0.31414331587110295,71119
2026-04-01 12:15:19,-113.0758,53.5161,113.2,15097.0,-53.7,-85.5,-80.7,1,2,0.0,269,18.0,17.997258512815044,0.31414331587110295,71119
2026-04-01 12:15:20,-113.0755,53.5161,113.2,15101.0,-53.7,-85.5,-80.7,1,2,0.0,269,18.0,17.997258512815044,0.31414331587110295,71119
2026-04-01 12:15:21,-113.0753,53.5161,113.1,15105.0,-53.7,-85.5,-80.7,1,2,0.0,269,18.0,17.997258512815044,0.31414331587110295,71119
2026-04-01 12:15:22,-113.075,53.5161,113.0,15108.0,-53.7,-85.5,-80.7,1,2,0.0,269,18.0,17.997258512815044,0.31414331587110295,71119
2026-04-01 12:15:23,-113.0748,53.5161,113.0,15112.0,-53.7,-85.5,-80.7,1,2,0.0,269,17.9,17.8972737432994,0.31239807522737456,71119
2026-04-01 12:15:24,-113.0745,53.5161,112.9,15116.0,-53.8,-85.5,-80.8,1,2,0.0,269,17.9,17.8972737432994,0.31239807522737456,71119
2026-04-01 12:15:25,-113.0742,53.5161,112.8,15120.0,-53.8,-85.5,-80.8,1,2,0.0,269,17.8,17.797288973783765,0.3106528345836463,71119
2026-04-01 12:15:26,-113.0739,53.5161,112.8,15123.0,-53.8,-85.5,-80.8,1,2,0.0,269,17.8,17.797288973783765,0.3106528345836463,71119
2026-04-01 12:15:27,-113.0736,53.5161,112.7,15127.0,-53.8,-85.5,-80.8,1,2,0.0,269,17.7,17.697304204268125,0.3089075939399179,71119
2026-04-01 12:15:28,-113.0733,53.5161,112.6,15130.0,-53.8,-85.5,-80.8,1,2,0.0,269,17.7,17.697304204268125,0.3089075939399179,71119
2026-04-01 12:15:29,-113.073,53.5161,112.6,15134.0,-53.7,-85.5,-80.8,1,2,0.0,269,17.6,17.59731943475249,0.30716235329618957,71119
2026-04-01 12:15:30,-113.0727,53.5162,112.5,15137.0,-53.7,-85.5,-80.7,1,2,0.0,269,17.5,17.497334665236846,0.3054171126524612,71119
2026-04-01 12:15:31,-113.0724,53.5162,112.4,15141.0,-53.6,-85.5,-80.7,1,2,0.0,270,17.4,17.4,3.1963281457745915e-15,71119
2026-04-01 12:15:32,-113.0721,53.5162,112.4,15146.0,-53.6,-85.4,-80.7,1,2,0.0,270,17.4,17.4,3.1963281457745915e-15,71119
2026-04-01 12:15:33,-113.0719,53.5162,112.3,15150.0,-53.5,-85.4,-80.6,1,2,0.0,270,17.3,17.3,3.1779584437873815e-15,71119
2026-04-01 12:15:34,-113.0717,53.5162,112.2,15154.0,-53.5,-85.4,-80.6,1,2,0.0,270,17.2,17.2,3.159588741800171e-15,71119
2026-04-01 12:15:35,-113.0714,53.5162,112.1,15158.0,-53.4,-85.4,-80.6,1,2,0.0,270,17.1,17.1,3.141219039812961e-15,71119
2026-04-01 12:15:36,-113.0712,53.5162,112.1,15162.0,-53.4,-85.3,-80.6,1,2,0.0,271,17.0,16.99741081765865,-0.2966909094338132,71119
2026-04-01 12:15:37,-113.071,53.5162,112.0,15166.0,-53.3,-85.3,-80.6,1,2,0.0,271,16.9,16.89742604814301,-0.2949456687900849,71119
2026-04-01 12:15:38,-113.0707,53.5161,112.0,15169.0,-53.3,-85.3,-80.6,1,2,0.0,271,16.8,16.797441278627375,-0.2932004281463566,71119
2026-04-01 12:15:39,-113.0705,53.5161,111.9,15173.0,-53.2,-85.3,-80.5,1,2,0.0,271,16.7,16.697456509111735,-0.2914551875026283,71119
2026-04-01 12:15:40,-113.0703,53.5161,111.8,15176.0,-53.2,-85.3,-80.5,1,2,0.0,272,16.6,16.58988772851699,-0.5793316452615214,71119
2026-04-01 12:15:41,-113.07,53.5161,111.8,15180.0,-53.2,-85.3,-80.6,1,2,0.0,272,16.5,16.48994864581508,-0.5758416955912712,71119
2026-04-01 12:15:42,-113.0698,53.5161,111.7,15184.0,-53.2,-85.3,-80.6,1,2,0.0,272,16.4,16.390009563113168,-0.572351745921021,71119
2026-04-01 12:15:43,-113.0695,53.5161,111.6,15188.0,-53.1,-85.3,-80.5,1,2,0.0,272,16.2,16.19013139770935,-0.5653718465805208,71119
2026-04-01 12:15:44,-113.0692,53.5161,111.6,15192.0,-53.1,-85.3,-80.5,1,2,0.0,273,16.1,16.07793550954864,-0.8426088955113976,71119
2026-04-01 12:15:45,-113.069,53.5161,111.5,15196.0,-53.0,-85.2,-80.5,1,2,0.0,273,16.0,15.978072556073181,-0.8373752998871031,71119
2026-04-01 12:15:46,-113.0687,53.5161,111.4,15199.0,-53.0,-85.2,-80.5,1,2,0.0,273,15.9,15.878209602597725,-0.8321417042628088,71119
2026-04-01 12:15:47,-113.0685,53.5161,111.4,15203.0,-53.0,-85.2,-80.5,1,2,0.0,273,15.8,15.778346649122268,-0.8269081086385144,71119
2026-04-01 12:15:48,-113.0683,53.516,111.3,15207.0,-53.0,-85.2,-80.5,1,2,0.0,273,15.7,15.678483695646808,-0.8216745130142199,71119
2026-04-01 12:15:49,-113.068,53.516,111.2,15211.0,-53.0,-85.2,-80.5,1,2,0.0,273,15.6,15.578620742171351,-0.8164409173899255,71119
2026-04-01 12:15:50,-113.0678,53.516,111.2,15215.0,-53.0,-85.2,-80.5,1,2,0.0,274,15.4,15.362486374001294,-1.0742496956595284,71119
2026-04-01 12:15:51,-113.0676,53.516,111.1,15219.0,-53.0,-85.2,-80.5,1,2,0.0,274,15.3,15.262729968975313,-1.067274048285116,71119
2026-04-01 12:15:52,-113.0674,53.516,111.0,15223.0,-53.0,-85.2,-80.5,1,2,0.0,274,15.2,15.162973563949329,-1.0602984009107033,71119
2026-04-01 12:15:53,-113.0672,53.516,111.0,15227.0,-53.0,-85.2,-80.5,1,2,0.0,274,15.1,15.063217158923347,-1.0533227535362908,71119
2026-04-01 12:15:54,-113.067,53.516,110.9,15231.0,-53.0,-85.2,-80.5,1,2,0.0,274,15.0,14.963460753897365,-1.0463471061618783,71119
2026-04-01 12:15:55,-113.0667,53.516,110.8,15235.0,-53.0,-85.2,-80.5,1,2,0.0,274,14.9,14.863704348871382,-1.0393714587874658,71119
2026-04-01 12:15:56,-113.0665,53.5159,110.8,15239.0,-53.0,-85.2,-80.5,1,2,0.0,274,14.7,14.664191538819416,-1.0254201640386407,71119
2026-04-01 12:15:57,-113.0663,53.5159,110.7,15243.0,-53.0,-85.2,-80.5,1,2,0.0,274,14.6,14.564435133793435,-1.0184445166642282,71119
2026-04-01 12:15:58,-113.066,53.5159,110.6,15247.0,-53.0,-85.2,-80.5,1,2,0.0,274,14.5,14.464678728767453,-1.0114688692898157,71119
2026-04-01 12:15:59,-113.0658,53.5159,110.5,15251.0,-53.0,-85.2,-80.5,1,2,0.0,274,14.4,14.364922323741471,-1.0044932219154032,71119
2026-04-01 12:16:00,-113.0656,53.5159,110.5,15255.0,-53.0,-85.2,-80.5,1,2,0.0,274,14.2,14.165409513689504,-0.9905419271665781,71119
2026-04-01 12:16:01,-113.0654,53.5159,110.4,15259.0,-53.1,-85.2,-80.4,1,2,0.0,274,14.1,14.065653108663522,-0.9835662797921656,71119
2026-04-01 12:16:02,-113.0652,53.5159,110.3,15263.0,-53.1,-85.2,-80.4,1,2,0.0,274,14.0,13.96589670363754,-0.9765906324177531,71119
2026-04-01 12:16:03,-113.065,53.5159,110.3,15267.0,-53.1,-85.2,-80.4,1,2,0.0,274,13.9,13.866140298611558,-0.9696149850433405,71119
2026-04-01 12:16:04,-113.0648,53.5159,110.2,15271.0,-53.1,-85.2,-80.4,1,2,0.0,274,13.8,13.766383893585576,-0.9626393376689281,71119
2026-04-01 12:16:05,-113.0646,53.5159,110.1,15275.0,-53.2,-85.2,-80.4,1,2,0.0,274,13.6,13.566871083533611,-0.948688042920103,71119
2026-04-01 12:16:06,-113.0644,53.5159,110.1,15279.0,-53.2,-85.2,-80.4,1,2,0.0,274,13.5,13.467114678507627,-0.9417123955456904,71119
2026-04-01 12:16:07,-113.0642,53.5159,110.0,15283.0,-53.2,-85.2,-80.4,1,2,0.0,274,13.4,13.367358273481646,-0.9347367481712779,71119
2026-04-01 12:16:08,-113.064,53.5159,109.9,15287.0,-53.2,-85.2,-80.4,1,2,0.0,274,13.3,13.267601868455664,-0.9277611007968655,71119
2026-04-01 12:16:09,-113.0638,53.5159,109.9,15291.0,-53.3,-85.2,-80.4,1,2,0.0,273,13.2,13.181909858760374,-0.69083462240686,71119
2026-04-01 12:16:10,-113.0636,53.5158,109.8,15295.0,-53.3,-85.2,-80.4,1,2,0.0,273,13.1,13.082046905284917,-0.6856010267825656,71119
2026-04-01 12:16:11,-113.0634,53.5158,109.7,15299.0,-53.3,-85.2,-80.4,1,2,0.0,273,13.0,12.98218395180946,-0.6803674311582713,71119
2026-04-01 12:16:12,-113.0633,53.5158,109.7,15303.0,-53.3,-85.2,-80.4,1,2,0.0,273,12.9,12.882320998334002,-0.6751338355339769,71119
2026-04-01 12:16:13,-113.0631,53.5158,109.6,15306.0,-53.3,-85.2,-80.4,1,2,0.0,273,12.8,12.782458044858545,-0.6699002399096825,71119
2026-04-01 12:16:14,-113.0629,53.5158,109.5,15310.0,-53.4,-85.2,-80.4,1,2,0.0,273,12.7,12.682595091383087,-0.664666644285388,71119
2026-04-01 12:16:15,-113.0627,53.5158,109.5,15314.0,-53.4,-85.2,-80.4,1,2,0.0,273,12.6,12.58273213790763,-0.6594330486610936,71119
2026-04-01 12:16:16,-113.0625,53.5158,109.4,15318.0,-53.4,-85.2,-80.4,1,2,0.0,272,12.5,12.492385337738696,-0.436243708781266,71119
2026-04-01 12:16:17,-113.0624,53.5158,109.3,15322.0,-53.4,-85.1,-80.4,1,2,0.0,272,12.5,12.492385337738696,-0.436243708781266,71119
2026-04-01 12:16:18,-113.0622,53.5158,109.3,15326.0,-53.5,-85.1,-80.4,1,2,0.0,272,12.4,12.392446255036788,-0.4327537591110159,71119
2026-04-01 12:16:19,-113.062,53.5158,109.2,15330.0,-53.5,-85.2,-80.4,1,2,0.0,272,12.3,12.29250717233488,-0.4292638094407658,71119
2026-04-01 12:16:20,-113.0618,53.5158,109.1,15333.0,-53.5,-85.2,-80.4,1,2,0.0,272,12.3,12.29250717233488,-0.4292638094407658,71119
2026-04-01 12:16:21,-113.0616,53.5158,109.1,15337.0,-53.5,-85.2,-80.4,1,2,0.0,271,12.2,12.198141880907972,-0.21291935853485416,71119
2026-04-01 12:16:22,-113.0614,53.5158,109.0,15341.0,-53.6,-85.2,-80.4,1,2,0.0,271,12.2,12.198141880907972,-0.21291935853485416,71119
2026-04-01 12:16:23,-113.0612,53.5158,109.0,15344.0,-53.6,-85.2,-80.4,1,2,0.0,271,12.1,12.098157111392334,-0.21117411789112586,71119
2026-04-01 12:16:24,-113.061,53.5158,108.9,15348.0,-53.6,-85.2,-80.4,1,2,0.0,271,12.1,12.098157111392334,-0.21117411789112586,71119
2026-04-01 12:16:25,-113.0609,53.5158,108.8,15352.0,-53.6,-85.2,-80.4,1,2,0.0,271,12.0,11.998172341876696,-0.20942887724739756,71119
2026-04-01 12:16:26,-113.0607,53.5158,108.8,15356.0,-53.7,-85.2,-80.5,1,2,0.0,270,12.0,12.0,2.204364238465236e-15,71119
2026-04-01 12:16:27,-113.0605,53.5158,108.7,15360.0,-53.7,-85.2,-80.5,1,2,0.0,270,12.0,12.0,2.204364238465236e-15,71119
2026-04-01 12:16:28,-113.0603,53.5158,108.6,15363.0,-53.7,-85.2,-80.5,1,2,0.0,270,11.9,11.9,2.1859945364780254e-15,71119
2026-04-01 12:16:29,-113.0602,53.5158,108.6,15367.0,-53.7,-85.2,-80.5,1,2,0.0,270,11.9,11.9,2.1859945364780254e-15,71119
2026-04-01 12:16:30,-113.06,53.5158,108.5,15371.0,-53.8,-85.3,-80.5,1,2,0.0,269,11.9,11.898187572361056,0.20768363660367362,71119
2026-04-01 12:16:31,-113.0598,53.5158,108.4,15375.0,-53.8,-85.3,-80.5,1,2,0.0,269,11.9,11.898187572361056,0.20768363660367362,71119
2026-04-01 12:16:32,-113.0597,53.5157,108.4,15379.0,-53.8,-85.3,-80.5,1,2,0.0,269,11.9,11.898187572361056,0.20768363660367362,71119
2026-04-01 12:16:33,-113.0595,53.5157,108.3,15383.0,-53.9,-85.3,-80.5,1,2,0.0,269,11.9,11.898187572361056,0.20768363660367362,71119
2026-04-01 12:16:34,-113.0593,53.5157,108.2,15387.0,-53.9,-85.3,-80.5,1,2,0.0,268,11.9,11.89275084152724,0.4153040107597591,71119
2026-04-01 12:16:35,-113.0592,53.5157,108.2,15391.0,-53.9,-85.3,-80.6,1,2,0.0,268,11.9,11.89275084152724,0.4153040107597591,71119
2026-04-01 12:16:36,-113.059,53.5157,108.1,15395.0,-53.9,-85.3,-80.6,1,2,0.0,268,11.9,11.89275084152724,0.4153040107597591,71119
2026-04-01 12:16:37,-113.0588,53.5158,108.0,15399.0,-54.0,-85.3,-80.6,1,2,0.0,268,11.9,11.89275084152724,0.4153040107597591,71119
2026-04-01 12:16:38,-113.0586,53.5158,108.0,15402.0,-54.0,-85.4,-80.6,1,2,0.0,267,11.9,11.88369146357943,0.6227978792910372,71119
2026-04-01 12:16:39,-113.0584,53.5158,107.9,15406.0,-54.0,-85.4,-80.6,1,2,0.0,267,11.9,11.88369146357943,0.6227978792910372,71119
2026-04-01 12:16:40,-113.0583,53.5158,107.8,15410.0,-54.0,-85.4,-80.6,1,2,0.0,267,11.9,11.88369146357943,0.6227978792910372,71119
2026-04-01 12:16:41,-113.0581,53.5158,107.8,15414.0,-54.1,-85.4,-80.6,1,2,0.0,267,12.0,11.983554417054886,0.6280314749153317,71119
2026-04-01 12:16:42,-113.0579,53.5158,107.7,15418.0,-54.1,-85.4,-80.7,1,2,0.0,266,12.0,11.97076860311789,0.837077684929507,71119
2026-04-01 12:16:43,-113.0577,53.5158,107.6,15422.0,-54.1,-85.4,-80.7,1,2,0.0,266,12.0,11.97076860311789,0.837077684929507,71119
2026-04-01 12:16:44,-113.0576,53.5158,107.6,15426.0,-54.1,-85.5,-80.7,1,2,0.0,266,12.1,12.070525008143873,0.8440533323039195,71119
2026-04-01 12:16:45,-113.0574,53.5158,107.5,15430.0,-54.1,-85.5,-80.7,1,2,0.0,266,12.1,12.070525008143873,0.8440533323039195,71119
2026-04-01 12:16:46,-113.0572,53.5158,107.4,15434.0,-54.2,-85.5,-80.7,1,2,0.0,265,12.1,12.053955846910121,1.0545844872466648,71119
2026-04-01 12:16:47,-113.057,53.5158,107.4,15438.0,-54.2,-85.5,-80.8,1,2,0.0,265,12.2,12.153575316719294,1.0633000615214305,71119
2026-04-01 12:16:48,-113.0568,53.5159,107.3,15442.0,-54.2,-85.6,-80.8,1,2,0.0,265,12.2,12.153575316719294,1.0633000615214305,71119
2026-04-01 12:16:49,-113.0567,53.5159,107.2,15446.0,-54.2,-85.6,-80.8,1,2,0.0,265,12.3,12.253194786528471,1.0720156357961965,71119
2026-04-01 12:16:50,-113.0565,53.5159,107.2,15449.0,-54.2,-85.6,-80.8,1,2,0.0,265,12.3,12.253194786528471,1.0720156357961965,71119
2026-04-01 12:16:51,-113.0563,53.5159,107.1,15453.0,-54.1,-85.6,-80.8,1,2,0.0,264,12.4,12.33207150256659,1.2961529445189017,71119
2026-04-01 12:16:52,-113.0561,53.5159,107.1,15456.0,-54.0,-85.6,-80.8,1,2,0.0,264,12.4,12.33207150256659,1.2961529445189017,71119
2026-04-01 12:16:53,-113.0559,53.5159,107.0,15460.0,-53.9,-85.5,-80.7,1,2,0.0,264,12.4,12.33207150256659,1.2961529445189017,71119
2026-04-01 12:16:54,-113.0557,53.516,107.0,15463.0,-53.8,-85.4,-80.7,1,2,0.0,264,12.5,12.431523692103417,1.306605790845667,71119
2026-04-01 12:16:55,-113.0555,53.516,106.9,15467.0,-53.7,-85.4,-80.7,1,2,0.0,264,12.5,12.431523692103417,1.306605790845667,71119
2026-04-01 12:16:56,-113.0553,53.516,106.8,15472.0,-53.7,-85.4,-80.7,1,2,0.0,263,12.6,12.506081510680659,1.5355537269048543,71119
2026-04-01 12:16:57,-113.0551,53.516,106.7,15476.0,-53.7,-85.5,-80.7,1,2,0.0,263,12.6,12.506081510680659,1.5355537269048543,71119
2026-04-01 12:16:58,-113.0549,53.516,106.7,15479.0,-53.6,-85.5,-80.7,1,2,0.0,263,12.7,12.60533612584479,1.547740661245369,71119
2026-04-01 12:16:59,-113.0548,53.516,106.6,15483.0,-53.5,-85.4,-80.7,1,2,0.0,263,12.7,12.60533612584479,1.547740661245369,71119
2026-04-01 12:17:00,-113.0546,53.516,106.6,15487.0,-53.4,-85.4,-80.6,1,2,0.0,263,12.8,12.704590741008923,1.5599275955858838,71119
2026-04-01 12:17:01,-113.0544,53.516,106.5,15490.0,-53.4,-85.4,-80.6,1,2,0.0,263,12.8,12.704590741008923,1.5599275955858838,71119
2026-04-01 12:17:02,-113.0542,53.516,106.4,15494.0,-53.3,-85.4,-80.6,1,2,0.0,263,12.9,12.803845356173055,1.5721145299263986,71119
2026-04-01 12:17:03,-113.054,53.516,106.4,15498.0,-53.3,-85.4,-80.6,1,2,0.0,263,12.9,12.803845356173055,1.5721145299263986,71119
2026-04-01 12:17:04,-113.0538,53.5161,106.3,15502.0,-53.3,-85.4,-80.6,1,2,0.0,263,13.0,12.903099971337188,1.5843014642669133,71119
2026-04-01 12:17:05,-113.0536,53.5161,106.2,15507.0,-53.3,-85.4,-80.6,1,2,0.0,263,13.0,12.903099971337188,1.5843014642669133,71119
2026-04-01 12:17:06,-113.0534,53.5161,106.2,15511.0,-53.3,-85.4,-80.6,1,2,0.0,263,13.0,12.903099971337188,1.5843014642669133,71119
2026-04-01 12:17:07,-113.0532,53.5161,106.1,15515.0,-53.3,-85.4,-80.6,1,2,0.0,263,13.1,13.002354586501319,1.5964883986074279,71119
2026-04-01 12:17:08,-113.053,53.5162,106.0,15519.0,-53.3,-85.4,-80.7,1,2,0.0,263,13.1,13.002354586501319,1.5964883986074279,71119
2026-04-01 12:17:09,-113.0528,53.5162,106.0,15523.0,-53.3,-85.4,-80.7,1,2,0.0,263,13.2,13.10160920166545,1.6086753329479426,71119
2026-04-01 12:17:10,-113.0526,53.5162,105.9,15527.0,-53.4,-85.4,-80.7,1,2,0.0,263,13.3,13.200863816829585,1.6208622672884574,71119
2026-04-01 12:17:11,-113.0524,53.5163,105.8,15531.0,-53.4,-85.4,-80.7,1,2,0.0,263,13.3,13.200863816829585,1.6208622672884574,71119
2026-04-01 12:17:12,-113.0522,53.5163,105.8,15535.0,-53.4,-85.4,-80.7,1,2,0.0,263,13.4,13.300118431993717,1.6330492016289722,71119
2026-04-01 12:17:13,-113.052,53.5163,105.7,15539.0,-53.4,-85.4,-80.7,1,2,0.0,263,13.4,13.300118431993717,1.6330492016289722,71119
2026-04-01 12:17:14,-113.0518,53.5163,105.6,15543.0,-53.4,-85.4,-80.7,1,2,0.0,263,13.5,13.399373047157848,1.6452361359694867,71119
2026-04-01 12:17:15,-113.0516,53.5163,105.6,15547.0,-53.4,-85.4,-80.7,1,2,0.0,264,13.6,13.525497777008518,1.4215871004400857,71119
2026-04-01 12:17:16,-113.0515,53.5163,105.5,15551.0,-53.4,-85.4,-80.7,1,2,0.0,264,13.6,13.525497777008518,1.4215871004400857,71119
2026-04-01 12:17:17,-113.0513,53.5163,105.4,15554.0,-53.4,-85.4,-80.7,1,2,0.0,264,13.7,13.624949966545344,1.432039946766851,71119
2026-04-01 12:17:18,-113.0511,53.5163,105.4,15558.0,-53.4,-85.4,-80.6,1,2,0.0,264,13.8,13.724402156082174,1.4424927930936164,71119
2026-04-01 12:17:19,-113.0509,53.5163,105.3,15563.0,-53.4,-85.4,-80.6,1,2,0.0,264,13.8,13.724402156082174,1.4424927930936164,71119
2026-04-01 12:17:20,-113.0506,53.5163,105.2,15567.0,-53.4,-85.3,-80.6,1,2,0.0,265,13.9,13.847106303475263,1.2114648241924497,71119
2026-04-01 12:17:21,-113.0504,53.5163,105.2,15571.0,-53.4,-85.3,-80.6,1,2,0.0,265,14.0,13.946725773284438,1.2201803984672155,71119
2026-04-01 12:17:22,-113.0502,53.5164,105.1,15575.0,-53.4,-85.3,-80.6,1,2,0.0,265,14.1,14.046345243093612,1.2288959727419813,71119
2026-04-01 12:17:23,-113.05,53.5164,105.0,15579.0,-53.4,-85.3,-80.6,1,2,0.0,265,14.2,14.145964712902787,1.237611547016747,71119
2026-04-01 12:17:24,-113.0498,53.5164,105.0,15584.0,-53.4,-85.3,-80.6,1,2,0.0,265,14.3,14.245584182711962,1.246327121291513,71119
2026-04-01 12:17:25,-113.0496,53.5164,104.9,15588.0,-53.4,-85.4,-80.6,1,2,0.0,266,14.3,14.265165918715487,0.9975175745409959,71119
2026-04-01 12:17:26,-113.0494,53.5164,104.8,15593.0,-53.4,-85.4,-80.6,1,2,0.0,266,14.4,14.36492232374147,1.0044932219154084,71119
2026-04-01 12:17:27,-113.0491,53.5164,104.8,15597.0,-53.5,-85.4,-80.6,1,2,0.0,266,14.5,14.464678728767451,1.0114688692898208,71119
2026-04-01 12:17:28,-113.0489,53.5164,104.7,15601.0,-53.5,-85.4,-80.6,1,2,0.0,266,14.6,14.564435133793433,1.0184445166642335,71119
2026-04-01 12:17:29,-113.0487,53.5164,104.6,15605.0,-53.5,-85.4,-80.7,1,2,0.0,266,14.7,14.664191538819415,1.025420164038646,71119
2026-04-01 12:17:30,-113.0485,53.5164,104.6,15609.0,-53.6,-85.4,-80.7,1,2,0.0,266,14.8,14.763947943845398,1.0323958114130587,71119
2026-04-01 12:17:31,-113.0482,53.5164,104.5,15612.0,-53.6,-85.4,-80.7,1,2,0.0,266,14.9,14.86370434887138,1.0393714587874712,71119
2026-04-01 12:17:32,-113.048,53.5164,104.4,15616.0,-53.6,-85.4,-80.7,1,2,0.0,267,15.0,14.979443021318607,0.7850393436441646,71119
2026-04-01 12:17:33,-113.0478,53.5164,104.4,15620.0,-53.6,-85.4,-80.7,1,2,0.0,267,15.1,15.079305974794064,0.790272939268459,71119
2026-04-01 12:17:34,-113.0475,53.5164,104.3,15624.0,-53.7,-85.5,-80.7,1,2,0.0,267,15.1,15.079305974794064,0.790272939268459,71119
2026-04-01 12:17:35,-113.0473,53.5164,104.2,15628.0,-53.7,-85.5,-80.7,1,2,0.0,267,15.2,15.179168928269522,0.7955065348927535,71119
2026-04-01 12:17:36,-113.0471,53.5165,104.2,15632.0,-53.7,-85.5,-80.7,1,2,0.0,267,15.3,15.27903188174498,0.800740130517048,71119
2026-04-01 12:17:37,-113.0468,53.5165,104.1,15636.0,-53.7,-85.5,-80.7,1,2,0.0,267,15.4,15.378894835220438,0.8059737261413423,71119
2026-04-01 12:17:38,-113.0466,53.5165,104.0,15640.0,-53.7,-85.5,-80.7,1,2,0.0,267,15.5,15.478757788695894,0.8112073217656367,71119
2026-04-01 12:17:39,-113.0464,53.5165,104.0,15644.0,-53.7,-85.5,-80.7,1,2,0.0,267,15.5,15.478757788695894,0.8112073217656367,71119
2026-04-01 12:17:40,-113.0461,53.5165,103.9,15648.0,-53.7,-85.5,-80.7,1,2,0.0,268,15.6,15.590496901497893,0.5444321485590119,71119
2026-04-01 12:17:41,-113.0459,53.5165,103.8,15653.0,-53.8,-85.5,-80.7,1,2,0.0,268,15.7,15.690435984199803,0.547922098229262,71119
2026-04-01 12:17:42,-113.0456,53.5165,103.8,15657.0,-53.8,-85.5,-80.7,1,2,0.0,268,15.8,15.790375066901714,0.551412047899512,71119
2026-04-01 12:17:43,-113.0454,53.5165,103.7,15661.0,-53.8,-85.5,-80.7,1,2,0.0,268,15.8,15.790375066901714,0.551412047899512,71119
2026-04-01 12:17:44,-113.0452,53.5165,103.6,15665.0,-53.8,-85.5,-80.7,1,2,0.0,268,15.9,15.890314149603624,0.5549019975697621,71119
2026-04-01 12:17:45,-113.0449,53.5165,103.6,15669.0,-53.8,-85.5,-80.7,1,2,0.0,268,16.0,15.990253232305532,0.5583919472400122,71119
2026-04-01 12:17:46,-113.0447,53.5165,103.5,15673.0,-53.8,-85.5,-80.7,1,2,0.0,268,16.0,15.990253232305532,0.5583919472400122,71119
2026-04-01 12:17:47,-113.0444,53.5165,103.4,15678.0,-53.8,-85.4,-80.7,1,2,0.0,269,16.1,16.0975478920179,0.28098374364026435,71119
2026-04-01 12:17:48,-113.0442,53.5165,103.4,15682.0,-53.8,-85.4,-80.7,1,2,0.0,269,16.1,16.0975478920179,0.28098374364026435,71119
2026-04-01 12:17:49,-113.0439,53.5165,103.3,15686.0,-53.8,-85.4,-80.7,1,2,0.0,269,16.2,16.197532661533536,0.2827289842839927,71119
2026-04-01 12:17:50,-113.0437,53.5165,103.3,15689.0,-53.8,-85.4,-80.7,1,2,0.0,269,16.2,16.197532661533536,0.2827289842839927,71119
2026-04-01 12:17:51,-113.0434,53.5165,103.2,15693.0,-53.8,-85.4,-80.7,1,2,0.0,269,16.3,16.29751743104918,0.284474224927721,71119
2026-04-01 12:17:52,-113.0432,53.5165,103.1,15696.0,-53.8,-85.4,-80.7,1,2,0.0,270,16.3,16.3,2.9942614239152784e-15,71119
2026-04-01 12:17:53,-113.0429,53.5165,103.1,15700.0,-53.9,-85.4,-80.7,1,2,0.0,270,16.3,16.3,2.9942614239152784e-15,71119
2026-04-01 12:17:54,-113.0427,53.5165,103.0,15704.0,-53.9,-85.4,-80.7,1,2,0.0,270,16.4,16.4,3.0126311259024884e-15,71119
2026-04-01 12:17:55,-113.0425,53.5165,103.0,15708.0,-53.9,-85.5,-80.7,1,2,0.0,270,16.4,16.4,3.0126311259024884e-15,71119
2026-04-01 12:17:56,-113.0422,53.5165,102.9,15712.0,-53.9,-85.5,-80.7,1,2,0.0,270,16.4,16.4,3.0126311259024884e-15,71119
2026-04-01 12:17:57,-113.042,53.5165,102.8,15716.0,-53.9,-85.5,-80.7,1,2,0.0,271,16.4,16.397502200564816,-0.2862194655714433,71119
2026-04-01 12:17:58,-113.0418,53.5165,102.8,15720.0,-53.9,-85.5,-80.7,1,2,0.0,271,16.4,16.397502200564816,-0.2862194655714433,71119
2026-04-01 12:17:59,-113.0415,53.5165,102.7,15724.0,-53.9,-85.5,-80.7,1,2,0.0,271,16.5,16.497486970080455,-0.2879647062151717,71119
2026-04-01 12:18:00,-113.0413,53.5165,102.6,15728.0,-54.0,-85.5,-80.7,1,2,0.0,272,16.5,16.48994864581508,-0.5758416955912712,71119
2026-04-01 12:18:01,-113.041,53.5165,102.6,15732.0,-54.0,-85.5,-80.7,1,2,0.0,272,16.5,16.48994864581508,-0.5758416955912712,71119
2026-04-01 12:18:02,-113.0407,53.5165,102.5,15735.0,-54.0,-85.5,-80.8,1,2,0.0,272,16.5,16.48994864581508,-0.5758416955912712,71119
2026-04-01 12:18:03,-113.0405,53.5165,102.5,15739.0,-54.0,-85.5,-80.8,1,2,0.0,272,16.4,16.390009563113168,-0.572351745921021,71119
2026-04-01 12:18:04,-113.0402,53.5165,102.4,15743.0,-54.0,-85.5,-80.8,1,2,0.0,273,16.4,16.37752436997501,-0.8583096823842806,71119
2026-04-01 12:18:05,-113.0399,53.5165,102.3,15747.0,-54.1,-85.6,-80.8,1,2,0.0,273,16.4,16.37752436997501,-0.8583096823842806,71119
2026-04-01 12:18:06,-113.0397,53.5165,102.3,15750.0,-54.1,-85.6,-80.8,1,2,0.0,273,16.4,16.37752436997501,-0.8583096823842806,71119
2026-04-01 12:18:07,-113.0394,53.5165,102.2,15754.0,-54.1,-85.6,-80.8,1,2,0.0,273,16.4,16.37752436997501,-0.8583096823842806,71119
2026-04-01 12:18:08,-113.0392,53.5165,102.2,15758.0,-54.1,-85.6,-80.8,1,2,0.0,274,16.3,16.260294019235136,-1.1370305220292412,71119
2026-04-01 12:18:09,-113.0389,53.5165,102.1,15762.0,-54.1,-85.6,-80.8,1,2,0.0,274,16.3,16.260294019235136,-1.1370305220292412,71119
2026-04-01 12:18:10,-113.0387,53.5164,102.0,15766.0,-54.1,-85.6,-80.8,1,2,0.0,274,16.2,16.160537614209154,-1.1300548746548285,71119
2026-04-01 12:18:11,-113.0385,53.5164,102.0,15770.0,-54.0,-85.6,-80.8,1,2,0.0,275,16.2,16.138354109086276,-1.4119230325120578,71119
2026-04-01 12:18:12,-113.0382,53.5164,101.9,15774.0,-54.0,-85.6,-80.8,1,2,0.0,275,16.1,16.038734639277106,-1.4032074582372922,71119
2026-04-01 12:18:13,-113.038,53.5164,101.8,15778.0,-54.0,-85.6,-80.8,1,2,0.0,275,16.1,16.038734639277106,-1.4032074582372922,71119
2026-04-01 12:18:14,-113.0378,53.5164,101.8,15782.0,-53.9,-85.6,-80.8,1,2,0.0,275,16.0,15.939115169467929,-1.3944918839625262,71119
2026-04-01 12:18:15,-113.0375,53.5163,101.7,15786.0,-53.9,-85.6,-80.8,1,2,0.0,276,15.9,15.812898136355548,-1.6620025659556825,71119
2026-04-01 12:18:16,-113.0373,53.5163,101.7,15790.0,-53.9,-85.6,-80.8,1,2,0.0,276,15.9,15.812898136355548,-1.6620025659556825,71119
2026-04-01 12:18:17,-113.037,53.5163,101.6,15793.0,-53.9,-85.6,-80.8,1,2,0.0,276,15.8,15.713445946818721,-1.6515497196289173,71119
2026-04-01 12:18:18,-113.0368,53.5163,101.5,15797.0,-53.9,-85.6,-80.8,1,2,0.0,277,15.7,15.582974580768754,-1.9133486914608187,71119
2026-04-01 12:18:19,-113.0365,53.5163,101.5,15801.0,-53.9,-85.6,-80.8,1,2,0.0,277,15.6,15.483719965604623,-1.9011617571203039,71119
2026-04-01 12:18:20,-113.0363,53.5163,101.4,15804.0,-53.9,-85.6,-80.8,1,2,0.0,277,15.6,15.483719965604623,-1.9011617571203039,71119
2026-04-01 12:18:21,-113.0361,53.5162,101.4,15808.0,-53.8,-85.6,-80.8,1,2,0.0,277,15.5,15.384465350440491,-1.8889748227797891,71119
2026-04-01 12:18:22,-113.0359,53.5162,101.3,15812.0,-53.8,-85.6,-80.8,1,2,0.0,277,15.4,15.285210735276358,-1.8767878884392744,71119
2026-04-01 12:18:23,-113.0357,53.5162,101.2,15816.0,-53.8,-85.5,-80.8,1,2,0.0,278,15.3,15.151101451746028,-2.129348444689002,71119
2026-04-01 12:18:24,-113.0354,53.5162,101.2,15819.0,-53.8,-85.5,-80.8,1,2,0.0,278,15.2,15.052074644871869,-2.115431134592995,71119
2026-04-01 12:18:25,-113.0352,53.5161,101.1,15823.0,-53.8,-85.5,-80.8,1,2,0.0,278,15.1,14.953047837997712,-2.1015138244969886,71119
2026-04-01 12:18:26,-113.035,53.5161,101.1,15826.0,-53.8,-85.5,-80.8,1,2,0.0,278,15.1,14.953047837997712,-2.1015138244969886,71119
2026-04-01 12:18:27,-113.0348,53.5161,101.0,15829.0,-53.8,-85.5,-80.8,1,2,0.0,278,15.0,14.854021031123555,-2.087596514400982,71119
2026-04-01 12:18:28,-113.0346,53.5161,101.0,15833.0,-53.8,-85.5,-80.8,1,2,0.0,278,14.9,14.7549942242494,-2.0736792043049754,71119
2026-04-01 12:18:29,-113.0343,53.5161,100.9,15837.0,-53.8,-85.6,-80.8,1,2,0.0,278,14.8,14.655967417375242,-2.059761894208969,71119
2026-04-01 12:18:30,-113.0341,53.5161,100.8,15841.0,-53.8,-85.6,-80.8,1,2,0.0,278,14.8,14.655967417375242,-2.059761894208969,71119
2026-04-01 12:18:31,-113.0339,53.5161,100.8,15845.0,-53.8,-85.6,-80.8,1,2,0.0,278,14.7,14.556940610501083,-2.045844584112962,71119
2026-04-01 12:18:32,-113.0336,53.516,100.7,15849.0,-53.8,-85.6,-80.8,1,2,0.0,278,14.6,14.457913803626926,-2.031927274016956,71119
2026-04-01 12:18:33,-113.0334,53.516,100.7,15853.0,-53.8,-85.6,-80.8,1,2,0.0,278,14.6,14.457913803626926,-2.031927274016956,71119
2026-04-01 12:18:34,-113.0332,53.516,100.6,15857.0,-53.8,-85.6,-80.8,1,2,0.0,278,14.5,14.358886996752771,-2.0180099639209494,71119
2026-04-01 12:18:35,-113.033,53.516,100.5,15861.0,-53.8,-85.6,-80.8,1,2,0.0,278,14.4,14.259860189878614,-2.0040926538249426,71119
2026-04-01 12:18:36,-113.0328,53.516,100.5,15865.0,-53.8,-85.6,-80.8,1,2,0.0,278,14.4,14.259860189878614,-2.0040926538249426,71119
2026-04-01 12:18:37,-113.0326,53.5159,100.4,15869.0,-53.8,-85.6,-80.8,1,2,0.0,278,14.3,14.160833383004457,-1.9901753437289362,71119
2026-04-01 12:18:38,-113.0324,53.5159,100.3,15873.0,-53.8,-85.5,-80.8,1,2,0.0,278,14.3,14.160833383004457,-1.9901753437289362,71119
2026-04-01 12:18:39,-113.0322,53.5159,100.3,15877.0,-53.7,-85.5,-80.8,1,2,0.0,278,14.2,14.061806576130298,-1.9762580336329296,71119
2026-04-01 12:18:40,-113.032,53.5158,100.2,15881.0,-53.7,-85.5,-80.8,1,2,0.0,278,14.1,13.962779769256143,-1.962340723536923,71119
2026-04-01 12:18:41,-113.0319,53.5158,100.2,15885.0,-53.7,-85.5,-80.8,1,2,0.0,278,14.1,13.962779769256143,-1.962340723536923,71119
2026-04-01 12:18:42,-113.0317,53.5158,100.1,15889.0,-53.7,-85.5,-80.8,1,2,0.0,278,14.0,13.863752962381986,-1.9484234134409166,71119
2026-04-01 12:18:42,-113.0316,53.5158,100.0,15893.0,-53.6,-85.5,-80.7,1,2,0.0,277,14.0,13.895646122978508,-1.7061708076720676,71119
2026-04-01 12:18:43,-113.0314,53.5158,100.0,15895.0,-53.6,-85.5,-80.7,1,2,0.0,277,14.0,13.895646122978508,-1.7061708076720676,71119
2026-04-01 12:18:44,-113.0312,53.5157,100.0,15897.0,-53.6,-85.4,-80.7,1,2,0.0,277,14.0,13.895646122978508,-1.7061708076720676,71119
2026-04-01 12:18:45,-113.031,53.5157,99.9,15902.0,-53.5,-85.4,-80.6,1,2,0.0,277,13.9,13.796391507814375,-1.6939838733315529,71119
2026-04-01 12:18:46,-113.0308,53.5157,99.8,15906.0,-53.4,-85.4,-80.6,1,2,0.0,277,13.9,13.796391507814375,-1.6939838733315529,71119
2026-04-01 12:18:47,-113.0306,53.5157,99.8,15910.0,-53.4,-85.4,-80.6,1,2,0.0,277,13.8,13.697136892650244,-1.681796938991038,71119
2026-04-01 12:18:48,-113.0304,53.5157,99.7,15914.0,-53.4,-85.3,-80.6,1,2,0.0,277,13.8,13.697136892650244,-1.681796938991038,71119
2026-04-01 12:18:49,-113.0302,53.5157,99.6,15918.0,-53.3,-85.3,-80.5,1,2,0.0,277,13.7,13.59788227748611,-1.6696100046505231,71119
2026-04-01 12:18:50,-113.03,53.5157,99.6,15922.0,-53.3,-85.3,-80.5,1,2,0.0,277,13.7,13.59788227748611,-1.6696100046505231,71119
2026-04-01 12:18:51,-113.0298,53.5157,99.5,15926.0,-53.3,-85.3,-80.5,1,2,0.0,277,13.6,13.49862766232198,-1.6574230703100086,71119
2026-04-01 12:18:52,-113.0295,53.5157,99.5,15930.0,-53.2,-85.2,-80.5,1,2,0.0,277,13.6,13.49862766232198,-1.6574230703100086,71119
2026-04-01 12:18:53,-113.0293,53.5157,99.4,15934.0,-53.2,-85.2,-80.5,1,2,0.0,277,13.5,13.399373047157846,-1.6452361359694938,71119
2026-04-01 12:18:54,-113.0291,53.5157,99.3,15938.0,-53.2,-85.2,-80.4,1,2,0.0,277,13.5,13.399373047157846,-1.6452361359694938,71119
2026-04-01 12:18:55,-113.0289,53.5157,99.3,15942.0,-53.2,-85.2,-80.5,1,2,0.0,277,13.4,13.300118431993715,-1.633049201628979,71119
2026-04-01 12:18:56,-113.0287,53.5157,99.2,15946.0,-53.2,-85.2,-80.5,1,2,0.0,278,13.4,13.269592121137043,-1.8649195528648772,71119
2026-04-01 12:18:57,-113.0285,53.5157,99.2,15949.0,-53.2,-85.3,-80.5,1,2,0.0,278,13.3,13.170565314262886,-1.8510022427688708,71119
2026-04-01 12:18:58,-113.0283,53.5157,99.1,15953.0,-53.2,-85.3,-80.5,1,2,0.0,278,13.3,13.170565314262886,-1.8510022427688708,71119
2026-04-01 12:18:59,-113.0281,53.5157,99.0,15957.0,-53.3,-85.3,-80.6,1,2,0.0,278,13.2,13.071538507388729,-1.837084932672864,71119
2026-04-01 12:19:00,-113.0279,53.5157,99.0,15961.0,-53.3,-85.3,-80.6,1,2,0.0,279,13.2,13.037486095855819,-2.064934938531045,71119
2026-04-01 12:19:01,-113.0277,53.5156,98.9,15965.0,-53.3,-85.4,-80.6,1,2,0.0,279,13.2,13.037486095855819,-2.064934938531045,71119
2026-04-01 12:19:02,-113.0275,53.5156,98.9,15969.0,-53.3,-85.4,-80.6,1,2,0.0,280,13.1,12.900981564459926,-2.2747911274367825,71119
2026-04-01 12:19:03,-113.0273,53.5156,98.8,15973.0,-53.4,-85.4,-80.7,1,2,0.0,280,13.1,12.900981564459926,-2.2747911274367825,71119
2026-04-01 12:19:04,-113.0272,53.5155,98.7,15977.0,-53.4,-85.5,-80.7,1,2,0.0,281,13.1,12.859316103164396,-2.4995978394327407,71119
2026-04-01 12:19:05,-113.027,53.5155,98.7,15980.0,-53.4,-85.5,-80.7,1,2,0.0,281,13.1,12.859316103164396,-2.4995978394327407,71119
2026-04-01 12:19:06,-113.0268,53.5155,98.6,15984.0,-53.4,-85.5,-80.7,1,2,0.0,282,13.0,12.715918809539472,-2.702851980630873,71119
2026-04-01 12:19:07,-113.0267,53.5154,98.6,15988.0,-53.4,-85.5,-80.7,1,2,0.0,282,13.0,12.715918809539472,-2.702851980630873,71119
2026-04-01 12:19:08,-113.0265,53.5154,98.5,15992.0,-53.3,-85.5,-80.7,1,2,0.0,283,13.0,12.666810842208058,-2.924363706470244,71119
2026-04-01 12:19:09,-113.0263,53.5154,98.5,15996.0,-53.2,-85.4,-80.6,1,2,0.0,283,13.0,12.666810842208058,-2.924363706470244,71119
2026-04-01 12:19:10,-113.0262,53.5154,98.4,16000.0,-53.1,-85.3,-80.6,1,2,0.0,284,13.0,12.613844441587956,-3.1449846427956767,71119
2026-04-01 12:19:11,-113.026,53.5153,98.3,16004.0,-53.0,-85.3,-80.5,1,2,0.0,284,13.0,12.613844441587956,-3.1449846427956767,71119
2026-04-01 12:19:12,-113.0258,53.5153,98.3,16008.0,-53.0,-85.3,-80.5,1,2,0.0,285,13.0,12.55703574175789,-3.364647586332764,71119
2026-04-01 12:19:13,-113.0255,53.5153,98.2,16012.0,-53.0,-85.3,-80.5,1,2,0.0,285,13.0,12.55703574175789,-3.364647586332764,71119
2026-04-01 12:19:14,-113.0253,53.5152,98.1,16016.0,-53.0,-85.3,-80.5,1,2,0.0,286,13.0,12.496402047198144,-3.583285625620992,71119
2026-04-01 12:19:15,-113.0251,53.5152,98.1,16021.0,-53.0,-85.3,-80.5,1,2,0.0,286,13.0,12.496402047198144,-3.583285625620992,71119
2026-04-01 12:19:16,-113.0249,53.5152,98.0,16025.0,-53.0,-85.3,-80.5,1,2,0.0,287,13.0,12.43196182751946,-3.800832161395577,71119
2026-04-01 12:19:17,-113.0247,53.5151,97.9,16029.0,-53.0,-85.3,-80.5,1,2,0.0,287,13.0,12.43196182751946,-3.800832161395577,71119
2026-04-01 12:19:18,-113.0245,53.5151,97.9,16033.0,-53.0,-85.3,-80.5,1,2,0.0,288,13.0,12.363734711836997,-4.017220926874314,71119
2026-04-01 12:19:19,-113.0244,53.515,97.8,16037.0,-53.0,-85.3,-80.5,1,2,0.0,288,13.0,12.363734711836997,-4.017220926874314,71119
2026-04-01 12:19:20,-113.0242,53.515,97.8,16041.0,-53.0,-85.3,-80.5,1,2,0.0,289,13.0,12.29174148279112,-4.232386007943032,71119
2026-04-01 12:19:21,-113.024,53.5149,97.7,16044.0,-53.0,-85.3,-80.5,1,2,0.0,289,13.0,12.29174148279112,-4.232386007943032,71119
2026-04-01 12:19:22,-113.0238,53.5149,97.7,16048.0,-53.0,-85.3,-80.5,1,2,0.0,289,13.0,12.29174148279112,-4.232386007943032,71119
2026-04-01 12:19:23,-113.0236,53.5149,97.6,16052.0,-53.0,-85.2,-80.5,1,2,0.0,290,13.0,12.216004070216808,-4.446261863233697,71119
2026-04-01 12:19:24,-113.0234,53.5148,97.5,16056.0,-53.0,-85.2,-80.5,1,2,0.0,290,13.0,12.216004070216808,-4.446261863233697,71119
2026-04-01 12:19:25,-113.0232,53.5148,97.5,16060.0,-53.0,-85.2,-80.4,1,2,0.0,290,13.0,12.216004070216808,-4.446261863233697,71119
2026-04-01 12:19:26,-113.0231,53.5148,97.4,16064.0,-53.0,-85.2,-80.4,1,2,0.0,291,13.0,12.136545544463623,-4.658783344088905,71119
2026-04-01 12:19:27,-113.0229,53.5147,97.3,16068.0,-53.0,-85.2,-80.5,1,2,0.0,291,13.0,12.136545544463623,-4.658783344088905,71119
2026-04-01 12:19:28,-113.0227,53.5147,97.3,16072.0,-53.1,-85.2,-80.5,1,2,0.0,291,13.0,12.136545544463623,-4.658783344088905,71119
2026-04-01 12:19:29,-113.0225,53.5146,97.2,16076.0,-53.1,-85.2,-80.5,1,2,0.0,291,13.0,12.136545544463623,-4.658783344088905,71119
2026-04-01 12:19:30,-113.0224,53.5146,97.2,16081.0,-53.1,-85.2,-80.5,1,2,0.0,292,12.9,11.960671723911558,-4.832425055065264,71119
2026-04-01 12:19:31,-113.0222,53.5145,97.1,16085.0,-53.1,-85.2,-80.5,1,2,0.0,292,12.9,11.960671723911558,-4.832425055065264,71119
2026-04-01 12:19:32,-113.022,53.5144,97.0,16089.0,-53.1,-85.2,-80.5,1,2,0.0,292,12.9,11.960671723911558,-4.832425055065264,71119
2026-04-01 12:19:33,-113.0218,53.5144,97.0,16093.0,-53.2,-85.2,-80.5,1,2,0.0,292,12.9,11.960671723911558,-4.832425055065264,71119
2026-04-01 12:19:34,-113.0217,53.5143,96.9,16097.0,-53.2,-85.2,-80.5,1,2,0.0,292,12.8,11.86795333845488,-4.794964395723674,71119
2026-04-01 12:19:35,-113.0215,53.5143,96.8,16101.0,-53.2,-85.2,-80.5,1,2,0.0,292,12.8,11.86795333845488,-4.794964395723674,71119
2026-04-01 12:19:36,-113.0213,53.5143,96.8,16105.0,-53.2,-85.3,-80.5,1,2,0.0,292,12.8,11.86795333845488,-4.794964395723674,71119
2026-04-01 12:19:37,-113.0211,53.5142,96.7,16110.0,-53.3,-85.3,-80.5,1,2,0.0,293,12.7,11.690411638845994,-4.962285331813773,71119
2026-04-01 12:19:38,-113.021,53.5142,96.7,16114.0,-53.3,-85.3,-80.5,1,2,0.0,293,12.7,11.690411638845994,-4.962285331813773,71119
2026-04-01 12:19:39,-113.0208,53.5142,96.6,16118.0,-53.3,-85.3,-80.5,1,2,0.0,293,12.7,11.690411638845994,-4.962285331813773,71119
2026-04-01 12:19:40,-113.0206,53.5141,96.5,16122.0,-53.2,-85.2,-80.5,1,2,0.0,293,12.7,11.690411638845994,-4.962285331813773,71119
2026-04-01 12:19:41,-113.0204,53.5141,96.5,16126.0,-53.2,-85.2,-80.4,1,2,0.0,293,12.6,11.59836115350075,-4.923212218964846,71119
2026-04-01 12:19:42,-113.0202,53.514,96.4,16131.0,-53.1,-85.2,-80.4,1,2,0.0,293,12.6,11.59836115350075,-4.923212218964846,71119
2026-04-01 12:19:43,-113.0201,53.514,96.3,16135.0,-53.1,-85.1,-80.4,1,2,0.0,293,12.6,11.59836115350075,-4.923212218964846,71119
2026-04-01 12:19:44,-113.0199,53.514,96.3,16139.0,-53.1,-85.1,-80.4,1,2,0.0,293,12.5,11.506310668155507,-4.884139106115919,71119
2026-04-01 12:19:45,-113.0197,53.5139,96.2,16143.0,-53.1,-85.2,-80.4,1,2,0.0,293,12.5,11.506310668155507,-4.884139106115919,71119
2026-04-01 12:19:46,-113.0196,53.5138,96.2,16147.0,-53.1,-85.2,-80.4,1,2,0.0,293,12.5,11.506310668155507,-4.884139106115919,71119
2026-04-01 12:19:47,-113.0194,53.5138,96.1,16151.0,-53.1,-85.2,-80.4,1,2,0.0,293,12.5,11.506310668155507,-4.884139106115919,71119
2026-04-01 12:19:48,-113.0192,53.5137,96.0,16155.0,-53.2,-85.2,-80.5,1,2,0.0,293,12.4,11.414260182810262,-4.845065993266991,71119
2026-04-01 12:19:49,-113.019,53.5137,96.0,16159.0,-53.2,-85.2,-80.5,1,2,0.0,292,12.4,11.497079796628164,-4.645121758357308,71119
2026-04-01 12:19:50,-113.0189,53.5136,95.9,16163.0,-53.2,-85.2,-80.5,1,2,0.0,292,12.4,11.497079796628164,-4.645121758357308,71119
2026-04-01 12:19:51,-113.0187,53.5136,95.9,16167.0,-53.2,-85.2,-80.5,1,2,0.0,292,12.3,11.404361411171486,-4.607661099015718,71119
2026-04-01 12:19:52,-113.0186,53.5136,95.8,16171.0,-53.2,-85.3,-80.5,1,2,0.0,292,12.3,11.404361411171486,-4.607661099015718,71119
2026-04-01 12:19:53,-113.0184,53.5136,95.7,16176.0,-53.3,-85.3,-80.5,1,2,0.0,292,12.3,11.404361411171486,-4.607661099015718,71119
2026-04-01 12:19:54,-113.0182,53.5135,95.7,16180.0,-53.3,-85.3,-80.6,1,2,0.0,292,12.2,11.311643025714806,-4.570200439674125,71119
2026-04-01 12:19:55,-113.018,53.5135,95.6,16184.0,-53.3,-85.3,-80.6,1,2,0.0,292,12.2,11.311643025714806,-4.570200439674125,71119
2026-04-01 12:19:56,-113.0179,53.5134,95.6,16188.0,-53.3,-85.3,-80.6,1,2,0.0,291,12.2,11.38968120326586,-4.372088984452664,71119
2026-04-01 12:19:57,-113.0177,53.5134,95.5,16191.0,-53.4,-85.4,-80.6,1,2,0.0,291,12.1,11.29632316061614,-4.3362521894981345,71119
2026-04-01 12:19:58,-113.0175,53.5133,95.4,16195.0,-53.4,-85.4,-80.6,1,2,0.0,291,12.1,11.29632316061614,-4.3362521894981345,71119
2026-04-01 12:19:59,-113.0173,53.5133,95.4,16199.0,-53.4,-85.4,-80.6,1,2,0.0,291,12.0,11.202965117966421,-4.300415394543604,71119
2026-04-01 12:20:00,-113.0172,53.5133,95.3,16203.0,-53.4,-85.4,-80.6,1,2,0.0,290,12.0,11.2763114494309,-4.104241719908028,71119
2026-04-01 12:20:01,-113.017,53.5132,95.3,16206.0,-53.4,-85.4,-80.7,1,2,0.0,290,11.9,11.18234218735231,-4.070039705575461,71119
2026-04-01 12:20:02,-113.0169,53.5132,95.2,16210.0,-53.5,-85.4,-80.7,1,2,0.0,290,11.9,11.18234218735231,-4.070039705575461,71119
2026-04-01 12:20:03,-113.0167,53.5131,95.2,16214.0,-53.4,-85.4,-80.7,1,2,0.0,290,11.8,11.088372925273719,-4.035837691242894,71119
2026-04-01 12:20:04,-113.0165,53.5131,95.1,16218.0,-53.4,-85.4,-80.6,1,2,0.0,289,11.7,11.062567334512007,-3.809147407148729,71119
2026-04-01 12:20:05,-113.0164,53.513,95.0,16221.0,-53.4,-85.4,-80.6,1,2,0.0,289,11.7,11.062567334512007,-3.809147407148729,71119
2026-04-01 12:20:06,-113.0162,53.513,95.0,16225.0,-53.4,-85.4,-80.6,1,2,0.0,288,11.6,11.032255589023782,-3.5845971347493877,71119
2026-04-01 12:20:07,-113.016,53.5129,94.9,16229.0,-53.4,-85.4,-80.6,1,2,0.0,288,11.5,10.937149937394267,-3.553695435311893,71119
2026-04-01 12:20:08,-113.0158,53.5129,94.9,16233.0,-53.4,-85.4,-80.6,1,2,0.0,288,11.5,10.937149937394267,-3.553695435311893,71119
2026-04-01 12:20:09,-113.0157,53.5129,94.8,16236.0,-53.4,-85.4,-80.6,1,2,0.0,287,11.4,10.901874217978603,-3.333037433839199,71119
2026-04-01 12:20:10,-113.0155,53.5129,94.8,16240.0,-53.4,-85.4,-80.6,1,2,0.0,287,11.3,10.806243742382302,-3.303800263366925,71119
2026-04-01 12:20:11,-113.0154,53.5129,94.7,16244.0,-53.5,-85.4,-80.6,1,2,0.0,286,11.3,10.862257164103003,-3.114702120732093,71119
2026-04-01 12:20:12,-113.0152,53.5129,94.7,16247.0,-53.4,-85.4,-80.6,1,2,0.0,286,11.2,10.76613099450917,-3.087138385150393,71119
2026-04-01 12:20:13,-113.015,53.5129,94.6,16251.0,-53.4,-85.4,-80.6,1,2,0.0,285,11.1,10.721776671808659,-2.8728914006379753,71119
2026-04-01 12:20:14,-113.0149,53.5129,94.6,16255.0,-53.4,-85.4,-80.6,1,2,0.0,285,11.1,10.721776671808659,-2.8728914006379753,71119
2026-04-01 12:20:15,-113.0147,53.5128,94.5,16259.0,-53.4,-85.4,-80.6,1,2,0.0,284,11.0,10.673252989035962,-2.661140851596342,71119
2026-04-01 12:20:16,-113.0145,53.5128,94.4,16264.0,-53.4,-85.4,-80.6,1,2,0.0,284,10.9,10.576223416408363,-2.6369486620363753,71119
2026-04-01 12:20:17,-113.0144,53.5128,94.4,16268.0,-53.5,-85.4,-80.6,1,2,0.0,283,10.8,10.523196699680541,-2.4294713869137414,71119
2026-04-01 12:20:18,-113.0142,53.5127,94.3,16272.0,-53.5,-85.4,-80.6,1,2,0.0,283,10.8,10.523196699680541,-2.4294713869137414,71119
2026-04-01 12:20:19,-113.0141,53.5127,94.3,16276.0,-53.5,-85.4,-80.6,1,2,0.0,282,10.7,10.46617932785172,-2.224655091750026,71119
2026-04-01 12:20:20,-113.0139,53.5127,94.2,16280.0,-53.5,-85.4,-80.6,1,2,0.0,281,10.7,10.503410862890002,-2.0416562505290323,71119
2026-04-01 12:20:21,-113.0138,53.5126,94.1,16284.0,-53.4,-85.4,-80.6,1,2,0.0,281,10.6,10.405248144545236,-2.022575350991378,71119
2026-04-01 12:20:22,-113.0136,53.5126,94.1,16288.0,-53.4,-85.4,-80.6,1,2,0.0,280,10.6,10.438962181929407,-1.8406706832694577,71119
2026-04-01 12:20:23,-113.0134,53.5126,94.0,16293.0,-53.4,-85.4,-80.6,1,2,0.0,280,10.5,10.340481406628186,-1.8233058655027647,71119
2026-04-01 12:20:24,-113.0133,53.5126,93.9,16297.0,-53.4,-85.4,-80.6,1,2,0.0,279,10.5,10.370727576248946,-1.642561882922422,71119
2026-04-01 12:20:25,-113.0132,53.5126,93.9,16301.0,-53.4,-85.4,-80.6,1,2,0.0,279,10.4,10.271958742189433,-1.626918436418399,71119
2026-04-01 12:20:26,-113.013,53.5126,93.8,16305.0,-53.4,-85.4,-80.6,1,2,0.0,278,10.4,10.298787914912332,-1.447400249984681,71119
2026-04-01 12:20:27,-113.0129,53.5126,93.8,16309.0,-53.5,-85.4,-80.6,1,2,0.0,278,10.3,10.199761108038176,-1.4334829398886744,71119
2026-04-01 12:20:28,-113.0127,53.5126,93.7,16313.0,-53.5,-85.4,-80.7,1,2,0.0,277,10.3,10.223225361905618,-1.2552542370730213,71119
2026-04-01 12:20:29,-113.0126,53.5126,93.7,16317.0,-53.5,-85.4,-80.7,1,2,0.0,276,10.3,10.243575522293217,-1.0766431716568259,71119
2026-04-01 12:20:30,-113.0124,53.5126,93.6,16321.0,-53.5,-85.4,-80.7,1,2,0.0,276,10.3,10.243575522293217,-1.0766431716568259,71119
2026-04-01 12:20:31,-113.0123,53.5126,93.5,16325.0,-53.5,-85.4,-80.7,1,2,0.0,275,10.3,10.260805390344979,-0.8977041503008764,71119
2026-04-01 12:20:32,-113.0121,53.5126,93.5,16330.0,-53.5,-85.4,-80.7,1,2,0.0,275,10.3,10.260805390344979,-0.8977041503008764,71119
2026-04-01 12:20:33,-113.012,53.5126,93.4,16334.0,-53.5,-85.4,-80.7,1,2,0.0,274,10.3,10.274909717676191,-0.7184916795644898,71119
2026-04-01 12:20:34,-113.0118,53.5125,93.3,16338.0,-53.5,-85.4,-80.7,1,2,0.0,274,10.3,10.274909717676191,-0.7184916795644898,71119
2026-04-01 12:20:35,-113.0117,53.5125,93.3,16342.0,-53.5,-85.4,-80.7,1,2,0.0,274,10.3,10.274909717676191,-0.7184916795644898,71119
2026-04-01 12:20:36,-113.0115,53.5125,93.2,16346.0,-53.5,-85.4,-80.7,1,2,0.0,273,10.3,10.285884207972112,-0.5390603493023227,71119
2026-04-01 12:20:37,-113.0113,53.5125,93.2,16349.0,-53.5,-85.4,-80.7,1,2,0.0,273,10.4,10.385747161447568,-0.5442939449266171,71119
2026-04-01 12:20:38,-113.0112,53.5125,93.1,16353.0,-53.5,-85.4,-80.7,1,2,0.0,272,10.4,10.393664600998596,-0.3629547657060133,71119
2026-04-01 12:20:39,-113.0111,53.5125,93.1,16357.0,-53.5,-85.4,-80.7,1,2,0.0,272,10.4,10.393664600998596,-0.3629547657060133,71119
2026-04-01 12:20:40,-113.0109,53.5125,93.0,16361.0,-53.6,-85.4,-80.7,1,2,0.0,272,10.5,10.493603683700506,-0.36644471537626344,71119
2026-04-01 12:20:41,-113.0108,53.5125,93.0,16365.0,-53.6,-85.4,-80.7,1,2,0.0,271,10.5,10.498400799142109,-0.18325026759147287,71119
2026-04-01 12:20:42,-113.0106,53.5125,92.9,16368.0,-53.6,-85.4,-80.7,1,2,0.0,271,10.6,10.598385568657747,-0.18499550823520117,71119
2026-04-01 12:20:43,-113.0105,53.5126,92.8,16372.0,-53.6,-85.5,-80.7,1,2,0.0,271,10.6,10.598385568657747,-0.18499550823520117,71119
2026-04-01 12:20:44,-113.0103,53.5125,92.8,16376.0,-53.6,-85.5,-80.7,1,2,0.0,270,10.7,10.7,1.965558112631502e-15,71119
2026-04-01 12:20:45,-113.0102,53.5125,92.7,16380.0,-53.6,-85.5,-80.7,1,2,0.0,270,10.7,10.7,1.965558112631502e-15,71119
2026-04-01 12:20:46,-113.01,53.5125,92.7,16384.0,-53.7,-85.5,-80.7,1,2,0.0,270,10.8,10.8,1.9839278146187122e-15,71119
2026-04-01 12:20:47,-113.0098,53.5125,92.6,16388.0,-53.7,-85.5,-80.8,1,2,0.0,269,10.9,10.898339877204664,0.19023123016639013,71119
2026-04-01 12:20:48,-113.0096,53.5125,92.6,16392.0,-53.7,-85.5,-80.8,1,2,0.0,269,10.9,10.898339877204664,0.19023123016639013,71119
2026-04-01 12:20:49,-113.0094,53.5125,92.5,16395.0,-53.7,-85.5,-80.8,1,2,0.0,269,11.0,10.998324646720304,0.19197647081011848,71119
2026-04-01 12:20:50,-113.0093,53.5125,92.5,16399.0,-53.7,-85.5,-80.8,1,2,0.0,269,11.1,11.098309416235942,0.1937217114538468,71119
2026-04-01 12:20:51,-113.0091,53.5125,92.4,16403.0,-53.7,-85.5,-80.8,1,2,0.0,269,11.2,11.198294185751582,0.19546695209757517,71119
2026-04-01 12:20:52,-113.0089,53.5125,92.3,16407.0,-53.7,-85.5,-80.8,1,2,0.0,268,11.3,11.293116345315783,0.3943643127382586,71119
2026-04-01 12:20:53,-113.0088,53.5125,92.3,16411.0,-53.7,-85.5,-80.7,1,2,0.0,268,11.3,11.293116345315783,0.3943643127382586,71119
2026-04-01 12:20:54,-113.0086,53.5126,92.2,16415.0,-53.6,-85.5,-80.7,1,2,0.0,268,11.4,11.393055428017693,0.3978542624085087,71119
2026-04-01 12:20:55,-113.0085,53.5126,92.2,16419.0,-53.6,-85.5,-80.7,1,2,0.0,268,11.5,11.492994510719601,0.40134421207875876,71119
2026-04-01 12:20:56,-113.0083,53.5126,92.1,16423.0,-53.6,-85.5,-80.7,1,2,0.0,268,11.6,11.59293359342151,0.4048341617490088,71119
2026-04-01 12:20:57,-113.0081,53.5126,92.1,16427.0,-53.6,-85.5,-80.8,1,2,0.0,267,11.7,11.683965556628513,0.6123306880424484,71119
2026-04-01 12:20:58,-113.008,53.5126,92.0,16431.0,-53.6,-85.5,-80.8,1,2,0.0,267,11.8,11.783828510103971,0.6175642836667429,71119
2026-04-01 12:20:59,-113.0078,53.5126,92.0,16434.0,-53.6,-85.6,-80.8,1,2,0.0,267,11.9,11.88369146357943,0.6227978792910372,71119
2026-04-01 12:21:00,-113.0076,53.5126,91.9,16438.0,-53.6,-85.6,-80.8,1,2,0.0,267,12.0,11.983554417054886,0.6280314749153317,71119
2026-04-01 12:21:01,-113.0074,53.5126,91.8,16442.0,-53.6,-85.6,-80.8,1,2,0.0,267,12.1,12.083417370530343,0.6332650705396261,71119
2026-04-01 12:21:02,-113.0072,53.5126,91.8,16446.0,-53.6,-85.6,-80.8,1,2,0.0,267,12.3,12.283143277481258,0.643732261788215,71119
2026-04-01 12:21:03,-113.007,53.5126,91.7,16451.0,-53.5,-85.6,-80.8,1,2,0.0,266,12.4,12.36979422322182,0.8649802744271572,71119
2026-04-01 12:21:04,-113.0068,53.5126,91.7,16455.0,-53.5,-85.6,-80.8,1,2,0.0,266,12.5,12.469550628247802,0.8719559218015698,71119
2026-04-01 12:21:05,-113.0066,53.5126,91.6,16460.0,-53.5,-85.6,-80.8,1,2,0.0,266,12.6,12.569307033273784,0.8789315691759823,71119
2026-04-01 12:21:06,-113.0064,53.5126,91.5,16464.0,-53.4,-85.6,-80.8,1,2,0.0,266,12.7,12.669063438299766,0.8859072165503948,71119
2026-04-01 12:21:07,-113.0063,53.5126,91.5,16468.0,-53.4,-85.6,-80.8,1,2,0.0,266,12.8,12.768819843325751,0.8928828639248074,71119
2026-04-01 12:21:08,-113.0061,53.5126,91.4,16472.0,-53.3,-85.6,-80.8,1,2,0.0,266,13.0,12.968332653377715,0.9068341586736326,71119
2026-04-01 12:21:09,-113.0059,53.5126,91.4,16476.0,-53.3,-85.6,-80.8,1,2,0.0,266,13.1,13.068089058403697,0.9138098060480451,71119
2026-04-01 12:21:10,-113.0057,53.5127,91.3,16480.0,-53.3,-85.6,-80.8,1,2,0.0,266,13.2,13.167845463429678,0.9207854534224577,71119
2026-04-01 12:21:11,-113.0055,53.5127,91.2,16484.0,-53.3,-85.6,-80.8,1,2,0.0,266,13.3,13.267601868455662,0.9277611007968702,71119
2026-04-01 12:21:12,-113.0053,53.5127,91.2,16488.0,-53.2,-85.6,-80.8,1,2,0.0,266,13.4,13.367358273481644,0.9347367481712828,71119
2026-04-01 12:21:13,-113.0051,53.5127,91.1,16492.0,-53.2,-85.6,-80.8,1,2,0.0,265,13.6,13.548247894047739,1.1853181013681522,71119
2026-04-01 12:21:14,-113.0048,53.5127,91.1,16496.0,-53.2,-85.6,-80.8,1,2,0.0,265,13.7,13.647867363856914,1.194033675642918,71119
2026-04-01 12:21:15,-113.0046,53.5127,91.0,16499.0,-53.2,-85.6,-80.9,1,2,0.0,265,13.8,13.74748683366609,1.202749249917684,71119
2026-04-01 12:21:16,-113.0044,53.5127,91.0,16503.0,-53.3,-85.7,-80.9,1,2,0.0,265,13.9,13.847106303475263,1.2114648241924497,71119
2026-04-01 12:21:17,-113.0042,53.5127,90.9,16507.0,-53.3,-85.7,-80.9,1,2,0.0,265,14.0,13.946725773284438,1.2201803984672155,71119
2026-04-01 12:21:18,-113.004,53.5128,90.9,16511.0,-53.3,-85.7,-80.9,1,2,0.0,265,14.0,13.946725773284438,1.2201803984672155,71119
2026-04-01 12:21:19,-113.0038,53.5128,90.8,16515.0,-53.2,-85.7,-80.9,1,2,0.0,265,14.1,14.046345243093612,1.2288959727419813,71119
2026-04-01 12:21:20,-113.0036,53.5128,90.8,16519.0,-53.2,-85.7,-80.9,1,2,0.0,265,14.2,14.145964712902787,1.237611547016747,71119
2026-04-01 12:21:21,-113.0034,53.5128,90.7,16523.0,-53.2,-85.7,-81.0,1,2,0.0,266,14.2,14.165409513689504,0.9905419271665832,71119
2026-04-01 12:21:22,-113.0032,53.5128,90.7,16526.0,-53.2,-85.7,-81.0,1,2,0.0,266,14.3,14.265165918715487,0.9975175745409959,71119
2026-04-01 12:21:23,-113.0029,53.5128,90.6,16530.0,-53.2,-85.8,-81.0,1,2,0.0,266,14.3,14.265165918715487,0.9975175745409959,71119
2026-04-01 12:21:24,-113.0027,53.5128,90.5,16534.0,-53.2,-85.8,-81.0,1,2,0.0,266,14.3,14.265165918715487,0.9975175745409959,71119
2026-04-01 12:21:25,-113.0025,53.5128,90.5,16538.0,-53.2,-85.8,-81.1,1,2,0.0,266,14.3,14.265165918715487,0.9975175745409959,71119
2026-04-01 12:21:26,-113.0022,53.5129,90.4,16542.0,-53.3,-85.9,-81.1,1,2,0.0,266,14.3,14.265165918715487,0.9975175745409959,71119
2026-04-01 12:21:27,-113.002,53.5129,90.4,16546.0,-53.3,-85.9,-81.1,1,2,0.0,266,14.3,14.265165918715487,0.9975175745409959,71119
2026-04-01 12:21:28,-113.0017,53.5129,90.3,16550.0,-53.2,-85.9,-81.2,1,2,0.0,267,14.3,14.280402346990407,0.7484041742741037,71119
2026-04-01 12:21:29,-113.0014,53.5129,90.3,16553.0,-53.1,-85.9,-81.1,1,2,0.0,267,14.2,14.180539393514948,0.7431705786498091,71119
2026-04-01 12:21:30,-113.0012,53.5129,90.2,16557.0,-53.0,-85.8,-81.1,1,2,0.0,267,14.2,14.180539393514948,0.7431705786498091,71119
2026-04-01 12:21:31,-113.001,53.5129,90.2,16560.0,-52.9,-85.8,-81.0,1,2,0.0,267,14.1,14.080676440039491,0.7379369830255147,71119
2026-04-01 12:21:32,-113.0007,53.5129,90.1,16564.0,-52.8,-85.8,-81.0,1,2,0.0,267,14.1,14.080676440039491,0.7379369830255147,71119
2026-04-01 12:21:33,-113.0006,53.5129,90.1,16568.0,-52.8,-85.8,-81.0,1,2,0.0,267,14.0,13.980813486564033,0.7327033874012203,71119
2026-04-01 12:21:34,-113.0004,53.5129,90.0,16571.0,-52.8,-85.8,-81.0,1,2,0.0,268,13.9,13.891532495565432,0.4851030041647606,71119
2026-04-01 12:21:35,-113.0002,53.5129,90.0,16575.0,-52.8,-85.8,-81.1,1,2,0.0,268,13.8,13.791593412863522,0.48161305449451053,71119
2026-04-01 12:21:36,-113.0001,53.5129,89.9,16578.0,-52.8,-85.9,-81.1,1,2,0.0,268,13.7,13.691654330161612,0.4781231048242604,71119
2026-04-01 12:21:37,-112.9999,53.5129,89.9,16582.0,-52.8,-85.9,-81.1,1,2,0.0,268,13.6,13.591715247459701,0.47463315515401033,71119
2026-04-01 12:21:38,-112.9997,53.5129,89.8,16586.0,-52.8,-85.9,-81.2,1,2,0.0,268,13.5,13.491776164757793,0.47114320548376026,71119
2026-04-01 12:21:39,-112.9995,53.5129,89.8,16590.0,-52.8,-85.9,-81.2,1,2,0.0,268,13.4,13.391837082055883,0.4676532558135102,71119
2026-04-01 12:21:40,-112.9993,53.5129,89.7,16594.0,-52.7,-85.9,-81.1,1,2,0.0,268,13.2,13.191958916652064,0.46067335647301,71119
2026-04-01 12:21:41,-112.9991,53.5129,89.6,16599.0,-52.6,-85.9,-81.1,1,2,0.0,268,13.1,13.092019833950154,0.45718340680276,71119
2026-04-01 12:21:42,-112.9988,53.5129,89.6,16603.0,-52.6,-85.9,-81.1,1,2,0.0,268,13.0,12.992080751248245,0.4536934571325099,71119
2026-04-01 12:21:43,-112.9986,53.5129,89.5,16607.0,-52.6,-85.9,-81.1,1,2,0.0,268,12.9,12.892141668546335,0.45020350746225984,71119
2026-04-01 12:21:44,-112.9984,53.5129,89.5,16611.0,-52.5,-85.8,-81.1,1,2,0.0,268,12.7,12.692263503142515,0.44322360812175965,71119
2026-04-01 12:21:45,-112.9982,53.5129,89.4,16614.0,-52.4,-85.8,-81.0,1,2,0.0,268,12.6,12.592324420440606,0.4397336584515096,71119
2026-04-01 12:21:46,-112.998,53.5129,89.4,16618.0,-52.4,-85.8,-81.0,1,2,0.0,268,12.5,12.492385337738696,0.4362437087812595,71119
2026-04-01 12:21:47,-112.9978,53.5129,89.3,16622.0,-52.3,-85.7,-81.0,1,2,0.0,268,12.3,12.29250717233488,0.42926380944075937,71119
2026-04-01 12:21:48,-112.9977,53.5129,89.3,16626.0,-52.3,-85.7,-81.0,1,2,0.0,267,12.2,12.1832803240058,0.6384986661639205,71119
2026-04-01 12:21:49,-112.9975,53.5129,89.2,16630.0,-52.3,-85.7,-81.0,1,2,0.0,267,12.1,12.083417370530343,0.6332650705396261,71119
2026-04-01 12:21:50,-112.9974,53.5129,89.2,16634.0,-52.2,-85.7,-80.9,1,2,0.0,267,11.9,11.88369146357943,0.6227978792910372,71119
2026-04-01 12:21:51,-112.9972,53.5129,89.1,16638.0,-52.2,-85.7,-81.0,1,2,0.0,267,11.8,11.783828510103971,0.6175642836667429,71119
2026-04-01 12:21:52,-112.9971,53.5129,89.0,16642.0,-52.3,-85.7,-81.0,1,2,0.0,266,11.7,11.671499388039942,0.8161507428062692,71119
2026-04-01 12:21:53,-112.9969,53.5129,89.0,16645.0,-52.3,-85.7,-81.0,1,2,0.0,266,11.6,11.57174298301396,0.8091750954318567,71119
2026-04-01 12:21:54,-112.9968,53.5129,89.0,16649.0,-52.3,-85.7,-81.0,1,2,0.0,266,11.4,11.372230172961997,0.7952238006830317,71119
2026-04-01 12:21:55,-112.9966,53.5129,88.9,16653.0,-52.3,-85.7,-81.0,1,2,0.0,265,11.3,11.257000088436726,0.9848598930485383,71119
2026-04-01 12:21:56,-112.9964,53.513,88.8,16657.0,-52.3,-85.8,-81.0,1,2,0.0,265,11.2,11.157380618627549,0.9761443187737723,71119
2026-04-01 12:21:57,-112.9962,53.513,88.8,16661.0,-52.3,-85.8,-81.0,1,2,0.0,264,11.1,11.039193038587834,1.1602659422709523,71119
2026-04-01 12:21:58,-112.996,53.513,88.7,16665.0,-52.3,-85.8,-81.0,1,2,0.0,264,11.0,10.939740849051008,1.149813095944187,71119
2026-04-01 12:21:59,-112.9958,53.513,88.7,16670.0,-52.3,-85.8,-81.0,1,2,0.0,264,10.9,10.840288659514181,1.1393602496174215,71119
2026-04-01 12:22:00,-112.9956,53.513,88.6,16674.0,-52.3,-85.8,-81.0,1,2,0.0,263,10.8,10.71949843772628,1.3161889087755896,71119
2026-04-01 12:22:01,-112.9955,53.513,88.5,16678.0,-52.3,-85.8,-81.0,1,2,0.0,263,10.7,10.620243822562145,1.3040019744350746,71119
2026-04-01 12:22:02,-112.9954,53.5131,88.5,16682.0,-52.3,-85.8,-81.0,1,2,0.0,263,10.7,10.620243822562145,1.3040019744350746,71119
2026-04-01 12:22:03,-112.9952,53.5131,88.4,16686.0,-52.3,-85.8,-81.0,1,2,0.0,262,10.6,10.496841528660644,1.4752348701766977,71119
2026-04-01 12:22:04,-112.9951,53.5131,88.4,16690.0,-52.3,-85.8,-81.0,1,2,0.0,262,10.5,10.397814721786487,1.4613175600806911,71119
2026-04-01 12:22:05,-112.9949,53.5131,88.3,16693.0,-52.3,-85.8,-81.0,1,2,0.0,262,10.5,10.397814721786487,1.4613175600806911,71119
2026-04-01 12:22:06,-112.9948,53.5131,88.3,16697.0,-52.3,-85.8,-81.0,1,2,0.0,262,10.4,10.298787914912332,1.4474002499846848,71119
2026-04-01 12:22:07,-112.9947,53.5132,88.2,16700.0,-52.3,-85.8,-81.0,1,2,0.0,262,10.4,10.298787914912332,1.4474002499846848,71119
2026-04-01 12:22:08,-112.9946,53.5132,88.2,16704.0,-52.3,-85.8,-81.0,1,2,0.0,261,10.4,10.271958742189431,1.6269184364184028,71119
2026-04-01 12:22:09,-112.9944,53.5132,88.1,16708.0,-52.3,-85.8,-81.0,1,2,0.0,261,10.4,10.271958742189431,1.6269184364184028,71119
2026-04-01 12:22:10,-112.9943,53.5132,88.1,16711.0,-52.3,-85.8,-81.0,1,2,0.0,261,10.4,10.271958742189431,1.6269184364184028,71119
2026-04-01 12:22:11,-112.9942,53.5132,88.0,16715.0,-52.3,-85.8,-81.0,1,2,0.0,261,10.4,10.271958742189431,1.6269184364184028,71119
2026-04-01 12:22:12,-112.9941,53.5132,88.0,16719.0,-52.3,-85.8,-81.0,1,2,0.0,261,10.4,10.271958742189431,1.6269184364184028,71119
2026-04-01 12:22:13,-112.9939,53.5132,87.9,16723.0,-52.3,-85.8,-81.0,1,2,0.0,261,10.4,10.271958742189431,1.6269184364184028,71119
2026-04-01 12:22:14,-112.9938,53.5133,87.9,16726.0,-52.2,-85.7,-81.0,1,2,0.0,261,10.5,10.370727576248946,1.6425618829224258,71119
2026-04-01 12:22:15,-112.9936,53.5133,87.8,16730.0,-52.2,-85.7,-80.9,1,2,0.0,262,10.5,10.397814721786487,1.4613175600806911,71119
2026-04-01 12:22:16,-112.9935,53.5133,87.8,16733.0,-52.2,-85.7,-80.9,1,2,0.0,262,10.5,10.397814721786487,1.4613175600806911,71119
2026-04-01 12:22:17,-112.9933,53.5133,87.8,16736.0,-52.2,-85.7,-80.9,1,2,0.0,262,10.6,10.496841528660644,1.4752348701766977,71119
2026-04-01 12:22:18,-112.9931,53.5133,87.7,16740.0,-52.2,-85.7,-80.9,1,2,0.0,262,10.6,10.496841528660644,1.4752348701766977,71119
2026-04-01 12:22:19,-112.9929,53.5133,87.6,16745.0,-52.1,-85.7,-80.9,1,2,0.0,262,10.7,10.595868335534801,1.4891521802727044,71119
2026-04-01 12:22:20,-112.9927,53.5133,87.6,16749.0,-52.1,-85.6,-80.9,1,2,0.0,262,10.8,10.69489514240896,1.503069490368711,71119
2026-04-01 12:22:21,-112.9926,53.5133,87.5,16754.0,-52.1,-85.6,-80.8,1,2,0.0,263,10.9,10.818753052890411,1.3283758431161041,71119
2026-04-01 12:22:22,-112.9924,53.5133,87.5,16758.0,-52.0,-85.5,-80.8,1,2,0.0,263,10.9,10.818753052890411,1.3283758431161041,71119
2026-04-01 12:22:23,-112.9922,53.5133,87.4,16762.0,-52.0,-85.5,-80.7,1,2,0.0,263,11.0,10.918007668054543,1.340562777456619,71119
2026-04-01 12:22:24,-112.9921,53.5134,87.4,16766.0,-51.9,-85.4,-80.7,1,2,0.0,263,11.1,11.017262283218676,1.3527497117971337,71119
2026-04-01 12:22:25,-112.9919,53.5134,87.3,16769.0,-51.9,-85.4,-80.7,1,2,0.0,264,11.1,11.039193038587834,1.1602659422709523,71119
2026-04-01 12:22:26,-112.9917,53.5134,87.2,16773.0,-51.9,-85.4,-80.7,1,2,0.0,264,11.2,11.13864522812466,1.1707187885977175,71119
2026-04-01 12:22:27,-112.9916,53.5134,87.2,16777.0,-51.9,-85.4,-80.7,1,2,0.0,264,11.3,11.238097417661491,1.181171634924483,71119
2026-04-01 12:22:28,-112.9914,53.5135,87.1,16782.0,-52.0,-85.4,-80.6,1,2,0.0,264,11.4,11.337549607198318,1.1916244812512484,71119
2026-04-01 12:22:29,-112.9912,53.5135,87.1,16786.0,-52.0,-85.4,-80.6,1,2,0.0,264,11.4,11.337549607198318,1.1916244812512484,71119
2026-04-01 12:22:30,-112.9911,53.5135,87.0,16791.0,-52.0,-85.4,-80.6,1,2,0.0,265,11.5,11.456239028055073,1.00229104159807,71119
2026-04-01 12:22:31,-112.9909,53.5135,87.0,16795.0,-52.0,-85.4,-80.6,1,2,0.0,265,11.6,11.555858497864248,1.0110066158728357,71119
2026-04-01 12:22:32,-112.9907,53.5135,86.9,16799.0,-52.1,-85.4,-80.6,1,2,0.0,265,11.7,11.655477967673422,1.0197221901476015,71119
2026-04-01 12:22:33,-112.9905,53.5135,86.9,16803.0,-52.1,-85.4,-80.6,1,2,0.0,265,11.7,11.655477967673422,1.0197221901476015,71119
2026-04-01 12:22:34,-112.9903,53.5135,86.8,16807.0,-52.1,-85.4,-80.6,1,2,0.0,265,11.8,11.755097437482599,1.0284377644223675,71119
2026-04-01 12:22:35,-112.9901,53.5135,86.7,16812.0,-52.2,-85.4,-80.6,1,2,0.0,266,11.9,11.871012198091908,0.8301020375550944,71119
2026-04-01 12:22:36,-112.9899,53.5134,86.7,16817.0,-52.2,-85.4,-80.6,1,2,0.0,266,11.9,11.871012198091908,0.8301020375550944,71119
2026-04-01 12:22:37,-112.9898,53.5135,86.6,16821.0,-52.2,-85.4,-80.6,1,2,0.0,266,12.0,11.97076860311789,0.837077684929507,71119
2026-04-01 12:22:38,-112.9896,53.5135,86.6,16825.0,-52.2,-85.4,-80.6,1,2,0.0,266,12.1,12.070525008143873,0.8440533323039195,71119
2026-04-01 12:22:39,-112.9894,53.5135,86.5,16829.0,-52.3,-85.4,-80.6,1,2,0.0,266,12.1,12.070525008143873,0.8440533323039195,71119
2026-04-01 12:22:40,-112.9893,53.5135,86.5,16832.0,-52.3,-85.4,-80.6,1,2,0.0,266,12.2,12.170281413169855,0.851028979678332,71119
2026-04-01 12:22:41,-112.9891,53.5135,86.4,16836.0,-52.3,-85.4,-80.6,1,2,0.0,266,12.2,12.170281413169855,0.851028979678332,71119
2026-04-01 12:22:42,-112.9889,53.5135,86.3,16841.0,-52.4,-85.4,-80.6,1,2,0.0,266,12.3,12.270037818195838,0.8580046270527447,71119
2026-04-01 12:22:43,-112.9887,53.5135,86.3,16845.0,-52.4,-85.4,-80.6,1,2,0.0,266,12.4,12.36979422322182,0.8649802744271572,71119
2026-04-01 12:22:44,-112.9885,53.5135,86.2,16849.0,-52.4,-85.4,-80.6,1,2,0.0,266,12.4,12.36979422322182,0.8649802744271572,71119
2026-04-01 12:22:45,-112.9883,53.5135,86.2,16853.0,-52.5,-85.4,-80.6,1,2,0.0,266,12.5,12.469550628247802,0.8719559218015698,71119
2026-04-01 12:22:46,-112.9882,53.5135,86.1,16857.0,-52.5,-85.4,-80.6,1,2,0.0,266,12.5,12.469550628247802,0.8719559218015698,71119
2026-04-01 12:22:47,-112.988,53.5136,86.1,16861.0,-52.5,-85.4,-80.6,1,2,0.0,266,12.6,12.569307033273784,0.8789315691759823,71119
2026-04-01 12:22:48,-112.9878,53.5136,86.0,16864.0,-52.6,-85.4,-80.6,1,2,0.0,266,12.6,12.569307033273784,0.8789315691759823,71119
2026-04-01 12:22:49,-112.9876,53.5136,86.0,16868.0,-52.6,-85.4,-80.6,1,2,0.0,266,12.7,12.669063438299766,0.8859072165503948,71119
2026-04-01 12:22:50,-112.9874,53.5136,85.9,16871.0,-52.6,-85.4,-80.6,1,2,0.0,266,12.7,12.669063438299766,0.8859072165503948,71119
2026-04-01 12:22:51,-112.9872,53.5135,85.9,16874.0,-52.7,-85.4,-80.7,1,2,0.0,266,12.7,12.669063438299766,0.8859072165503948,71119
2026-04-01 12:22:52,-112.987,53.5135,85.9,16877.0,-52.7,-85.4,-80.7,1,2,0.0,266,12.7,12.669063438299766,0.8859072165503948,71119
2026-04-01 12:22:53,-112.9868,53.5135,85.8,16881.0,-52.7,-85.5,-80.7,1,2,0.0,266,12.8,12.768819843325751,0.8928828639248074,71119
2026-04-01 12:22:54,-112.9865,53.5136,85.8,16886.0,-52.8,-85.5,-80.7,1,2,0.0,266,12.8,12.768819843325751,0.8928828639248074,71119
2026-04-01 12:22:55,-112.9863,53.5136,85.7,16891.0,-52.8,-85.5,-80.7,1,2,0.0,265,12.8,12.751292135574344,1.1155935071700256,71119
2026-04-01 12:22:56,-112.9861,53.5136,85.6,16895.0,-52.8,-85.5,-80.7,1,2,0.0,265,12.8,12.751292135574344,1.1155935071700256,71119
2026-04-01 12:22:57,-112.9859,53.5136,85.6,16900.0,-52.9,-85.5,-80.8,1,2,0.0,265,12.8,12.751292135574344,1.1155935071700256,71119
2026-04-01 12:22:58,-112.9857,53.5136,85.5,16904.0,-52.9,-85.5,-80.8,1,2,0.0,265,12.7,12.651672665765167,1.1068779328952596,71119
2026-04-01 12:22:59,-112.9855,53.5136,85.5,16908.0,-52.9,-85.6,-80.8,1,2,0.0,265,12.7,12.651672665765167,1.1068779328952596,71119
2026-04-01 12:23:00,-112.9853,53.5137,85.4,16912.0,-52.9,-85.6,-80.8,1,2,0.0,265,12.7,12.651672665765167,1.1068779328952596,71119
2026-04-01 12:23:01,-112.9852,53.5137,85.3,16916.0,-53.0,-85.6,-80.8,1,2,0.0,265,12.6,12.552053195955994,1.0981623586204938,71119
2026-04-01 12:23:02,-112.985,53.5137,85.3,16920.0,-53.0,-85.6,-80.9,1,2,0.0,265,12.6,12.552053195955994,1.0981623586204938,71119
2026-04-01 12:23:03,-112.9848,53.5137,85.2,16924.0,-53.0,-85.6,-80.9,1,2,0.0,265,12.5,12.45243372614682,1.089446784345728,71119
2026-04-01 12:23:04,-112.9846,53.5137,85.2,16928.0,-53.1,-85.7,-80.9,1,2,0.0,265,12.4,12.352814256337645,1.0807312100709623,71119
2026-04-01 12:23:05,-112.9845,53.5137,85.1,16932.0,-53.1,-85.7,-80.9,1,2,0.0,265,12.3,12.253194786528471,1.0720156357961965,71119
2026-04-01 12:23:06,-112.9843,53.5137,85.1,16935.0,-53.1,-85.7,-80.9,1,2,0.0,265,12.3,12.253194786528471,1.0720156357961965,71119
2026-04-01 12:23:07,-112.9841,53.5137,85.0,16939.0,-53.1,-85.7,-80.9,1,2,0.0,265,12.2,12.153575316719294,1.0633000615214305,71119
2026-04-01 12:23:08,-112.9838,53.5138,85.0,16943.0,-53.1,-85.7,-80.9,1,2,0.0,265,12.1,12.053955846910121,1.0545844872466648,71119
2026-04-01 12:23:09,-112.9836,53.5138,84.9,16947.0,-53.0,-85.7,-80.9,1,2,0.0,265,12.0,11.954336377100947,1.045868912971899,71119
2026-04-01 12:23:10,-112.9835,53.5138,84.9,16952.0,-53.0,-85.6,-80.9,1,2,0.0,266,11.9,11.871012198091908,0.8301020375550944,71119
2026-04-01 12:23:11,-112.9833,53.5138,84.8,16956.0,-53.0,-85.6,-80.9,1,2,0.0,266,11.8,11.771255793065926,0.8231263901806819,71119
2026-04-01 12:23:12,-112.9831,53.5138,84.8,16961.0,-53.0,-85.6,-80.8,1,2,0.0,266,11.7,11.671499388039942,0.8161507428062692,71119
2026-04-01 12:23:13,-112.983,53.5138,84.7,16965.0,-52.9,-85.6,-80.8,1,2,0.0,266,11.6,11.57174298301396,0.8091750954318567,71119
2026-04-01 12:23:14,-112.9828,53.5138,84.7,16969.0,-52.9,-85.6,-80.8,1,2,0.0,267,11.5,11.4842396496776,0.6018634967938595,71119
2026-04-01 12:23:15,-112.9827,53.5138,84.6,16973.0,-52.9,-85.6,-80.9,1,2,0.0,267,11.4,11.384376696202143,0.5966299011695652,71119
2026-04-01 12:23:16,-112.9825,53.5138,84.5,16977.0,-53.0,-85.6,-80.9,1,2,0.0,267,11.3,11.284513742726684,0.5913963055452707,71119
2026-04-01 12:23:17,-112.9823,53.5138,84.5,16982.0,-53.0,-85.6,-80.9,1,2,0.0,267,11.2,11.184650789251226,0.5861627099209762,71119
2026-04-01 12:23:18,-112.9822,53.5138,84.4,16986.0,-53.0,-85.6,-80.9,1,2,0.0,268,11.1,11.093238179911962,0.3873844133977584,71119
2026-04-01 12:23:19,-112.982,53.5138,84.4,16991.0,-53.0,-85.7,-80.9,1,2,0.0,268,11.0,10.993299097210054,0.38389446372750835,71119
2026-04-01 12:23:20,-112.9819,53.5138,84.3,16995.0,-53.0,-85.7,-80.9,1,2,0.0,269,10.9,10.898339877204664,0.19023123016639013,71119
2026-04-01 12:23:21,-112.9817,53.5138,84.2,16999.0,-53.0,-85.7,-80.9,1,2,0.0,269,10.9,10.898339877204664,0.19023123016639013,71119
2026-04-01 12:23:22,-112.9816,53.5138,84.2,17004.0,-53.0,-85.7,-81.0,1,2,0.0,269,10.8,10.798355107689027,0.1884859895226618,71119
2026-04-01 12:23:23,-112.9814,53.5138,84.1,17008.0,-53.0,-85.7,-81.0,1,2,0.0,270,10.8,10.8,1.9839278146187122e-15,71119
2026-04-01 12:23:24,-112.9812,53.5138,84.1,17012.0,-53.0,-85.8,-81.0,1,2,0.0,270,10.7,10.7,1.965558112631502e-15,71119
2026-04-01 12:23:25,-112.9811,53.5138,84.0,17017.0,-53.0,-85.8,-81.0,1,2,0.0,271,10.7,10.698370338173385,-0.18674074887892947,71119
2026-04-01 12:23:26,-112.9809,53.5138,84.0,17020.0,-53.0,-85.8,-81.0,1,2,0.0,271,10.6,10.598385568657747,-0.18499550823520117,71119
2026-04-01 12:23:27,-112.9808,53.5138,83.9,17024.0,-53.0,-85.8,-81.0,1,2,0.0,272,10.6,10.593542766402415,-0.36993466504651357,71119
2026-04-01 12:23:28,-112.9806,53.5138,83.9,17028.0,-52.9,-85.7,-81.0,1,2,0.0,272,10.5,10.493603683700506,-0.36644471537626344,71119
2026-04-01 12:23:29,-112.9805,53.5138,83.8,17033.0,-52.9,-85.7,-80.9,1,2,0.0,273,10.5,10.485610114923025,-0.5495275405509115,71119
2026-04-01 12:23:30,-112.9803,53.5138,83.8,17037.0,-52.8,-85.7,-80.9,1,2,0.0,273,10.5,10.485610114923025,-0.5495275405509115,71119
2026-04-01 12:23:31,-112.9802,53.5138,83.7,17041.0,-52.7,-85.6,-80.9,1,2,0.0,274,10.5,10.474422527728155,-0.7324429743133148,71119
2026-04-01 12:23:32,-112.98,53.5138,83.6,17046.0,-52.7,-85.6,-80.9,1,2,0.0,274,10.5,10.474422527728155,-0.7324429743133148,71119
2026-04-01 12:23:33,-112.9799,53.5138,83.6,17050.0,-52.7,-85.6,-80.9,1,2,0.0,275,10.5,10.460044329963328,-0.9151352988504078,71119
2026-04-01 12:23:34,-112.9797,53.5137,83.5,17054.0,-52.7,-85.6,-80.8,1,2,0.0,275,10.5,10.460044329963328,-0.9151352988504078,71119
2026-04-01 12:23:35,-112.9795,53.5137,83.5,17058.0,-52.6,-85.6,-80.8,1,2,0.0,275,10.5,10.460044329963328,-0.9151352988504078,71119
2026-04-01 12:23:36,-112.9794,53.5137,83.4,17062.0,-52.6,-85.6,-80.8,1,2,0.0,276,10.4,10.343027711830043,-1.0870960179835911,71119
2026-04-01 12:23:37,-112.9792,53.5137,83.4,17066.0,-52.6,-85.6,-80.8,1,2,0.0,276,10.4,10.343027711830043,-1.0870960179835911,71119
2026-04-01 12:23:38,-112.979,53.5137,83.3,17071.0,-52.6,-85.6,-80.8,1,2,0.0,277,10.4,10.322479977069749,-1.2674411714135358,71119
2026-04-01 12:23:39,-112.9789,53.5137,83.3,17075.0,-52.6,-85.6,-80.8,1,2,0.0,277,10.4,10.322479977069749,-1.2674411714135358,71119
2026-04-01 12:23:40,-112.9787,53.5137,83.2,17079.0,-52.6,-85.6,-80.8,1,2,0.0,278,10.4,10.298787914912332,-1.447400249984681,71119
2026-04-01 12:23:41,-112.9786,53.5137,83.2,17083.0,-52.6,-85.6,-80.8,1,2,0.0,278,10.5,10.397814721786489,-1.4613175600806874,71119
2026-04-01 12:23:42,-112.9784,53.5137,83.1,17087.0,-52.6,-85.6,-80.8,1,2,0.0,279,10.5,10.370727576248946,-1.642561882922422,71119
2026-04-01 12:23:43,-112.9783,53.5137,83.0,17092.0,-52.7,-85.6,-80.8,1,2,0.0,279,10.5,10.370727576248946,-1.642561882922422,71119
2026-04-01 12:23:44,-112.9781,53.5136,83.0,17096.0,-52.7,-85.6,-80.8,1,2,0.0,279,10.5,10.370727576248946,-1.642561882922422,71119
2026-04-01 12:23:45,-112.9779,53.5136,82.9,17101.0,-52.7,-85.6,-80.8,1,2,0.0,280,10.5,10.340481406628186,-1.8233058655027647,71119
2026-04-01 12:23:46,-112.9778,53.5136,82.9,17105.0,-52.7,-85.6,-80.8,1,2,0.0,280,10.5,10.340481406628186,-1.8233058655027647,71119
2026-04-01 12:23:47,-112.9776,53.5136,82.8,17110.0,-52.7,-85.6,-80.8,1,2,0.0,281,10.5,10.307085426200471,-2.0034944514537236,71119
2026-04-01 12:23:48,-112.9775,53.5135,82.8,17114.0,-52.7,-85.6,-80.8,1,2,0.0,281,10.5,10.307085426200471,-2.0034944514537236,71119
2026-04-01 12:23:49,-112.9774,53.5135,82.7,17118.0,-52.7,-85.6,-80.8,1,2,0.0,281,10.5,10.307085426200471,-2.0034944514537236,71119
2026-04-01 12:23:50,-112.9772,53.5135,82.7,17121.0,-52.7,-85.6,-80.8,1,2,0.0,282,10.5,10.270549807704958,-2.1830727535864742,71119
2026-04-01 12:23:51,-112.9771,53.5135,82.6,17125.0,-52.7,-85.6,-80.8,1,2,0.0,282,10.5,10.270549807704958,-2.1830727535864742,71119
2026-04-01 12:23:52,-112.9769,53.5135,82.6,17129.0,-52.7,-85.5,-80.8,1,2,0.0,283,10.5,10.23088568024497,-2.3619860706105817,71119
2026-04-01 12:23:53,-112.9768,53.5135,82.5,17132.0,-52.7,-85.5,-80.8,1,2,0.0,283,10.5,10.23088568024497,-2.3619860706105817,71119
2026-04-01 12:23:54,-112.9766,53.5134,82.5,17136.0,-52.7,-85.5,-80.8,1,2,0.0,283,10.5,10.23088568024497,-2.3619860706105817,71119
2026-04-01 12:23:55,-112.9764,53.5134,82.4,17140.0,-52.7,-85.5,-80.8,1,2,0.0,284,10.4,10.091075553270365,-2.5159877142365414,71119
2026-04-01 12:23:56,-112.9763,53.5134,82.4,17144.0,-52.8,-85.5,-80.8,1,2,0.0,284,10.4,10.091075553270365,-2.5159877142365414,71119
2026-04-01 12:23:57,-112.9762,53.5134,82.3,17148.0,-52.8,-85.6,-80.8,1,2,0.0,284,10.4,10.091075553270365,-2.5159877142365414,71119
2026-04-01 12:23:58,-112.976,53.5133,82.3,17152.0,-52.8,-85.6,-80.8,1,2,0.0,284,10.4,10.091075553270365,-2.5159877142365414,71119
2026-04-01 12:23:59,-112.9759,53.5133,82.2,17156.0,-52.8,-85.6,-80.8,1,2,0.0,285,10.4,10.045628593406311,-2.6917180690662112,71119
2026-04-01 12:24:00,-112.9757,53.5133,82.2,17160.0,-52.8,-85.6,-80.8,1,2,0.0,285,10.3,9.949036010777405,-2.665836164555959,71119
2026-04-01 12:24:01,-112.9755,53.5132,82.1,17165.0,-52.8,-85.6,-80.8,1,2,0.0,285,10.3,9.949036010777405,-2.665836164555959,71119
2026-04-01 12:24:02,-112.9753,53.5132,82.1,17169.0,-52.8,-85.6,-80.9,1,2,0.0,285,10.3,9.949036010777405,-2.665836164555959,71119
2026-04-01 12:24:03,-112.9752,53.5132,82.0,17173.0,-52.9,-85.6,-80.9,1,2,0.0,285,10.3,9.949036010777405,-2.665836164555959,71119
2026-04-01 12:24:04,-112.975,53.5131,82.0,17177.0,-52.9,-85.7,-80.9,1,2,0.0,285,10.2,9.852443428148497,-2.6399542600457067,71119
2026-04-01 12:24:05,-112.9749,53.5131,81.9,17181.0,-52.9,-85.7,-80.9,1,2,0.0,285,10.2,9.852443428148497,-2.6399542600457067,71119
2026-04-01 12:24:06,-112.9747,53.5131,81.9,17184.0,-52.9,-85.7,-80.9,1,2,0.0,285,10.1,9.755850845519591,-2.614072355535455,71119
2026-04-01 12:24:07,-112.9746,53.5131,81.8,17188.0,-52.9,-85.7,-80.9,1,2,0.0,285,10.1,9.755850845519591,-2.614072355535455,71119
2026-04-01 12:24:08,-112.9744,53.5131,81.8,17192.0,-52.8,-85.7,-80.9,1,2,0.0,285,10.0,9.659258262890685,-2.588190451025203,71119
2026-04-01 12:24:09,-112.9743,53.513,81.7,17195.0,-52.8,-85.7,-80.9,1,2,0.0,285,10.0,9.659258262890685,-2.588190451025203,71119
2026-04-01 12:24:10,-112.9742,53.513,81.7,17199.0,-52.8,-85.7,-81.0,1,2,0.0,285,9.9,9.562665680261778,-2.562308546514951,71119
2026-04-01 12:24:11,-112.974,53.513,81.6,17203.0,-52.8,-85.7,-81.0,1,2,0.0,285,9.8,9.46607309763287,-2.5364266420046993,71119
2026-04-01 12:24:12,-112.9739,53.513,81.6,17207.0,-52.8,-85.7,-81.0,1,2,0.0,285,9.8,9.46607309763287,-2.5364266420046993,71119
2026-04-01 12:24:13,-112.9737,53.5129,81.5,17211.0,-52.7,-85.7,-80.9,1,2,0.0,284,9.7,9.411868544877166,-2.3466423873167743,71119
2026-04-01 12:24:14,-112.9736,53.5129,81.5,17215.0,-52.7,-85.7,-80.9,1,2,0.0,284,9.6,9.314838972249566,-2.3224501977568073,71119
2026-04-01 12:24:15,-112.9735,53.5129,81.4,17219.0,-52.6,-85.6,-80.9,1,2,0.0,284,9.6,9.314838972249566,-2.3224501977568073,71119
2026-04-01 12:24:16,-112.9734,53.5128,81.4,17223.0,-52.6,-85.6,-80.9,1,2,0.0,283,9.5,9.256515615459735,-2.137035016266717,71119
2026-04-01 12:24:17,-112.9732,53.5128,81.3,17226.0,-52.5,-85.6,-80.8,1,2,0.0,283,9.4,9.159078608981211,-2.11453991083233,71119
2026-04-01 12:24:18,-112.9731,53.5128,81.3,17230.0,-52.5,-85.6,-80.8,1,2,0.0,282,9.3,9.096772686824393,-1.933578724605163,71119
2026-04-01 12:24:19,-112.973,53.5128,81.2,17234.0,-52.5,-85.6,-80.8,1,2,0.0,282,9.3,9.096772686824393,-1.933578724605163,71119
2026-04-01 12:24:20,-112.9729,53.5128,81.2,17238.0,-52.5,-85.6,-80.8,1,2,0.0,281,9.2,9.030970087718506,-1.7554427574642149,71119
2026-04-01 12:24:21,-112.9727,53.5127,81.1,17242.0,-52.5,-85.6,-80.8,1,2,0.0,280,9.1,8.961750552411093,-1.5801984167690626,71119
2026-04-01 12:24:22,-112.9726,53.5127,81.1,17246.0,-52.5,-85.6,-80.8,1,2,0.0,280,9.0,8.863269777109874,-1.5628335990023698,71119
2026-04-01 12:24:23,-112.9725,53.5127,81.0,17250.0,-52.5,-85.6,-80.9,1,2,0.0,279,8.9,8.790426231296726,-1.392266738858053,71119
2026-04-01 12:24:24,-112.9723,53.5127,81.0,17254.0,-52.5,-85.6,-80.9,1,2,0.0,278,8.9,8.813385811799977,-1.2386405985445827,71119
2026-04-01 12:24:25,-112.9722,53.5127,81.0,17257.0,-52.5,-85.6,-80.9,1,2,0.0,277,8.8,8.734406134443635,-1.0724502219652996,71119
2026-04-01 12:24:26,-112.972,53.5127,80.9,17261.0,-52.5,-85.6,-80.9,1,2,0.0,276,8.7,8.652340489703978,-0.9093976304285809,71119
2026-04-01 12:24:27,-112.9719,53.5127,80.9,17264.0,-52.5,-85.6,-80.9,1,2,0.0,275,8.6,8.56727440358901,-0.7495393876298578,71119
2026-04-01 12:24:28,-112.9717,53.5127,80.8,17268.0,-52.5,-85.6,-80.9,1,2,0.0,275,8.6,8.56727440358901,-0.7495393876298578,71119
2026-04-01 12:24:29,-112.9715,53.5127,80.8,17272.0,-52.6,-85.6,-80.9,1,2,0.0,274,8.5,8.479294427208506,-0.5929300268250643,71119
2026-04-01 12:24:30,-112.9714,53.5127,80.7,17276.0,-52.6,-85.6,-80.9,1,2,0.0,273,8.4,8.38848809193842,-0.43962203244072917,71119
2026-04-01 12:24:31,-112.9713,53.5126,80.7,17280.0,-52.6,-85.6,-80.9,1,2,0.0,272,8.3,8.294943864258496,-0.2896658226307607,71119
2026-04-01 12:24:32,-112.9712,53.5126,80.6,17284.0,-52.6,-85.6,-80.9,1,2,0.0,271,8.3,8.298735869798048,-0.14485497342945,71119
2026-04-01 12:24:33,-112.9711,53.5126,80.6,17288.0,-52.6,-85.6,-80.9,1,2,0.0,270,8.2,8.2,1.5063155629512442e-15,71119
2026-04-01 12:24:34,-112.971,53.5127,80.5,17292.0,-52.6,-85.6,-80.9,1,2,0.0,269,8.2,8.198751100282408,0.14310973278572467,71119
2026-04-01 12:24:35,-112.9709,53.5127,80.5,17297.0,-52.7,-85.6,-80.9,1,2,0.0,268,8.1,8.095065698854675,0.28268592329025616,71119
2026-04-01 12:24:36,-112.9708,53.5127,80.4,17301.0,-52.7,-85.7,-80.9,1,2,0.0,266,8.1,8.080268807104575,0.5650274373274172,71119
2026-04-01 12:24:37,-112.9707,53.5128,80.3,17306.0,-52.7,-85.7,-80.9,1,2,0.0,265,8.0,7.969557584733964,0.697245941981266,71119
2026-04-01 12:24:38,-112.9706,53.5128,80.3,17310.0,-52.7,-85.7,-80.9,1,2,0.0,265,8.0,7.969557584733964,0.697245941981266,71119
2026-04-01 12:24:39,-112.9705,53.5128,80.2,17314.0,-52.8,-85.7,-80.9,1,2,0.0,264,8.0,7.956175162946187,0.8362277061412269,71119
2026-04-01 12:24:40,-112.9703,53.5128,80.2,17318.0,-52.8,-85.7,-80.9,1,2,0.0,263,8.0,7.940369213130577,0.9749547472411774,71119
2026-04-01 12:24:41,-112.9702,53.5128,80.2,17321.0,-52.8,-85.7,-80.9,1,2,0.0,262,7.9,7.823117743058405,1.09946749758452,71119
2026-04-01 12:24:42,-112.9701,53.5128,80.1,17325.0,-52.8,-85.7,-80.9,1,2,0.0,261,7.9,7.802737890701588,1.2358322738178253,71119
2026-04-01 12:24:43,-112.97,53.5128,80.0,17329.0,-52.8,-85.7,-80.9,1,2,0.0,260,7.9,7.779981248796444,1.3718206035687497,71119
2026-04-01 12:24:44,-112.9699,53.5127,80.0,17334.0,-52.8,-85.7,-80.9,1,2,0.0,259,7.9,7.754854749236546,1.5073910634747025,71119
2026-04-01 12:24:45,-112.9698,53.5128,79.9,17338.0,-52.8,-85.6,-80.9,1,2,0.0,258,7.9,7.727366045797065,1.6425023574603024,71119
2026-04-01 12:24:46,-112.9697,53.5128,79.9,17342.0,-52.8,-85.6,-80.9,1,2,0.0,257,8.0,7.794960518281881,1.799608434750922,71119
2026-04-01 12:24:47,-112.9696,53.5128,79.8,17347.0,-52.8,-85.6,-80.9,1,2,0.0,257,8.0,7.794960518281881,1.799608434750922,71119
2026-04-01 12:24:48,-112.9695,53.5129,79.8,17351.0,-52.8,-85.6,-80.9,1,2,0.0,256,8.0,7.762365810207972,1.9353751647973423,71119
2026-04-01 12:24:49,-112.9693,53.5129,79.7,17354.0,-52.8,-85.6,-80.9,1,2,0.0,255,8.1,7.823999192941453,2.096434265330417,71119
2026-04-01 12:24:50,-112.9692,53.513,79.7,17358.0,-52.9,-85.6,-80.9,1,2,0.0,255,8.1,7.823999192941453,2.096434265330417,71119
2026-04-01 12:24:51,-112.969,53.513,79.7,17361.0,-52.9,-85.6,-80.9,1,2,0.0,254,8.1,7.786219737100383,2.232662582117691,71119
2026-04-01 12:24:52,-112.9689,53.513,79.6,17364.0,-52.9,-85.6,-80.9,1,2,0.0,254,8.2,7.882345906694215,2.2602263176993906,71119
2026-04-01 12:24:53,-112.9687,53.513,79.6,17368.0,-52.9,-85.7,-80.9,1,2,0.0,253,8.2,7.841698998896889,2.397447978726444,71119
2026-04-01 12:24:54,-112.9686,53.513,79.5,17373.0,-52.9,-85.7,-80.9,1,2,0.0,253,8.3,7.937329474493194,2.4266851491987182,71119
2026-04-01 12:24:55,-112.9686,53.513,79.5,17377.0,-53.0,-85.7,-80.9,1,2,0.0,252,8.4,7.98887473687929,2.5957427527495596,71119
2026-04-01 12:24:56,-112.9685,53.513,79.4,17380.0,-53.0,-85.7,-80.9,1,2,0.0,252,8.4,7.98887473687929,2.5957427527495596,71119
2026-04-01 12:24:57,-112.9684,53.513,79.4,17383.0,-53.0,-85.7,-80.9,1,2,0.0,252,8.5,8.083980388508804,2.6266444521870542,71119
2026-04-01 12:24:58,-112.9683,53.5131,79.3,17386.0,-53.1,-85.7,-80.9,1,2,0.0,251,8.6,8.131459750154125,2.799886128331547,71119
2026-04-01 12:24:59,-112.9682,53.5131,79.3,17389.0,-53.1,-85.7,-80.9,1,2,0.0,251,8.6,8.131459750154125,2.799886128331547,71119
2026-04-01 12:25:00,-112.968,53.5132,79.3,17392.0,-53.1,-85.7,-81.0,1,2,0.0,251,8.7,8.226011607714057,2.8324429437772625,71119
2026-04-01 12:25:01,-112.9679,53.5132,79.2,17395.0,-53.1,-85.7,-81.0,1,2,0.0,251,8.8,8.320563465273988,2.864999759222979,71119
2026-04-01 12:25:02,-112.9678,53.5133,79.2,17398.0,-53.1,-85.7,-81.0,1,2,0.0,251,8.9,8.41511532283392,2.897556574668694,71119
2026-04-01 12:25:03,-112.9676,53.5133,79.2,17402.0,-53.2,-85.7,-81.0,1,2,0.0,251,8.9,8.41511532283392,2.897556574668694,71119
2026-04-01 12:25:04,-112.9675,53.5133,79.1,17405.0,-53.2,-85.7,-81.0,1,2,0.0,251,9.0,8.509667180393851,2.9301133901144096,71119
2026-04-01 12:25:05,-112.9674,53.5133,79.1,17409.0,-53.2,-85.7,-81.0,1,2,0.0,251,9.1,8.604219037953783,2.9626702055601255,71119
2026-04-01 12:25:06,-112.9672,53.5133,79.0,17413.0,-53.2,-85.7,-81.0,1,2,0.0,251,9.1,8.604219037953783,2.9626702055601255,71119
2026-04-01 12:25:07,-112.9671,53.5133,79.0,17416.0,-53.2,-85.8,-81.0,1,2,0.0,251,9.2,8.698770895513714,2.995227021005841,71119
2026-04-01 12:25:08,-112.967,53.5134,78.9,17420.0,-53.2,-85.8,-81.0,1,2,0.0,251,9.3,8.793322753073648,3.0277838364515572,71119
2026-04-01 12:25:09,-112.9668,53.5134,78.9,17424.0,-53.3,-85.8,-81.0,1,2,0.0,251,9.3,8.793322753073648,3.0277838364515572,71119
2026-04-01 12:25:10,-112.9667,53.5134,78.8,17428.0,-53.3,-85.8,-81.0,1,2,0.0,251,9.4,8.88787461063358,3.0603406518972727,71119
2026-04-01 12:25:11,-112.9665,53.5134,78.8,17431.0,-53.3,-85.8,-81.1,1,2,0.0,251,9.5,8.98242646819351,3.092897467342988,71119
2026-04-01 12:25:12,-112.9664,53.5135,78.8,17435.0,-53.3,-85.8,-81.1,1,2,0.0,252,9.5,9.035036904803958,2.9356614465620017,71119
2026-04-01 12:25:13,-112.9663,53.5136,78.7,17438.0,-53.4,-85.9,-81.1,1,2,0.0,252,9.6,9.130142556433473,2.9665631459994963,71119
2026-04-01 12:25:14,-112.9661,53.5136,78.7,17442.0,-53.4,-85.9,-81.1,1,2,0.0,253,9.6,9.18052565724514,2.806768365338276,71119
2026-04-01 12:25:15,-112.966,53.5137,78.6,17446.0,-53.4,-85.9,-81.1,1,2,0.0,253,9.7,9.276156132841441,2.83600553581055,71119
2026-04-01 12:25:16,-112.9659,53.5137,78.6,17450.0,-53.4,-85.9,-81.2,1,2,0.0,253,9.8,9.371786608437747,2.8652427062828236,71119
2026-04-01 12:25:17,-112.9657,53.5137,78.5,17454.0,-53.5,-85.9,-81.2,1,2,0.0,254,9.8,9.420364620195526,2.7012460870065893,71119
2026-04-01 12:25:18,-112.9655,53.5137,78.5,17458.0,-53.5,-86.0,-81.2,1,2,0.0,254,9.9,9.516490789789358,2.728809822588289,71119
2026-04-01 12:25:19,-112.9654,53.5137,78.4,17462.0,-53.5,-86.0,-81.2,1,2,0.0,255,9.9,9.562665680261777,2.5623085465149544,71119
2026-04-01 12:25:20,-112.9652,53.5138,78.4,17466.0,-53.5,-85.9,-81.2,1,2,0.0,255,10.0,9.659258262890683,2.5881904510252065,71119
2026-04-01 12:25:21,-112.9651,53.5138,78.3,17470.0,-53.4,-85.9,-81.2,1,2,0.0,256,10.1,9.799986835387564,2.4434111455566447,71119
2026-04-01 12:25:22,-112.965,53.5138,78.3,17474.0,-53.4,-85.9,-81.1,1,2,0.0,257,10.1,9.841137654330874,2.272005648873039,71119
2026-04-01 12:25:23,-112.9648,53.5138,78.2,17479.0,-53.4,-85.9,-81.1,1,2,0.0,257,10.2,9.938574660809397,2.2945007543074256,71119
2026-04-01 12:25:24,-112.9647,53.5138,78.2,17483.0,-53.4,-85.9,-81.1,1,2,0.0,258,10.3,10.074920287558198,2.141490415422926,71119
2026-04-01 12:25:25,-112.9646,53.5138,78.1,17487.0,-53.4,-85.9,-81.1,1,2,0.0,259,10.3,10.110759989510939,1.9653326523784096,71119
2026-04-01 12:25:26,-112.9644,53.5138,78.1,17491.0,-53.4,-85.9,-81.1,1,2,0.0,259,10.4,10.208922707855706,1.984413551916064,71119
2026-04-01 12:25:27,-112.9643,53.5138,78.0,17496.0,-53.4,-85.9,-81.2,1,2,0.0,260,10.5,10.340481406628184,1.8233058655027685,71119
2026-04-01 12:25:28,-112.9641,53.5139,78.0,17500.0,-53.5,-85.9,-81.2,1,2,0.0,260,10.6,10.438962181929405,1.8406706832694615,71119
2026-04-01 12:25:29,-112.9639,53.5139,77.9,17504.0,-53.5,-85.9,-81.2,1,2,0.0,261,10.7,10.568265244367971,1.6738487759304719,71119
2026-04-01 12:25:30,-112.9638,53.5139,77.9,17508.0,-53.5,-85.9,-81.2,1,2,0.0,262,10.8,10.69489514240896,1.503069490368711,71119
2026-04-01 12:25:31,-112.9636,53.5139,77.8,17512.0,-53.5,-85.9,-81.2,1,2,0.0,262,10.9,10.793921949283115,1.5169868004647176,71119
2026-04-01 12:25:32,-112.9634,53.514,77.8,17515.0,-53.5,-85.9,-81.2,1,2,0.0,263,11.0,10.918007668054543,1.340562777456619,71119
2026-04-01 12:25:33,-112.9633,53.514,77.7,17519.0,-53.5,-85.9,-81.2,1,2,0.0,263,11.1,11.017262283218676,1.3527497117971337,71119
2026-04-01 12:25:34,-112.9631,53.514,77.7,17523.0,-53.5,-85.9,-81.2,1,2,0.0,264,11.2,11.13864522812466,1.1707187885977175,71119
2026-04-01 12:25:35,-112.963,53.514,77.6,17526.0,-53.5,-85.9,-81.2,1,2,0.0,264,11.3,11.238097417661491,1.181171634924483,71119
2026-04-01 12:25:36,-112.9628,53.514,77.6,17530.0,-53.5,-86.0,-81.2,1,2,0.0,265,11.4,11.3566195582459,0.993575467323304,71119
2026-04-01 12:25:37,-112.9626,53.514,77.5,17534.0,-53.6,-86.0,-81.2,1,2,0.0,266,11.5,11.471986577987979,0.8021994480574441,71119
2026-04-01 12:25:38,-112.9625,53.514,77.5,17538.0,-53.6,-86.0,-81.2,1,2,0.0,266,11.5,11.471986577987979,0.8021994480574441,71119
2026-04-01 12:25:39,-112.9623,53.514,77.5,17542.0,-53.6,-86.0,-81.3,1,2,0.0,266,11.6,11.57174298301396,0.8091750954318567,71119
2026-04-01 12:25:40,-112.9621,53.514,77.4,17545.0,-53.7,-86.0,-81.3,1,2,0.0,267,11.7,11.683965556628513,0.6123306880424484,71119
2026-04-01 12:25:41,-112.9619,53.514,77.4,17549.0,-53.7,-86.1,-81.3,1,2,0.0,267,11.8,11.783828510103971,0.6175642836667429,71119
2026-04-01 12:25:42,-112.9617,53.514,77.3,17553.0,-53.7,-86.1,-81.3,1,2,0.0,268,11.9,11.89275084152724,0.4153040107597591,71119
2026-04-01 12:25:43,-112.9615,53.514,77.3,17557.0,-53.8,-86.1,-81.3,1,2,0.0,268,12.0,11.992689924229149,0.41879396043000916,71119
2026-04-01 12:25:44,-112.9613,53.514,77.2,17561.0,-53.8,-86.1,-81.4,1,2,0.0,269,12.0,11.998172341876696,0.20942887724740197,71119
2026-04-01 12:25:45,-112.9611,53.514,77.2,17565.0,-53.8,-86.1,-81.4,1,2,0.0,269,12.1,12.098157111392334,0.21117411789113033,71119
2026-04-01 12:25:46,-112.9609,53.514,77.1,17569.0,-53.8,-86.1,-81.4,1,2,0.0,270,12.1,12.1,2.222733940452446e-15,71119
2026-04-01 12:25:47,-112.9607,53.514,77.1,17572.0,-53.8,-86.1,-81.4,1,2,0.0,270,12.2,12.2,2.241103642439656e-15,71119
2026-04-01 12:25:48,-112.9606,53.514,77.0,17576.0,-53.8,-86.1,-81.4,1,2,0.0,271,12.2,12.198141880907972,-0.21291935853485416,71119
2026-04-01 12:25:49,-112.9604,53.514,77.0,17580.0,-53.8,-86.2,-81.4,1,2,0.0,271,12.2,12.198141880907972,-0.21291935853485416,71119
2026-04-01 12:25:50,-112.9602,53.514,77.0,17583.0,-53.8,-86.2,-81.4,1,2,0.0,271,12.2,12.198141880907972,-0.21291935853485416,71119
2026-04-01 12:25:51,-112.96,53.514,76.9,17586.0,-53.8,-86.1,-81.4,1,2,0.0,272,12.2,12.192568089632967,-0.42577385977051563,71119
2026-04-01 12:25:52,-112.9598,53.514,76.9,17590.0,-53.8,-86.1,-81.4,1,2,0.0,272,12.2,12.192568089632967,-0.42577385977051563,71119
2026-04-01 12:25:53,-112.9596,53.514,76.8,17593.0,-53.8,-86.1,-81.4,1,2,0.0,273,12.2,12.1832803240058,-0.6384986661639162,71119
2026-04-01 12:25:54,-112.9594,53.5139,76.8,17596.0,-53.8,-86.1,-81.4,1,2,0.0,273,12.2,12.1832803240058,-0.6384986661639162,71119
2026-04-01 12:25:55,-112.9591,53.5139,76.8,17600.0,-53.8,-86.1,-81.4,1,2,0.0,273,12.2,12.1832803240058,-0.6384986661639162,71119
2026-04-01 12:25:56,-112.9589,53.5139,76.7,17604.0,-53.8,-86.2,-81.4,1,2,0.0,274,12.1,12.070525008143873,-0.8440533323039151,71119
2026-04-01 12:25:57,-112.9588,53.5139,76.7,17608.0,-53.9,-86.2,-81.4,1,2,0.0,274,12.1,12.070525008143873,-0.8440533323039151,71119
2026-04-01 12:25:58,-112.9586,53.5139,76.6,17612.0,-53.9,-86.2,-81.4,1,2,0.0,275,12.0,11.954336377100947,-1.0458689129718945,71119
2026-04-01 12:25:59,-112.9584,53.5139,76.6,17615.0,-53.9,-86.2,-81.5,1,2,0.0,275,12.0,11.954336377100947,-1.0458689129718945,71119
2026-04-01 12:26:00,-112.9583,53.5139,76.5,17619.0,-53.9,-86.2,-81.5,1,2,0.0,275,11.9,11.854716907291772,-1.037153338697129,71119
2026-04-01 12:26:01,-112.9581,53.5139,76.5,17623.0,-53.9,-86.3,-81.5,1,2,0.0,275,11.8,11.755097437482599,-1.0284377644223632,71119
2026-04-01 12:26:02,-112.958,53.5139,76.4,17626.0,-54.0,-86.3,-81.5,1,2,0.0,276,11.7,11.635906175808799,-1.22298302023154,71119
2026-04-01 12:26:03,-112.9578,53.5139,76.4,17630.0,-54.0,-86.3,-81.6,1,2,0.0,276,11.7,11.635906175808799,-1.22298302023154,71119
2026-04-01 12:26:04,-112.9576,53.5138,76.4,17633.0,-54.0,-86.4,-81.6,1,2,0.0,276,11.6,11.53645398627197,-1.2125301739047747,71119
2026-04-01 12:26:05,-112.9574,53.5138,76.3,17636.0,-54.0,-86.4,-81.7,1,2,0.0,276,11.5,11.437001796735144,-1.2020773275780092,71119
2026-04-01 12:26:06,-112.9572,53.5138,76.3,17640.0,-54.0,-86.4,-81.7,1,2,0.0,276,11.4,11.337549607198318,-1.191624481251244,71119
2026-04-01 12:26:07,-112.9571,53.5138,76.2,17644.0,-54.0,-86.4,-81.7,1,2,0.0,276,11.3,11.238097417661491,-1.1811716349244787,71119
2026-04-01 12:26:08,-112.9569,53.5137,76.2,17648.0,-53.9,-86.4,-81.7,1,2,0.0,277,11.2,11.116516898382805,-1.364936646137654,71119
2026-04-01 12:26:09,-112.9567,53.5137,76.1,17652.0,-53.8,-86.4,-81.6,1,2,0.0,277,11.1,11.017262283218674,-1.3527497117971392,71119
2026-04-01 12:26:10,-112.9565,53.5137,76.1,17656.0,-53.7,-86.4,-81.6,1,2,0.0,276,11.0,10.939740849051008,-1.1498130959441828,71119
2026-04-01 12:26:11,-112.9564,53.5137,76.0,17660.0,-53.7,-86.3,-81.6,1,2,0.0,276,10.9,10.840288659514181,-1.1393602496174176,71119
2026-04-01 12:26:12,-112.9562,53.5137,76.0,17664.0,-53.6,-86.4,-81.6,1,2,0.0,276,10.8,10.740836469977353,-1.1289074032906523,71119
2026-04-01 12:26:13,-112.9561,53.5137,76.0,17668.0,-53.6,-86.4,-81.6,1,2,0.0,276,10.7,10.641384280440525,-1.1184545569638868,71119
2026-04-01 12:26:14,-112.9559,53.5137,75.9,17671.0,-53.6,-86.4,-81.6,1,2,0.0,276,10.6,10.541932090903698,-1.1080017106371216,71119
2026-04-01 12:26:15,-112.9558,53.5137,75.9,17675.0,-53.5,-86.4,-81.7,1,2,0.0,276,10.5,10.442479901366871,-1.0975488643103564,71119
2026-04-01 12:26:16,-112.9557,53.5137,75.8,17678.0,-53.5,-86.4,-81.7,1,2,0.0,275,10.5,10.460044329963328,-0.9151352988504078,71119
2026-04-01 12:26:17,-112.9555,53.5136,75.8,17682.0,-53.5,-86.5,-81.7,1,2,0.0,275,10.4,10.360424860154154,-0.906419724575642,71119
2026-04-01 12:26:18,-112.9554,53.5136,75.7,17685.0,-53.4,-86.5,-81.7,1,2,0.0,275,10.3,10.260805390344979,-0.8977041503008764,71119
2026-04-01 12:26:19,-112.9552,53.5136,75.7,17689.0,-53.4,-86.5,-81.7,1,2,0.0,274,10.3,10.274909717676191,-0.7184916795644898,71119
2026-04-01 12:26:20,-112.9551,53.5136,75.6,17694.0,-53.3,-86.5,-81.7,1,2,0.0,274,10.2,10.175153312650208,-0.7115160321900772,71119
2026-04-01 12:26:21,-112.9549,53.5136,75.6,17698.0,-53.2,-86.4,-81.7,1,2,0.0,273,10.2,10.186021254496652,-0.5338267536780282,71119
2026-04-01 12:26:22,-112.9548,53.5136,75.5,17702.0,-53.1,-86.4,-81.6,1,2,0.0,273,10.1,10.086158301021195,-0.5285931580537339,71119
2026-04-01 12:26:23,-112.9546,53.5136,75.5,17705.0,-52.9,-86.2,-81.5,1,2,0.0,273,10.1,10.086158301021195,-0.5285931580537339,71119
2026-04-01 12:26:24,-112.9545,53.5136,75.5,17709.0,-52.6,-86.1,-81.4,1,2,0.0,272,10.1,10.093847352892867,-0.35248491669526294,71119
2026-04-01 12:26:25,-112.9544,53.5136,75.4,17713.0,-52.6,-86.1,-81.3,1,2,0.0,272,10.1,10.093847352892867,-0.35248491669526294,71119
2026-04-01 12:26:26,-112.9542,53.5136,75.4,17716.0,-52.6,-86.1,-81.4,1,2,0.0,271,10.1,10.098461721079552,-0.1762693050165596,71119
2026-04-01 12:26:27,-112.9541,53.5136,75.3,17720.0,-52.6,-86.1,-81.4,1,2,0.0,271,10.1,10.098461721079552,-0.1762693050165596,71119
2026-04-01 12:26:28,-112.954,53.5136,75.3,17724.0,-52.6,-86.2,-81.4,1,2,0.0,271,10.1,10.098461721079552,-0.1762693050165596,71119
2026-04-01 12:26:29,-112.9539,53.5136,75.2,17728.0,-52.6,-86.2,-81.4,1,2,0.0,270,10.1,10.1,1.85533990070824e-15,71119
2026-04-01 12:26:30,-112.9537,53.5136,75.2,17731.0,-52.6,-86.2,-81.4,1,2,0.0,270,10.1,10.1,1.85533990070824e-15,71119
2026-04-01 12:26:31,-112.9535,53.5136,75.2,17735.0,-52.5,-86.2,-81.4,1,1,0.0,270,10.1,10.1,1.85533990070824e-15,71119
2026-04-01 12:26:32,-112.9533,53.5136,75.1,17739.0,-52.5,-86.2,-81.4,1,1,0.0,270,10.2,10.2,1.87370960269545e-15,71119
2026-04-01 12:26:33,-112.9531,53.5136,75.1,17742.0,-52.4,-86.1,-81.4,1,1,0.0,269,10.2,10.19844649059519,0.17801454566029168,71119
2026-04-01 12:26:34,-112.9529,53.5136,75.0,17746.0,-52.4,-86.1,-81.3,1,1,0.0,269,10.2,10.19844649059519,0.17801454566029168,71119
2026-04-01 12:26:35,-112.9528,53.5136,75.0,17750.0,-52.4,-86.0,-81.3,1,1,0.0,269,10.3,10.298431260110831,0.17975978630402004,71119
2026-04-01 12:26:36,-112.9526,53.5136,74.9,17754.0,-52.4,-86.1,-81.3,1,1,0.0,269,10.3,10.298431260110831,0.17975978630402004,71119
2026-04-01 12:26:37,-112.9525,53.5136,74.9,17757.0,-52.4,-86.0,-81.3,1,1,0.0,268,10.3,10.293725518296688,0.35946481603575786,71119
2026-04-01 12:26:38,-112.9523,53.5136,74.9,17761.0,-52.4,-86.0,-81.3,1,2,0.0,268,10.4,10.393664600998596,0.36295476570600793,71119
2026-04-01 12:26:39,-112.9522,53.5136,74.8,17764.0,-52.3,-86.0,-81.2,1,2,0.0,268,10.4,10.393664600998596,0.36295476570600793,71119
2026-04-01 12:26:40,-112.952,53.5136,74.8,17768.0,-52.3,-86.0,-81.2,1,2,0.0,268,10.4,10.393664600998596,0.36295476570600793,71119
2026-04-01 12:26:41,-112.9519,53.5136,74.7,17772.0,-52.3,-85.9,-81.2,1,2,0.0,268,10.5,10.493603683700506,0.366444715376258,71119
2026-04-01 12:26:42,-112.9518,53.5136,74.7,17775.0,-52.3,-85.9,-81.2,1,2,0.0,268,10.5,10.493603683700506,0.366444715376258,71119
2026-04-01 12:26:43,-112.9516,53.5136,74.7,17779.0,-52.3,-85.9,-81.2,1,2,0.0,268,10.5,10.493603683700506,0.366444715376258,71119
2026-04-01 12:26:44,-112.9515,53.5136,74.6,17783.0,-52.3,-85.9,-81.1,1,2,0.0,267,10.6,10.585473068398482,0.5547611361752096,71119
2026-04-01 12:26:45,-112.9513,53.5136,74.6,17786.0,-52.3,-85.9,-81.1,1,2,0.0,267,10.6,10.585473068398482,0.5547611361752096,71119
2026-04-01 12:26:46,-112.9511,53.5137,74.5,17790.0,-52.3,-85.9,-81.1,1,2,0.0,267,10.6,10.585473068398482,0.5547611361752096,71119
2026-04-01 12:26:47,-112.9509,53.5137,74.5,17794.0,-52.3,-85.9,-81.1,1,2,0.0,267,10.7,10.685336021873939,0.5599947317995041,71119
2026-04-01 12:26:48,-112.9507,53.5137,74.4,17798.0,-52.3,-85.9,-81.1,1,2,0.0,267,10.7,10.685336021873939,0.5599947317995041,71119
2026-04-01 12:26:49,-112.9506,53.5137,74.4,17802.0,-52.3,-85.8,-81.1,1,2,0.0,267,10.7,10.685336021873939,0.5599947317995041,71119
2026-04-01 12:26:50,-112.9504,53.5137,74.3,17806.0,-52.3,-85.8,-81.1,1,2,0.0,266,10.7,10.673935337780119,0.7463942690621437,71119
2026-04-01 12:26:51,-112.9503,53.5137,74.3,17810.0,-52.3,-85.8,-81.0,1,2,0.0,266,10.7,10.673935337780119,0.7463942690621437,71119
2026-04-01 12:26:52,-112.9501,53.5137,74.2,17814.0,-52.3,-85.8,-81.0,1,2,0.0,266,10.8,10.773691742806102,0.7533699164365563,71119
2026-04-01 12:26:53,-112.95,53.5137,74.2,17818.0,-52.3,-85.8,-81.0,1,2,0.0,266,10.8,10.773691742806102,0.7533699164365563,71119
2026-04-01 12:26:54,-112.9498,53.5137,74.2,17822.0,-52.4,-85.8,-81.0,1,2,0.0,266,10.8,10.773691742806102,0.7533699164365563,71119
2026-04-01 12:26:55,-112.9496,53.5137,74.1,17826.0,-52.4,-85.8,-81.0,1,2,0.0,265,10.8,10.758902739390853,0.9412820216747092,71119
2026-04-01 12:26:56,-112.9495,53.5137,74.0,17831.0,-52.4,-85.8,-81.0,1,2,0.0,265,10.8,10.758902739390853,0.9412820216747092,71119
2026-04-01 12:26:57,-112.9493,53.5137,74.0,17835.0,-52.4,-85.8,-81.0,1,2,0.0,265,10.8,10.758902739390853,0.9412820216747092,71119
2026-04-01 12:26:58,-112.9492,53.5137,74.0,17839.0,-52.4,-85.8,-81.0,1,2,0.0,264,10.8,10.740836469977353,1.1289074032906563,71119
2026-04-01 12:26:59,-112.949,53.5137,73.9,17843.0,-52.5,-85.8,-81.0,1,2,0.0,264,10.8,10.740836469977353,1.1289074032906563,71119
2026-04-01 12:27:00,-112.9488,53.5137,73.9,17847.0,-52.5,-85.8,-81.0,1,2,0.0,264,10.8,10.740836469977353,1.1289074032906563,71119
2026-04-01 12:27:01,-112.9487,53.5137,73.8,17850.0,-52.5,-85.8,-81.0,1,2,0.0,264,10.8,10.740836469977353,1.1289074032906563,71119
2026-04-01 12:27:02,-112.9485,53.5137,73.8,17854.0,-52.5,-85.8,-81.0,1,2,0.0,263,10.8,10.71949843772628,1.3161889087755896,71119
2026-04-01 12:27:03,-112.9483,53.5138,73.7,17858.0,-52.6,-85.8,-81.1,1,2,0.0,263,10.7,10.620243822562145,1.3040019744350746,71119
2026-04-01 12:27:04,-112.9481,53.5138,73.7,17862.0,-52.6,-85.8,-81.1,1,2,0.0,263,10.7,10.620243822562145,1.3040019744350746,71119
2026-04-01 12:27:05,-112.948,53.5138,73.6,17866.0,-52.7,-85.9,-81.1,1,2,0.0,263,10.7,10.620243822562145,1.3040019744350746,71119
2026-04-01 12:27:06,-112.9478,53.5138,73.6,17871.0,-52.7,-85.9,-81.1,1,2,0.0,262,10.7,10.595868335534801,1.4891521802727044,71119
2026-04-01 12:27:07,-112.9476,53.5139,73.5,17875.0,-52.7,-85.9,-81.1,1,2,0.0,262,10.6,10.496841528660644,1.4752348701766977,71119
2026-04-01 12:27:08,-112.9475,53.5139,73.5,17879.0,-52.8,-85.9,-81.1,1,2,0.0,262,10.6,10.496841528660644,1.4752348701766977,71119
2026-04-01 12:27:09,-112.9474,53.5139,73.5,17883.0,-52.8,-85.9,-81.2,1,2,0.0,262,10.5,10.397814721786487,1.4613175600806911,71119
2026-04-01 12:27:10,-112.9472,53.5139,73.4,17887.0,-52.8,-85.9,-81.2,1,2,0.0,262,10.5,10.397814721786487,1.4613175600806911,71119
2026-04-01 12:27:11,-112.9471,53.5139,73.4,17891.0,-52.9,-85.9,-81.2,1,2,0.0,262,10.4,10.298787914912332,1.4474002499846848,71119
2026-04-01 12:27:12,-112.9469,53.5139,73.3,17895.0,-52.9,-86.0,-81.2,1,2,0.0,262,10.4,10.298787914912332,1.4474002499846848,71119
2026-04-01 12:27:13,-112.9468,53.5139,73.3,17899.0,-52.9,-86.0,-81.2,1,2,0.0,262,10.3,10.199761108038174,1.4334829398886781,71119
2026-04-01 12:27:14,-112.9466,53.5139,73.2,17904.0,-53.0,-86.0,-81.2,1,2,0.0,262,10.3,10.199761108038174,1.4334829398886781,71119
2026-04-01 12:27:15,-112.9465,53.514,73.2,17907.0,-53.0,-86.0,-81.2,1,2,0.0,262,10.2,10.100734301164016,1.4195656297926713,71119
2026-04-01 12:27:16,-112.9463,53.514,73.1,17911.0,-53.0,-86.0,-81.2,1,2,0.0,262,10.1,10.001707494289859,1.4056483196966647,71119
2026-04-01 12:27:17,-112.9462,53.514,73.1,17915.0,-53.0,-86.0,-81.3,1,2,0.0,262,10.1,10.001707494289859,1.4056483196966647,71119
2026-04-01 12:27:18,-112.946,53.514,73.0,17919.0,-53.0,-86.0,-81.3,1,2,0.0,263,10.0,9.925461516413222,1.2186934340514717,71119
2026-04-01 12:27:19,-112.9458,53.514,73.0,17923.0,-53.1,-86.0,-81.3,1,2,0.0,263,9.9,9.826206901249089,1.2065064997109571,71119
2026-04-01 12:27:20,-112.9457,53.514,73.0,17927.0,-53.1,-86.0,-81.3,1,2,0.0,263,9.9,9.826206901249089,1.2065064997109571,71119
2026-04-01 12:27:21,-112.9455,53.5141,72.9,17931.0,-53.1,-86.1,-81.3,1,2,0.0,263,9.8,9.726952286084957,1.1943195653704424,71119
2026-04-01 12:27:22,-112.9454,53.5141,72.9,17935.0,-53.1,-86.1,-81.3,1,2,0.0,264,9.7,9.646862385072252,1.0139260936962375,71119
2026-04-01 12:27:23,-112.9452,53.5141,72.8,17939.0,-53.1,-86.1,-81.3,1,2,0.0,264,9.7,9.646862385072252,1.0139260936962375,71119
2026-04-01 12:27:24,-112.9451,53.5141,72.8,17943.0,-53.1,-86.1,-81.3,1,2,0.0,264,9.6,9.547410195535424,1.0034732473694723,71119
2026-04-01 12:27:25,-112.945,53.5141,72.7,17947.0,-53.1,-86.1,-81.3,1,2,0.0,265,9.6,9.563469101680758,0.8366951303775192,71119
2026-04-01 12:27:26,-112.9448,53.5141,72.7,17952.0,-53.1,-86.1,-81.3,1,2,0.0,265,9.5,9.463849631871582,0.8279795561027534,71119
2026-04-01 12:27:27,-112.9447,53.5141,72.6,17956.0,-53.1,-86.1,-81.3,1,2,0.0,266,9.4,9.377102072442348,0.6557108531947805,71119
2026-04-01 12:27:28,-112.9446,53.5141,72.6,17960.0,-53.0,-86.1,-81.3,1,2,0.0,266,9.4,9.377102072442348,0.6557108531947805,71119
2026-04-01 12:27:29,-112.9445,53.5141,72.5,17964.0,-53.0,-86.1,-81.3,1,2,0.0,267,9.3,9.287254673217538,0.4867243930593821,71119
2026-04-01 12:27:30,-112.9443,53.5141,72.5,17968.0,-53.0,-86.1,-81.3,1,2,0.0,267,9.3,9.287254673217538,0.4867243930593821,71119
2026-04-01 12:27:31,-112.9442,53.5141,72.4,17972.0,-53.0,-86.1,-81.3,1,2,0.0,268,9.2,9.19439560857568,0.321075369663007,71119
2026-04-01 12:27:32,-112.9441,53.5141,72.4,17976.0,-53.0,-86.1,-81.3,1,2,0.0,268,9.2,9.19439560857568,0.321075369663007,71119
2026-04-01 12:27:33,-112.9439,53.5141,72.4,17980.0,-53.0,-86.1,-81.3,1,2,0.0,269,9.2,9.1985987954388,0.16056213922300816,71119
2026-04-01 12:27:34,-112.9438,53.5141,72.3,17983.0,-52.9,-86.0,-81.3,1,2,0.0,269,9.1,9.09861402592316,0.15881689857927983,71119
2026-04-01 12:27:35,-112.9436,53.5141,72.3,17987.0,-52.9,-86.0,-81.3,1,2,0.0,270,9.1,9.1,1.671642880836137e-15,71119
2026-04-01 12:27:36,-112.9435,53.5141,72.2,17991.0,-52.9,-86.0,-81.3,1,2,0.0,270,9.1,9.1,1.671642880836137e-15,71119
2026-04-01 12:27:37,-112.9433,53.5141,72.2,17996.0,-52.9,-86.0,-81.3,1,2,0.0,271,9.1,9.09861402592316,-0.15881689857927647,71119
2026-04-01 12:27:38,-112.9432,53.5141,72.1,18000.0,-52.9,-86.1,-81.3,1,2,0.0,271,9.1,9.09861402592316,-0.15881689857927647,71119
2026-04-01 12:27:39,-112.943,53.5141,72.1,18004.0,-52.9,-86.1,-81.3,1,2,0.0,272,9.0,8.994517443171862,-0.3140954703225115,71119
2026-04-01 12:27:40,-112.9429,53.5141,72.0,18008.0,-52.9,-86.1,-81.3,1,2,0.0,272,9.0,8.994517443171862,-0.3140954703225115,71119
2026-04-01 12:27:41,-112.9428,53.5141,72.0,18012.0,-52.9,-86.1,-81.4,1,2,0.0,273,9.0,8.987665812791164,-0.4710236061864955,71119
2026-04-01 12:27:42,-112.9427,53.5141,72.0,18015.0,-52.9,-86.1,-81.4,1,2,0.0,273,9.0,8.987665812791164,-0.4710236061864955,71119
2026-04-01 12:27:43,-112.9426,53.5141,71.9,18019.0,-52.9,-86.1,-81.4,1,2,0.0,274,9.0,8.978076452338419,-0.627808263697127,71119
2026-04-01 12:27:44,-112.9425,53.514,71.9,18022.0,-53.0,-86.2,-81.4,1,2,0.0,274,9.0,8.978076452338419,-0.627808263697127,71119
2026-04-01 12:27:45,-112.9423,53.514,71.8,18026.0,-53.0,-86.2,-81.4,1,2,0.0,275,9.1,9.065371752634885,-0.7931172590036868,71119
2026-04-01 12:27:46,-112.9422,53.514,71.8,18030.0,-53.0,-86.2,-81.4,1,2,0.0,275,9.1,9.065371752634885,-0.7931172590036868,71119
2026-04-01 12:27:47,-112.9421,53.514,71.7,18035.0,-53.0,-86.2,-81.4,1,2,0.0,275,9.1,9.065371752634885,-0.7931172590036868,71119
2026-04-01 12:27:48,-112.9419,53.514,71.7,18040.0,-53.0,-86.2,-81.4,1,2,0.0,276,9.1,9.050149247851287,-0.9512090157356421,71119
2026-04-01 12:27:49,-112.9418,53.514,71.6,18044.0,-53.0,-86.2,-81.4,1,2,0.0,276,9.1,9.050149247851287,-0.9512090157356421,71119
2026-04-01 12:27:50,-112.9417,53.514,71.6,18049.0,-53.0,-86.2,-81.5,1,2,0.0,277,9.1,9.032169979936029,-1.109011024986844,71119
2026-04-01 12:27:51,-112.9415,53.514,71.5,18052.0,-53.1,-86.2,-81.5,1,2,0.0,277,9.1,9.032169979936029,-1.109011024986844,71119
2026-04-01 12:27:52,-112.9414,53.514,71.5,18056.0,-53.1,-86.2,-81.5,1,2,0.0,277,9.1,9.032169979936029,-1.109011024986844,71119
2026-04-01 12:27:53,-112.9412,53.514,71.5,18060.0,-53.0,-86.2,-81.4,1,2,0.0,278,9.2,9.110466232422446,-1.2803925288326021,71119
2026-04-01 12:27:54,-112.9411,53.514,71.4,18064.0,-52.8,-86.1,-81.3,1,2,0.0,278,9.2,9.110466232422446,-1.2803925288326021,71119
2026-04-01 12:27:55,-112.9409,53.514,71.4,18068.0,-52.8,-86.0,-81.2,1,2,0.0,278,9.2,9.110466232422446,-1.2803925288326021,71119
2026-04-01 12:27:56,-112.9408,53.514,71.3,18072.0,-52.7,-86.0,-81.2,1,2,0.0,279,9.2,9.086732733475268,-1.439197078370122,71119
2026-04-01 12:27:57,-112.9406,53.5139,71.3,18077.0,-52.8,-86.0,-81.2,1,2,0.0,279,9.2,9.086732733475268,-1.439197078370122,71119
2026-04-01 12:27:58,-112.9405,53.5139,71.2,18081.0,-52.8,-86.0,-81.2,1,2,0.0,279,9.2,9.086732733475268,-1.439197078370122,71119
2026-04-01 12:27:59,-112.9404,53.5139,71.2,18085.0,-52.8,-86.0,-81.2,1,2,0.0,280,9.2,9.060231327712314,-1.5975632345357555,71119
2026-04-01 12:28:00,-112.9402,53.5139,71.1,18089.0,-52.8,-86.0,-81.2,1,2,0.0,280,9.2,9.060231327712314,-1.5975632345357555,71119
2026-04-01 12:28:01,-112.9401,53.5139,71.1,18093.0,-52.9,-86.0,-81.2,1,2,0.0,281,9.3,9.129132806063275,-1.7745236570018696,71119
2026-04-01 12:28:02,-112.94,53.5138,71.0,18098.0,-52.9,-86.0,-81.2,1,2,0.0,281,9.3,9.129132806063275,-1.7745236570018696,71119
2026-04-01 12:28:03,-112.9399,53.5138,71.0,18102.0,-52.9,-86.0,-81.2,1,2,0.0,282,9.3,9.096772686824393,-1.933578724605163,71119
2026-04-01 12:28:04,-112.9397,53.5138,71.0,18106.0,-52.9,-86.0,-81.2,1,2,0.0,282,9.3,9.096772686824393,-1.933578724605163,71119
2026-04-01 12:28:05,-112.9396,53.5138,70.9,18110.0,-53.0,-86.0,-81.2,1,2,0.0,282,9.3,9.096772686824393,-1.933578724605163,71119
2026-04-01 12:28:06,-112.9395,53.5138,70.9,18115.0,-53.0,-86.0,-81.2,1,2,0.0,283,9.3,9.06164160250269,-2.092044805397944,71119
2026-04-01 12:28:07,-112.9394,53.5138,70.8,18119.0,-53.0,-86.0,-81.2,1,2,0.0,283,9.3,9.06164160250269,-2.092044805397944,71119
2026-04-01 12:28:08,-112.9392,53.5138,70.8,18123.0,-53.1,-86.0,-81.2,1,2,0.0,284,9.3,9.02375025436677,-2.2498736290769075,71119
2026-04-01 12:28:09,-112.9391,53.5137,70.7,18127.0,-53.1,-86.0,-81.2,1,2,0.0,284,9.4,9.120779826994369,-2.274065818636874,71119
2026-04-01 12:28:10,-112.9389,53.5137,70.7,18132.0,-53.1,-86.0,-81.2,1,2,0.0,285,9.4,9.079702767117244,-2.432899023963691,71119
2026-04-01 12:28:11,-112.9388,53.5137,70.6,18136.0,-53.2,-86.0,-81.2,1,2,0.0,285,9.4,9.079702767117244,-2.432899023963691,71119
2026-04-01 12:28:12,-112.9386,53.5137,70.6,18140.0,-53.2,-86.0,-81.2,1,2,0.0,286,9.4,9.035859941820197,-2.590991144679794,71119
2026-04-01 12:28:13,-112.9385,53.5136,70.5,18144.0,-53.2,-86.0,-81.2,1,2,0.0,286,9.4,9.035859941820197,-2.590991144679794,71119
2026-04-01 12:28:14,-112.9383,53.5136,70.5,18148.0,-53.2,-86.0,-81.2,1,2,0.0,287,9.4,8.989264706052534,-2.7482940243937253,71119
2026-04-01 12:28:15,-112.9382,53.5136,70.5,18152.0,-53.3,-86.0,-81.2,1,2,0.0,287,9.4,8.989264706052534,-2.7482940243937253,71119
2026-04-01 12:28:16,-112.9381,53.5136,70.4,18156.0,-53.3,-86.0,-81.3,1,2,0.0,288,9.4,8.939931253174445,-2.904759747124504,71119
2026-04-01 12:28:17,-112.9379,53.5135,70.4,18160.0,-53.4,-86.0,-81.3,1,2,0.0,289,9.4,8.88787461063358,-3.0603406518972696,71119
2026-04-01 12:28:18,-112.9378,53.5135,70.3,18165.0,-53.4,-86.0,-81.3,1,2,0.0,289,9.5,8.98242646819351,-3.092897467342985,71119
2026-04-01 12:28:19,-112.9377,53.5134,70.3,18169.0,-53.4,-86.0,-81.3,1,2,0.0,290,9.5,8.927079897466129,-3.2491913615938555,71119
2026-04-01 12:28:20,-112.9376,53.5134,70.2,18173.0,-53.5,-86.0,-81.3,1,2,0.0,290,9.5,8.927079897466129,-3.2491913615938555,71119
2026-04-01 12:28:21,-112.9374,53.5134,70.2,18178.0,-53.5,-86.1,-81.3,1,2,0.0,291,9.5,8.869014051723417,-3.4044955206803538,71119
2026-04-01 12:28:22,-112.9373,53.5134,70.1,18182.0,-53.5,-86.1,-81.3,1,2,0.0,291,9.5,8.869014051723417,-3.4044955206803538,71119
2026-04-01 12:28:23,-112.9372,53.5133,70.1,18186.0,-53.5,-86.1,-81.3,1,2,0.0,292,9.5,8.80824661838448,-3.5587626374511636,71119
2026-04-01 12:28:24,-112.9371,53.5133,70.0,18191.0,-53.6,-86.1,-81.3,1,2,0.0,292,9.5,8.80824661838448,-3.5587626374511636,71119
2026-04-01 12:28:24,-112.937,53.5133,70.0,18193.0,-53.6,-86.1,-81.3,1,2,0.0,292,9.5,8.80824661838448,-3.5587626374511636,71119
2026-04-01 12:28:25,-112.9369,53.5133,70.0,18195.0,-53.6,-86.1,-81.3,1,2,0.0,292,9.5,8.80824661838448,-3.5587626374511636,71119
2026-04-01 12:28:26,-112.9368,53.5133,69.9,18199.0,-53.7,-86.1,-81.4,1,2,0.0,293,9.6,8.836846593143429,-3.7510188334970254,71119
2026-04-01 12:28:27,-112.9366,53.5132,69.9,18203.0,-53.7,-86.1,-81.4,1,2,0.0,293,9.6,8.836846593143429,-3.7510188334970254,71119
2026-04-01 12:28:28,-112.9365,53.5132,69.9,18207.0,-53.7,-86.1,-81.4,1,2,0.0,294,9.6,8.77003639336897,-3.9046717735276775,71119
2026-04-01 12:28:29,-112.9364,53.5131,69.8,18210.0,-53.7,-86.1,-81.4,1,2,0.0,294,9.6,8.77003639336897,-3.9046717735276775,71119
2026-04-01 12:28:30,-112.9362,53.5131,69.8,18214.0,-53.7,-86.1,-81.4,1,2,0.0,294,9.6,8.77003639336897,-3.9046717735276775,71119
2026-04-01 12:28:31,-112.9361,53.5131,69.7,18218.0,-53.7,-86.1,-81.4,1,2,0.0,294,9.6,8.77003639336897,-3.9046717735276775,71119
2026-04-01 12:28:32,-112.9359,53.513,69.7,18222.0,-53.7,-86.1,-81.4,1,2,0.0,295,9.6,8.700554755551838,-4.057135312710716,71119
2026-04-01 12:28:33,-112.9358,53.513,69.6,18226.0,-53.8,-86.1,-81.4,1,2,0.0,295,9.6,8.700554755551838,-4.057135312710716,71119
2026-04-01 12:28:34,-112.9357,53.5129,69.6,18230.0,-53.8,-86.2,-81.4,1,2,0.0,295,9.6,8.700554755551838,-4.057135312710716,71119
2026-04-01 12:28:35,-112.9356,53.5129,69.5,18234.0,-53.8,-86.2,-81.4,1,2,0.0,295,9.6,8.700554755551838,-4.057135312710716,71119
2026-04-01 12:28:36,-112.9355,53.5128,69.5,18238.0,-53.9,-86.2,-81.4,1,2,0.0,295,9.6,8.700554755551838,-4.057135312710716,71119
2026-04-01 12:28:37,-112.9354,53.5128,69.5,18242.0,-53.9,-86.2,-81.5,1,2,0.0,296,9.6,8.628422844472004,-4.208363009175143,71119
2026-04-01 12:28:38,-112.9352,53.5128,69.4,18246.0,-53.9,-86.2,-81.5,1,2,0.0,296,9.6,8.628422844472004,-4.208363009175143,71119
2026-04-01 12:28:39,-112.9351,53.5127,69.4,18250.0,-53.9,-86.3,-81.5,1,2,0.0,296,9.6,8.628422844472004,-4.208363009175143,71119
2026-04-01 12:28:40,-112.935,53.5127,69.3,18255.0,-54.0,-86.3,-81.5,1,2,0.0,296,9.6,8.628422844472004,-4.208363009175143,71119
2026-04-01 12:28:41,-112.9348,53.5126,69.3,18259.0,-54.0,-86.3,-81.5,1,2,0.0,296,9.6,8.628422844472004,-4.208363009175143,71119
2026-04-01 12:28:42,-112.9347,53.5126,69.2,18264.0,-54.0,-86.3,-81.5,1,2,0.0,296,9.6,8.628422844472004,-4.208363009175143,71119
2026-04-01 12:28:43,-112.9346,53.5125,69.2,18268.0,-54.1,-86.3,-81.6,1,2,0.0,296,9.6,8.628422844472004,-4.208363009175143,71119
2026-04-01 12:28:44,-112.9344,53.5125,69.2,18272.0,-54.1,-86.3,-81.6,1,2,0.0,296,9.6,8.628422844472004,-4.208363009175143,71119
2026-04-01 12:28:45,-112.9343,53.5125,69.1,18276.0,-54.1,-86.4,-81.6,1,2,0.0,296,9.6,8.628422844472004,-4.208363009175143,71119
2026-04-01 12:28:46,-112.9342,53.5124,69.1,18280.0,-54.2,-86.4,-81.6,1,2,0.0,296,9.6,8.628422844472004,-4.208363009175143,71119
2026-04-01 12:28:47,-112.934,53.5124,69.0,18284.0,-54.2,-86.4,-81.6,1,2,0.0,296,9.6,8.628422844472004,-4.208363009175143,71119
2026-04-01 12:28:48,-112.9339,53.5124,69.0,18288.0,-54.2,-86.4,-81.7,1,2,0.0,296,9.6,8.628422844472004,-4.208363009175143,71119
2026-04-01 12:28:49,-112.9338,53.5124,68.9,18293.0,-54.2,-86.4,-81.7,1,2,0.0,296,9.6,8.628422844472004,-4.208363009175143,71119
2026-04-01 12:28:50,-112.9337,53.5123,68.9,18297.0,-54.2,-86.4,-81.7,1,2,0.0,296,9.6,8.628422844472004,-4.208363009175143,71119
2026-04-01 12:28:51,-112.9335,53.5123,68.8,18302.0,-54.3,-86.4,-81.7,1,2,0.0,297,9.6,8.553662632208331,-4.358308797499648,71119
2026-04-01 12:28:52,-112.9334,53.5123,68.8,18306.0,-54.3,-86.4,-81.7,1,2,0.0,297,9.6,8.553662632208331,-4.358308797499648,71119
2026-04-01 12:28:53,-112.9333,53.5123,68.7,18310.0,-54.3,-86.4,-81.7,1,2,0.0,297,9.6,8.553662632208331,-4.358308797499648,71119
2026-04-01 12:28:54,-112.9331,53.5122,68.7,18314.0,-54.3,-86.5,-81.7,1,2,0.0,297,9.6,8.553662632208331,-4.358308797499648,71119
2026-04-01 12:28:55,-112.933,53.5122,68.6,18319.0,-54.3,-86.5,-81.7,1,2,0.0,297,9.6,8.553662632208331,-4.358308797499648,71119
2026-04-01 12:28:56,-112.9329,53.5121,68.6,18323.0,-54.4,-86.5,-81.7,1,2,0.0,298,9.6,8.476296891445699,-4.506927002744548,71119
2026-04-01 12:28:57,-112.9327,53.5121,68.5,18327.0,-54.4,-86.5,-81.7,1,2,0.0,298,9.6,8.476296891445699,-4.506927002744548,71119
2026-04-01 12:28:58,-112.9326,53.5121,68.5,18332.0,-54.4,-86.5,-81.7,1,2,0.0,298,9.6,8.476296891445699,-4.506927002744548,71119
2026-04-01 12:28:59,-112.9325,53.512,68.5,18336.0,-54.4,-86.5,-81.7,1,2,0.0,298,9.6,8.476296891445699,-4.506927002744548,71119
2026-04-01 12:29:00,-112.9324,53.512,68.4,18340.0,-54.4,-86.5,-81.7,1,2,0.0,299,9.6,8.396349188538197,-4.654172354364838,71119
2026-04-01 12:29:01,-112.9323,53.5119,68.4,18344.0,-54.5,-86.5,-81.8,1,2,0.0,299,9.6,8.396349188538197,-4.654172354364838,71119
2026-04-01 12:29:02,-112.9322,53.5118,68.3,18348.0,-54.5,-86.5,-81.8,1,2,0.0,299,9.6,8.396349188538197,-4.654172354364838,71119
2026-04-01 12:29:03,-112.932,53.5118,68.3,18352.0,-54.5,-86.5,-81.8,1,2,0.0,299,9.6,8.396349188538197,-4.654172354364838,71119
2026-04-01 12:29:04,-112.9319,53.5117,68.2,18356.0,-54.5,-86.5,-81.8,1,2,0.0,300,9.6,8.31384387633061,-4.800000000000001,71119
2026-04-01 12:29:05,-112.9318,53.5117,68.2,18360.0,-54.5,-86.5,-81.8,1,2,0.0,300,9.6,8.31384387633061,-4.800000000000001,71119
2026-04-01 12:29:06,-112.9316,53.5117,68.2,18364.0,-54.5,-86.5,-81.8,1,2,0.0,300,9.6,8.31384387633061,-4.800000000000001,71119
2026-04-01 12:29:07,-112.9315,53.5116,68.1,18368.0,-54.5,-86.5,-81.8,1,2,0.0,300,9.6,8.31384387633061,-4.800000000000001,71119
2026-04-01 12:29:08,-112.9314,53.5116,68.1,18373.0,-54.5,-86.5,-81.8,1,2,0.0,300,9.6,8.31384387633061,-4.800000000000001,71119
2026-04-01 12:29:09,-112.9312,53.5116,68.0,18377.0,-54.5,-86.6,-81.8,1,2,0.0,300,9.6,8.31384387633061,-4.800000000000001,71119
2026-04-01 12:29:10,-112.9311,53.5115,68.0,18381.0,-54.6,-86.6,-81.8,1,2,0.0,301,9.5,8.143089356670068,-4.892861711645515,71119
2026-04-01 12:29:11,-112.931,53.5115,67.9,18385.0,-54.6,-86.6,-81.8,1,2,0.0,301,9.5,8.143089356670068,-4.892861711645515,71119
2026-04-01 12:29:12,-112.9309,53.5114,67.9,18389.0,-54.6,-86.6,-81.8,1,2,0.0,301,9.5,8.143089356670068,-4.892861711645515,71119
2026-04-01 12:29:13,-112.9308,53.5113,67.8,18393.0,-54.6,-86.6,-81.8,1,2,0.0,300,9.4,8.140638795573723,-4.700000000000001,71119
2026-04-01 12:29:14,-112.9306,53.5113,67.8,18397.0,-54.6,-86.6,-81.8,1,2,0.0,300,9.4,8.140638795573723,-4.700000000000001,71119
2026-04-01 12:29:15,-112.9305,53.5112,67.8,18401.0,-54.6,-86.6,-81.8,1,2,0.0,300,9.4,8.140638795573723,-4.700000000000001,71119
2026-04-01 12:29:16,-112.9304,53.5112,67.7,18405.0,-54.6,-86.6,-81.8,1,2,0.0,300,9.3,8.05403625519528,-4.650000000000001,71119
2026-04-01 12:29:17,-112.9302,53.5111,67.7,18410.0,-54.6,-86.6,-81.8,1,2,0.0,300,9.3,8.05403625519528,-4.650000000000001,71119
2026-04-01 12:29:18,-112.9301,53.5111,67.6,18414.0,-54.6,-86.6,-81.8,1,2,0.0,300,9.3,8.05403625519528,-4.650000000000001,71119
2026-04-01 12:29:19,-112.93,53.511,67.6,18419.0,-54.6,-86.6,-81.8,1,2,0.0,299,9.2,8.046501305682439,-4.460248506266303,71119
2026-04-01 12:29:20,-112.9299,53.511,67.5,18423.0,-54.6,-86.6,-81.8,1,2,0.0,299,9.2,8.046501305682439,-4.460248506266303,71119
2026-04-01 12:29:21,-112.9298,53.511,67.5,18427.0,-54.7,-86.6,-81.8,1,2,0.0,299,9.2,8.046501305682439,-4.460248506266303,71119
2026-04-01 12:29:22,-112.9297,53.511,67.5,18431.0,-54.7,-86.6,-81.9,1,2,0.0,298,9.1,8.034823095016236,-4.272191221351602,71119
2026-04-01 12:29:23,-112.9296,53.5109,67.4,18435.0,-54.7,-86.6,-81.9,1,2,0.0,298,9.1,8.034823095016236,-4.272191221351602,71119
2026-04-01 12:29:24,-112.9294,53.5109,67.4,18439.0,-54.7,-86.7,-81.9,1,2,0.0,297,9.1,8.108159370114148,-4.131313547629874,71119
2026-04-01 12:29:25,-112.9293,53.5109,67.3,18443.0,-54.8,-86.7,-81.9,1,2,0.0,297,9.1,8.108159370114148,-4.131313547629874,71119
2026-04-01 12:29:26,-112.9292,53.5108,67.3,18448.0,-54.8,-86.7,-81.9,1,2,0.0,297,9.1,8.108159370114148,-4.131313547629874,71119
2026-04-01 12:29:27,-112.9291,53.5108,67.2,18452.0,-54.8,-86.7,-81.9,1,2,0.0,296,9.1,8.17902582132242,-3.9891774357806042,71119
2026-04-01 12:29:28,-112.929,53.5107,67.2,18456.0,-54.8,-86.7,-81.9,1,2,0.0,296,9.1,8.17902582132242,-3.9891774357806042,71119
2026-04-01 12:29:29,-112.9289,53.5107,67.1,18461.0,-54.8,-86.7,-81.9,1,2,0.0,295,9.1,8.247400862033514,-3.845826181840366,71119
2026-04-01 12:29:30,-112.9288,53.5106,67.1,18466.0,-54.9,-86.7,-81.9,1,2,0.0,295,9.1,8.247400862033514,-3.845826181840366,71119
2026-04-01 12:29:31,-112.9286,53.5106,67.0,18470.0,-54.9,-86.7,-81.9,1,2,0.0,295,9.1,8.247400862033514,-3.845826181840366,71119
2026-04-01 12:29:32,-112.9285,53.5106,67.0,18474.0,-54.9,-86.7,-81.9,1,2,0.0,294,9.1,8.31326366454767,-3.701303451989778,71119
2026-04-01 12:29:33,-112.9284,53.5105,66.9,18479.0,-54.9,-86.7,-81.9,1,2,0.0,294,9.1,8.31326366454767,-3.701303451989778,71119
2026-04-01 12:29:34,-112.9282,53.5105,66.9,18484.0,-54.9,-86.7,-81.9,1,2,0.0,294,9.1,8.31326366454767,-3.701303451989778,71119
2026-04-01 12:29:35,-112.9281,53.5105,66.9,18487.0,-54.9,-86.7,-81.9,1,2,0.0,293,9.2,8.468644651762451,-3.594726382101316,71119
2026-04-01 12:29:36,-112.928,53.5105,66.8,18491.0,-54.9,-86.7,-81.9,1,2,0.0,293,9.2,8.468644651762451,-3.594726382101316,71119
2026-04-01 12:29:37,-112.9278,53.5105,66.8,18496.0,-54.9,-86.7,-81.9,1,2,0.0,293,9.2,8.468644651762451,-3.594726382101316,71119
2026-04-01 12:29:38,-112.9277,53.5105,66.7,18500.0,-54.9,-86.7,-81.9,1,2,0.0,293,9.3,8.560695137107697,-3.6337994949502437,71119
2026-04-01 12:29:39,-112.9276,53.5104,66.7,18506.0,-54.9,-86.6,-81.9,1,2,0.0,293,9.3,8.560695137107697,-3.6337994949502437,71119
2026-04-01 12:29:40,-112.9274,53.5104,66.6,18510.0,-54.9,-86.7,-81.9,1,2,0.0,293,9.3,8.560695137107697,-3.6337994949502437,71119
2026-04-01 12:29:41,-112.9273,53.5104,66.6,18515.0,-55.0,-86.7,-81.9,1,2,0.0,293,9.4,8.65274562245294,-3.672872607799171,71119
2026-04-01 12:29:42,-112.9272,53.5103,66.5,18519.0,-55.0,-86.7,-81.9,1,2,0.0,293,9.4,8.65274562245294,-3.672872607799171,71119
2026-04-01 12:29:43,-112.9271,53.5103,66.5,18523.0,-55.0,-86.7,-81.9,1,2,0.0,293,9.4,8.65274562245294,-3.672872607799171,71119
2026-04-01 12:29:44,-112.9269,53.5103,66.4,18527.0,-55.1,-86.7,-82.0,1,2,0.0,293,9.5,8.744796107798184,-3.711945720648098,71119
2026-04-01 12:29:45,-112.9268,53.5102,66.4,18532.0,-55.1,-86.7,-82.0,1,2,0.0,293,9.5,8.744796107798184,-3.711945720648098,71119
2026-04-01 12:29:46,-112.9267,53.5102,66.3,18536.0,-55.2,-86.8,-82.0,1,2,0.0,293,9.5,8.744796107798184,-3.711945720648098,71119
2026-04-01 12:29:47,-112.9265,53.5101,66.3,18540.0,-55.2,-86.8,-82.0,1,2,0.0,294,9.6,8.77003639336897,-3.9046717735276775,71119
2026-04-01 12:29:48,-112.9264,53.5101,66.3,18544.0,-55.2,-86.8,-82.0,1,2,0.0,294,9.6,8.77003639336897,-3.9046717735276775,71119
2026-04-01 12:29:49,-112.9262,53.5101,66.2,18549.0,-55.3,-86.8,-82.0,1,2,0.0,294,9.6,8.77003639336897,-3.9046717735276775,71119
2026-04-01 12:29:50,-112.9261,53.5101,66.2,18553.0,-55.3,-86.8,-82.1,1,2,0.0,295,9.7,8.791185534255503,-4.099397138884786,71119
2026-04-01 12:29:51,-112.9259,53.5101,66.1,18558.0,-55.3,-86.9,-82.1,1,2,0.0,295,9.7,8.791185534255503,-4.099397138884786,71119
2026-04-01 12:29:52,-112.9258,53.51,66.1,18562.0,-55.4,-86.9,-82.1,1,2,0.0,296,9.7,8.718302249101919,-4.252200123854051,71119
2026-04-01 12:29:53,-112.9257,53.51,66.0,18567.0,-55.4,-86.9,-82.1,1,2,0.0,296,9.8,8.808181653731838,-4.296037238532959,71119
2026-04-01 12:29:54,-112.9256,53.51,66.0,18572.0,-55.4,-86.9,-82.1,1,2,0.0,297,9.8,8.731863937046006,-4.449106897447558,71119
2026-04-01 12:29:55,-112.9255,53.5099,65.9,18576.0,-55.4,-86.9,-82.2,1,2,0.0,297,9.8,8.731863937046006,-4.449106897447558,71119
2026-04-01 12:29:56,-112.9254,53.5099,65.9,18580.0,-55.5,-86.9,-82.2,1,2,0.0,298,9.9,8.74118116930338,-4.647768471580315,71119
2026-04-01 12:29:57,-112.9252,53.5098,65.8,18584.0,-55.5,-87.0,-82.2,1,2,0.0,298,9.9,8.74118116930338,-4.647768471580315,71119
2026-04-01 12:29:58,-112.9251,53.5097,65.8,18589.0,-55.5,-87.0,-82.2,1,2,0.0,299,9.9,8.658735100680017,-4.799615240438739,71119
2026-04-01 12:29:59,-112.925,53.5097,65.8,18593.0,-55.5,-87.0,-82.2,1,2,0.0,300,10.0,8.660254037844386,-5.000000000000001,71119
2026-04-01 12:30:00,-112.9248,53.5096,65.7,18598.0,-55.5,-87.0,-82.3,1,2,0.0,300,10.0,8.660254037844386,-5.000000000000001,71119
2026-04-01 12:30:01,-112.9247,53.5096,65.7,18602.0,-55.5,-87.0,-82.3,1,2,0.0,301,10.1,8.657389737091334,-5.201884556591547,71119
2026-04-01 12:30:02,-112.9246,53.5095,65.6,18607.0,-55.5,-87.0,-82.3,1,2,0.0,301,10.1,8.657389737091334,-5.201884556591547,71119
2026-04-01 12:30:03,-112.9244,53.5095,65.6,18612.0,-55.5,-87.0,-82.2,1,2,0.0,302,10.1,8.565285771179903,-5.352184568755367,71119
2026-04-01 12:30:04,-112.9243,53.5094,65.5,18616.0,-55.4,-87.0,-82.2,1,2,0.0,302,10.2,8.650090580795547,-5.405176495178687,71119
2026-04-01 12:30:05,-112.9242,53.5094,65.5,18620.0,-55.4,-87.0,-82.3,1,2,0.0,303,10.2,8.554439793043327,-5.5553181571532715,71119
2026-04-01 12:30:06,-112.924,53.5094,65.4,18625.0,-55.4,-87.0,-82.3,1,2,0.0,304,10.2,8.456183240061424,-5.7037676154016195,71119
2026-04-01 12:30:07,-112.9239,53.5093,65.4,18629.0,-55.4,-87.1,-82.3,1,2,0.0,304,10.3,8.539086997316929,-5.759686905748695,71119
2026-04-01 12:30:08,-112.9237,53.5093,65.3,18634.0,-55.5,-87.1,-82.3,1,2,0.0,305,10.3,8.437266056176616,-5.907837294415775,71119
2026-04-01 12:30:09,-112.9236,53.5092,65.3,18638.0,-55.5,-87.1,-82.4,1,2,0.0,305,10.3,8.437266056176616,-5.907837294415775,71119
2026-04-01 12:30:10,-112.9235,53.5091,65.2,18642.0,-55.5,-87.2,-82.4,1,2,0.0,306,10.4,8.413776741499454,-6.112966623841719,71119
2026-04-01 12:30:11,-112.9234,53.5091,65.2,18647.0,-55.5,-87.2,-82.4,1,2,0.0,306,10.4,8.413776741499454,-6.112966623841719,71119
2026-04-01 12:30:12,-112.9233,53.509,65.2,18651.0,-55.5,-87.2,-82.5,1,2,0.0,307,10.4,8.305809304491849,-6.258876240781299,71119
2026-04-01 12:30:13,-112.9231,53.5089,65.1,18656.0,-55.5,-87.2,-82.5,1,2,0.0,307,10.5,8.385672855496578,-6.319057743096503,71119
2026-04-01 12:30:14,-112.923,53.5089,65.1,18660.0,-55.5,-87.3,-82.5,1,2,0.0,308,10.5,8.274112912870578,-6.464445490919414,71119
2026-04-01 12:30:15,-112.9229,53.5088,65.0,18664.0,-55.5,-87.3,-82.5,1,2,0.0,308,10.5,8.274112912870578,-6.464445490919414,71119
2026-04-01 12:30:16,-112.9228,53.5088,65.0,18668.0,-55.5,-87.3,-82.6,1,2,0.0,309,10.6,8.23774719144389,-6.670796145128278,71119
2026-04-01 12:30:17,-112.9227,53.5087,64.9,18673.0,-55.5,-87.3,-82.6,1,2,0.0,309,10.6,8.23774719144389,-6.670796145128278,71119
2026-04-01 12:30:18,-112.9226,53.5087,64.9,18678.0,-55.4,-87.3,-82.5,1,2,0.0,310,10.6,8.120071097061167,-6.813548662677316,71119
2026-04-01 12:30:19,-112.9224,53.5086,64.8,18683.0,-55.2,-87.2,-82.4,1,2,0.0,310,10.6,8.120071097061167,-6.813548662677316,71119
2026-04-01 12:30:20,-112.9223,53.5085,64.8,18688.0,-55.1,-87.1,-82.3,1,2,0.0,310,10.7,8.196675541373065,-6.87782742364597,71119
2026-04-01 12:30:21,-112.9222,53.5085,64.7,18693.0,-54.9,-87.0,-82.2,1,2,0.0,311,10.7,8.075392508383663,-7.019831610198425,71119
2026-04-01 12:30:22,-112.9221,53.5084,64.7,18698.0,-54.8,-87.0,-82.2,1,2,0.0,311,10.7,8.075392508383663,-7.019831610198425,71119
2026-04-01 12:30:23,-112.9219,53.5083,64.6,18703.0,-54.8,-86.9,-82.2,1,2,0.0,311,10.7,8.075392508383663,-7.019831610198425,71119
2026-04-01 12:30:24,-112.9218,53.5083,64.6,18708.0,-54.8,-86.9,-82.2,1,2,0.0,312,10.7,7.951649632608121,-7.159697488039778,71119
2026-04-01 12:30:25,-112.9217,53.5082,64.5,18712.0,-54.7,-87.0,-82.2,1,2,0.0,312,10.7,7.951649632608121,-7.159697488039778,71119
2026-04-01 12:30:26,-112.9216,53.5081,64.5,18716.0,-54.7,-87.0,-82.2,1,2,0.0,312,10.7,7.951649632608121,-7.159697488039778,71119
2026-04-01 12:30:27,-112.9215,53.5081,64.5,18720.0,-54.7,-87.0,-82.2,1,2,0.0,312,10.7,7.951649632608121,-7.159697488039778,71119
2026-04-01 12:30:28,-112.9214,53.508,64.4,18724.0,-54.7,-87.0,-82.2,1,2,0.0,312,10.7,7.951649632608121,-7.159697488039778,71119
2026-04-01 12:30:29,-112.9213,53.5079,64.4,18729.0,-54.7,-87.0,-82.2,1,2,0.0,312,10.7,7.951649632608121,-7.159697488039778,71119
2026-04-01 12:30:30,-112.9211,53.5078,64.3,18733.0,-54.8,-87.0,-82.2,1,2,0.0,313,10.7,7.825484607325122,-7.297382452668735,71119
2026-04-01 12:30:31,-112.921,53.5078,64.3,18737.0,-54.8,-87.0,-82.2,1,2,0.0,313,10.7,7.825484607325122,-7.297382452668735,71119
2026-04-01 12:30:32,-112.9209,53.5077,64.2,18742.0,-54.8,-87.0,-82.3,1,2,0.0,313,10.7,7.825484607325122,-7.297382452668735,71119
2026-04-01 12:30:33,-112.9208,53.5076,64.2,18746.0,-54.9,-87.0,-82.3,1,2,0.0,313,10.7,7.825484607325122,-7.297382452668735,71119
2026-04-01 12:30:34,-112.9206,53.5076,64.2,18750.0,-54.9,-87.0,-82.3,1,2,0.0,313,10.7,7.825484607325122,-7.297382452668735,71119
2026-04-01 12:30:35,-112.9205,53.5075,64.1,18755.0,-54.8,-87.0,-82.2,1,2,0.0,313,10.6,7.752349237163205,-7.229182616662486,71119
2026-04-01 12:30:36,-112.9204,53.5074,64.1,18760.0,-54.8,-87.0,-82.2,1,2,0.0,313,10.6,7.752349237163205,-7.229182616662486,71119
2026-04-01 12:30:37,-112.9203,53.5074,64.0,18764.0,-54.9,-87.0,-82.2,1,2,0.0,313,10.6,7.752349237163205,-7.229182616662486,71119
2026-04-01 12:30:38,-112.9202,53.5073,64.0,18769.0,-54.9,-87.0,-82.2,1,2,0.0,313,10.6,7.752349237163205,-7.229182616662486,71119
2026-04-01 12:30:39,-112.9201,53.5072,63.9,18774.0,-54.9,-87.0,-82.2,1,2,0.0,313,10.5,7.679213867001288,-7.160982780656236,71119
2026-04-01 12:30:40,-112.92,53.5072,63.9,18779.0,-55.0,-87.0,-82.3,1,2,0.0,312,10.5,7.8030206675126434,-7.025871366768007,71119
2026-04-01 12:30:41,-112.9199,53.5071,63.8,18783.0,-55.0,-87.0,-82.3,1,2,0.0,312,10.5,7.8030206675126434,-7.025871366768007,71119
2026-04-01 12:30:42,-112.9197,53.5071,63.8,18787.0,-55.0,-87.0,-82.3,1,2,0.0,312,10.4,7.728706184964904,-6.958958306132121,71119
2026-04-01 12:30:43,-112.9196,53.507,63.8,18791.0,-55.1,-87.1,-82.3,1,2,0.0,312,10.4,7.728706184964904,-6.958958306132121,71119
2026-04-01 12:30:44,-112.9195,53.5069,63.7,18795.0,-55.1,-87.1,-82.3,1,2,0.0,312,10.4,7.728706184964904,-6.958958306132121,71119
2026-04-01 12:30:45,-112.9194,53.5069,63.7,18799.0,-55.1,-87.1,-82.3,1,2,0.0,312,10.4,7.728706184964904,-6.958958306132121,71119
2026-04-01 12:30:46,-112.9192,53.5068,63.6,18803.0,-55.1,-87.1,-82.3,1,2,0.0,312,10.3,7.654391702417165,-6.892045245496235,71119
2026-04-01 12:30:47,-112.9191,53.5068,63.6,18808.0,-55.1,-87.1,-82.3,1,2,0.0,312,10.3,7.654391702417165,-6.892045245496235,71119
2026-04-01 12:30:48,-112.919,53.5067,63.5,18812.0,-55.1,-87.0,-82.3,1,2,0.0,312,10.3,7.654391702417165,-6.892045245496235,71119
2026-04-01 12:30:49,-112.9189,53.5066,63.5,18816.0,-55.1,-87.0,-82.3,1,2,0.0,312,10.3,7.654391702417165,-6.892045245496235,71119
2026-04-01 12:30:50,-112.9188,53.5066,63.5,18820.0,-55.1,-87.0,-82.2,1,2,0.0,312,10.2,7.580077219869424,-6.825132184860349,71119
2026-04-01 12:30:51,-112.9187,53.5065,63.4,18824.0,-55.1,-87.0,-82.2,1,2,0.0,312,10.2,7.580077219869424,-6.825132184860349,71119
2026-04-01 12:30:52,-112.9186,53.5065,63.4,18829.0,-55.1,-87.0,-82.2,1,2,0.0,312,10.2,7.580077219869424,-6.825132184860349,71119
2026-04-01 12:30:53,-112.9185,53.5064,63.3,18834.0,-55.1,-86.9,-82.2,1,2,0.0,312,10.2,7.580077219869424,-6.825132184860349,71119
2026-04-01 12:30:54,-112.9184,53.5063,63.3,18838.0,-55.1,-86.9,-82.2,1,2,0.0,311,10.1,7.622566760249999,-6.626196192804121,71119
2026-04-01 12:30:55,-112.9183,53.5063,63.2,18843.0,-55.1,-86.9,-82.2,1,2,0.0,311,10.1,7.622566760249999,-6.626196192804121,71119
2026-04-01 12:30:56,-112.9182,53.5062,63.2,18847.0,-55.1,-86.9,-82.2,1,2,0.0,311,10.1,7.622566760249999,-6.626196192804121,71119
2026-04-01 12:30:57,-112.918,53.5061,63.1,18852.0,-55.1,-86.9,-82.2,1,2,0.0,311,10.1,7.622566760249999,-6.626196192804121,71119
2026-04-01 12:30:58,-112.9179,53.5061,63.1,18857.0,-55.1,-86.9,-82.2,1,2,0.0,311,10.1,7.622566760249999,-6.626196192804121,71119
2026-04-01 12:30:59,-112.9178,53.506,63.0,18862.0,-55.1,-86.9,-82.2,1,2,0.0,311,10.0,7.547095802227722,-6.56059028990507,71119
2026-04-01 12:31:00,-112.9176,53.506,63.0,18867.0,-55.2,-86.9,-82.2,1,2,0.0,311,10.0,7.547095802227722,-6.56059028990507,71119
2026-04-01 12:31:01,-112.9175,53.5059,63.0,18872.0,-55.2,-87.0,-82.2,1,2,0.0,311,10.0,7.547095802227722,-6.56059028990507,71119
2026-04-01 12:31:02,-112.9174,53.5058,62.9,18876.0,-55.3,-87.0,-82.2,1,2,0.0,311,10.0,7.547095802227722,-6.56059028990507,71119
2026-04-01 12:31:03,-112.9173,53.5058,62.9,18880.0,-55.3,-87.0,-82.2,1,2,0.0,311,9.9,7.471624844205445,-6.49498438700602,71119
2026-04-01 12:31:04,-112.9173,53.5057,62.8,18885.0,-55.3,-86.9,-82.2,1,2,0.0,311,9.9,7.471624844205445,-6.49498438700602,71119
2026-04-01 12:31:05,-112.9172,53.5057,62.8,18890.0,-55.3,-86.9,-82.2,1,2,0.0,311,9.9,7.471624844205445,-6.49498438700602,71119
2026-04-01 12:31:06,-112.9171,53.5056,62.7,18894.0,-55.3,-86.9,-82.2,1,2,0.0,310,9.9,7.583839986877884,-6.363597335896739,71119
2026-04-01 12:31:07,-112.917,53.5055,62.7,18898.0,-55.3,-86.9,-82.2,1,2,0.0,310,9.9,7.583839986877884,-6.363597335896739,71119
2026-04-01 12:31:08,-112.9168,53.5055,62.6,18902.0,-55.4,-86.9,-82.2,1,2,0.0,310,9.8,7.5072355425659865,-6.299318574928085,71119
2026-04-01 12:31:09,-112.9167,53.5054,62.6,18907.0,-55.4,-86.9,-82.2,1,2,0.0,310,9.8,7.5072355425659865,-6.299318574928085,71119
2026-04-01 12:31:10,-112.9166,53.5054,62.6,18912.0,-55.4,-86.9,-82.2,1,2,0.0,310,9.8,7.5072355425659865,-6.299318574928085,71119
2026-04-01 12:31:11,-112.9165,53.5053,62.5,18916.0,-55.4,-86.9,-82.2,1,2,0.0,310,9.8,7.5072355425659865,-6.299318574928085,71119
2026-04-01 12:31:12,-112.9164,53.5053,62.5,18921.0,-55.5,-86.9,-82.2,1,2,0.0,310,9.8,7.5072355425659865,-6.299318574928085,71119
2026-04-01 12:31:13,-112.9163,53.5052,62.4,18925.0,-55.5,-86.9,-82.2,1,2,0.0,310,9.8,7.5072355425659865,-6.299318574928085,71119
2026-04-01 12:31:14,-112.9161,53.5052,62.4,18930.0,-55.5,-86.9,-82.2,1,2,0.0,310,9.7,7.4306310982540875,-6.23503981395943,71119
2026-04-01 12:31:15,-112.916,53.5051,62.3,18934.0,-55.6,-86.9,-82.2,1,2,0.0,310,9.7,7.4306310982540875,-6.23503981395943,71119
2026-04-01 12:31:16,-112.9159,53.5051,62.3,18939.0,-55.6,-86.9,-82.2,1,2,0.0,310,9.7,7.4306310982540875,-6.23503981395943,71119
2026-04-01 12:31:17,-112.9158,53.505,62.2,18944.0,-55.7,-86.9,-82.2,1,2,0.0,310,9.7,7.4306310982540875,-6.23503981395943,71119
2026-04-01 12:31:18,-112.9157,53.505,62.2,18948.0,-55.7,-87.0,-82.2,1,2,0.0,309,9.7,7.538315826132616,-6.104407793183423,71119
2026-04-01 12:31:19,-112.9156,53.5049,62.2,18953.0,-55.8,-87.0,-82.2,1,2,0.0,309,9.7,7.538315826132616,-6.104407793183423,71119
2026-04-01 12:31:20,-112.9155,53.5049,62.1,18957.0,-55.8,-87.0,-82.2,1,2,0.0,309,9.7,7.538315826132616,-6.104407793183423,71119
2026-04-01 12:31:21,-112.9154,53.5048,62.1,18962.0,-55.8,-87.0,-82.2,1,2,0.0,309,9.6,7.460601229986919,-6.04147575407844,71119
2026-04-01 12:31:22,-112.9153,53.5047,62.0,18967.0,-55.9,-87.0,-82.2,1,2,0.0,309,9.6,7.460601229986919,-6.04147575407844,71119
2026-04-01 12:31:23,-112.9151,53.5047,62.0,18972.0,-55.9,-87.0,-82.3,1,2,0.0,309,9.6,7.460601229986919,-6.04147575407844,71119
2026-04-01 12:31:24,-112.915,53.5046,61.9,18976.0,-56.0,-87.0,-82.3,1,2,0.0,309,9.6,7.460601229986919,-6.04147575407844,71119
2026-04-01 12:31:25,-112.9149,53.5046,61.9,18981.0,-56.0,-87.0,-82.3,1,2,0.0,309,9.6,7.460601229986919,-6.04147575407844,71119
2026-04-01 12:31:26,-112.9148,53.5045,61.8,18985.0,-56.1,-87.0,-82.3,1,2,0.0,309,9.6,7.460601229986919,-6.04147575407844,71119
2026-04-01 12:31:27,-112.9147,53.5045,61.8,18989.0,-56.1,-87.1,-82.3,1,2,0.0,309,9.6,7.460601229986919,-6.04147575407844,71119
2026-04-01 12:31:28,-112.9146,53.5044,61.8,18993.0,-56.1,-87.1,-82.3,1,2,0.0,309,9.5,7.382886633841222,-5.978543714973457,71119
2026-04-01 12:31:29,-112.9145,53.5044,61.7,18998.0,-56.1,-87.1,-82.3,1,2,0.0,309,9.5,7.382886633841222,-5.978543714973457,71119
2026-04-01 12:31:30,-112.9144,53.5043,61.7,19003.0,-56.1,-87.1,-82.3,1,2,0.0,309,9.5,7.382886633841222,-5.978543714973457,71119
2026-04-01 12:31:31,-112.9143,53.5043,61.6,19008.0,-56.2,-87.1,-82.3,1,2,0.0,309,9.5,7.382886633841222,-5.978543714973457,71119
2026-04-01 12:31:32,-112.9142,53.5042,61.6,19012.0,-56.2,-87.1,-82.3,1,2,0.0,309,9.5,7.382886633841222,-5.978543714973457,71119
2026-04-01 12:31:33,-112.914,53.5042,61.5,19017.0,-56.2,-87.1,-82.3,1,2,0.0,309,9.4,7.305172037695526,-5.9156116758684725,71119
2026-04-01 12:31:34,-112.9139,53.5041,61.5,19022.0,-56.3,-87.1,-82.3,1,2,0.0,309,9.4,7.305172037695526,-5.9156116758684725,71119
2026-04-01 12:31:35,-112.9138,53.504,61.4,19026.0,-56.3,-87.1,-82.3,1,2,0.0,309,9.4,7.305172037695526,-5.9156116758684725,71119
2026-04-01 12:31:36,-112.9137,53.504,61.4,19030.0,-56.3,-87.1,-82.4,1,2,0.0,309,9.3,7.227457441549829,-5.852679636763489,71119
2026-04-01 12:31:37,-112.9135,53.5039,61.4,19034.0,-56.4,-87.1,-82.4,1,2,0.0,309,9.3,7.227457441549829,-5.852679636763489,71119
2026-04-01 12:31:38,-112.9134,53.5039,61.3,19038.0,-56.4,-87.1,-82.4,1,2,0.0,309,9.2,7.1497428454041305,-5.789747597658504,71119
2026-04-01 12:31:39,-112.9133,53.5038,61.3,19041.0,-56.4,-87.1,-82.4,1,2,0.0,308,9.2,7.24969893318184,-5.664085572996058,71119
2026-04-01 12:31:40,-112.9132,53.5038,61.3,19045.0,-56.4,-87.1,-82.4,1,2,0.0,308,9.1,7.170897857821168,-5.602519425463492,71119
2026-04-01 12:31:41,-112.9131,53.5037,61.2,19050.0,-56.5,-87.2,-82.4,1,2,0.0,308,9.1,7.170897857821168,-5.602519425463492,71119
2026-04-01 12:31:42,-112.913,53.5037,61.2,19054.0,-56.5,-87.2,-82.4,1,2,0.0,308,9.0,7.092096782460496,-5.540953277930926,71119
2026-04-01 12:31:43,-112.9129,53.5036,61.1,19059.0,-56.5,-87.2,-82.4,1,2,0.0,308,9.0,7.092096782460496,-5.540953277930926,71119
2026-04-01 12:31:44,-112.9128,53.5036,61.1,19063.0,-56.5,-87.2,-82.4,1,2,0.0,308,8.9,7.013295707099824,-5.479387130398361,71119
2026-04-01 12:31:45,-112.9127,53.5035,61.0,19067.0,-56.6,-87.2,-82.5,1,2,0.0,307,8.8,7.027992488416181,-5.295972203738022,71119
2026-04-01 12:31:46,-112.9126,53.5035,61.0,19071.0,-56.6,-87.2,-82.5,1,2,0.0,307,8.8,7.027992488416181,-5.295972203738022,71119
2026-04-01 12:31:47,-112.9125,53.5035,61.0,19075.0,-56.7,-87.3,-82.5,1,2,0.0,307,8.7,6.94812893741145,-5.235790701422816,71119
2026-04-01 12:31:48,-112.9124,53.5034,60.9,19080.0,-56.7,-87.3,-82.5,1,2,0.0,307,8.6,6.868265386406721,-5.175609199107612,71119
2026-04-01 12:31:49,-112.9123,53.5033,60.9,19084.0,-56.7,-87.3,-82.5,1,2,0.0,306,8.6,6.957546151624549,-5.054953169715267,71119
2026-04-01 12:31:50,-112.9122,53.5033,60.8,19088.0,-56.8,-87.3,-82.6,1,2,0.0,306,8.5,6.876644452187055,-4.99617464448602,71119
2026-04-01 12:31:51,-112.9121,53.5032,60.8,19093.0,-56.8,-87.3,-82.6,1,2,0.0,306,8.4,6.79574275274956,-4.937396119256773,71119
2026-04-01 12:31:52,-112.912,53.5032,60.8,19097.0,-56.8,-87.4,-82.6,1,2,0.0,305,8.3,6.798961967598633,-4.760684421713683,71119
2026-04-01 12:31:53,-112.9119,53.5031,60.7,19102.0,-56.9,-87.4,-82.6,1,2,0.0,305,8.3,6.798961967598633,-4.760684421713683,71119
2026-04-01 12:31:54,-112.9118,53.5031,60.7,19106.0,-56.9,-87.4,-82.7,1,2,0.0,305,8.2,6.717046763169733,-4.703326778078577,71119
2026-04-01 12:31:55,-112.9117,53.503,60.6,19110.0,-56.9,-87.4,-82.7,1,2,0.0,304,8.1,6.715204337695837,-4.529462518113051,71119
2026-04-01 12:31:56,-112.9116,53.503,60.6,19115.0,-57.0,-87.5,-82.7,1,2,0.0,304,8.1,6.715204337695837,-4.529462518113051,71119
2026-04-01 12:31:57,-112.9115,53.5029,60.5,19119.0,-57.0,-87.5,-82.7,1,2,0.0,304,8.0,6.632300580440333,-4.473543227765976,71119
2026-04-01 12:31:58,-112.9114,53.5029,60.5,19123.0,-57.1,-87.5,-82.8,1,2,0.0,303,8.0,6.709364543563394,-4.357112280120213,71119
2026-04-01 12:31:59,-112.9113,53.5029,60.5,19127.0,-57.1,-87.5,-82.8,1,2,0.0,303,7.9,6.625497486768852,-4.302648376618711,71119
2026-04-01 12:32:00,-112.9112,53.5029,60.4,19131.0,-57.1,-87.6,-82.8,1,2,0.0,303,7.9,6.625497486768852,-4.302648376618711,71119
2026-04-01 12:32:01,-112.9111,53.5028,60.4,19136.0,-57.1,-87.6,-82.8,1,2,0.0,303,7.8,6.541630429974309,-4.248184473117208,71119
2026-04-01 12:32:02,-112.911,53.5028,60.3,19141.0,-57.2,-87.6,-82.8,1,2,0.0,302,7.8,6.614775150020124,-4.133370261018996,71119
2026-04-01 12:32:03,-112.9109,53.5028,60.3,19145.0,-57.2,-87.6,-82.9,1,2,0.0,302,7.8,6.614775150020124,-4.133370261018996,71119
2026-04-01 12:32:04,-112.9108,53.5028,60.3,19149.0,-57.2,-87.6,-82.9,1,2,0.0,302,7.7,6.529970340404482,-4.080378334595676,71119
2026-04-01 12:32:05,-112.9107,53.5028,60.2,19153.0,-57.3,-87.7,-82.9,1,2,0.0,302,7.7,6.529970340404482,-4.080378334595676,71119
2026-04-01 12:32:06,-112.9107,53.5027,60.2,19156.0,-57.3,-87.7,-82.9,1,2,0.0,302,7.7,6.529970340404482,-4.080378334595676,71119
2026-04-01 12:32:07,-112.9106,53.5027,60.1,19160.0,-57.3,-87.7,-82.9,1,2,0.0,302,7.7,6.529970340404482,-4.080378334595676,71119
2026-04-01 12:32:08,-112.9104,53.5027,60.1,19164.0,-57.4,-87.7,-83.0,1,2,0.0,302,7.6,6.445165530788839,-4.027386408172355,71119
2026-04-01 12:32:09,-112.9103,53.5026,60.1,19169.0,-57.4,-87.7,-83.0,1,2,0.0,302,7.6,6.445165530788839,-4.027386408172355,71119
2026-04-01 12:32:10,-112.9102,53.5026,60.0,19173.0,-57.4,-87.7,-83.0,1,2,0.0,302,7.6,6.445165530788839,-4.027386408172355,71119
2026-04-01 12:32:11,-112.9101,53.5025,60.0,19177.0,-57.4,-87.7,-83.0,1,2,0.0,302,7.6,6.445165530788839,-4.027386408172355,71119
2026-04-01 12:32:12,-112.91,53.5025,60.0,19181.0,-57.4,-87.7,-83.0,1,2,0.0,302,7.6,6.445165530788839,-4.027386408172355,71119
2026-04-01 12:32:13,-112.9099,53.5024,59.9,19185.0,-57.3,-87.7,-82.9,1,2,0.0,302,7.6,6.445165530788839,-4.027386408172355,71119
2026-04-01 12:32:14,-112.9098,53.5024,59.9,19188.0,-57.2,-87.6,-82.9,1,2,0.0,302,7.6,6.445165530788839,-4.027386408172355,71119
2026-04-01 12:32:15,-112.9097,53.5023,59.9,19192.0,-57.2,-87.6,-82.8,1,2,0.0,302,7.6,6.445165530788839,-4.027386408172355,71119
2026-04-01 12:32:16,-112.9096,53.5023,59.8,19196.0,-57.2,-87.6,-82.8,1,2,0.0,302,7.7,6.529970340404482,-4.080378334595676,71119
2026-04-01 12:32:17,-112.9096,53.5023,59.8,19200.0,-57.2,-87.6,-82.8,1,2,0.0,302,7.7,6.529970340404482,-4.080378334595676,71119
2026-04-01 12:32:18,-112.9095,53.5022,59.7,19205.0,-57.2,-87.6,-82.8,1,2,0.0,302,7.7,6.529970340404482,-4.080378334595676,71119
2026-04-01 12:32:19,-112.9094,53.5022,59.7,19209.0,-57.3,-87.6,-82.8,1,2,0.0,302,7.7,6.529970340404482,-4.080378334595676,71119
2026-04-01 12:32:20,-112.9093,53.5022,59.6,19213.0,-57.3,-87.6,-82.9,1,2,0.0,302,7.7,6.529970340404482,-4.080378334595676,71119
2026-04-01 12:32:21,-112.9092,53.5021,59.6,19217.0,-57.3,-87.6,-82.9,1,2,0.0,302,7.7,6.529970340404482,-4.080378334595676,71119
2026-04-01 12:32:22,-112.9091,53.5021,59.6,19222.0,-57.4,-87.7,-82.9,1,2,0.0,302,7.7,6.529970340404482,-4.080378334595676,71119
2026-04-01 12:32:23,-112.909,53.5021,59.5,19226.0,-57.4,-87.7,-82.9,1,2,0.0,302,7.7,6.529970340404482,-4.080378334595676,71119
2026-04-01 12:32:24,-112.9088,53.502,59.5,19230.0,-57.4,-87.7,-83.0,1,2,0.0,303,7.7,6.457763373179767,-4.193720569615706,71119
2026-04-01 12:32:25,-112.9087,53.5019,59.5,19234.0,-57.4,-87.8,-83.0,1,2,0.0,303,7.7,6.457763373179767,-4.193720569615706,71119
2026-04-01 12:32:26,-112.9086,53.5019,59.4,19238.0,-57.5,-87.8,-83.0,1,2,0.0,303,7.8,6.541630429974309,-4.248184473117208,71119
2026-04-01 12:32:27,-112.9086,53.5018,59.4,19241.0,-57.5,-87.8,-83.0,1,2,0.0,303,7.8,6.541630429974309,-4.248184473117208,71119
2026-04-01 12:32:28,-112.9085,53.5018,59.4,19244.0,-57.4,-87.8,-83.0,1,2,0.0,303,7.8,6.541630429974309,-4.248184473117208,71119
2026-04-01 12:32:29,-112.9084,53.5018,59.3,19247.0,-57.4,-87.8,-83.0,1,2,0.0,303,7.8,6.541630429974309,-4.248184473117208,71119
2026-04-01 12:32:30,-112.9084,53.5018,59.3,19252.0,-57.4,-87.8,-83.0,1,2,0.0,303,7.8,6.541630429974309,-4.248184473117208,71119
2026-04-01 12:32:31,-112.9083,53.5017,59.2,19257.0,-57.5,-87.8,-83.0,1,2,0.0,303,7.7,6.457763373179767,-4.193720569615706,71119
2026-04-01 12:32:32,-112.9082,53.5017,59.2,19263.0,-57.5,-87.8,-83.1,1,2,0.0,303,7.7,6.457763373179767,-4.193720569615706,71119
2026-04-01 12:32:33,-112.908,53.5017,59.1,19269.0,-57.5,-87.8,-83.1,1,2,0.0,303,7.7,6.457763373179767,-4.193720569615706,71119
2026-04-01 12:32:34,-112.9079,53.5017,59.1,19273.0,-57.5,-87.9,-83.1,1,2,0.0,303,7.7,6.457763373179767,-4.193720569615706,71119
2026-04-01 12:32:35,-112.9078,53.5016,59.1,19276.0,-57.5,-87.9,-83.1,1,2,0.0,303,7.7,6.457763373179767,-4.193720569615706,71119
2026-04-01 12:32:36,-112.9076,53.5016,59.0,19279.0,-57.5,-87.9,-83.1,1,2,0.0,303,7.7,6.457763373179767,-4.193720569615706,71119
2026-04-01 12:32:37,-112.9075,53.5015,59.0,19282.0,-57.5,-87.9,-83.1,1,2,0.0,303,7.6,6.373896316385224,-4.1392566661142025,71119
2026-04-01 12:32:38,-112.9074,53.5015,59.0,19285.0,-57.5,-87.9,-83.1,1,2,0.0,303,7.6,6.373896316385224,-4.1392566661142025,71119
2026-04-01 12:32:39,-112.9073,53.5014,58.9,19288.0,-57.5,-87.9,-83.1,1,2,0.0,303,7.6,6.373896316385224,-4.1392566661142025,71119
2026-04-01 12:32:40,-112.9072,53.5014,58.9,19292.0,-57.5,-87.9,-83.1,1,2,0.0,303,7.5,6.290029259590682,-4.084792762612699,71119
2026-04-01 12:32:41,-112.9072,53.5014,58.9,19296.0,-57.5,-87.9,-83.1,1,2,0.0,302,7.5,6.360360721173197,-3.974394481749035,71119
2026-04-01 12:32:42,-112.9071,53.5013,58.8,19301.0,-57.5,-87.9,-83.1,1,2,0.0,302,7.4,6.275555911557554,-3.921402555325715,71119
2026-04-01 12:32:43,-112.907,53.5013,58.8,19306.0,-57.5,-87.9,-83.2,1,2,0.0,302,7.4,6.275555911557554,-3.921402555325715,71119
2026-04-01 12:32:44,-112.9069,53.5012,58.7,19311.0,-57.5,-87.9,-83.2,1,2,0.0,302,7.3,6.190751101941911,-3.868410628902394,71119
2026-04-01 12:32:45,-112.9068,53.5012,58.7,19314.0,-57.5,-87.9,-83.2,1,2,0.0,303,7.3,6.122295146001597,-3.9758649556096946,71119
2026-04-01 12:32:46,-112.9068,53.5012,58.7,19318.0,-57.5,-88.0,-83.2,1,2,0.0,303,7.2,6.038428089207055,-3.921401052108192,71119
2026-04-01 12:32:47,-112.9067,53.5011,58.6,19321.0,-57.5,-88.0,-83.2,1,2,0.0,303,7.1,5.954561032412512,-3.866937148606689,71119
2026-04-01 12:32:48,-112.9066,53.5011,58.6,19324.0,-57.5,-88.0,-83.2,1,2,0.0,303,7.1,5.954561032412512,-3.866937148606689,71119
2026-04-01 12:32:49,-112.9065,53.5011,58.6,19327.0,-57.5,-88.0,-83.2,1,2,0.0,303,7.0,5.87069397561797,-3.8124732451051866,71119
2026-04-01 12:32:50,-112.9064,53.5011,58.5,19331.0,-57.5,-88.0,-83.2,1,2,0.0,303,6.9,5.786826918823428,-3.758009341603684,71119
2026-04-01 12:32:51,-112.9063,53.5011,58.5,19336.0,-57.5,-88.0,-83.2,1,2,0.0,303,6.9,5.786826918823428,-3.758009341603684,71119
2026-04-01 12:32:52,-112.9062,53.501,58.5,19340.0,-57.4,-88.0,-83.2,1,2,0.0,303,6.8,5.702959862028885,-3.703545438102181,71119
2026-04-01 12:32:53,-112.9061,53.501,58.4,19344.0,-57.4,-88.0,-83.2,1,2,0.0,303,6.7,5.6190928052343425,-3.6490815346006786,71119
2026-04-01 12:32:54,-112.906,53.501,58.4,19349.0,-57.4,-88.0,-83.2,1,2,0.0,303,6.7,5.6190928052343425,-3.6490815346006786,71119
2026-04-01 12:32:55,-112.9059,53.5009,58.4,19353.0,-57.3,-88.0,-83.2,1,2,0.0,304,6.6,5.471647978863275,-3.69067316290693,71119
2026-04-01 12:32:56,-112.9059,53.5009,58.3,19357.0,-57.3,-87.9,-83.2,1,2,0.0,304,6.5,5.38874422160777,-3.6347538725598554,71119
2026-04-01 12:32:57,-112.9058,53.5009,58.3,19361.0,-57.3,-87.9,-83.2,1,2,0.0,304,6.4,5.305840464352267,-3.578834582212781,71119
2026-04-01 12:32:58,-112.9057,53.5008,58.2,19365.0,-57.2,-87.9,-83.1,1,2,0.0,305,6.4,5.242573083449548,-3.670889192646695,71119
2026-04-01 12:32:59,-112.9057,53.5008,58.2,19369.0,-57.1,-87.9,-83.1,1,2,0.0,305,6.3,5.160657879020648,-3.61353154901159,71119
2026-04-01 12:33:00,-112.9056,53.5007,58.2,19374.0,-57.1,-87.9,-83.1,1,2,0.0,305,6.2,5.07874267459175,-3.5561739053764856,71119
2026-04-01 12:33:01,-112.9055,53.5007,58.1,19378.0,-57.1,-87.9,-83.1,1,2,0.0,306,6.2,5.015905365124675,-3.6442685642133323,71119
2026-04-01 12:33:02,-112.9054,53.5007,58.1,19382.0,-57.1,-87.9,-83.1,1,2,0.0,306,6.1,4.93500366568718,-3.5854900389840845,71119
2026-04-01 12:33:03,-112.9053,53.5007,58.0,19385.0,-57.1,-87.9,-83.2,1,2,0.0,307,6.1,4.871676611288488,-3.671071641227492,71119
2026-04-01 12:33:04,-112.9053,53.5006,58.0,19389.0,-57.1,-87.9,-83.2,1,2,0.0,307,6.0,4.791813060283759,-3.6108901389122874,71119
2026-04-01 12:33:05,-112.9052,53.5006,58.0,19394.0,-57.2,-88.0,-83.2,1,2,0.0,308,6.0,4.728064521640331,-3.693968851953951,71119
2026-04-01 12:33:06,-112.9052,53.5006,57.9,19399.0,-57.2,-88.0,-83.2,1,2,0.0,309,6.0,4.6628757687418245,-3.775922346299025,71119
2026-04-01 12:33:07,-112.9051,53.5006,57.9,19404.0,-57.1,-88.0,-83.2,1,2,0.0,309,5.9,4.585161172596128,-3.7129903071940413,71119
2026-04-01 12:33:08,-112.905,53.5005,57.8,19408.0,-57.1,-88.0,-83.2,1,2,0.0,310,5.9,4.519662214401971,-3.792446897150582,71119
2026-04-01 12:33:09,-112.905,53.5005,57.8,19411.0,-57.1,-88.0,-83.2,1,2,0.0,311,5.9,4.452786523314357,-3.870748271043992,71119
2026-04-01 12:33:10,-112.9049,53.5004,57.8,19415.0,-57.1,-87.9,-83.2,1,2,0.0,312,5.9,4.384554470316628,-3.947870577517261,71119
2026-04-01 12:33:11,-112.9048,53.5004,57.8,19418.0,-57.0,-87.9,-83.2,1,2,0.0,312,5.9,4.384554470316628,-3.947870577517261,71119
2026-04-01 12:33:12,-112.9048,53.5004,57.7,19421.0,-57.0,-87.9,-83.1,1,2,0.0,313,5.8,4.241851469391188,-3.955590488362492,71119
2026-04-01 12:33:13,-112.9047,53.5003,57.7,19426.0,-57.0,-87.9,-83.1,1,2,0.0,314,5.8,4.172170841964177,-4.029018548662184,71119
2026-04-01 12:33:14,-112.9047,53.5003,57.6,19430.0,-56.9,-87.9,-83.1,1,2,0.0,315,5.8,4.101219330881976,-4.101219330881975,71119
2026-04-01 12:33:15,-112.9046,53.5003,57.6,19436.0,-56.9,-87.9,-83.1,1,2,0.0,316,5.8,4.029018548662186,-4.172170841964175,71119
2026-04-01 12:33:16,-112.9046,53.5002,57.5,19440.0,-56.9,-87.8,-83.1,1,2,0.0,316,5.8,4.029018548662186,-4.172170841964175,71119
2026-04-01 12:33:17,-112.9045,53.5002,57.5,19445.0,-56.9,-87.9,-83.1,1,2,0.0,317,5.8,3.9555904883624904,-4.2418514693911895,71119
2026-04-01 12:33:18,-112.9044,53.5002,57.5,19449.0,-56.9,-87.9,-83.1,1,2,0.0,318,5.8,3.880957516881377,-4.310239987768887,71119
2026-04-01 12:33:19,-112.9044,53.5001,57.4,19453.0,-56.9,-87.8,-83.1,1,2,0.0,319,5.8,3.8051423681449426,-4.3773155652920765,71119
2026-04-01 12:33:20,-112.9043,53.5001,57.4,19457.0,-56.8,-87.8,-83.1,1,2,0.0,320,5.8,3.7281681361819294,-4.443057770090071,71119
2026-04-01 12:33:21,-112.9042,53.5001,57.4,19460.0,-56.8,-87.8,-83.0,1,2,0.0,321,5.8,3.6500582680890594,-4.5074465764504295,71119
2026-04-01 12:33:22,-112.9042,53.5,57.3,19464.0,-56.8,-87.8,-83.0,1,2,0.0,321,5.8,3.6500582680890594,-4.5074465764504295,71119
2026-04-01 12:33:23,-112.9041,53.5,57.3,19468.0,-56.8,-87.8,-83.0,1,2,0.0,322,5.8,3.570836556888817,-4.570462370918988,71119
2026-04-01 12:33:24,-112.904,53.5,57.3,19472.0,-56.8,-87.8,-83.0,1,2,0.0,323,5.7,3.4303456319666754,-4.55222240726957,71119
2026-04-01 12:33:25,-112.904,53.4999,57.2,19476.0,-56.8,-87.8,-83.1,1,2,0.0,323,5.7,3.4303456319666754,-4.55222240726957,71119
2026-04-01 12:33:26,-112.9039,53.4998,57.2,19480.0,-56.8,-87.8,-83.1,1,2,0.0,324,5.7,3.3503759380670983,-4.6113968679372,71119
2026-04-01 12:33:27,-112.9039,53.4998,57.1,19484.0,-56.8,-87.8,-83.1,1,2,0.0,325,5.7,3.2693856872009652,-4.669166652447252,71119
2026-04-01 12:33:28,-112.9039,53.4997,57.1,19488.0,-56.8,-87.8,-83.1,1,2,0.0,325,5.6,3.2120280435658604,-4.587251448018352,71119
2026-04-01 12:33:29,-112.9038,53.4996,57.1,19492.0,-56.9,-87.9,-83.1,1,2,0.0,326,5.6,3.131480259436181,-4.642610406308234,71119
2026-04-01 12:33:30,-112.9038,53.4996,57.0,19496.0,-56.9,-87.9,-83.1,1,2,0.0,326,5.6,3.131480259436181,-4.642610406308234,71119
2026-04-01 12:33:31,-112.9037,53.4995,57.0,19500.0,-56.9,-87.9,-83.1,1,2,0.0,327,5.5,2.995514692582648,-4.612688123699832,71119
2026-04-01 12:33:32,-112.9037,53.4995,57.0,19506.0,-56.9,-87.9,-83.2,1,2,0.0,327,5.5,2.995514692582648,-4.612688123699832,71119
2026-04-01 12:33:33,-112.9037,53.4995,56.9,19511.0,-56.9,-87.9,-83.2,1,2,0.0,327,5.4,2.941050789081146,-4.52882106690529,71119
2026-04-01 12:33:34,-112.9036,53.4994,56.9,19516.0,-56.9,-88.0,-83.2,1,2,0.0,327,5.4,2.941050789081146,-4.52882106690529,71119
2026-04-01 12:33:35,-112.9036,53.4994,56.8,19520.0,-56.9,-88.0,-83.2,1,2,0.0,328,5.3,2.8085721004359865,-4.494654909629057,71119
2026-04-01 12:33:36,-112.9036,53.4994,56.8,19525.0,-56.9,-88.0,-83.2,1,2,0.0,328,5.3,2.8085721004359865,-4.494654909629057,71119
2026-04-01 12:33:37,-112.9036,53.4993,56.7,19529.0,-56.9,-88.0,-83.2,1,2,0.0,328,5.2,2.755580174012666,-4.409850100013415,71119
2026-04-01 12:33:38,-112.9035,53.4993,56.7,19534.0,-56.9,-88.0,-83.2,1,2,0.0,328,5.2,2.755580174012666,-4.409850100013415,71119
2026-04-01 12:33:39,-112.9035,53.4992,56.7,19538.0,-56.9,-88.0,-83.2,1,2,0.0,327,5.1,2.7776590785766375,-4.277219896521663,71119
2026-04-01 12:33:40,-112.9034,53.4992,56.6,19543.0,-56.9,-88.0,-83.2,1,2,0.0,327,5.1,2.7776590785766375,-4.277219896521663,71119
2026-04-01 12:33:41,-112.9034,53.4992,56.6,19547.0,-56.8,-88.0,-83.2,1,2,0.0,327,5.0,2.723195175075135,-4.193352839727121,71119
2026-04-01 12:33:42,-112.9034,53.4992,56.5,19552.0,-56.8,-88.0,-83.2,1,2,0.0,326,5.0,2.795964517353733,-4.1451878627752095,71119
2026-04-01 12:33:43,-112.9033,53.4992,56.5,19556.0,-56.7,-87.9,-83.2,1,2,0.0,326,5.0,2.795964517353733,-4.1451878627752095,71119
2026-04-01 12:33:44,-112.9033,53.4991,56.5,19560.0,-56.6,-87.8,-83.1,1,2,0.0,325,4.9,2.810524538120128,-4.013845017016059,71119
2026-04-01 12:33:45,-112.9033,53.4991,56.4,19565.0,-56.5,-87.8,-83.0,1,2,0.0,325,4.9,2.810524538120128,-4.013845017016059,71119
2026-04-01 12:33:46,-112.9033,53.4991,56.4,19570.0,-56.5,-87.7,-83.0,1,2,0.0,324,4.9,2.88014773623312,-3.9641832724372423,71119
2026-04-01 12:33:47,-112.9033,53.499,56.3,19575.0,-56.4,-87.7,-82.9,1,2,0.0,323,4.8,2.8887121111298315,-3.8334504482270053,71119
2026-04-01 12:33:48,-112.9032,53.499,56.3,19579.0,-56.4,-87.7,-82.9,1,2,0.0,322,4.8,2.955175081563159,-3.782451617312266,71119
2026-04-01 12:33:49,-112.9032,53.4989,56.3,19584.0,-56.3,-87.6,-82.9,1,2,0.0,321,4.8,3.0207378770392217,-3.7303006149934586,71119
2026-04-01 12:33:50,-112.9031,53.4989,56.2,19588.0,-56.3,-87.6,-82.9,1,2,0.0,320,4.8,3.0853805264953897,-3.6770133269710934,71119
2026-04-01 12:33:51,-112.903,53.4988,56.2,19593.0,-56.3,-87.6,-82.9,1,2,0.0,319,4.8,3.1490833391544353,-3.622605985069305,71119
2026-04-01 12:33:52,-112.9029,53.4988,56.1,19598.0,-56.4,-87.6,-82.9,1,2,0.0,318,4.8,3.211826910522519,-3.567095162291493,71119
2026-04-01 12:33:53,-112.9028,53.4988,56.1,19602.0,-56.4,-87.6,-82.9,1,2,0.0,317,4.8,3.2735921282999922,-3.5104977677720193,71119
2026-04-01 12:33:54,-112.9028,53.4987,56.1,19606.0,-56.4,-87.6,-82.8,1,2,0.0,316,4.8,3.3343601782031884,-3.452831041625524,71119
2026-04-01 12:33:55,-112.9027,53.4987,56.0,19611.0,-56.4,-87.6,-82.8,1,2,0.0,315,4.8,3.394112549695429,-3.394112549695427,71119
2026-04-01 12:33:56,-112.9027,53.4987,56.0,19615.0,-56.4,-87.6,-82.8,1,2,0.0,313,4.8,3.5104977677720175,-3.2735921282999936,71119
2026-04-01 12:33:57,-112.9027,53.4986,55.9,19620.0,-56.4,-87.6,-82.8,1,2,0.0,312,4.9,3.641409644839234,-3.2787399711584033,71119
2026-04-01 12:33:58,-112.9027,53.4986,55.9,19624.0,-56.5,-87.6,-82.8,1,2,0.0,311,4.9,3.6980769430915843,-3.2146892420534847,71119
2026-04-01 12:33:59,-112.9027,53.4986,55.9,19629.0,-56.5,-87.6,-82.8,1,2,0.0,310,4.9,3.7536177712829932,-3.1496592874640426,71119
2026-04-01 12:34:00,-112.9026,53.4986,55.8,19634.0,-56.5,-87.6,-82.8,1,2,0.0,308,5.0,3.940053768033609,-3.0783073766282927,71119
2026-04-01 12:34:01,-112.9026,53.4986,55.8,19639.0,-56.6,-87.6,-82.8,1,2,0.0,307,5.0,3.993177550236466,-3.00907511576024,71119
2026-04-01 12:34:02,-112.9025,53.4986,55.7,19645.0,-56.6,-87.6,-82.8,1,2,0.0,306,5.1,4.125986671312233,-2.9977047866916116,71119
2026-04-01 12:34:03,-112.9024,53.4985,55.7,19650.0,-56.7,-87.6,-82.8,1,2,0.0,305,5.2,4.259590630302758,-2.9825974690254395,71119
2026-04-01 12:34:04,-112.9024,53.4985,55.6,19654.0,-56.7,-87.6,-82.9,1,2,0.0,303,5.2,4.361086953316207,-2.832122982078139,71119
2026-04-01 12:34:05,-112.9023,53.4985,55.6,19658.0,-56.8,-87.6,-82.9,1,2,0.0,302,5.3,4.494654909629059,-2.8085721004359847,71119
2026-04-01 12:34:06,-112.9022,53.4984,55.6,19662.0,-56.8,-87.6,-82.9,1,2,0.0,301,5.4,4.628703423791407,-2.7812056045142928,71119
2026-04-01 12:34:07,-112.902,53.4984,55.5,19666.0,-56.8,-87.6,-82.9,1,2,0.0,300,5.5,4.763139720814412,-2.7500000000000004,71119
2026-04-01 12:34:08,-112.9019,53.4984,55.5,19671.0,-56.8,-87.6,-82.9,1,2,0.0,299,5.5,4.810408389266676,-2.666452911354855,71119
2026-04-01 12:34:09,-112.9019,53.4983,55.4,19676.0,-56.9,-87.6,-82.9,1,2,0.0,298,5.6,4.944506520009991,-2.629040751600986,71119
2026-04-01 12:34:10,-112.9018,53.4983,55.4,19681.0,-56.9,-87.7,-82.9,1,2,0.0,297,5.7,5.078737187873697,-2.587745848515416,71119
2026-04-01 12:34:11,-112.9018,53.4983,55.4,19685.0,-56.9,-87.7,-82.9,1,2,0.0,296,5.8,5.213005468535169,-2.5425526513766488,71119
2026-04-01 12:34:12,-112.9017,53.4983,55.3,19690.0,-57.0,-87.7,-82.9,1,2,0.0,295,5.9,5.347215943516234,-2.493447744270128,71119
2026-04-01 12:34:13,-112.9017,53.4983,55.3,19694.0,-57.0,-87.7,-83.0,1,2,0.0,294,6.0,5.481272745855606,-2.4404198584547987,71119
2026-04-01 12:34:14,-112.9016,53.4983,55.2,19698.0,-57.0,-87.7,-83.0,1,2,0.0,294,6.1,5.572627291619867,-2.4810935227623783,71119
2026-04-01 12:34:15,-112.9016,53.4982,55.2,19703.0,-57.1,-87.8,-83.0,1,2,0.0,293,6.2,5.707130091405131,-2.4225329966334956,71119
2026-04-01 12:34:16,-112.9015,53.4982,55.2,19707.0,-57.1,-87.8,-83.0,1,2,0.0,292,6.3,5.8412582837707605,-2.3600215385202454,71119
2026-04-01 12:34:17,-112.9014,53.4982,55.1,19712.0,-57.0,-87.7,-83.0,1,2,0.0,291,6.4,5.974914729582092,-2.2935548770899223,71119
2026-04-01 12:34:18,-112.9012,53.4981,55.1,19716.0,-57.1,-87.8,-83.0,1,2,0.0,291,6.4,5.974914729582092,-2.2935548770899223,71119
2026-04-01 12:34:19,-112.9011,53.4981,55.1,19720.0,-57.1,-87.8,-83.0,1,2,0.0,290,6.5,6.108002035108404,-2.2231309316168484,71119
2026-04-01 12:34:20,-112.901,53.4981,55.0,19724.0,-57.1,-87.8,-83.0,1,2,0.0,289,6.6,6.240422598955492,-2.1487498194172314,71119
2026-04-01 12:34:21,-112.9008,53.4981,55.0,19729.0,-57.1,-87.8,-83.1,1,2,0.0,289,6.7,6.334974456515424,-2.1813066348629473,71119
2026-04-01 12:34:22,-112.9007,53.4981,55.0,19733.0,-57.1,-87.8,-83.1,1,2,0.0,288,6.7,6.37207865917753,-2.0704138623121464,71119
2026-04-01 12:34:23,-112.9006,53.4981,54.9,19738.0,-57.1,-87.8,-83.1,1,2,0.0,287,6.8,6.502872340548641,-1.9881275921146095,71119
2026-04-01 12:34:24,-112.9005,53.498,54.9,19742.0,-57.1,-87.8,-83.1,1,2,0.0,287,6.9,6.598502816144945,-2.0173647625868836,71119
2026-04-01 12:34:25,-112.9004,53.498,54.8,19747.0,-57.1,-87.8,-83.1,1,2,0.0,286,6.9,6.6327057019744,-1.9018977551372958,71119
2026-04-01 12:34:26,-112.9003,53.498,54.8,19751.0,-57.1,-87.8,-83.1,1,2,0.0,286,7.0,6.728831871568231,-1.9294614907189958,71119
2026-04-01 12:34:27,-112.9002,53.498,54.8,19756.0,-57.1,-87.8,-83.1,1,2,0.0,285,7.0,6.761480784023479,-1.811733315717642,71119
2026-04-01 12:34:28,-112.9002,53.498,54.7,19761.0,-57.1,-87.8,-83.0,1,2,0.0,285,7.1,6.858073366652386,-1.837615220227894,71119
2026-04-01 12:34:29,-112.9001,53.4979,54.7,19765.0,-57.1,-87.8,-83.1,1,2,0.0,284,7.1,6.8890996565595755,-1.7176454587576389,71119
2026-04-01 12:34:30,-112.9,53.4979,54.6,19770.0,-57.1,-87.8,-83.1,1,2,0.0,283,7.2,7.015464466453694,-1.6196475912758275,71119
2026-04-01 12:34:31,-112.8999,53.4979,54.6,19775.0,-57.1,-87.8,-83.1,1,2,0.0,283,7.2,7.015464466453694,-1.6196475912758275,71119
2026-04-01 12:34:32,-112.8998,53.4979,54.5,19779.0,-57.1,-87.8,-83.1,1,2,0.0,282,7.3,7.14047748535678,-1.517755342969644,71119
2026-04-01 12:34:33,-112.8996,53.4978,54.5,19783.0,-57.1,-87.8,-83.1,1,2,0.0,282,7.3,7.14047748535678,-1.517755342969644,71119
2026-04-01 12:34:34,-112.8995,53.4978,54.5,19788.0,-57.2,-87.8,-83.1,1,2,0.0,281,7.4,7.264041157512713,-1.411986565786434,71119
2026-04-01 12:34:35,-112.8994,53.4978,54.4,19792.0,-57.2,-87.8,-83.1,1,2,0.0,281,7.4,7.264041157512713,-1.411986565786434,71119
2026-04-01 12:34:36,-112.8993,53.4978,54.4,19796.0,-57.2,-87.8,-83.1,1,2,0.0,280,7.5,7.3860581475915605,-1.3023613325019747,71119
2026-04-01 12:34:37,-112.8992,53.4978,54.4,19800.0,-57.2,-87.8,-83.1,1,2,0.0,280,7.5,7.3860581475915605,-1.3023613325019747,71119
2026-04-01 12:34:38,-112.8991,53.4978,54.3,19804.0,-57.2,-87.8,-83.1,1,2,0.0,280,7.6,7.484538922892781,-1.3197261502686677,71119
2026-04-01 12:34:39,-112.899,53.4978,54.3,19809.0,-57.2,-87.8,-83.1,1,2,0.0,279,7.6,7.506431388523047,-1.188901934305753,71119
2026-04-01 12:34:40,-112.8989,53.4978,54.2,19813.0,-57.2,-87.8,-83.1,1,2,0.0,279,7.7,7.605200222582561,-1.2045453808097761,71119
2026-04-01 12:34:41,-112.8987,53.4978,54.2,19818.0,-57.2,-87.8,-83.1,1,2,0.0,279,7.8,7.703969056642075,-1.2201888273137993,71119
2026-04-01 12:34:42,-112.8986,53.4978,54.2,19822.0,-57.2,-87.8,-83.1,1,2,0.0,278,7.8,7.724090936184249,-1.0855501874885105,71119
2026-04-01 12:34:43,-112.8985,53.4978,54.1,19825.0,-57.3,-87.8,-83.1,1,2,0.0,278,7.9,7.823117743058406,-1.0994674975845171,71119
2026-04-01 12:34:44,-112.8984,53.4978,54.1,19829.0,-57.3,-87.8,-83.1,1,2,0.0,278,8.0,7.922144549932563,-1.1133848076805237,71119
2026-04-01 12:34:45,-112.8983,53.4978,54.1,19833.0,-57.3,-87.8,-83.1,1,2,0.0,278,8.0,7.922144549932563,-1.1133848076805237,71119
2026-04-01 12:34:46,-112.8982,53.4978,54.0,19837.0,-57.3,-87.8,-83.1,1,2,0.0,278,8.1,8.02117135680672,-1.1273021177765303,71119
2026-04-01 12:34:47,-112.8981,53.4978,54.0,19842.0,-57.3,-87.8,-83.1,1,2,0.0,278,8.2,8.120198163680877,-1.1412194278725367,71119
2026-04-01 12:34:48,-112.8979,53.4977,54.0,19846.0,-57.4,-87.9,-83.1,1,2,0.0,278,8.2,8.120198163680877,-1.1412194278725367,71119
2026-04-01 12:34:49,-112.8978,53.4977,53.9,19851.0,-57.4,-87.9,-83.1,1,2,0.0,278,8.3,8.219224970555034,-1.1551367379685435,71119
2026-04-01 12:34:50,-112.8977,53.4977,53.9,19856.0,-57.4,-87.9,-83.2,1,2,0.0,279,8.4,8.296582060999157,-1.3140495063379378,71119
2026-04-01 12:34:51,-112.8976,53.4977,53.9,19861.0,-57.5,-87.9,-83.2,1,2,0.0,279,8.4,8.296582060999157,-1.3140495063379378,71119
2026-04-01 12:34:52,-112.8974,53.4977,53.8,19866.0,-57.5,-88.0,-83.2,1,2,0.0,279,8.5,8.395350895058671,-1.3296929528419608,71119
2026-04-01 12:34:53,-112.8973,53.4977,53.8,19871.0,-57.6,-88.0,-83.2,1,2,0.0,279,8.6,8.494119729118184,-1.3453363993459837,71119
2026-04-01 12:34:54,-112.8971,53.4977,53.7,19876.0,-57.6,-88.0,-83.3,1,2,0.0,280,8.6,8.46934667590499,-1.4933743279355978,71119
2026-04-01 12:34:55,-112.897,53.4977,53.7,19880.0,-57.6,-88.1,-83.3,1,2,0.0,280,8.7,8.56782745120621,-1.5107391457022905,71119
2026-04-01 12:34:56,-112.8969,53.4977,53.6,19885.0,-57.7,-88.1,-83.3,1,2,0.0,281,8.7,8.540156495994674,-1.6600382597759422,71119
2026-04-01 12:34:57,-112.8967,53.4977,53.6,19890.0,-57.7,-88.1,-83.4,1,2,0.0,281,8.8,8.638319214339443,-1.679119159313597,71119
2026-04-01 12:34:58,-112.8965,53.4977,53.6,19895.0,-57.7,-88.2,-83.4,1,2,0.0,282,8.8,8.60769888645749,-1.8296228791962834,71119
2026-04-01 12:34:59,-112.8964,53.4977,53.5,19900.0,-57.7,-88.2,-83.4,1,2,0.0,282,8.8,8.60769888645749,-1.8296228791962834,71119
2026-04-01 12:35:00,-112.8962,53.4977,53.5,19904.0,-57.7,-88.2,-83.4,1,2,0.0,283,8.9,8.671893576588594,-2.002064383660398,71119
2026-04-01 12:35:01,-112.8961,53.4976,53.4,19909.0,-57.7,-88.2,-83.4,1,2,0.0,283,8.9,8.671893576588594,-2.002064383660398,71119
2026-04-01 12:35:02,-112.896,53.4976,53.4,19914.0,-57.6,-88.2,-83.5,1,2,0.0,284,8.9,8.63563196385637,-2.1531048708370406,71119
2026-04-01 12:35:03,-112.8959,53.4976,53.4,19918.0,-57.6,-88.3,-83.5,1,2,0.0,285,8.9,8.596739853972709,-2.3034895014124306,71119
2026-04-01 12:35:04,-112.8958,53.4975,53.3,19923.0,-57.7,-88.3,-83.5,1,2,0.0,285,8.9,8.596739853972709,-2.3034895014124306,71119
2026-04-01 12:35:05,-112.8956,53.4975,53.3,19928.0,-57.7,-88.3,-83.6,1,2,0.0,286,9.0,8.651355263444868,-2.4807362023529946,71119
2026-04-01 12:35:06,-112.8955,53.4975,53.2,19932.0,-57.7,-88.4,-83.6,1,2,0.0,287,9.0,8.606742803667318,-2.6313453425046305,71119
2026-04-01 12:35:07,-112.8954,53.4974,53.2,19936.0,-57.7,-88.4,-83.6,1,2,0.0,287,9.0,8.606742803667318,-2.6313453425046305,71119
2026-04-01 12:35:08,-112.8952,53.4974,53.2,19941.0,-57.5,-88.4,-83.6,1,2,0.0,288,9.0,8.559508646656383,-2.7811529493745253,71119
2026-04-01 12:35:09,-112.8951,53.4973,53.1,19945.0,-57.4,-88.3,-83.5,1,2,0.0,288,9.0,8.559508646656383,-2.7811529493745253,71119
2026-04-01 12:35:10,-112.895,53.4973,53.1,19949.0,-57.3,-88.3,-83.5,1,2,0.0,289,9.0,8.509667180393853,-2.930113390114407,71119
2026-04-01 12:35:11,-112.8949,53.4973,53.1,19954.0,-57.2,-88.2,-83.5,1,2,0.0,289,9.0,8.509667180393853,-2.930113390114407,71119
2026-04-01 12:35:12,-112.8948,53.4973,53.0,19958.0,-57.1,-88.2,-83.5,1,2,0.0,290,9.0,8.457233587073175,-3.078181289931021,71119
2026-04-01 12:35:13,-112.8947,53.4972,53.0,19963.0,-57.1,-88.2,-83.4,1,2,0.0,291,9.0,8.402223838474816,-3.2253115459077035,71119
2026-04-01 12:35:14,-112.8945,53.4972,52.9,19968.0,-57.0,-88.2,-83.4,1,2,0.0,291,9.0,8.402223838474816,-3.2253115459077035,71119
2026-04-01 12:35:15,-112.8944,53.4972,52.9,19973.0,-56.9,-88.2,-83.4,1,2,0.0,292,8.9,8.251936305644408,-3.3339986814016167,71119
2026-04-01 12:35:16,-112.8943,53.4972,52.9,19977.0,-56.9,-88.1,-83.4,1,2,0.0,292,8.9,8.251936305644408,-3.3339986814016167,71119
2026-04-01 12:35:17,-112.8942,53.4971,52.8,19981.0,-56.8,-88.1,-83.3,1,2,0.0,293,8.9,8.19249319572672,-3.4775070435545343,71119
2026-04-01 12:35:18,-112.894,53.4971,52.8,19986.0,-56.7,-88.1,-83.3,1,2,0.0,293,8.9,8.19249319572672,-3.4775070435545343,71119
2026-04-01 12:35:19,-112.8939,53.4971,52.8,19990.0,-56.6,-88.0,-83.3,1,2,0.0,293,8.9,8.19249319572672,-3.4775070435545343,71119
2026-04-01 12:35:20,-112.8938,53.497,52.7,19995.0,-56.6,-88.0,-83.3,1,2,0.0,294,8.9,8.13055457301915,-3.6199561233746183,71119
2026-04-01 12:35:21,-112.8936,53.497,52.7,19999.0,-56.5,-88.0,-83.3,1,2,0.0,294,8.9,8.13055457301915,-3.6199561233746183,71119
2026-04-01 12:35:22,-112.8935,53.497,52.6,20003.0,-56.5,-88.0,-83.3,1,2,0.0,295,8.8,7.975508525922519,-3.7190407033181567,71119
2026-04-01 12:35:23,-112.8934,53.497,52.6,20007.0,-56.5,-88.1,-83.3,1,2,0.0,295,8.8,7.975508525922519,-3.7190407033181567,71119
2026-04-01 12:35:24,-112.8932,53.4969,52.6,20011.0,-56.6,-88.1,-83.3,1,2,0.0,295,8.8,7.975508525922519,-3.7190407033181567,71119
2026-04-01 12:35:25,-112.8931,53.4969,52.5,20016.0,-56.6,-88.1,-83.4,1,2,0.0,295,8.8,7.975508525922519,-3.7190407033181567,71119
2026-04-01 12:35:26,-112.893,53.4968,52.5,20020.0,-56.6,-88.1,-83.4,1,2,0.0,296,8.7,7.819508202802752,-3.813828977064973,71119
2026-04-01 12:35:27,-112.8929,53.4968,52.5,20025.0,-56.6,-88.2,-83.4,1,2,0.0,296,8.7,7.819508202802752,-3.813828977064973,71119
2026-04-01 12:35:28,-112.8928,53.4968,52.4,20030.0,-56.6,-88.2,-83.4,1,2,0.0,296,8.7,7.819508202802752,-3.813828977064973,71119
2026-04-01 12:35:29,-112.8927,53.4967,52.4,20034.0,-56.7,-88.2,-83.4,1,2,0.0,296,8.6,7.729628798172836,-3.7699918623860653,71119
2026-04-01 12:35:30,-112.8926,53.4967,52.4,20039.0,-56.7,-88.2,-83.5,1,2,0.0,297,8.6,7.662656108019964,-3.904318297760101,71119
2026-04-01 12:35:31,-112.8925,53.4966,52.3,20043.0,-56.7,-88.2,-83.5,1,2,0.0,297,8.5,7.573555455601127,-3.8589192477861465,71119
2026-04-01 12:35:32,-112.8923,53.4966,52.3,20046.0,-56.7,-88.2,-83.5,1,2,0.0,297,8.5,7.573555455601127,-3.8589192477861465,71119
2026-04-01 12:35:33,-112.8922,53.4965,52.3,20050.0,-56.6,-88.2,-83.4,1,2,0.0,297,8.5,7.573555455601127,-3.8589192477861465,71119
2026-04-01 12:35:34,-112.8921,53.4965,52.2,20055.0,-56.6,-88.2,-83.4,1,2,0.0,297,8.4,7.484454803182291,-3.813520197812192,71119
2026-04-01 12:35:35,-112.8919,53.4965,52.2,20059.0,-56.5,-88.2,-83.4,1,2,0.0,297,8.4,7.484454803182291,-3.813520197812192,71119
2026-04-01 12:35:36,-112.8918,53.4965,52.1,20064.0,-56.5,-88.1,-83.4,1,2,0.0,297,8.3,7.395354150763454,-3.7681211478382375,71119
2026-04-01 12:35:37,-112.8918,53.4965,52.1,20069.0,-56.4,-88.1,-83.3,1,2,0.0,297,8.3,7.395354150763454,-3.7681211478382375,71119
2026-04-01 12:35:38,-112.8917,53.4964,52.1,20073.0,-56.4,-88.1,-83.3,1,2,0.0,296,8.2,7.370111179653169,-3.5946434036704344,71119
2026-04-01 12:35:39,-112.8916,53.4964,52.0,20077.0,-56.4,-88.1,-83.3,1,2,0.0,296,8.1,7.280231775023252,-3.550806288991527,71119
2026-04-01 12:35:40,-112.8915,53.4963,52.0,20082.0,-56.3,-88.0,-83.3,1,2,0.0,296,8.1,7.280231775023252,-3.550806288991527,71119
2026-04-01 12:35:41,-112.8914,53.4963,52.0,20087.0,-56.2,-88.0,-83.2,1,2,0.0,296,8.0,7.190352370393336,-3.5069691743126192,71119
2026-04-01 12:35:42,-112.8913,53.4963,51.9,20093.0,-56.2,-88.0,-83.2,1,2,0.0,295,8.0,7.250462296293199,-3.380946093925597,71119
2026-04-01 12:35:43,-112.8912,53.4962,51.9,20098.0,-56.1,-87.9,-83.2,1,2,0.0,295,7.9,7.1598315175895335,-3.338684267751527,71119
2026-04-01 12:35:44,-112.8911,53.4962,51.8,20102.0,-56.1,-87.9,-83.2,1,2,0.0,295,7.9,7.1598315175895335,-3.338684267751527,71119
2026-04-01 12:35:45,-112.891,53.4962,51.8,20106.0,-56.1,-87.9,-83.1,1,2,0.0,294,7.9,7.217009115376549,-3.213219480298818,71119
2026-04-01 12:35:46,-112.8909,53.4961,51.8,20110.0,-56.0,-87.9,-83.1,1,2,0.0,294,7.8,7.125654569612288,-3.172545815991238,71119
2026-04-01 12:35:47,-112.8907,53.4961,51.7,20115.0,-56.0,-87.9,-83.1,1,2,0.0,294,7.8,7.125654569612288,-3.172545815991238,71119
2026-04-01 12:35:48,-112.8906,53.4961,51.7,20119.0,-56.0,-87.9,-83.1,1,2,0.0,293,7.7,7.087887371583792,-3.008629689367406,71119
2026-04-01 12:35:49,-112.8905,53.4961,51.7,20124.0,-56.0,-87.9,-83.1,1,2,0.0,293,7.7,7.087887371583792,-3.008629689367406,71119
2026-04-01 12:35:50,-112.8904,53.4961,51.6,20128.0,-56.0,-87.9,-83.1,1,2,0.0,293,7.7,7.087887371583792,-3.008629689367406,71119
2026-04-01 12:35:51,-112.8903,53.496,51.6,20132.0,-56.0,-87.9,-83.1,1,2,0.0,292,7.7,7.139315680164263,-2.884470769302522,71119
2026-04-01 12:35:52,-112.8903,53.496,51.6,20136.0,-56.0,-87.9,-83.1,1,2,0.0,292,7.7,7.139315680164263,-2.884470769302522,71119
2026-04-01 12:35:53,-112.8902,53.496,51.5,20140.0,-56.0,-87.9,-83.1,1,2,0.0,292,7.7,7.139315680164263,-2.884470769302522,71119
2026-04-01 12:35:54,-112.8901,53.496,51.5,20145.0,-56.0,-87.9,-83.1,1,2,0.0,291,7.6,7.095211241378733,-2.7235964165442828,71119
2026-04-01 12:35:55,-112.89,53.496,51.5,20150.0,-55.9,-87.9,-83.1,1,2,0.0,291,7.6,7.095211241378733,-2.7235964165442828,71119
2026-04-01 12:35:56,-112.8899,53.4959,51.4,20154.0,-55.9,-87.8,-83.1,1,2,0.0,291,7.6,7.095211241378733,-2.7235964165442828,71119
2026-04-01 12:35:57,-112.8898,53.4959,51.4,20158.0,-55.8,-87.8,-83.1,1,2,0.0,291,7.7,7.188569284028453,-2.759433211498813,71119
2026-04-01 12:35:58,-112.8896,53.4959,51.3,20163.0,-55.8,-87.8,-83.0,1,2,0.0,291,7.7,7.188569284028453,-2.759433211498813,71119
2026-04-01 12:35:59,-112.8895,53.4959,51.3,20167.0,-55.8,-87.8,-83.0,1,2,0.0,291,7.7,7.188569284028453,-2.759433211498813,71119
2026-04-01 12:36:00,-112.8894,53.4958,51.3,20172.0,-55.8,-87.8,-83.0,1,2,0.0,290,7.7,7.235633180051495,-2.633555103607651,71119
2026-04-01 12:36:01,-112.8893,53.4958,51.2,20177.0,-55.7,-87.7,-83.0,1,2,0.0,290,7.7,7.235633180051495,-2.633555103607651,71119
2026-04-01 12:36:02,-112.8891,53.4958,51.2,20182.0,-55.7,-87.7,-82.9,1,2,0.0,291,7.8,7.281927326678173,-2.795270006453343,71119
2026-04-01 12:36:03,-112.889,53.4958,51.1,20186.0,-55.7,-87.7,-82.9,1,2,0.0,291,7.8,7.281927326678173,-2.795270006453343,71119
2026-04-01 12:36:04,-112.8889,53.4957,51.1,20191.0,-55.7,-87.7,-82.9,1,2,0.0,291,7.8,7.281927326678173,-2.795270006453343,71119
2026-04-01 12:36:05,-112.8888,53.4957,51.1,20195.0,-55.7,-87.7,-82.9,1,2,0.0,291,7.9,7.375285369327894,-2.831106801407873,71119
2026-04-01 12:36:06,-112.8887,53.4957,51.0,20200.0,-55.7,-87.7,-83.0,1,2,0.0,291,7.9,7.375285369327894,-2.831106801407873,71119
2026-04-01 12:36:07,-112.8887,53.4957,51.0,20204.0,-55.8,-87.7,-83.0,1,2,0.0,291,7.9,7.375285369327894,-2.831106801407873,71119
2026-04-01 12:36:08,-112.8886,53.4957,51.0,20209.0,-55.8,-87.7,-83.0,1,2,0.0,291,8.0,7.468643411977614,-2.866943596362403,71119
2026-04-01 12:36:09,-112.8885,53.4956,50.9,20214.0,-55.8,-87.8,-83.0,1,2,0.0,292,8.0,7.417470836534299,-2.9968527473272957,71119
2026-04-01 12:36:10,-112.8884,53.4956,50.9,20219.0,-55.9,-87.8,-83.0,1,2,0.0,292,8.1,7.510189221990978,-3.0343134066688866,71119
2026-04-01 12:36:11,-112.8883,53.4956,50.9,20224.0,-55.9,-87.8,-83.0,1,2,0.0,292,8.1,7.510189221990978,-3.0343134066688866,71119
2026-04-01 12:36:12,-112.8882,53.4955,50.8,20228.0,-55.9,-87.8,-83.1,1,2,0.0,292,8.2,7.602907607447656,-3.071774066010478,71119
2026-04-01 12:36:13,-112.888,53.4955,50.8,20232.0,-55.9,-87.8,-83.0,1,2,0.0,293,8.2,7.548139798310011,-3.2039952536120424,71119
2026-04-01 12:36:14,-112.8879,53.4955,50.8,20236.0,-55.9,-87.8,-83.0,1,2,0.0,293,8.3,7.640190283655257,-3.24306836646097,71119
2026-04-01 12:36:15,-112.8877,53.4954,50.7,20240.0,-55.9,-87.8,-83.0,1,2,0.0,293,8.3,7.640190283655257,-3.24306836646097,71119
2026-04-01 12:36:16,-112.8876,53.4954,50.7,20244.0,-55.9,-87.8,-83.0,1,2,0.0,293,8.4,7.732240769000501,-3.2821414793098973,71119
2026-04-01 12:36:17,-112.8875,53.4954,50.6,20249.0,-56.0,-87.8,-83.0,1,2,0.0,293,8.4,7.732240769000501,-3.2821414793098973,71119
2026-04-01 12:36:18,-112.8873,53.4954,50.6,20253.0,-56.0,-87.8,-83.0,1,2,0.0,294,8.4,7.673781844197849,-3.416587801836718,71119
2026-04-01 12:36:19,-112.8872,53.4953,50.6,20258.0,-56.0,-87.8,-83.0,1,2,0.0,294,8.5,7.765136389962109,-3.457261466144298,71119
2026-04-01 12:36:20,-112.8871,53.4953,50.5,20263.0,-56.0,-87.8,-83.0,1,2,0.0,294,8.5,7.765136389962109,-3.457261466144298,71119
2026-04-01 12:36:21,-112.887,53.4953,50.5,20268.0,-56.0,-87.7,-83.0,1,2,0.0,294,8.6,7.856490935726369,-3.4979351304518778,71119
2026-04-01 12:36:22,-112.8869,53.4953,50.5,20273.0,-55.9,-87.7,-82.9,1,2,0.0,295,8.6,7.794246968515188,-3.6345170509700164,71119
2026-04-01 12:36:23,-112.8868,53.4952,50.4,20278.0,-55.8,-87.6,-82.9,1,2,0.0,295,8.6,7.794246968515188,-3.6345170509700164,71119
2026-04-01 12:36:24,-112.8867,53.4952,50.4,20282.0,-55.8,-87.6,-82.8,1,2,0.0,295,8.7,7.8848777472188525,-3.6767788771440864,71119
2026-04-01 12:36:25,-112.8866,53.4951,50.4,20286.0,-55.8,-87.6,-82.8,1,2,0.0,295,8.7,7.8848777472188525,-3.6767788771440864,71119
2026-04-01 12:36:26,-112.8865,53.4951,50.3,20290.0,-55.8,-87.5,-82.8,1,2,0.0,295,8.7,7.8848777472188525,-3.6767788771440864,71119
2026-04-01 12:36:27,-112.8864,53.4951,50.3,20294.0,-55.8,-87.5,-82.8,1,2,0.0,295,8.7,7.8848777472188525,-3.6767788771440864,71119
2026-04-01 12:36:28,-112.8862,53.495,50.3,20298.0,-55.8,-87.5,-82.8,1,2,0.0,296,8.8,7.909387607432671,-3.8576660917438814,71119
2026-04-01 12:36:29,-112.8861,53.495,50.2,20302.0,-55.9,-87.6,-82.8,1,2,0.0,296,8.8,7.909387607432671,-3.8576660917438814,71119
2026-04-01 12:36:30,-112.8859,53.4949,50.2,20306.0,-55.9,-87.6,-82.8,1,2,0.0,296,8.8,7.909387607432671,-3.8576660917438814,71119
2026-04-01 12:36:31,-112.8858,53.4949,50.2,20311.0,-55.9,-87.5,-82.8,1,2,0.0,296,8.8,7.909387607432671,-3.8576660917438814,71119
2026-04-01 12:36:32,-112.8857,53.4949,50.1,20316.0,-55.9,-87.5,-82.8,1,2,0.0,296,8.8,7.909387607432671,-3.8576660917438814,71119
2026-04-01 12:36:33,-112.8856,53.4948,50.1,20320.0,-56.0,-87.5,-82.8,1,2,0.0,296,8.8,7.909387607432671,-3.8576660917438814,71119
2026-04-01 12:36:34,-112.8855,53.4948,50.0,20325.0,-56.0,-87.6,-82.8,1,2,0.0,297,8.8,7.8408574128576385,-3.995116397708011,71119
2026-04-01 12:36:34,-112.8854,53.4948,50.0,20329.0,-56.0,-87.6,-82.8,1,2,0.0,297,8.9,7.929958065276475,-4.040515447681965,71119
2026-04-01 12:36:35,-112.8854,53.4948,50.0,20331.0,-56.0,-87.6,-82.8,1,2,0.0,297,8.9,7.929958065276475,-4.040515447681965,71119
2026-04-01 12:36:36,-112.8853,53.4948,50.0,20334.0,-56.0,-87.6,-82.8,1,2,0.0,297,8.9,7.929958065276475,-4.040515447681965,71119
2026-04-01 12:36:37,-112.8852,53.4948,49.9,20338.0,-56.1,-87.6,-82.8,1,2,0.0,297,8.9,7.929958065276475,-4.040515447681965,71119
2026-04-01 12:36:38,-112.885,53.4947,49.9,20343.0,-56.1,-87.6,-82.8,1,2,0.0,297,8.9,7.929958065276475,-4.040515447681965,71119
2026-04-01 12:36:39,-112.8849,53.4947,49.9,20347.0,-56.1,-87.6,-82.8,1,2,0.0,297,8.9,7.929958065276475,-4.040515447681965,71119
2026-04-01 12:36:40,-112.8848,53.4946,49.8,20351.0,-56.1,-87.6,-82.8,1,2,0.0,298,8.9,7.8582335764444515,-4.178296908794425,71119
2026-04-01 12:36:41,-112.8847,53.4946,49.8,20355.0,-56.2,-87.6,-82.8,1,2,0.0,298,8.9,7.8582335764444515,-4.178296908794425,71119
2026-04-01 12:36:42,-112.8846,53.4945,49.8,20360.0,-56.2,-87.6,-82.8,1,2,0.0,298,8.9,7.8582335764444515,-4.178296908794425,71119
2026-04-01 12:36:43,-112.8845,53.4945,49.7,20364.0,-56.2,-87.6,-82.9,1,2,0.0,298,8.9,7.8582335764444515,-4.178296908794425,71119
2026-04-01 12:36:44,-112.8843,53.4945,49.7,20369.0,-56.3,-87.6,-82.9,1,2,0.0,298,8.9,7.8582335764444515,-4.178296908794425,71119
2026-04-01 12:36:45,-112.8842,53.4944,49.7,20373.0,-56.3,-87.6,-82.9,1,2,0.0,298,8.9,7.8582335764444515,-4.178296908794425,71119
2026-04-01 12:36:46,-112.884,53.4944,49.6,20378.0,-56.3,-87.7,-82.9,1,2,0.0,298,8.9,7.8582335764444515,-4.178296908794425,71119
2026-04-01 12:36:47,-112.8839,53.4944,49.6,20382.0,-56.4,-87.7,-82.9,1,2,0.0,298,8.9,7.8582335764444515,-4.178296908794425,71119
2026-04-01 12:36:48,-112.8838,53.4943,49.6,20387.0,-56.4,-87.7,-82.9,1,2,0.0,298,8.8,7.769938817158559,-4.131349752515836,71119
2026-04-01 12:36:49,-112.8836,53.4943,49.5,20391.0,-56.4,-87.7,-82.9,1,2,0.0,298,8.8,7.769938817158559,-4.131349752515836,71119
2026-04-01 12:36:50,-112.8836,53.4943,49.5,20396.0,-56.4,-87.7,-82.9,1,2,0.0,299,8.8,7.6966534228266825,-4.266324658167768,71119
2026-04-01 12:36:51,-112.8835,53.4942,49.5,20401.0,-56.4,-87.7,-82.9,1,2,0.0,299,8.8,7.6966534228266825,-4.266324658167768,71119
2026-04-01 12:36:52,-112.8834,53.4941,49.4,20406.0,-56.4,-87.7,-83.0,1,2,0.0,299,8.7,7.609191452112741,-4.217843696143134,71119
2026-04-01 12:36:53,-112.8833,53.4941,49.4,20410.0,-56.4,-87.8,-83.0,1,2,0.0,299,8.7,7.609191452112741,-4.217843696143134,71119
2026-04-01 12:36:54,-112.8832,53.494,49.4,20414.0,-56.4,-87.8,-83.0,1,2,0.0,299,8.7,7.609191452112741,-4.217843696143134,71119
2026-04-01 12:36:55,-112.883,53.494,49.3,20418.0,-56.5,-87.8,-83.0,1,2,0.0,299,8.6,7.521729481398802,-4.169362734118501,71119
2026-04-01 12:36:56,-112.8829,53.4939,49.3,20422.0,-56.5,-87.8,-83.1,1,2,0.0,299,8.6,7.521729481398802,-4.169362734118501,71119
2026-04-01 12:36:57,-112.8828,53.4939,49.2,20426.0,-56.5,-87.8,-83.1,1,2,0.0,299,8.6,7.521729481398802,-4.169362734118501,71119
2026-04-01 12:36:58,-112.8826,53.4939,49.2,20431.0,-56.5,-87.9,-83.1,1,2,0.0,299,8.5,7.434267510684863,-4.120881772093867,71119
2026-04-01 12:36:59,-112.8825,53.4939,49.2,20435.0,-56.5,-87.9,-83.1,1,2,0.0,299,8.5,7.434267510684863,-4.120881772093867,71119
2026-04-01 12:37:00,-112.8824,53.4939,49.2,20439.0,-56.5,-87.9,-83.1,1,2,0.0,300,8.5,7.361215932167728,-4.250000000000001,71119
2026-04-01 12:37:01,-112.8824,53.4938,49.1,20443.0,-56.5,-87.9,-83.1,1,2,0.0,300,8.4,7.274613391789284,-4.200000000000001,71119
2026-04-01 12:37:02,-112.8823,53.4938,49.1,20447.0,-56.4,-87.9,-83.1,1,2,0.0,300,8.4,7.274613391789284,-4.200000000000001,71119
2026-04-01 12:37:03,-112.8822,53.4938,49.1,20451.0,-56.4,-87.9,-83.1,1,2,0.0,300,8.3,7.188010851410841,-4.150000000000001,71119
2026-04-01 12:37:04,-112.8821,53.4938,49.0,20456.0,-56.4,-87.9,-83.1,1,2,0.0,301,8.3,7.114488595827533,-4.27481602175345,71119
2026-04-01 12:37:05,-112.882,53.4937,49.0,20461.0,-56.3,-87.9,-83.1,1,2,0.0,301,8.3,7.114488595827533,-4.27481602175345,71119
2026-04-01 12:37:06,-112.8818,53.4937,49.0,20465.0,-56.3,-87.9,-83.1,1,2,0.0,301,8.3,7.114488595827533,-4.27481602175345,71119
2026-04-01 12:37:07,-112.8817,53.4936,48.9,20469.0,-56.3,-87.9,-83.1,1,2,0.0,302,8.2,6.953994388482694,-4.345337966712278,71119
2026-04-01 12:37:08,-112.8816,53.4936,48.9,20473.0,-56.3,-87.9,-83.1,1,2,0.0,302,8.2,6.953994388482694,-4.345337966712278,71119
2026-04-01 12:37:09,-112.8815,53.4935,48.9,20478.0,-56.3,-87.9,-83.2,1,2,0.0,303,8.2,6.877098657152478,-4.466040087123218,71119
2026-04-01 12:37:10,-112.8814,53.4935,48.8,20482.0,-56.3,-87.9,-83.2,1,2,0.0,304,8.2,6.798108094951341,-4.585381808460125,71119
2026-04-01 12:37:11,-112.8813,53.4934,48.8,20487.0,-56.3,-88.0,-83.2,1,2,0.0,304,8.2,6.798108094951341,-4.585381808460125,71119
2026-04-01 12:37:12,-112.8812,53.4934,48.8,20491.0,-56.3,-88.0,-83.2,1,2,0.0,305,8.2,6.717046763169733,-4.703326778078577,71119
2026-04-01 12:37:13,-112.8811,53.4934,48.7,20496.0,-56.3,-88.0,-83.2,1,2,0.0,306,8.2,6.6339393538745695,-4.819839068798277,71119
2026-04-01 12:37:14,-112.881,53.4933,48.7,20500.0,-56.2,-87.9,-83.2,1,2,0.0,307,8.2,6.548811182387803,-4.934883189846793,71119
2026-04-01 12:37:15,-112.8809,53.4933,48.7,20503.0,-56.2,-87.9,-83.1,1,2,0.0,307,8.2,6.548811182387803,-4.934883189846793,71119
2026-04-01 12:37:16,-112.8808,53.4933,48.6,20507.0,-56.1,-87.8,-83.1,1,2,0.0,308,8.2,6.461688179575118,-5.0484240976704,71119
2026-04-01 12:37:17,-112.8807,53.4932,48.6,20512.0,-56.0,-87.8,-83.1,1,2,0.0,309,8.2,6.37259688394716,-5.160427206608667,71119
2026-04-01 12:37:18,-112.8807,53.4932,48.6,20516.0,-56.0,-87.8,-83.1,1,2,0.0,310,8.2,6.28156443357562,-5.270858399429621,71119
2026-04-01 12:37:19,-112.8806,53.4931,48.5,20521.0,-56.0,-87.8,-83.1,1,2,0.0,311,8.2,6.188618557826731,-5.379684037722157,71119
2026-04-01 12:37:20,-112.8805,53.4931,48.5,20525.0,-56.0,-87.8,-83.1,1,2,0.0,312,8.2,6.093787568914635,-5.486870972142634,71119
2026-04-01 12:37:21,-112.8804,53.493,48.5,20530.0,-56.0,-87.9,-83.1,1,2,0.0,313,8.2,5.9971003532771965,-5.5923865525124885,71119
2026-04-01 12:37:22,-112.8803,53.4929,48.4,20535.0,-56.0,-87.9,-83.1,1,2,0.0,314,8.2,5.898586362776939,-5.696198637763777,71119
2026-04-01 12:37:23,-112.8801,53.4929,48.4,20539.0,-56.1,-87.9,-83.2,1,2,0.0,315,8.2,5.798275605729691,-5.798275605729688,71119
2026-04-01 12:37:24,-112.88,53.4928,48.4,20543.0,-56.1,-87.9,-83.2,1,2,0.0,316,8.2,5.696198637763779,-5.898586362776936,71119
2026-04-01 12:37:25,-112.8799,53.4927,48.3,20546.0,-56.1,-88.0,-83.2,1,2,0.0,317,8.3,5.660586388518737,-6.070235723439117,71119
2026-04-01 12:37:26,-112.8799,53.4927,48.3,20550.0,-56.1,-88.0,-83.2,1,2,0.0,318,8.3,5.553784032778523,-6.168102051462374,71119
2026-04-01 12:37:27,-112.8798,53.4926,48.3,20554.0,-56.2,-88.0,-83.3,1,2,0.0,319,8.2,5.37968403772216,-6.188618557826729,71119
2026-04-01 12:37:28,-112.8798,53.4926,48.2,20558.0,-56.2,-88.0,-83.3,1,2,0.0,320,8.2,5.270858399429624,-6.281564433575618,71119
2026-04-01 12:37:29,-112.8797,53.4925,48.2,20563.0,-56.1,-88.0,-83.3,1,2,0.0,321,8.2,5.16042720660867,-6.372596883947158,71119
2026-04-01 12:37:30,-112.8796,53.4924,48.2,20568.0,-56.1,-88.0,-83.2,1,2,0.0,321,8.2,5.16042720660867,-6.372596883947158,71119
2026-04-01 12:37:31,-112.8796,53.4924,48.1,20572.0,-56.0,-88.0,-83.2,1,2,0.0,322,8.2,5.048424097670397,-6.461688179575121,71119
2026-04-01 12:37:32,-112.8795,53.4923,48.1,20577.0,-56.0,-88.0,-83.2,1,2,0.0,323,8.2,4.934883189846795,-6.548811182387801,71119
2026-04-01 12:37:33,-112.8794,53.4922,48.1,20581.0,-55.9,-88.0,-83.2,1,2,0.0,324,8.1,4.761060543569034,-6.553037654437073,71119
2026-04-01 12:37:34,-112.8794,53.4922,48.0,20585.0,-55.9,-88.0,-83.2,1,2,0.0,324,8.1,4.761060543569034,-6.553037654437073,71119
2026-04-01 12:37:35,-112.8793,53.4921,48.0,20589.0,-55.9,-88.0,-83.2,1,2,0.0,325,8.1,4.645969134443477,-6.635131558740832,71119
2026-04-01 12:37:36,-112.8792,53.492,48.0,20593.0,-55.9,-88.0,-83.2,1,2,0.0,325,8.0,4.588611490808372,-6.553216354311933,71119
2026-04-01 12:37:37,-112.8791,53.492,48.0,20597.0,-55.9,-88.0,-83.2,1,2,0.0,326,8.0,4.473543227765973,-6.632300580440335,71119
2026-04-01 12:37:38,-112.8791,53.4919,47.9,20600.0,-55.8,-88.0,-83.2,1,2,0.0,327,7.9,4.302648376618714,-6.62549748676885,71119
2026-04-01 12:37:39,-112.879,53.4919,47.9,20604.0,-55.8,-88.0,-83.2,1,2,0.0,327,7.9,4.302648376618714,-6.62549748676885,71119
2026-04-01 12:37:40,-112.8789,53.4918,47.9,20607.0,-55.9,-88.0,-83.2,1,2,0.0,327,7.8,4.2481844731172105,-6.541630429974307,71119
2026-04-01 12:37:41,-112.8789,53.4917,47.8,20611.0,-55.9,-88.0,-83.2,1,2,0.0,328,7.7,4.080378334595679,-6.529970340404479,71119
2026-04-01 12:37:42,-112.8789,53.4917,47.8,20615.0,-55.8,-88.0,-83.2,1,2,0.0,328,7.7,4.080378334595679,-6.529970340404479,71119
2026-04-01 12:37:43,-112.8788,53.4916,47.8,20618.0,-55.7,-87.9,-83.2,1,2,0.0,328,7.6,4.027386408172358,-6.445165530788836,71119
2026-04-01 12:37:44,-112.8788,53.4916,47.8,20622.0,-55.6,-87.8,-83.1,1,2,0.0,329,7.5,3.8627855618254086,-6.428754755265841,71119
2026-04-01 12:37:45,-112.8788,53.4915,47.7,20625.0,-55.5,-87.8,-83.0,1,2,0.0,329,7.4,3.8112817543344035,-6.3430380251956295,71119
2026-04-01 12:37:46,-112.8787,53.4914,47.7,20628.0,-55.5,-87.8,-83.0,1,2,0.0,329,7.3,3.7597779468433976,-6.2573212951254185,71119
2026-04-01 12:37:47,-112.8786,53.4914,47.7,20633.0,-55.5,-87.8,-83.0,1,2,0.0,329,7.3,3.7597779468433976,-6.2573212951254185,71119
2026-04-01 12:37:48,-112.8786,53.4913,47.6,20638.0,-55.5,-87.8,-83.0,1,2,0.0,329,7.2,3.7082741393523926,-6.171604565055207,71119
2026-04-01 12:37:49,-112.8785,53.4913,47.6,20642.0,-55.5,-87.8,-83.0,1,2,0.0,330,7.1,3.550000000000003,-6.148780366869512,71119
2026-04-01 12:37:50,-112.8784,53.4912,47.6,20646.0,-55.5,-87.8,-83.0,1,2,0.0,330,7.0,3.500000000000003,-6.062177826491069,71119
2026-04-01 12:37:51,-112.8783,53.4912,47.5,20651.0,-55.5,-87.8,-83.0,1,2,0.0,330,6.9,3.4500000000000033,-5.975575286112625,71119
2026-04-01 12:37:52,-112.8783,53.4911,47.5,20656.0,-55.6,-87.8,-83.0,1,2,0.0,330,6.8,3.400000000000003,-5.888972745734181,71119
2026-04-01 12:37:53,-112.8783,53.4911,47.5,20660.0,-55.6,-87.8,-83.0,1,2,0.0,330,6.7,3.350000000000003,-5.8023702053557376,71119
2026-04-01 12:37:54,-112.8782,53.491,47.4,20665.0,-55.6,-87.8,-83.0,1,2,0.0,330,6.6,3.300000000000003,-5.715767664977293,71119
2026-04-01 12:37:55,-112.8782,53.491,47.4,20669.0,-55.6,-87.8,-83.0,1,2,0.0,330,6.5,3.2500000000000027,-5.629165124598849,71119
2026-04-01 12:37:56,-112.8782,53.4909,47.4,20673.0,-55.6,-87.8,-83.0,1,2,0.0,331,6.4,3.1027815695765564,-5.597566125692134,71119
2026-04-01 12:37:57,-112.8781,53.4909,47.4,20677.0,-55.6,-87.8,-83.0,1,2,0.0,331,6.3,3.054300607551922,-5.510104154978194,71119
2026-04-01 12:37:58,-112.8781,53.4908,47.3,20681.0,-55.6,-87.8,-83.0,1,2,0.0,331,6.2,3.0058196455272888,-5.422642184264254,71119
2026-04-01 12:37:59,-112.8781,53.4908,47.3,20685.0,-55.6,-87.8,-83.1,1,2,0.0,331,6.1,2.957338683502655,-5.335180213550315,71119
2026-04-01 12:38:00,-112.878,53.4907,47.3,20689.0,-55.6,-87.8,-83.1,1,2,0.0,332,6.0,2.816829376715345,-5.297685557153562,71119
2026-04-01 12:38:01,-112.878,53.4907,47.2,20693.0,-55.6,-87.8,-83.1,1,2,0.0,332,5.9,2.769882220436756,-5.20939079786767,71119
2026-04-01 12:38:02,-112.8779,53.4907,47.2,20697.0,-55.6,-87.8,-83.1,1,2,0.0,332,5.8,2.7229350641581664,-5.1210960385817765,71119
2026-04-01 12:38:03,-112.8778,53.4906,47.2,20701.0,-55.6,-87.8,-83.1,1,2,0.0,333,5.7,2.587745848515418,-5.078737187873696,71119
2026-04-01 12:38:04,-112.8778,53.4906,47.1,20705.0,-55.6,-87.9,-83.1,1,2,0.0,334,5.6,2.4548784220188353,-5.033246659275334,71119
2026-04-01 12:38:05,-112.8777,53.4906,47.1,20709.0,-55.6,-87.9,-83.1,1,2,0.0,334,5.5,2.4110413073399277,-4.943367254645418,71119
2026-04-01 12:38:06,-112.8776,53.4905,47.1,20713.0,-55.6,-87.9,-83.1,1,2,0.0,335,5.3,2.2398767872257057,-4.8034312712942455,71119
2026-04-01 12:38:07,-112.8776,53.4905,47.0,20717.0,-55.6,-87.9,-83.1,1,2,0.0,336,5.2,2.115030543994161,-4.750436379741525,71119
2026-04-01 12:38:08,-112.8776,53.4905,47.0,20721.0,-55.5,-87.9,-83.1,1,2,0.0,336,5.1,2.074356879686581,-4.659081833977264,71119
2026-04-01 12:38:09,-112.8776,53.4904,47.0,20725.0,-55.5,-87.9,-83.1,1,2,0.0,337,5.0,1.9536556424463694,-4.6025242672622015,71119
2026-04-01 12:38:10,-112.8775,53.4904,47.0,20728.0,-55.5,-87.9,-83.1,1,2,0.0,338,4.8,1.7981116483963793,-4.450482501920579,71119
2026-04-01 12:38:11,-112.8775,53.4903,46.9,20732.0,-55.5,-87.9,-83.1,1,2,0.0,339,4.7,1.6843293628629137,-4.387828004536847,71119
2026-04-01 12:38:12,-112.8775,53.4903,46.9,20736.0,-55.4,-87.9,-83.1,1,2,0.0,340,4.6,1.5732926592980754,-4.3225860556151785,71119
2026-04-01 12:38:13,-112.8775,53.4902,46.9,20740.0,-55.3,-87.9,-83.1,1,2,0.0,341,4.5,1.4650566950572053,-4.254833590196926,71119
2026-04-01 12:38:14,-112.8775,53.4901,46.9,20744.0,-55.3,-87.8,-83.1,1,2,0.0,342,4.3,1.3287730758122749,-4.08954302006916,71119
2026-04-01 12:38:15,-112.8775,53.4901,46.8,20747.0,-55.2,-87.8,-83.0,1,2,0.0,343,4.2,1.227961159835496,-4.016479975044748,71119
2026-04-01 12:38:16,-112.8775,53.49,46.8,20751.0,-55.1,-87.7,-83.0,1,2,0.0,345,4.1,1.0611580849203348,-3.96029588778518,71119
2026-04-01 12:38:17,-112.8774,53.49,46.8,20756.0,-54.9,-87.7,-82.9,1,2,0.0,346,3.9,0.9434953928387046,-3.7841533324763863,71119
2026-04-01 12:38:18,-112.8774,53.49,46.7,20760.0,-54.8,-87.6,-82.8,1,2,0.0,347,3.8,0.8548140065066883,-3.7026062461838936,71119
2026-04-01 12:38:19,-112.8774,53.49,46.7,20765.0,-54.8,-87.6,-82.8,1,2,0.0,348,3.6,0.7484820869439356,-3.5213313626417,71119
2026-04-01 12:38:20,-112.8774,53.49,46.7,20769.0,-54.7,-87.6,-82.8,1,2,0.0,350,3.5,0.6077686218342564,-3.446827135542728,71119
2026-04-01 12:38:21,-112.8774,53.49,46.6,20774.0,-54.7,-87.6,-82.8,1,2,0.0,351,3.4,0.5318771811367858,-3.358140358023468,71119
2026-04-01 12:38:22,-112.8774,53.4899,46.6,20778.0,-54.7,-87.6,-82.8,1,2,0.0,352,3.2,0.44535392307221083,-3.168857819973025,71119
2026-04-01 12:38:23,-112.8775,53.4899,46.6,20782.0,-54.7,-87.6,-82.8,1,2,0.0,353,3.1,0.3777949645559564,-3.0768930700880985,71119
2026-04-01 12:38:24,-112.8775,53.4899,46.5,20785.0,-54.7,-87.6,-82.8,1,2,0.0,355,3.0,0.26146722824297497,-2.988584094275237,71119
2026-04-01 12:38:25,-112.8775,53.4898,46.5,20789.0,-54.7,-87.6,-82.8,1,2,0.0,356,2.9,0.20229377385796435,-2.89293574575349,71119
2026-04-01 12:38:26,-112.8776,53.4898,46.5,20793.0,-54.7,-87.6,-82.8,1,2,0.0,357,2.7,0.1413070818559498,-2.6962997438373497,71119
2026-04-01 12:38:27,-112.8775,53.4898,46.5,20797.0,-54.7,-87.6,-82.8,1,2,0.0,358,2.6,0.09073869142650215,-2.598416150249649,71119
2026-04-01 12:38:28,-112.8775,53.4898,46.4,20801.0,-54.6,-87.6,-82.8,1,2,0.0,359,2.5,0.0436310160932089,-2.499619237890978,71119
2026-04-01 12:38:29,-112.8775,53.4897,46.4,20805.0,-54.6,-87.5,-82.8,1,2,0.0,360,2.4,5.878304635907295e-16,-2.4,71119
2026-04-01 12:38:30,-112.8775,53.4897,46.4,20809.0,-54.6,-87.5,-82.8,1,2,0.0,1,2.3,-0.040140534805752075,-2.2996496988597,71119
2026-04-01 12:38:31,-112.8775,53.4897,46.4,20813.0,-54.6,-87.5,-82.8,1,2,0.0,2,2.1,-0.07328894307525204,-2.098720736740101,71119
2026-04-01 12:38:32,-112.8775,53.4897,46.3,20817.0,-54.6,-87.5,-82.8,1,2,0.0,2,2.0,-0.06979899340500194,-1.9987816540381915,71119
2026-04-01 12:38:33,-112.8775,53.4897,46.3,20821.0,-54.6,-87.5,-82.8,1,2,0.0,3,1.9,-0.09943831686159328,-1.8973961160336903,71119
2026-04-01 12:38:34,-112.8776,53.4897,46.3,20825.0,-54.6,-87.5,-82.8,1,2,0.0,4,1.8,-0.12556165273942554,-1.7956152904676836,71119
2026-04-01 12:38:35,-112.8776,53.4897,46.2,20829.0,-54.6,-87.5,-82.7,1,2,0.0,4,1.7,-0.11858600536501301,-1.6958588854417012,71119
2026-04-01 12:38:36,-112.8775,53.4897,46.2,20833.0,-54.6,-87.5,-82.7,1,2,0.0,4,1.6,-0.11161035799060048,-1.596102480415719,71119
2026-04-01 12:38:37,-112.8775,53.4897,46.2,20837.0,-54.6,-87.5,-82.7,1,2,0.0,5,1.5,-0.13073361412148726,-1.4942920471376184,71119
2026-04-01 12:38:38,-112.8775,53.4897,46.1,20841.0,-54.6,-87.5,-82.7,1,2,0.0,5,1.4,-0.12201803984672142,-1.3946725773284436,71119
2026-04-01 12:38:39,-112.8775,53.4896,46.1,20845.0,-54.7,-87.5,-82.7,1,2,0.0,5,1.4,-0.12201803984672142,-1.3946725773284436,71119
2026-04-01 12:38:40,-112.8775,53.4896,46.1,20849.0,-54.7,-87.5,-82.7,1,2,0.0,4,1.3,-0.0906834158673629,-1.2968332653377714,71119
2026-04-01 12:38:41,-112.8775,53.4896,46.1,20853.0,-54.7,-87.5,-82.7,1,2,0.0,4,1.2,-0.08370776849295036,-1.197076860311789,71119
2026-04-01 12:38:42,-112.8776,53.4895,46.0,20857.0,-54.7,-87.5,-82.7,1,2,0.0,3,1.1,-0.05756955186723822,-1.0984924882300313,71119
2026-04-01 12:38:43,-112.8776,53.4895,46.0,20862.0,-54.7,-87.5,-82.7,1,2,0.0,2,1.0,-0.03489949670250097,-0.9993908270190958,71119
2026-04-01 12:38:44,-112.8776,53.4895,46.0,20866.0,-54.8,-87.5,-82.7,1,2,0.0,1,1.0,-0.01745240643728351,-0.9998476951563913,71119
2026-04-01 12:38:45,-112.8776,53.4895,45.9,20870.0,-54.8,-87.5,-82.7,1,2,0.0,359,0.9,0.015707165793555206,-0.8998629256407522,71119
2026-04-01 12:38:46,-112.8776,53.4895,45.9,20874.0,-54.8,-87.5,-82.7,1,2,0.0,357,0.8,0.0418687649943555,-0.7989036278036591,71119
2026-04-01 12:38:47,-112.8776,53.4896,45.9,20878.0,-54.8,-87.4,-82.7,1,2,0.0,354,0.8,0.08362277061412274,-0.7956175162946186,71119
2026-04-01 12:38:48,-112.8776,53.4896,45.9,20881.0,-54.9,-87.5,-82.7,1,2,0.0,351,0.7,0.10950412552816177,-0.6913818384165963,71119
2026-04-01 12:38:49,-112.8776,53.4896,45.8,20885.0,-54.9,-87.4,-82.7,1,2,0.0,347,0.7,0.15746573804070574,-0.6820590453496645,71119
2026-04-01 12:38:50,-112.8776,53.4896,45.8,20889.0,-54.9,-87.4,-82.7,1,2,0.0,342,0.6,0.1854101966249686,-0.570633909777092,71119
2026-04-01 12:38:51,-112.8776,53.4896,45.8,20894.0,-54.9,-87.4,-82.7,1,2,0.0,336,0.6,0.2440419858454801,-0.5481272745855605,71119
2026-04-01 12:38:52,-112.8776,53.4896,45.7,20898.0,-54.9,-87.4,-82.7,1,2,0.0,329,0.6,0.30902284494603266,-0.5143003804212672,71119
2026-04-01 12:38:53,-112.8775,53.4896,45.7,20901.0,-54.9,-87.4,-82.6,1,2,0.0,321,0.5,0.3146601955249189,-0.3885729807284853,71119
2026-04-01 12:38:54,-112.8775,53.4896,45.7,20904.0,-54.9,-87.4,-82.6,1,2,0.0,313,0.5,0.3656768508095852,-0.34099918003124935,71119
2026-04-01 12:38:55,-112.8775,53.4895,45.7,20908.0,-54.9,-87.4,-82.6,1,2,0.0,306,0.6,0.48541019662496854,-0.3526711513754837,71119
2026-04-01 12:38:56,-112.8775,53.4895,45.6,20912.0,-54.9,-87.3,-82.6,1,2,0.0,298,0.6,0.5297685557153562,-0.28168293767153424,71119
2026-04-01 12:38:57,-112.8775,53.4895,45.6,20916.0,-54.9,-87.3,-82.6,1,2,0.0,292,0.6,0.5563103127400725,-0.22476395604954716,71119
2026-04-01 12:38:58,-112.8776,53.4895,45.6,20921.0,-54.9,-87.3,-82.6,1,2,0.0,287,0.7,0.6694133291741248,-0.2046601933059157,71119
2026-04-01 12:38:59,-112.8776,53.4895,45.5,20925.0,-54.9,-87.3,-82.6,1,2,0.0,282,0.7,0.6847033205136639,-0.14553818357243162,71119
2026-04-01 12:39:00,-112.8776,53.4895,45.5,20929.0,-54.9,-87.3,-82.5,1,2,0.0,279,0.8,0.7901506724761103,-0.12514757203218455,71119
2026-04-01 12:39:01,-112.8776,53.4895,45.5,20933.0,-54.9,-87.3,-82.5,1,2,0.0,276,0.8,0.7956175162946187,-0.08362277061412239,71119
2026-04-01 12:39:02,-112.8775,53.4895,45.5,20937.0,-55.0,-87.3,-82.5,1,2,0.0,273,0.9,0.8987665812791165,-0.04710236061864955,71119
2026-04-01 12:39:03,-112.8775,53.4895,45.4,20941.0,-55.0,-87.3,-82.6,1,2,0.0,271,1.0,0.9998476951563913,-0.01745240643728313,71119
2026-04-01 12:39:04,-112.8775,53.4895,45.4,20945.0,-55.0,-87.3,-82.6,1,2,0.0,270,1.0,1.0,1.8369701987210297e-16,71119
2026-04-01 12:39:05,-112.8774,53.4896,45.4,20949.0,-55.1,-87.3,-82.6,1,2,0.0,268,1.1,1.0993299097210054,0.03838944637275084,71119
2026-04-01 12:39:06,-112.8774,53.4896,45.3,20954.0,-55.1,-87.3,-82.6,1,2,0.0,267,1.2,1.1983554417054885,0.06280314749153317,71119
2026-04-01 12:39:07,-112.8774,53.4896,45.3,20957.0,-55.1,-87.4,-82.6,1,2,0.0,266,1.3,1.2968332653377714,0.09068341586736325,71119
2026-04-01 12:39:08,-112.8774,53.4896,45.3,20961.0,-55.1,-87.4,-82.6,1,2,0.0,265,1.4,1.3946725773284436,0.12201803984672153,71119
2026-04-01 12:39:09,-112.8773,53.4896,45.3,20964.0,-55.2,-87.4,-82.6,1,2,0.0,265,1.5,1.4942920471376184,0.13073361412148737,71119
2026-04-01 12:39:10,-112.8773,53.4896,45.2,20968.0,-55.2,-87.4,-82.6,1,2,0.0,264,1.5,1.49178284305241,0.15679269490148004,71119
2026-04-01 12:39:11,-112.8773,53.4896,45.2,20972.0,-55.2,-87.4,-82.6,1,2,0.0,264,1.6,1.5912350325892375,0.1672455412282454,71119
2026-04-01 12:39:12,-112.8772,53.4896,45.2,20976.0,-55.2,-87.4,-82.6,1,2,0.0,263,1.7,1.6873284577902474,0.20717788378875018,71119
2026-04-01 12:39:13,-112.8772,53.4896,45.1,20980.0,-55.3,-87.4,-82.6,1,2,0.0,263,1.8,1.78658307295438,0.21936481812926492,71119
2026-04-01 12:39:14,-112.8772,53.4896,45.1,20985.0,-55.3,-87.4,-82.6,1,2,0.0,262,1.9,1.8815093306089834,0.26442889182412505,71119
2026-04-01 12:39:15,-112.8772,53.4896,45.1,20989.0,-55.3,-87.4,-82.6,1,2,0.0,262,2.0,1.9805361374831405,0.27834620192013165,71119
2026-04-01 12:39:16,-112.8772,53.4896,45.1,20994.0,-55.3,-87.4,-82.6,1,2,0.0,261,2.2,2.172914349309303,0.3441558230885083,71119
2026-04-01 12:39:17,-112.8772,53.4896,45.0,20998.0,-55.3,-87.4,-82.6,1,2,0.0,261,2.3,2.2716831833688165,0.35979926959253133,71119
2026-04-01 12:39:18,-112.8772,53.4896,45.0,21002.0,-55.3,-87.4,-82.6,1,2,0.0,260,2.4,2.363538607229299,0.4167556264006328,71119
2026-04-01 12:39:19,-112.8771,53.4896,45.0,21006.0,-55.4,-87.4,-82.6,1,2,0.0,260,2.5,2.46201938253052,0.4341204441673258,71119
2026-04-01 12:39:20,-112.8771,53.4896,44.9,21011.0,-55.4,-87.4,-82.7,1,2,0.0,259,2.6,2.5522306769639265,0.496103387979016,71119
2026-04-01 12:39:21,-112.877,53.4896,44.9,21015.0,-55.4,-87.4,-82.7,1,2,0.0,259,2.7,2.650393395308693,0.5151842875166704,71119
2026-04-01 12:39:22,-112.877,53.4896,44.9,21019.0,-55.4,-87.4,-82.7,1,2,0.0,258,2.9,2.836628042128036,0.6029439033715034,71119
2026-04-01 12:39:23,-112.877,53.4896,44.9,21023.0,-55.4,-87.4,-82.7,1,2,0.0,257,3.0,2.923110194355705,0.6748531630315957,71119
2026-04-01 12:39:24,-112.8769,53.4896,44.8,21026.0,-55.4,-87.4,-82.7,1,2,0.0,257,3.1,3.020547200834229,0.6973482684659823,71119
2026-04-01 12:39:25,-112.8769,53.4896,44.8,21030.0,-55.4,-87.4,-82.7,1,2,0.0,256,3.3,3.2019758967107883,0.7983422554789037,71119
2026-04-01 12:39:26,-112.8768,53.4896,44.8,21034.0,-55.5,-87.5,-82.7,1,2,0.0,255,3.4,3.2841478093828322,0.8799847533485701,71119
2026-04-01 12:39:27,-112.8768,53.4896,44.8,21038.0,-55.5,-87.5,-82.7,1,2,0.0,254,3.6,3.4605421053779484,0.992294480941196,71119
2026-04-01 12:39:28,-112.8767,53.4896,44.7,21042.0,-55.5,-87.5,-82.8,1,2,0.0,254,3.7,3.5566682749717806,1.019858216522896,71119
2026-04-01 12:39:29,-112.8767,53.4897,44.7,21047.0,-55.6,-87.5,-82.8,1,2,0.0,253,3.8,3.633958072659534,1.111012477946401,71119
2026-04-01 12:39:30,-112.8766,53.4897,44.7,21051.0,-55.6,-87.5,-82.8,1,2,0.0,252,3.9,3.7091204135510987,1.2051662780622954,71119
2026-04-01 12:39:31,-112.8765,53.4897,44.6,21055.0,-55.6,-87.6,-82.8,1,2,0.0,251,4.1,3.876626159957199,1.3348294332743422,71119
2026-04-01 12:39:32,-112.8764,53.4897,44.6,21059.0,-55.6,-87.6,-82.8,1,2,0.0,251,4.2,3.971178017517131,1.3673862487200579,71119
2026-04-01 12:39:33,-112.8763,53.4897,44.6,21063.0,-55.6,-87.6,-82.9,1,2,0.0,250,4.3,4.040678269379406,1.4706866163003747,71119
2026-04-01 12:39:34,-112.8763,53.4897,44.5,21067.0,-55.7,-87.6,-82.9,1,2,0.0,249,4.4,4.107753876587687,1.5768189779993234,71119
2026-04-01 12:39:35,-112.8762,53.4898,44.5,21071.0,-55.7,-87.7,-82.9,1,2,0.0,248,4.5,4.172327345550543,1.6857296703716054,71119
2026-04-01 12:39:36,-112.8761,53.4898,44.5,21075.0,-55.7,-87.7,-82.9,1,2,0.0,247,4.6,4.234322325881225,1.7973631910506596,71119
2026-04-01 12:39:37,-112.876,53.4898,44.5,21079.0,-55.7,-87.7,-82.9,1,2,0.0,247,4.7,4.326372811226469,1.836436303899587,71119
2026-04-01 12:39:38,-112.876,53.4898,44.4,21083.0,-55.7,-87.7,-82.9,1,2,0.0,246,4.8,4.385018196684484,1.9523358867638403,71119
2026-04-01 12:39:39,-112.8759,53.4898,44.4,21087.0,-55.7,-87.7,-83.0,1,2,0.0,245,4.9,4.440908156479585,2.070829482529426,71119
2026-04-01 12:39:40,-112.8758,53.4898,44.4,21091.0,-55.7,-87.7,-83.0,1,2,0.0,245,5.0,4.53153893518325,2.113091308703496,71119
2026-04-01 12:39:41,-112.8757,53.4898,44.3,21096.0,-55.7,-87.8,-83.0,1,2,0.0,244,5.0,4.493970231495834,2.191855733945389,71119
2026-04-01 12:39:42,-112.8756,53.4898,44.3,21100.0,-55.7,-87.8,-83.0,1,2,0.0,244,5.1,4.58384963612575,2.2356928486242964,71119
2026-04-01 12:39:43,-112.8755,53.4899,44.3,21105.0,-55.7,-87.8,-83.0,1,2,0.0,243,5.1,4.544133273360675,2.3153515486716896,71119
2026-04-01 12:39:44,-112.8755,53.4899,44.2,21109.0,-55.7,-87.8,-83.1,1,2,0.0,243,5.2,4.633233925779512,2.3607505986456445,71119
2026-04-01 12:39:45,-112.8754,53.4899,44.2,21113.0,-55.7,-87.9,-83.1,1,2,0.0,242,5.2,4.59132748286642,2.441252126486632,71119
2026-04-01 12:39:46,-112.8754,53.49,44.2,21117.0,-55.7,-87.9,-83.1,1,2,0.0,242,5.2,4.59132748286642,2.441252126486632,71119
2026-04-01 12:39:47,-112.8753,53.49,44.2,21121.0,-55.7,-87.9,-83.2,1,2,0.0,242,5.2,4.59132748286642,2.441252126486632,71119
2026-04-01 12:39:48,-112.8753,53.49,44.1,21125.0,-55.7,-87.9,-83.1,1,2,0.0,242,5.3,4.679622242152313,2.488199282765221,71119
2026-04-01 12:39:49,-112.8753,53.4901,44.1,21129.0,-55.6,-87.9,-83.1,1,2,0.0,242,5.3,4.679622242152313,2.488199282765221,71119
2026-04-01 12:39:50,-112.8752,53.4901,44.1,21133.0,-55.6,-87.8,-83.1,1,2,0.0,242,5.3,4.679622242152313,2.488199282765221,71119
2026-04-01 12:39:51,-112.8752,53.4901,44.1,21137.0,-55.5,-87.8,-83.1,1,2,0.0,242,5.3,4.679622242152313,2.488199282765221,71119
2026-04-01 12:39:52,-112.8751,53.4901,44.0,21141.0,-55.5,-87.8,-83.0,1,2,0.0,242,5.3,4.679622242152313,2.488199282765221,71119
2026-04-01 12:39:53,-112.875,53.4902,44.0,21146.0,-55.4,-87.8,-83.0,1,2,0.0,242,5.3,4.679622242152313,2.488199282765221,71119
2026-04-01 12:39:54,-112.8749,53.4902,44.0,21150.0,-55.4,-87.8,-83.0,1,2,0.0,242,5.3,4.679622242152313,2.488199282765221,71119
2026-04-01 12:39:55,-112.8748,53.4902,43.9,21154.0,-55.4,-87.8,-83.0,1,2,0.0,243,5.3,4.722334578198349,2.406149648619599,71119
2026-04-01 12:39:56,-112.8747,53.4903,43.9,21158.0,-55.3,-87.7,-83.0,1,2,0.0,243,5.3,4.722334578198349,2.406149648619599,71119
2026-04-01 12:39:57,-112.8746,53.4903,43.9,21162.0,-55.3,-87.7,-83.0,1,2,0.0,243,5.3,4.722334578198349,2.406149648619599,71119
2026-04-01 12:39:58,-112.8745,53.4903,43.9,21166.0,-55.3,-87.7,-82.9,1,2,0.0,244,5.3,4.763608445385584,2.323367077982112,71119
2026-04-01 12:39:59,-112.8745,53.4903,43.8,21170.0,-55.2,-87.7,-82.9,1,2,0.0,245,5.3,4.8034312712942455,2.2398767872257057,71119
2026-04-01 12:40:00,-112.8744,53.4903,43.8,21175.0,-55.2,-87.7,-82.9,1,2,0.0,245,5.3,4.8034312712942455,2.2398767872257057,71119
2026-04-01 12:40:01,-112.8743,53.4903,43.8,21179.0,-55.2,-87.7,-82.9,1,2,0.0,246,5.3,4.841790925505785,2.1557042083017404,71119
2026-04-01 12:40:02,-112.8743,53.4903,43.7,21184.0,-55.3,-87.7,-82.9,1,2,0.0,247,5.3,4.878675723297933,2.070874980993151,71119
2026-04-01 12:40:03,-112.8742,53.4903,43.7,21189.0,-55.3,-87.7,-82.9,1,2,0.0,247,5.3,4.878675723297933,2.070874980993151,71119
2026-04-01 12:40:04,-112.8741,53.4903,43.7,21193.0,-55.3,-87.7,-82.9,1,2,0.0,248,5.3,4.914074429203972,1.985414945104335,71119
2026-04-01 12:40:05,-112.8741,53.4904,43.6,21198.0,-55.3,-87.7,-82.9,1,2,0.0,249,5.3,4.947976260435168,1.8993501325900937,71119
2026-04-01 12:40:06,-112.874,53.4904,43.6,21202.0,-55.3,-87.7,-82.9,1,2,0.0,250,5.3,4.9803708901653145,1.8127067596260433,71119
2026-04-01 12:40:07,-112.8739,53.4904,43.6,21207.0,-55.4,-87.7,-82.9,1,2,0.0,250,5.3,4.9803708901653145,1.8127067596260433,71119
2026-04-01 12:40:08,-112.8739,53.4904,43.5,21211.0,-55.4,-87.7,-82.9,1,2,0.0,251,5.3,5.011248450676379,1.7255112186229302,71119
2026-04-01 12:40:09,-112.8738,53.4904,43.5,21215.0,-55.4,-87.7,-82.9,1,2,0.0,252,5.3,5.040599536364313,1.6377900701872221,71119
2026-04-01 12:40:10,-112.8737,53.4904,43.5,21220.0,-55.4,-87.7,-82.9,1,2,0.0,253,5.3,5.068415206604087,1.5495700350305066,71119
2026-04-01 12:40:11,-112.8736,53.4904,43.5,21224.0,-55.4,-87.6,-82.9,1,2,0.0,253,5.4,5.164045682200391,1.5788072055027804,71119
2026-04-01 12:40:12,-112.8735,53.4905,43.4,21229.0,-55.4,-87.6,-82.9,1,2,0.0,254,5.4,5.190813158066923,1.488441721411794,71119
2026-04-01 12:40:13,-112.8734,53.4905,43.4,21233.0,-55.4,-87.6,-82.9,1,2,0.0,255,5.4,5.215999461960969,1.3976228435536115,71119
2026-04-01 12:40:14,-112.8733,53.4905,43.4,21237.0,-55.4,-87.6,-82.8,1,2,0.0,255,5.4,5.215999461960969,1.3976228435536115,71119
2026-04-01 12:40:15,-112.8733,53.4905,43.3,21241.0,-55.4,-87.6,-82.8,1,2,0.0,256,5.5,5.33662649451798,1.3305704257981728,71119
2026-04-01 12:40:16,-112.8732,53.4905,43.3,21245.0,-55.4,-87.5,-82.8,1,2,0.0,257,5.5,5.359035356318794,1.237230798891259,71119
2026-04-01 12:40:17,-112.8731,53.4905,43.3,21249.0,-55.5,-87.5,-82.8,1,2,0.0,257,5.5,5.359035356318794,1.237230798891259,71119
2026-04-01 12:40:18,-112.8731,53.4905,43.3,21253.0,-55.5,-87.5,-82.8,1,2,0.0,258,5.5,5.37981180403593,1.1435142994976788,71119
2026-04-01 12:40:19,-112.873,53.4905,43.2,21258.0,-55.5,-87.5,-82.8,1,2,0.0,259,5.5,5.3989495089621515,1.0494494745709955,71119
2026-04-01 12:40:20,-112.8729,53.4905,43.2,21262.0,-55.6,-87.5,-82.8,1,2,0.0,259,5.6,5.497112227306918,1.0685303741086498,71119
2026-04-01 12:40:21,-112.8728,53.4905,43.2,21266.0,-55.6,-87.5,-82.8,1,2,0.0,260,5.6,5.514923416868364,0.9724297949348097,71119
2026-04-01 12:40:22,-112.8727,53.4905,43.1,21270.0,-55.6,-87.6,-82.8,1,2,0.0,261,5.6,5.53105470733277,0.8760330042252937,71119
2026-04-01 12:40:23,-112.8726,53.4905,43.1,21274.0,-55.7,-87.6,-82.8,1,2,0.0,261,5.6,5.53105470733277,0.8760330042252937,71119
2026-04-01 12:40:24,-112.8725,53.4905,43.1,21278.0,-55.7,-87.6,-82.8,1,2,0.0,262,5.7,5.64452799182695,0.7932866754723752,71119
2026-04-01 12:40:25,-112.8725,53.4906,43.1,21282.0,-55.7,-87.6,-82.8,1,2,0.0,263,5.7,5.657513064355536,0.6946552574093389,71119
2026-04-01 12:40:26,-112.8724,53.4906,43.0,21286.0,-55.8,-87.6,-82.8,1,2,0.0,264,5.7,5.668774803599159,0.5958122406256242,71119
2026-04-01 12:40:27,-112.8723,53.4906,43.0,21291.0,-55.8,-87.6,-82.8,1,2,0.0,264,5.7,5.668774803599159,0.5958122406256242,71119
2026-04-01 12:40:28,-112.8722,53.4906,43.0,21296.0,-55.8,-87.6,-82.8,1,2,0.0,265,5.7,5.67830977912295,0.496787733661652,71119
2026-04-01 12:40:29,-112.8721,53.4906,42.9,21301.0,-55.9,-87.6,-82.8,1,2,0.0,266,5.8,5.78587149150698,0.40458754771592836,71119
2026-04-01 12:40:30,-112.872,53.4906,42.9,21305.0,-55.9,-87.6,-82.8,1,2,0.0,267,5.8,5.792051301576528,0.30354854620907695,71119
2026-04-01 12:40:31,-112.8719,53.4906,42.9,21309.0,-55.9,-87.6,-82.8,1,2,0.0,268,5.8,5.796466796710755,0.2024170808745044,71119
2026-04-01 12:40:32,-112.8718,53.4906,42.9,21313.0,-56.0,-87.6,-82.9,1,2,0.0,269,5.8,5.7991166319070695,0.10122395733624429,71119
2026-04-01 12:40:33,-112.8717,53.4906,42.8,21317.0,-56.0,-87.6,-82.9,1,2,0.0,270,5.8,5.8,1.0654427152581972e-15,71119
2026-04-01 12:40:34,-112.8717,53.4906,42.8,21320.0,-56.0,-87.6,-82.9,1,2,0.0,270,5.9,5.9,1.0838124172454077e-15,71119
2026-04-01 12:40:35,-112.8716,53.4906,42.8,21325.0,-56.0,-87.6,-82.9,1,2,0.0,271,5.9,5.899101401422709,-0.10296919797997048,71119
2026-04-01 12:40:36,-112.8715,53.4906,42.8,21329.0,-56.1,-87.7,-82.9,1,2,0.0,272,5.9,5.896405879412665,-0.20590703054475756,71119
2026-04-01 12:40:37,-112.8714,53.4906,42.7,21334.0,-56.1,-87.7,-82.9,1,2,0.0,273,5.9,5.891914255051986,-0.3087821418333693,71119
2026-04-01 12:40:38,-112.8714,53.4906,42.7,21339.0,-56.1,-87.7,-82.9,1,2,0.0,274,5.9,5.885627896532964,-0.41156319509033884,71119
2026-04-01 12:40:39,-112.8713,53.4906,42.6,21343.0,-56.2,-87.7,-82.9,1,2,0.0,275,6.0,5.977168188550474,-0.5229344564859473,71119
2026-04-01 12:40:40,-112.8712,53.4906,42.6,21348.0,-56.2,-87.7,-82.9,1,2,0.0,277,6.0,5.955276909847932,-0.7312160604308862,71119
2026-04-01 12:40:41,-112.8711,53.4905,42.6,21352.0,-56.2,-87.7,-82.9,1,2,0.0,278,6.0,5.941608412449423,-0.8350386057603928,71119
2026-04-01 12:40:42,-112.871,53.4905,42.6,21356.0,-56.2,-87.7,-83.0,1,2,0.0,279,6.0,5.926130043570827,-0.938606790241384,71119
2026-04-01 12:40:43,-112.8709,53.4905,42.5,21360.0,-56.2,-87.7,-83.0,1,2,0.0,280,6.0,5.908846518073249,-1.0418890660015798,71119
2026-04-01 12:40:44,-112.8708,53.4905,42.5,21365.0,-56.3,-87.7,-83.0,1,2,0.0,281,6.1,5.98792581903075,-1.1639348717969251,71119
2026-04-01 12:40:45,-112.8707,53.4905,42.5,21370.0,-56.3,-87.7,-83.0,1,2,0.0,282,6.1,5.966700364476214,-1.2682613139883325,71119
2026-04-01 12:40:46,-112.8706,53.4905,42.4,21375.0,-56.3,-87.8,-83.0,1,2,0.0,283,6.1,5.943657395189935,-1.372201431497576,71119
2026-04-01 12:40:47,-112.8705,53.4905,42.4,21380.0,-56.4,-87.8,-83.0,1,2,0.0,284,6.1,5.918803930283579,-1.4757235631579715,71119
2026-04-01 12:40:48,-112.8704,53.4905,42.4,21384.0,-56.4,-87.8,-83.0,1,2,0.0,285,6.1,5.892147540363317,-1.5787961751253736,71119
2026-04-01 12:40:49,-112.8703,53.4905,42.4,21389.0,-56.4,-87.8,-83.1,1,2,0.0,286,6.1,5.863696345223744,-1.6813878704836962,71119
2026-04-01 12:40:50,-112.8702,53.4905,42.3,21394.0,-56.4,-87.8,-83.1,1,2,0.0,287,6.2,5.9290894869708195,-1.8127045692809676,71119
2026-04-01 12:40:51,-112.8701,53.4905,42.3,21398.0,-56.4,-87.8,-83.1,1,2,0.0,288,6.2,5.896550401029953,-1.915905365124673,71119
2026-04-01 12:40:52,-112.87,53.4904,42.2,21403.0,-56.5,-87.9,-83.1,1,2,0.0,289,6.2,5.862215168715765,-2.0185225576343693,71119
2026-04-01 12:40:53,-112.8699,53.4904,42.2,21408.0,-56.5,-87.9,-83.1,1,2,0.0,290,6.2,5.826094248872632,-2.1205248886191477,71119
2026-04-01 12:40:54,-112.8698,53.4904,42.2,21412.0,-56.5,-87.9,-83.1,1,2,0.0,291,6.2,5.788198644282651,-2.2218812871808624,71119
2026-04-01 12:40:55,-112.8697,53.4903,42.2,21416.0,-56.6,-87.9,-83.2,1,2,0.0,291,6.2,5.788198644282651,-2.2218812871808624,71119
2026-04-01 12:40:56,-112.8696,53.4903,42.1,21420.0,-56.6,-87.9,-83.2,1,2,0.0,292,6.2,5.748539898314082,-2.322560879178654,71119
2026-04-01 12:40:57,-112.8696,53.4903,42.1,21425.0,-56.6,-88.0,-83.2,1,2,0.0,293,6.2,5.707130091405131,-2.4225329966334956,71119
2026-04-01 12:40:58,-112.8695,53.4902,42.1,21429.0,-56.6,-88.0,-83.2,1,2,0.0,294,6.2,5.663981837384127,-2.5217671870699587,71119
2026-04-01 12:40:59,-112.8694,53.4902,42.0,21433.0,-56.6,-88.0,-83.2,1,2,0.0,295,6.2,5.619108279627229,-2.6202332227923377,71119
2026-04-01 12:41:00,-112.8694,53.4902,42.0,21438.0,-56.6,-88.0,-83.2,1,2,0.0,296,6.2,5.572523087054836,-2.71790111009228,71119
2026-04-01 12:41:01,-112.8693,53.4902,42.0,21442.0,-56.6,-88.0,-83.2,1,2,0.0,297,6.2,5.524240449967881,-2.814741098385189,71119
2026-04-01 12:41:02,-112.8692,53.4902,42.0,21446.0,-56.6,-88.0,-83.2,1,2,0.0,297,6.2,5.524240449967881,-2.814741098385189,71119
2026-04-01 12:41:03,-112.8691,53.4902,41.9,21451.0,-56.6,-88.0,-83.2,1,2,0.0,298,6.1,5.385980316439455,-2.8637765329939313,71119
2026-04-01 12:41:04,-112.869,53.4901,41.9,21455.0,-56.6,-88.0,-83.2,1,2,0.0,299,6.1,5.335180213550313,-2.957338683502657,71119
2026-04-01 12:41:05,-112.8689,53.4901,41.9,21460.0,-56.6,-88.0,-83.2,1,2,0.0,300,6.1,5.282754963085075,-3.0500000000000007,71119
2026-04-01 12:41:06,-112.8688,53.4901,41.9,21464.0,-56.6,-88.0,-83.2,1,2,0.0,300,6.1,5.282754963085075,-3.0500000000000007,71119
2026-04-01 12:41:07,-112.8688,53.49,41.8,21469.0,-56.6,-88.0,-83.2,1,2,0.0,301,6.1,5.228720534282885,-3.14173225695133,71119
2026-04-01 12:41:08,-112.8687,53.49,41.8,21473.0,-56.6,-88.0,-83.2,1,2,0.0,302,6.0,5.088288576938557,-3.179515585399228,71119
2026-04-01 12:41:09,-112.8686,53.4899,41.8,21477.0,-56.6,-88.0,-83.2,1,2,0.0,302,6.0,5.088288576938557,-3.179515585399228,71119
2026-04-01 12:41:10,-112.8685,53.4899,41.7,21481.0,-56.6,-88.0,-83.2,1,2,0.0,303,6.0,5.032023407672545,-3.26783421009016,71119
2026-04-01 12:41:11,-112.8684,53.4899,41.7,21486.0,-56.6,-88.0,-83.2,1,2,0.0,303,6.0,5.032023407672545,-3.26783421009016,71119
2026-04-01 12:41:12,-112.8684,53.4899,41.7,21491.0,-56.6,-88.0,-83.2,1,2,0.0,304,5.9,4.891321678074746,-3.2992381304774074,71119
2026-04-01 12:41:13,-112.8683,53.4898,41.6,21496.0,-56.6,-88.0,-83.2,1,2,0.0,304,5.9,4.891321678074746,-3.2992381304774074,71119
2026-04-01 12:41:14,-112.8683,53.4898,41.6,21500.0,-56.6,-88.0,-83.2,1,2,0.0,305,5.9,4.8329970613050515,-3.384100974471172,71119
2026-04-01 12:41:15,-112.8682,53.4898,41.6,21505.0,-56.6,-88.0,-83.2,1,2,0.0,305,5.8,4.751081856876152,-3.326743330836067,71119
2026-04-01 12:41:16,-112.8682,53.4898,41.5,21509.0,-56.6,-88.0,-83.3,1,2,0.0,306,5.8,4.692298567374696,-3.4091544632963426,71119
2026-04-01 12:41:17,-112.8681,53.4897,41.5,21514.0,-56.7,-88.0,-83.3,1,2,0.0,306,5.8,4.692298567374696,-3.4091544632963426,71119
2026-04-01 12:41:18,-112.868,53.4897,41.5,21519.0,-56.7,-88.0,-83.3,1,2,0.0,306,5.8,4.692298567374696,-3.4091544632963426,71119
2026-04-01 12:41:19,-112.8679,53.4896,41.5,21523.0,-56.7,-88.0,-83.3,1,2,0.0,307,5.8,4.6320859582743,-3.4905271342818778,71119
2026-04-01 12:41:20,-112.8678,53.4896,41.4,21528.0,-56.7,-88.0,-83.3,1,2,0.0,307,5.7,4.552222407269571,-3.430345631966673,71119
2026-04-01 12:41:21,-112.8677,53.4896,41.4,21533.0,-56.7,-88.0,-83.3,1,2,0.0,307,5.7,4.552222407269571,-3.430345631966673,71119
2026-04-01 12:41:22,-112.8677,53.4895,41.4,21537.0,-56.7,-88.0,-83.3,1,2,0.0,307,5.7,4.552222407269571,-3.430345631966673,71119
2026-04-01 12:41:23,-112.8676,53.4895,41.3,21542.0,-56.7,-88.0,-83.2,1,2,0.0,308,5.7,4.491661295558314,-3.5092704093562537,71119
2026-04-01 12:41:24,-112.8676,53.4895,41.3,21546.0,-56.7,-88.0,-83.2,1,2,0.0,308,5.7,4.491661295558314,-3.5092704093562537,71119
2026-04-01 12:41:25,-112.8675,53.4894,41.3,21551.0,-56.7,-88.0,-83.3,1,2,0.0,308,5.7,4.491661295558314,-3.5092704093562537,71119
2026-04-01 12:41:26,-112.8675,53.4894,41.2,21555.0,-56.7,-88.0,-83.3,1,2,0.0,308,5.7,4.491661295558314,-3.5092704093562537,71119
2026-04-01 12:41:27,-112.8675,53.4894,41.2,21560.0,-56.8,-88.1,-83.3,1,2,0.0,308,5.7,4.491661295558314,-3.5092704093562537,71119
2026-04-01 12:41:28,-112.8674,53.4894,41.2,21564.0,-56.8,-88.1,-83.3,1,2,0.0,308,5.7,4.491661295558314,-3.5092704093562537,71119
2026-04-01 12:41:29,-112.8674,53.4893,41.2,21569.0,-56.8,-88.1,-83.3,1,2,0.0,308,5.7,4.491661295558314,-3.5092704093562537,71119
2026-04-01 12:41:30,-112.8673,53.4893,41.1,21574.0,-56.9,-88.1,-83.4,1,2,0.0,308,5.7,4.491661295558314,-3.5092704093562537,71119
2026-04-01 12:41:31,-112.8672,53.4893,41.1,21578.0,-56.9,-88.2,-83.4,1,2,0.0,309,5.7,4.429731980304734,-3.587126228984074,71119
2026-04-01 12:41:32,-112.8672,53.4893,41.1,21583.0,-56.9,-88.2,-83.4,1,2,0.0,309,5.8,4.50744657645043,-3.650058268089057,71119
2026-04-01 12:41:33,-112.8671,53.4892,41.0,21588.0,-57.0,-88.2,-83.5,1,2,0.0,309,5.8,4.50744657645043,-3.650058268089057,71119
2026-04-01 12:41:34,-112.867,53.4892,41.0,21592.0,-57.0,-88.2,-83.5,1,2,0.0,309,5.8,4.50744657645043,-3.650058268089057,71119
2026-04-01 12:41:35,-112.8669,53.4892,41.0,21597.0,-57.0,-88.3,-83.5,1,2,0.0,309,5.8,4.50744657645043,-3.650058268089057,71119
2026-04-01 12:41:36,-112.8668,53.4891,41.0,21601.0,-57.1,-88.3,-83.5,1,2,0.0,310,5.8,4.443057770090073,-3.7281681361819277,71119
2026-04-01 12:41:37,-112.8667,53.4891,40.9,21606.0,-57.1,-88.3,-83.6,1,2,0.0,310,5.8,4.443057770090073,-3.7281681361819277,71119
2026-04-01 12:41:38,-112.8667,53.4891,40.9,21610.0,-57.1,-88.3,-83.6,1,2,0.0,310,5.9,4.519662214401971,-3.792446897150582,71119
2026-04-01 12:41:39,-112.8666,53.4891,40.9,21615.0,-57.1,-88.3,-83.6,1,2,0.0,311,5.9,4.452786523314357,-3.870748271043992,71119
2026-04-01 12:41:40,-112.8665,53.489,40.8,21620.0,-57.1,-88.3,-83.6,1,2,0.0,311,5.9,4.452786523314357,-3.870748271043992,71119
2026-04-01 12:41:41,-112.8664,53.489,40.8,21625.0,-57.0,-88.3,-83.6,1,2,0.0,312,5.9,4.384554470316628,-3.947870577517261,71119
2026-04-01 12:41:42,-112.8664,53.489,40.8,21629.0,-57.0,-88.3,-83.5,1,2,0.0,312,5.9,4.384554470316628,-3.947870577517261,71119
2026-04-01 12:41:43,-112.8663,53.4889,40.7,21633.0,-57.0,-88.3,-83.5,1,2,0.0,313,5.9,4.3149868395531055,-4.0237903243687425,71119
2026-04-01 12:41:44,-112.8663,53.4889,40.7,21637.0,-57.0,-88.3,-83.6,1,2,0.0,313,5.9,4.3149868395531055,-4.0237903243687425,71119
2026-04-01 12:41:45,-112.8662,53.4888,40.7,21642.0,-57.0,-88.4,-83.6,1,2,0.0,314,5.9,4.244104821998042,-4.098484385708084,71119
2026-04-01 12:41:46,-112.8661,53.4887,40.7,21646.0,-57.1,-88.4,-83.6,1,2,0.0,315,5.9,4.171930009000632,-4.171930009000629,71119
2026-04-01 12:41:47,-112.866,53.4887,40.6,21651.0,-57.1,-88.4,-83.6,1,2,0.0,315,5.9,4.171930009000632,-4.171930009000629,71119
2026-04-01 12:41:48,-112.866,53.4886,40.6,21655.0,-57.1,-88.4,-83.6,1,2,0.0,316,5.8,4.029018548662186,-4.172170841964175,71119
2026-04-01 12:41:49,-112.8659,53.4886,40.6,21660.0,-57.0,-88.4,-83.6,1,2,0.0,317,5.8,3.9555904883624904,-4.2418514693911895,71119
2026-04-01 12:41:50,-112.8659,53.4886,40.5,21664.0,-57.0,-88.4,-83.6,1,2,0.0,317,5.8,3.9555904883624904,-4.2418514693911895,71119
2026-04-01 12:41:51,-112.8658,53.4886,40.5,21668.0,-57.0,-88.4,-83.6,1,2,0.0,318,5.8,3.880957516881377,-4.310239987768887,71119
2026-04-01 12:41:52,-112.8657,53.4885,40.5,21672.0,-57.0,-88.4,-83.6,1,2,0.0,319,5.7,3.7395364652458922,-4.3018446072698,71119
2026-04-01 12:41:53,-112.8657,53.4885,40.5,21677.0,-56.9,-88.4,-83.6,1,2,0.0,319,5.7,3.7395364652458922,-4.3018446072698,71119
2026-04-01 12:41:54,-112.8657,53.4885,40.4,21681.0,-56.8,-88.3,-83.5,1,2,0.0,320,5.6,3.5996106142446216,-4.289848881466275,71119
2026-04-01 12:41:55,-112.8656,53.4884,40.4,21685.0,-56.8,-88.3,-83.5,1,2,0.0,320,5.6,3.5996106142446216,-4.289848881466275,71119
2026-04-01 12:41:56,-112.8656,53.4884,40.4,21690.0,-56.7,-88.2,-83.5,1,2,0.0,321,5.6,3.5241941898790916,-4.352017384159035,71119
2026-04-01 12:41:57,-112.8655,53.4883,40.4,21694.0,-56.7,-88.2,-83.5,1,2,0.0,322,5.5,3.38613811429112,-4.334059144836972,71119
2026-04-01 12:41:58,-112.8655,53.4883,40.3,21698.0,-56.7,-88.2,-83.5,1,2,0.0,322,5.5,3.38613811429112,-4.334059144836972,71119
2026-04-01 12:41:59,-112.8654,53.4882,40.3,21703.0,-56.7,-88.2,-83.5,1,2,0.0,323,5.4,3.2498011250210608,-4.312631754255381,71119
2026-04-01 12:42:00,-112.8654,53.4882,40.3,21707.0,-56.7,-88.2,-83.5,1,2,0.0,323,5.4,3.2498011250210608,-4.312631754255381,71119
2026-04-01 12:42:01,-112.8653,53.4882,40.2,21712.0,-56.7,-88.2,-83.5,1,2,0.0,323,5.3,3.1896196227058558,-4.232768203250652,71119
2026-04-01 12:42:02,-112.8653,53.4881,40.2,21717.0,-56.7,-88.3,-83.5,1,2,0.0,324,5.2,3.0564833119208616,-4.206888370749726,71119
2026-04-01 12:42:03,-112.8653,53.4881,40.2,21721.0,-56.7,-88.3,-83.5,1,2,0.0,324,5.2,3.0564833119208616,-4.206888370749726,71119
2026-04-01 12:42:04,-112.8653,53.488,40.2,21725.0,-56.8,-88.3,-83.5,1,2,0.0,324,5.1,2.9977047866916138,-4.125986671312231,71119
2026-04-01 12:42:05,-112.8652,53.488,40.1,21729.0,-56.8,-88.3,-83.5,1,2,0.0,324,5.0,2.938926261462367,-4.045084971874736,71119
2026-04-01 12:42:06,-112.8652,53.488,40.1,21733.0,-56.8,-88.3,-83.5,1,2,0.0,325,5.0,2.8678821817552325,-4.095760221444958,71119
2026-04-01 12:42:07,-112.8651,53.4879,40.1,21737.0,-56.8,-88.3,-83.5,1,2,0.0,325,4.9,2.810524538120128,-4.013845017016059,71119
2026-04-01 12:42:08,-112.8651,53.4879,40.0,21742.0,-56.9,-88.3,-83.6,1,2,0.0,325,4.8,2.753166894485023,-3.9319298125871596,71119
2026-04-01 12:42:09,-112.865,53.4878,40.0,21746.0,-56.9,-88.3,-83.6,1,2,0.0,325,4.8,2.753166894485023,-3.9319298125871596,71119
2026-04-01 12:42:10,-112.8649,53.4878,40.0,21750.0,-56.9,-88.3,-83.6,1,2,0.0,325,4.7,2.6958092508499187,-3.8500146081582605,71119
2026-04-01 12:42:11,-112.8649,53.4878,40.0,21755.0,-56.9,-88.3,-83.6,1,2,0.0,325,4.6,2.638451607214814,-3.768099403729361,71119
2026-04-01 12:42:12,-112.8648,53.4878,39.9,21759.0,-56.9,-88.3,-83.6,1,2,0.0,325,4.6,2.638451607214814,-3.768099403729361,71119
2026-04-01 12:42:13,-112.8648,53.4877,39.9,21763.0,-56.9,-88.3,-83.6,1,2,0.0,325,4.5,2.5810939635797094,-3.6861841993004623,71119
2026-04-01 12:42:14,-112.8648,53.4877,39.9,21767.0,-57.0,-88.3,-83.6,1,2,0.0,325,4.4,2.5237363199446046,-3.604268994871563,71119
2026-04-01 12:42:15,-112.8648,53.4877,39.9,21772.0,-57.0,-88.3,-83.6,1,2,0.0,325,4.4,2.5237363199446046,-3.604268994871563,71119
2026-04-01 12:42:16,-112.8647,53.4876,39.8,21776.0,-57.0,-88.3,-83.6,1,2,0.0,325,4.3,2.4663786763094997,-3.5223537904426636,71119
2026-04-01 12:42:17,-112.8647,53.4876,39.8,21780.0,-57.0,-88.3,-83.6,1,2,0.0,325,4.2,2.4090210326743953,-3.440438586013765,71119
2026-04-01 12:42:18,-112.8647,53.4876,39.8,21785.0,-57.1,-88.4,-83.6,1,2,0.0,324,4.2,2.4686980596283883,-3.3978713763747788,71119
2026-04-01 12:42:19,-112.8646,53.4875,39.8,21789.0,-57.1,-88.4,-83.6,1,2,0.0,324,4.1,2.4099195343991404,-3.316969676937284,71119
2026-04-01 12:42:20,-112.8646,53.4875,39.7,21794.0,-57.1,-88.4,-83.6,1,2,0.0,324,4.1,2.4099195343991404,-3.316969676937284,71119
2026-04-01 12:42:21,-112.8646,53.4875,39.7,21798.0,-57.1,-88.4,-83.7,1,2,0.0,324,4.0,2.3511410091698934,-3.2360679774997894,71119
2026-04-01 12:42:22,-112.8646,53.4874,39.7,21802.0,-57.2,-88.4,-83.7,1,2,0.0,323,4.0,2.407260092608193,-3.1945420401891713,71119
2026-04-01 12:42:23,-112.8645,53.4874,39.6,21806.0,-57.2,-88.4,-83.7,1,2,0.0,323,4.0,2.407260092608193,-3.1945420401891713,71119
2026-04-01 12:42:24,-112.8645,53.4874,39.6,21810.0,-57.2,-88.4,-83.7,1,2,0.0,323,3.9,2.347078590292988,-3.114678489184442,71119
2026-04-01 12:42:25,-112.8645,53.4874,39.6,21815.0,-57.1,-88.4,-83.7,1,2,0.0,322,3.9,2.401079753770067,-3.0732419390662162,71119
2026-04-01 12:42:26,-112.8644,53.4874,39.6,21819.0,-57.1,-88.4,-83.7,1,2,0.0,322,3.9,2.401079753770067,-3.0732419390662162,71119
2026-04-01 12:42:27,-112.8644,53.4873,39.5,21823.0,-57.1,-88.4,-83.7,1,2,0.0,322,3.9,2.401079753770067,-3.0732419390662162,71119
2026-04-01 12:42:28,-112.8644,53.4873,39.5,21827.0,-57.0,-88.4,-83.6,1,2,0.0,321,3.9,2.4543495250943677,-3.030869249682185,71119
2026-04-01 12:42:29,-112.8643,53.4873,39.5,21832.0,-57.0,-88.4,-83.6,1,2,0.0,321,3.8,2.3914174859893835,-2.953154653536488,71119
2026-04-01 12:42:30,-112.8643,53.4873,39.5,21837.0,-57.0,-88.4,-83.6,1,2,0.0,320,3.8,2.4425929168088505,-2.9109688838521155,71119
2026-04-01 12:42:31,-112.8643,53.4873,39.4,21843.0,-57.0,-88.4,-83.7,1,2,0.0,320,3.8,2.4425929168088505,-2.9109688838521155,71119
2026-04-01 12:42:32,-112.8642,53.4873,39.4,21849.0,-57.0,-88.4,-83.7,1,2,0.0,320,3.8,2.4425929168088505,-2.9109688838521155,71119
2026-04-01 12:42:33,-112.8642,53.4872,39.4,21854.0,-57.0,-88.5,-83.7,1,2,0.0,319,3.8,2.493024310163928,-2.867896404846533,71119
2026-04-01 12:42:34,-112.8642,53.4872,39.3,21859.0,-57.0,-88.5,-83.7,1,2,0.0,319,3.8,2.493024310163928,-2.867896404846533,71119
2026-04-01 12:42:35,-112.8641,53.4872,39.3,21864.0,-56.9,-88.5,-83.7,1,2,0.0,318,3.8,2.5426963041636608,-2.8239503368140983,71119
2026-04-01 12:42:36,-112.8641,53.4871,39.3,21868.0,-56.9,-88.5,-83.7,1,2,0.0,318,3.8,2.5426963041636608,-2.8239503368140983,71119
2026-04-01 12:42:37,-112.8641,53.4871,39.2,21872.0,-56.8,-88.5,-83.7,1,2,0.0,318,3.8,2.5426963041636608,-2.8239503368140983,71119
2026-04-01 12:42:38,-112.864,53.4871,39.2,21876.0,-56.7,-88.5,-83.7,1,2,0.0,317,3.8,2.5915937682374937,-2.7791440661528486,71119
2026-04-01 12:42:39,-112.8639,53.487,39.2,21881.0,-56.7,-88.5,-83.7,1,2,0.0,317,3.8,2.5915937682374937,-2.7791440661528486,71119
2026-04-01 12:42:40,-112.8639,53.487,39.2,21885.0,-56.6,-88.5,-83.7,1,2,0.0,316,3.8,2.6397018077441907,-2.733491241286873,71119
2026-04-01 12:42:41,-112.8638,53.487,39.1,21889.0,-56.6,-88.5,-83.7,1,2,0.0,316,3.7,2.5702359706982914,-2.6615572612530083,71119
2026-04-01 12:42:42,-112.8638,53.487,39.1,21893.0,-56.6,-88.5,-83.7,1,2,0.0,315,3.7,2.6162950903902265,-2.616295090390225,71119
2026-04-01 12:42:43,-112.8637,53.4869,39.1,21897.0,-56.5,-88.5,-83.7,1,2,0.0,315,3.7,2.6162950903902265,-2.616295090390225,71119
2026-04-01 12:42:44,-112.8637,53.4869,39.1,21901.0,-56.5,-88.5,-83.7,1,2,0.0,315,3.6,2.545584412271572,-2.5455844122715705,71119
2026-04-01 12:42:45,-112.8636,53.4869,39.0,21906.0,-56.4,-88.5,-83.7,1,2,0.0,314,3.6,2.5896232812191444,-2.50077013365239,71119
2026-04-01 12:42:46,-112.8636,53.4868,39.0,21910.0,-56.4,-88.5,-83.7,1,2,0.0,314,3.6,2.5896232812191444,-2.50077013365239,71119
2026-04-01 12:42:47,-112.8635,53.4868,39.0,21914.0,-56.4,-88.5,-83.8,1,2,0.0,313,3.5,2.5597379556670963,-2.3869942602187453,71119
2026-04-01 12:42:48,-112.8635,53.4868,39.0,21918.0,-56.4,-88.5,-83.8,1,2,0.0,313,3.5,2.5597379556670963,-2.3869942602187453,71119
2026-04-01 12:42:49,-112.8635,53.4868,38.9,21922.0,-56.4,-88.5,-83.8,1,2,0.0,312,3.4,2.5266924066231415,-2.2750440616201164,71119
2026-04-01 12:42:50,-112.8635,53.4868,38.9,21926.0,-56.4,-88.5,-83.8,1,2,0.0,312,3.3,2.452377924075402,-2.2081310009842308,71119
2026-04-01 12:42:51,-112.8635,53.4867,38.9,21930.0,-56.3,-88.5,-83.7,1,2,0.0,311,3.3,2.4905416147351485,-2.1649947956686733,71119
2026-04-01 12:42:52,-112.8634,53.4867,38.9,21934.0,-56.2,-88.4,-83.7,1,2,0.0,310,3.2,2.4513422179807303,-2.0569203509969256,71119
2026-04-01 12:42:53,-112.8634,53.4867,38.8,21939.0,-56.1,-88.4,-83.6,1,2,0.0,310,3.2,2.4513422179807303,-2.0569203509969256,71119
2026-04-01 12:42:54,-112.8634,53.4867,38.8,21943.0,-56.1,-88.4,-83.6,1,2,0.0,309,3.1,2.4091524805166094,-1.9508932122544964,71119
2026-04-01 12:42:55,-112.8633,53.4867,38.8,21947.0,-56.0,-88.3,-83.6,1,2,0.0,309,3.0,2.3314378843709123,-1.8879611731495125,71119
2026-04-01 12:42:56,-112.8633,53.4867,38.8,21951.0,-56.0,-88.3,-83.5,1,2,0.0,308,3.0,2.3640322608201654,-1.8469844259769754,71119
2026-04-01 12:42:57,-112.8632,53.4867,38.7,21955.0,-56.0,-88.3,-83.5,1,2,0.0,307,2.9,2.31604297913715,-1.7452635671409389,71119
2026-04-01 12:42:58,-112.8632,53.4867,38.7,21959.0,-55.9,-88.2,-83.5,1,2,0.0,306,2.9,2.346149283687348,-1.7045772316481713,71119
2026-04-01 12:42:59,-112.8631,53.4866,38.7,21963.0,-55.9,-88.2,-83.5,1,2,0.0,306,2.8,2.265247584249853,-1.6457987064189241,71119
2026-04-01 12:43:00,-112.8631,53.4866,38.7,21967.0,-55.9,-88.2,-83.4,1,2,0.0,305,2.8,2.293625724009177,-1.6060140217829288,71119
2026-04-01 12:43:01,-112.8631,53.4866,38.6,21970.0,-55.9,-88.2,-83.4,1,2,0.0,305,2.8,2.293625724009177,-1.6060140217829288,71119
2026-04-01 12:43:02,-112.8631,53.4866,38.6,21974.0,-55.9,-88.2,-83.4,1,2,0.0,304,2.7,2.2384014458986123,-1.509820839371017,71119
2026-04-01 12:43:03,-112.8631,53.4866,38.6,21978.0,-55.9,-88.1,-83.4,1,2,0.0,303,2.7,2.264410533452646,-1.470525394540572,71119
2026-04-01 12:43:04,-112.8631,53.4866,38.6,21983.0,-55.9,-88.1,-83.4,1,2,0.0,303,2.7,2.264410533452646,-1.470525394540572,71119
2026-04-01 12:43:05,-112.8631,53.4865,38.5,21987.0,-56.0,-88.1,-83.4,1,2,0.0,303,2.7,2.264410533452646,-1.470525394540572,71119
2026-04-01 12:43:06,-112.863,53.4865,38.5,21992.0,-56.0,-88.1,-83.4,1,2,0.0,302,2.6,2.2049250500067084,-1.3777900870063322,71119
2026-04-01 12:43:07,-112.863,53.4865,38.5,21996.0,-56.0,-88.1,-83.3,1,2,0.01,302,2.6,2.2049250500067084,-1.3777900870063322,71119
2026-04-01 12:43:08,-112.8629,53.4865,38.5,22001.0,-56.0,-88.1,-83.3,1,2,0.01,302,2.6,2.2049250500067084,-1.3777900870063322,71119
2026-04-01 12:43:09,-112.8628,53.4865,38.4,22005.0,-56.1,-88.1,-83.3,1,2,0.01,302,2.6,2.2049250500067084,-1.3777900870063322,71119
2026-04-01 12:43:10,-112.8628,53.4865,38.4,22008.0,-56.1,-88.1,-83.3,1,2,0.01,302,2.6,2.2049250500067084,-1.3777900870063322,71119
2026-04-01 12:43:11,-112.8628,53.4865,38.4,22012.0,-56.1,-88.1,-83.3,1,2,0.01,302,2.6,2.2049250500067084,-1.3777900870063322,71119
2026-04-01 12:43:12,-112.8627,53.4865,38.4,22016.0,-56.2,-88.1,-83.3,1,2,0.01,302,2.6,2.2049250500067084,-1.3777900870063322,71119
2026-04-01 12:43:13,-112.8627,53.4865,38.3,22021.0,-56.2,-88.1,-83.3,1,2,0.01,302,2.6,2.2049250500067084,-1.3777900870063322,71119
2026-04-01 12:43:14,-112.8627,53.4865,38.3,22025.0,-56.2,-88.1,-83.3,1,2,0.01,303,2.6,2.1805434766581033,-1.4160614910390694,71119
2026-04-01 12:43:15,-112.8626,53.4865,38.3,22029.0,-56.2,-88.1,-83.3,1,2,0.01,303,2.6,2.1805434766581033,-1.4160614910390694,71119
2026-04-01 12:43:16,-112.8626,53.4864,38.2,22033.0,-56.3,-88.1,-83.3,1,2,0.01,303,2.6,2.1805434766581033,-1.4160614910390694,71119
2026-04-01 12:43:17,-112.8626,53.4864,38.2,22037.0,-56.3,-88.1,-83.3,1,2,0.01,303,2.6,2.1805434766581033,-1.4160614910390694,71119
2026-04-01 12:43:18,-112.8625,53.4864,38.2,22041.0,-56.3,-88.1,-83.3,1,2,0.01,303,2.6,2.1805434766581033,-1.4160614910390694,71119
2026-04-01 12:43:19,-112.8625,53.4864,38.2,22045.0,-56.3,-88.1,-83.3,1,2,0.01,303,2.6,2.1805434766581033,-1.4160614910390694,71119
2026-04-01 12:43:20,-112.8625,53.4864,38.2,22049.0,-56.3,-88.0,-83.3,1,2,0.01,303,2.6,2.1805434766581033,-1.4160614910390694,71119
2026-04-01 12:43:21,-112.8625,53.4864,38.1,22053.0,-56.3,-88.0,-83.3,1,2,0.01,303,2.6,2.1805434766581033,-1.4160614910390694,71119
2026-04-01 12:43:22,-112.8625,53.4864,38.1,22057.0,-56.3,-88.0,-83.3,1,2,0.01,303,2.6,2.1805434766581033,-1.4160614910390694,71119
2026-04-01 12:43:23,-112.8624,53.4863,38.1,22062.0,-56.3,-88.0,-83.3,1,2,0.01,303,2.6,2.1805434766581033,-1.4160614910390694,71119
2026-04-01 12:43:24,-112.8624,53.4863,38.1,22066.0,-56.3,-88.0,-83.2,1,2,0.01,302,2.6,2.2049250500067084,-1.3777900870063322,71119
2026-04-01 12:43:25,-112.8623,53.4863,38.0,22070.0,-56.3,-88.0,-83.3,1,2,0.01,301,2.6,2.228634981825492,-1.339098994766141,71119
2026-04-01 12:43:26,-112.8622,53.4863,38.0,22074.0,-56.3,-88.0,-83.3,1,2,0.01,301,2.6,2.228634981825492,-1.339098994766141,71119
2026-04-01 12:43:27,-112.8622,53.4863,38.0,22077.0,-56.3,-88.0,-83.3,1,2,0.01,300,2.6,2.25166604983954,-1.3000000000000003,71119
2026-04-01 12:43:28,-112.8622,53.4863,38.0,22081.0,-56.3,-88.0,-83.3,1,2,0.01,298,2.6,2.2956637414332106,-1.220626063243315,71119
2026-04-01 12:43:29,-112.8621,53.4862,37.9,22086.0,-56.3,-88.0,-83.3,1,2,0.01,297,2.6,2.3166169628897566,-1.1803752993228214,71119
2026-04-01 12:43:30,-112.8621,53.4862,37.9,22090.0,-56.2,-88.0,-83.2,1,2,0.01,296,2.6,2.3368645203778344,-1.1397649816516013,71119
2026-04-01 12:43:31,-112.8622,53.4862,37.9,22094.0,-56.2,-88.0,-83.2,1,2,0.01,294,2.6,2.375218189870763,-1.0575152719970795,71119
2026-04-01 12:43:32,-112.8622,53.4862,37.9,22099.0,-56.2,-88.0,-83.2,1,2,0.01,292,2.6,2.410678021873647,-0.9739771428813712,71119
2026-04-01 12:43:33,-112.8622,53.4862,37.8,22104.0,-56.2,-88.0,-83.2,1,2,0.01,291,2.6,2.4273091088927248,-0.931756668817781,71119
2026-04-01 12:43:34,-112.8622,53.4861,37.8,22108.0,-56.2,-88.0,-83.2,1,2,0.01,289,2.6,2.458348296558224,-0.8464772015886064,71119
2026-04-01 12:43:35,-112.8621,53.4861,37.8,22112.0,-56.2,-88.0,-83.3,1,2,0.01,287,2.6,2.4863923655038924,-0.7601664322791155,71119
2026-04-01 12:43:36,-112.8621,53.4861,37.8,22115.0,-56.2,-88.0,-83.3,1,2,0.01,285,2.6,2.511407148351578,-0.6729295172665528,71119
2026-04-01 12:43:37,-112.8621,53.4861,37.7,22119.0,-56.2,-88.0,-83.3,1,2,0.01,283,2.6,2.5333621684416117,-0.5848727412940488,71119
2026-04-01 12:43:38,-112.862,53.4861,37.7,22123.0,-56.2,-88.1,-83.3,1,2,0.01,281,2.6,2.552230676963926,-0.4961033879790173,71119
2026-04-01 12:43:39,-112.8619,53.4861,37.7,22127.0,-56.2,-88.1,-83.3,1,2,0.01,279,2.6,2.5679896855473583,-0.40672960910459977,71119
2026-04-01 12:43:40,-112.8618,53.4862,37.7,22132.0,-56.2,-88.1,-83.3,1,2,0.01,277,2.6,2.5806199942674373,-0.31686029285338396,71119
2026-04-01 12:43:41,-112.8618,53.4862,37.6,22136.0,-56.2,-88.1,-83.3,1,2,0.01,276,2.6,2.5857569279575108,-0.2717740044958978,71119
2026-04-01 12:43:42,-112.8617,53.4862,37.6,22140.0,-56.3,-88.1,-83.3,1,2,0.01,274,2.6,2.5936665306755433,-0.18136683173472556,71119
2026-04-01 12:43:43,-112.8616,53.4862,37.6,22144.0,-56.3,-88.1,-83.3,1,2,0.01,272,2.7,2.6983552329515588,-0.09422864109675347,71119
2026-04-01 12:43:44,-112.8615,53.4862,37.6,22148.0,-56.3,-88.1,-83.4,1,2,0.01,271,2.7,2.6995887769222566,-0.04712149738066446,71119
2026-04-01 12:43:45,-112.8615,53.4862,37.5,22152.0,-56.3,-88.1,-83.4,1,2,0.01,270,2.7,2.7,4.959819536546781e-16,71119
2026-04-01 12:43:46,-112.8614,53.4862,37.5,22156.0,-56.3,-88.1,-83.4,1,2,0.01,268,2.7,2.6983552329515588,0.09422864109675207,71119
2026-04-01 12:43:47,-112.8614,53.4862,37.5,22160.0,-56.4,-88.1,-83.4,1,2,0.01,267,2.7,2.6962997438373497,0.14130708185594965,71119
2026-04-01 12:43:48,-112.8614,53.4862,37.5,22165.0,-56.4,-88.1,-83.4,1,2,0.01,266,2.7,2.6934229357015256,0.18834247910913907,71119
2026-04-01 12:43:49,-112.8614,53.4862,37.4,22169.0,-56.4,-88.1,-83.4,1,2,0.01,265,2.7,2.6897256848477133,0.2353205054186773,71119
2026-04-01 12:43:50,-112.8614,53.4862,37.4,22173.0,-56.4,-88.1,-83.3,1,2,0.01,264,2.7,2.685209117494338,0.2822268508226641,71119
2026-04-01 12:43:51,-112.8614,53.4862,37.4,22178.0,-56.4,-88.1,-83.3,1,2,0.01,263,2.6,2.5806199942674377,0.31686029285338263,71119
2026-04-01 12:43:52,-112.8614,53.4862,37.4,22182.0,-56.4,-88.1,-83.3,1,2,0.01,263,2.6,2.5806199942674377,0.31686029285338263,71119
2026-04-01 12:43:53,-112.8613,53.4862,37.3,22186.0,-56.4,-88.0,-83.3,1,2,0.01,262,2.6,2.574696978728083,0.3618500624961712,71119
2026-04-01 12:43:54,-112.8613,53.4862,37.3,22190.0,-56.4,-88.0,-83.3,1,2,0.01,262,2.6,2.574696978728083,0.3618500624961712,71119
2026-04-01 12:43:55,-112.8612,53.4862,37.3,22194.0,-56.4,-88.0,-83.2,1,2,0.01,261,2.6,2.567989685547358,0.4067296091046007,71119
2026-04-01 12:43:56,-112.8612,53.4862,37.3,22199.0,-56.4,-88.0,-83.2,1,2,0.01,261,2.6,2.567989685547358,0.4067296091046007,71119
2026-04-01 12:43:57,-112.8611,53.4862,37.2,22203.0,-56.4,-88.0,-83.2,1,2,0.01,261,2.5,2.469220851487844,0.3910861626005776,71119
2026-04-01 12:43:58,-112.8611,53.4862,37.2,22207.0,-56.4,-88.0,-83.2,1,2,0.01,260,2.5,2.46201938253052,0.4341204441673258,71119
2026-04-01 12:43:59,-112.861,53.4862,37.2,22212.0,-56.4,-87.9,-83.2,1,2,0.01,260,2.5,2.46201938253052,0.4341204441673258,71119
2026-04-01 12:44:00,-112.861,53.4862,37.2,22216.0,-56.5,-87.9,-83.2,1,2,0.01,260,2.5,2.46201938253052,0.4341204441673258,71119
2026-04-01 12:44:01,-112.8609,53.4862,37.1,22221.0,-56.5,-87.9,-83.2,1,2,0.01,260,2.5,2.46201938253052,0.4341204441673258,71119
2026-04-01 12:44:02,-112.8609,53.4862,37.1,22225.0,-56.5,-87.9,-83.2,1,2,0.01,260,2.5,2.46201938253052,0.4341204441673258,71119
2026-04-01 12:44:03,-112.8609,53.4862,37.1,22230.0,-56.6,-87.9,-83.2,1,2,0.01,259,2.5,2.45406795861916,0.4770224884413615,71119
2026-04-01 12:44:04,-112.8609,53.4862,37.1,22235.0,-56.6,-87.9,-83.2,1,2,0.01,259,2.5,2.45406795861916,0.4770224884413615,71119
2026-04-01 12:44:05,-112.8608,53.4863,37.0,22240.0,-56.7,-87.9,-83.2,1,2,0.01,259,2.5,2.45406795861916,0.4770224884413615,71119
2026-04-01 12:44:06,-112.8608,53.4863,37.0,22244.0,-56.7,-88.0,-83.2,1,2,0.01,259,2.4,2.3559052402743936,0.45794158890370706,71119
2026-04-01 12:44:07,-112.8608,53.4863,37.0,22248.0,-56.7,-88.0,-83.2,1,2,0.01,259,2.4,2.3559052402743936,0.45794158890370706,71119
2026-04-01 12:44:08,-112.8608,53.4863,37.0,22253.0,-56.8,-88.0,-83.2,1,2,0.01,259,2.4,2.3559052402743936,0.45794158890370706,71119
2026-04-01 12:44:09,-112.8608,53.4863,36.9,22257.0,-56.8,-88.0,-83.2,1,2,0.01,259,2.5,2.45406795861916,0.4770224884413615,71119
2026-04-01 12:44:10,-112.8607,53.4863,36.9,22261.0,-56.8,-88.0,-83.2,1,2,0.01,259,2.5,2.45406795861916,0.4770224884413615,71119
2026-04-01 12:44:11,-112.8607,53.4863,36.9,22266.0,-56.9,-88.0,-83.2,1,2,0.01,259,2.5,2.45406795861916,0.4770224884413615,71119
2026-04-01 12:44:12,-112.8606,53.4863,36.9,22270.0,-56.9,-88.0,-83.2,1,2,0.01,258,2.5,2.445369001834514,0.5197792270443995,71119
2026-04-01 12:44:13,-112.8605,53.4863,36.8,22275.0,-57.0,-88.0,-83.2,1,2,0.01,258,2.5,2.445369001834514,0.5197792270443995,71119
2026-04-01 12:44:14,-112.8605,53.4863,36.8,22280.0,-57.0,-88.0,-83.2,1,2,0.01,258,2.5,2.445369001834514,0.5197792270443995,71119
2026-04-01 12:44:15,-112.8604,53.4863,36.8,22285.0,-57.1,-88.0,-83.2,1,2,0.01,258,2.5,2.445369001834514,0.5197792270443995,71119
2026-04-01 12:44:16,-112.8604,53.4863,36.7,22289.0,-57.1,-88.0,-83.2,1,2,0.01,258,2.5,2.445369001834514,0.5197792270443995,71119
2026-04-01 12:44:17,-112.8604,53.4863,36.7,22293.0,-57.1,-88.0,-83.3,1,2,0.01,258,2.6,2.5431837619078945,0.5405703961261754,71119
2026-04-01 12:44:18,-112.8604,53.4863,36.7,22297.0,-57.2,-88.0,-83.3,1,2,0.01,258,2.6,2.5431837619078945,0.5405703961261754,71119
2026-04-01 12:44:19,-112.8604,53.4863,36.7,22302.0,-57.2,-88.0,-83.3,1,2,0.01,257,2.6,2.533362168441611,0.5848727412940496,71119
2026-04-01 12:44:20,-112.8603,53.4863,36.6,22306.0,-57.3,-88.0,-83.3,1,2,0.01,257,2.6,2.533362168441611,0.5848727412940496,71119
2026-04-01 12:44:21,-112.8603,53.4863,36.6,22311.0,-57.3,-88.0,-83.3,1,2,0.01,257,2.6,2.533362168441611,0.5848727412940496,71119
2026-04-01 12:44:22,-112.8602,53.4863,36.6,22315.0,-57.3,-88.1,-83.3,1,2,0.01,257,2.7,2.630799174920135,0.6073678467284362,71119
2026-04-01 12:44:23,-112.8602,53.4863,36.6,22319.0,-57.4,-88.1,-83.3,1,2,0.01,257,2.7,2.630799174920135,0.6073678467284362,71119
2026-04-01 12:44:24,-112.8601,53.4863,36.5,22323.0,-57.4,-88.1,-83.3,1,2,0.01,257,2.7,2.630799174920135,0.6073678467284362,71119
2026-04-01 12:44:25,-112.8601,53.4864,36.5,22327.0,-57.5,-88.1,-83.3,1,2,0.01,257,2.7,2.630799174920135,0.6073678467284362,71119
2026-04-01 12:44:26,-112.86,53.4864,36.5,22331.0,-57.5,-88.1,-83.3,1,2,0.01,256,2.8,2.71682803357279,0.6773813076790698,71119
2026-04-01 12:44:27,-112.86,53.4864,36.5,22335.0,-57.5,-88.1,-83.3,1,2,0.01,256,2.8,2.71682803357279,0.6773813076790698,71119
2026-04-01 12:44:28,-112.86,53.4864,36.5,22340.0,-57.6,-88.1,-83.3,1,2,0.01,256,2.8,2.71682803357279,0.6773813076790698,71119
2026-04-01 12:44:29,-112.8599,53.4864,36.4,22344.0,-57.6,-88.1,-83.3,1,2,0.01,256,2.8,2.71682803357279,0.6773813076790698,71119
2026-04-01 12:44:30,-112.8599,53.4864,36.4,22348.0,-57.6,-88.1,-83.4,1,2,0.01,256,2.9,2.8138576062003895,0.7015734972390365,71119
2026-04-01 12:44:31,-112.8599,53.4864,36.4,22352.0,-57.6,-88.1,-83.4,1,2,0.01,256,2.9,2.8138576062003895,0.7015734972390365,71119
2026-04-01 12:44:32,-112.8598,53.4864,36.4,22357.0,-57.7,-88.1,-83.4,1,2,0.01,256,2.9,2.8138576062003895,0.7015734972390365,71119
2026-04-01 12:44:33,-112.8598,53.4864,36.3,22362.0,-57.7,-88.2,-83.4,1,2,0.01,256,2.9,2.8138576062003895,0.7015734972390365,71119
2026-04-01 12:44:34,-112.8597,53.4864,36.3,22366.0,-57.7,-88.2,-83.4,1,2,0.01,256,3.0,2.9108871788279895,0.7257656867990033,71119
2026-04-01 12:44:35,-112.8597,53.4864,36.3,22370.0,-57.8,-88.2,-83.4,1,2,0.01,256,3.0,2.9108871788279895,0.7257656867990033,71119
2026-04-01 12:44:36,-112.8597,53.4864,36.2,22374.0,-57.8,-88.2,-83.4,1,2,0.01,256,3.0,2.9108871788279895,0.7257656867990033,71119
2026-04-01 12:44:37,-112.8596,53.4864,36.2,22378.0,-57.8,-88.2,-83.5,1,2,0.01,256,3.0,2.9108871788279895,0.7257656867990033,71119
2026-04-01 12:44:38,-112.8596,53.4864,36.2,22382.0,-57.9,-88.3,-83.5,1,2,0.01,256,3.0,2.9108871788279895,0.7257656867990033,71119
2026-04-01 12:44:39,-112.8595,53.4865,36.2,22386.0,-57.9,-88.3,-83.5,1,2,0.01,256,3.1,3.007916751455589,0.7499578763589702,71119
2026-04-01 12:44:40,-112.8594,53.4865,36.2,22390.0,-58.0,-88.3,-83.5,1,2,0.01,256,3.1,3.007916751455589,0.7499578763589702,71119
2026-04-01 12:44:41,-112.8594,53.4865,36.1,22394.0,-58.0,-88.3,-83.6,1,2,0.01,256,3.1,3.007916751455589,0.7499578763589702,71119
2026-04-01 12:44:42,-112.8593,53.4865,36.1,22399.0,-58.0,-88.3,-83.6,1,2,0.01,257,3.1,3.020547200834229,0.6973482684659823,71119
2026-04-01 12:44:43,-112.8593,53.4865,36.1,22404.0,-58.0,-88.3,-83.6,1,2,0.01,257,3.1,3.020547200834229,0.6973482684659823,71119
2026-04-01 12:44:44,-112.8593,53.4865,36.0,22408.0,-58.0,-88.4,-83.6,1,2,0.01,257,3.1,3.020547200834229,0.6973482684659823,71119
2026-04-01 12:44:45,-112.8592,53.4865,36.0,22413.0,-58.1,-88.4,-83.6,1,2,0.01,257,3.1,3.020547200834229,0.6973482684659823,71119
2026-04-01 12:44:46,-112.8592,53.4865,36.0,22417.0,-58.1,-88.4,-83.6,1,2,0.01,258,3.1,3.0322575622747974,0.6445262415350553,71119
2026-04-01 12:44:47,-112.8591,53.4865,36.0,22422.0,-58.1,-88.4,-83.6,1,2,0.01,258,3.1,3.0322575622747974,0.6445262415350553,71119
2026-04-01 12:44:48,-112.8591,53.4865,36.0,22426.0,-58.1,-88.4,-83.7,1,2,0.01,259,3.1,3.0430442686877583,0.5915078856672883,71119
2026-04-01 12:44:49,-112.859,53.4865,35.9,22430.0,-58.1,-88.4,-83.7,1,2,0.01,259,3.2,3.141206987032525,0.6105887852049428,71119
2026-04-01 12:44:50,-112.859,53.4865,35.9,22434.0,-58.1,-88.5,-83.7,1,2,0.01,260,3.2,3.1513848096390658,0.5556741685341771,71119
2026-04-01 12:44:51,-112.8589,53.4865,35.9,22438.0,-58.2,-88.5,-83.7,1,2,0.01,260,3.2,3.1513848096390658,0.5556741685341771,71119
2026-04-01 12:44:52,-112.8589,53.4865,35.9,22443.0,-58.2,-88.5,-83.8,1,2,0.01,261,3.2,3.1606026899044406,0.5005902881287393,71119
2026-04-01 12:44:53,-112.8589,53.4865,35.8,22447.0,-58.2,-88.5,-83.8,1,2,0.0,262,3.2,3.168857819973025,0.44535392307221067,71119
2026-04-01 12:44:54,-112.8588,53.4865,35.8,22452.0,-58.2,-88.6,-83.8,1,2,0.0,262,3.2,3.168857819973025,0.44535392307221067,71119
2026-04-01 12:44:55,-112.8588,53.4865,35.8,22456.0,-58.3,-88.6,-83.8,1,2,0.0,263,3.2,3.176147685252231,0.38998189889647095,71119
2026-04-01 12:44:56,-112.8588,53.4865,35.8,22461.0,-58.3,-88.6,-83.8,1,2,0.0,264,3.2,3.182470065178475,0.3344910824564908,71119
2026-04-01 12:44:57,-112.8587,53.4865,35.7,22466.0,-58.3,-88.6,-83.9,1,2,0.0,265,3.2,3.187823033893586,0.2788983767925064,71119
2026-04-01 12:44:58,-112.8586,53.4865,35.7,22471.0,-58.4,-88.7,-83.9,1,2,0.0,266,3.2,3.192204960831438,0.22322071598120186,71119
2026-04-01 12:44:59,-112.8586,53.4865,35.7,22476.0,-58.4,-88.7,-83.9,1,2,0.0,266,3.2,3.192204960831438,0.22322071598120186,71119
2026-04-01 12:45:00,-112.8585,53.4865,35.6,22480.0,-58.4,-88.7,-83.9,1,2,0.0,267,3.2,3.1956145112146364,0.1674750599774218,71119
2026-04-01 12:45:01,-112.8584,53.4865,35.6,22485.0,-58.4,-88.7,-83.9,1,2,0.0,269,3.2,3.199512624500452,0.055847700599307194,71119
2026-04-01 12:45:02,-112.8584,53.4865,35.6,22490.0,-58.4,-88.7,-84.0,1,2,0.0,270,3.2,3.2,5.878304635907295e-16,71119
2026-04-01 12:45:03,-112.8583,53.4865,35.6,22494.0,-58.4,-88.7,-84.0,1,2,0.0,271,3.2,3.199512624500452,-0.05584770059930602,71119
2026-04-01 12:45:04,-112.8583,53.4865,35.5,22498.0,-58.4,-88.7,-83.9,1,2,0.0,272,3.2,3.1980506464611067,-0.11167838944800411,71119
2026-04-01 12:45:05,-112.8582,53.4865,35.5,22503.0,-58.4,-88.7,-83.9,1,2,0.0,273,3.2,3.1956145112146364,-0.16747505997742063,71119
2026-04-01 12:45:06,-112.8582,53.4865,35.5,22508.0,-58.4,-88.7,-83.9,1,2,0.0,274,3.3,3.29196136585742,-0.23019636335561322,71119
2026-04-01 12:45:07,-112.8582,53.4865,35.5,22512.0,-58.4,-88.7,-83.9,1,2,0.0,276,3.3,3.281922254715302,-0.3449439287832548,71119
2026-04-01 12:45:08,-112.8581,53.4865,35.4,22516.0,-58.4,-88.7,-83.9,1,2,0.0,277,3.3,3.275402300416362,-0.4021688332369873,71119
2026-04-01 12:45:09,-112.8581,53.4865,35.4,22520.0,-58.4,-88.7,-83.9,1,2,0.0,278,3.3,3.267884626847182,-0.459271233168216,71119
2026-04-01 12:45:10,-112.858,53.4865,35.4,22525.0,-58.5,-88.7,-84.0,1,2,0.0,280,3.3,3.2498655849402867,-0.5730389863008689,71119
2026-04-01 12:45:11,-112.858,53.4865,35.4,22529.0,-58.5,-88.7,-84.0,1,2,0.0,281,3.3,3.2393697053772907,-0.6296696847425989,71119
2026-04-01 12:45:12,-112.8579,53.4865,35.3,22534.0,-58.5,-88.8,-84.0,1,2,0.0,282,3.3,3.2278870824215584,-0.6861085796986062,71119
2026-04-01 12:45:13,-112.8578,53.4865,35.3,22538.0,-58.5,-88.8,-84.0,1,2,0.0,283,3.4,3.3128582202697996,-0.7648335847691408,71119
2026-04-01 12:45:14,-112.8578,53.4865,35.3,22543.0,-58.6,-88.8,-84.0,1,2,0.0,285,3.4,3.2841478093828327,-0.879984753348569,71119
2026-04-01 12:45:15,-112.8578,53.4864,35.3,22548.0,-58.6,-88.8,-84.0,1,2,0.0,286,3.4,3.268289766190284,-0.9371670097777979,71119
2026-04-01 12:45:16,-112.8577,53.4864,35.2,22553.0,-58.6,-88.8,-84.0,1,2,0.0,287,3.5,3.347066645870624,-1.0233009665295785,71119
2026-04-01 12:45:17,-112.8577,53.4864,35.2,22557.0,-58.6,-88.8,-84.1,1,2,0.0,288,3.5,3.3286978070330377,-1.0815594803123152,71119
2026-04-01 12:45:18,-112.8576,53.4864,35.2,22561.0,-58.6,-88.8,-84.1,1,2,0.0,289,3.5,3.309315014597609,-1.139488540600047,71119
2026-04-01 12:45:19,-112.8576,53.4864,35.2,22565.0,-58.7,-88.8,-84.1,1,2,0.0,290,3.5,3.2889241727506793,-1.1970705016398415,71119
2026-04-01 12:45:20,-112.8575,53.4864,35.1,22569.0,-58.7,-88.9,-84.1,1,2,0.0,291,3.6,3.3608895353899264,-1.2901246183630815,71119
2026-04-01 12:45:21,-112.8575,53.4864,35.1,22574.0,-58.7,-88.9,-84.1,1,2,0.0,292,3.6,3.3378618764404346,-1.348583736297283,71119
2026-04-01 12:45:22,-112.8574,53.4864,35.1,22578.0,-58.7,-88.9,-84.1,1,2,0.0,293,3.6,3.3138174724287857,-1.4066320625613846,71119
2026-04-01 12:45:23,-112.8574,53.4863,35.1,22582.0,-58.7,-88.9,-84.1,1,2,0.0,293,3.7,3.40586795777403,-1.445705175410312,71119
2026-04-01 12:45:24,-112.8574,53.4863,35.0,22587.0,-58.7,-88.9,-84.1,1,2,0.0,294,3.7,3.380118193277624,-1.5049255793804592,71119
2026-04-01 12:45:25,-112.8574,53.4863,35.0,22591.0,-58.7,-88.9,-84.1,1,2,0.0,294,3.7,3.380118193277624,-1.5049255793804592,71119
2026-04-01 12:45:26,-112.8573,53.4863,35.0,22596.0,-58.7,-88.8,-84.1,1,2,0.0,295,3.8,3.443969590739269,-1.6059493946146584,71119
2026-04-01 12:45:27,-112.8573,53.4863,35.0,22600.0,-58.7,-88.8,-84.1,1,2,0.0,295,3.8,3.443969590739269,-1.6059493946146584,71119
2026-04-01 12:45:28,-112.8572,53.4862,35.0,22604.0,-58.7,-88.8,-84.1,1,2,0.0,295,3.8,3.443969590739269,-1.6059493946146584,71119
2026-04-01 12:45:29,-112.8571,53.4862,34.9,22608.0,-58.7,-88.8,-84.1,1,2,0.0,295,3.9,3.534600369442934,-1.6482112207887285,71119
2026-04-01 12:45:30,-112.857,53.4862,34.9,22613.0,-58.7,-88.9,-84.1,1,2,0.0,295,3.9,3.534600369442934,-1.6482112207887285,71119
2026-04-01 12:45:31,-112.8569,53.4862,34.9,22617.0,-58.8,-88.9,-84.1,1,2,0.0,295,3.9,3.534600369442934,-1.6482112207887285,71119
2026-04-01 12:45:32,-112.8569,53.4862,34.9,22621.0,-58.8,-88.9,-84.1,1,2,0.0,295,3.9,3.534600369442934,-1.6482112207887285,71119
2026-04-01 12:45:33,-112.8568,53.4861,34.8,22625.0,-58.8,-88.9,-84.1,1,2,0.0,295,4.0,3.6252311481465993,-1.6904730469627984,71119
2026-04-01 12:45:34,-112.8568,53.4861,34.8,22630.0,-58.8,-88.9,-84.1,1,2,0.0,295,4.0,3.6252311481465993,-1.6904730469627984,71119
2026-04-01 12:45:35,-112.8568,53.4861,34.8,22634.0,-58.8,-88.9,-84.1,1,2,0.0,294,4.0,3.6541818305704044,-1.626946572303199,71119
2026-04-01 12:45:36,-112.8567,53.4861,34.8,22638.0,-58.8,-88.9,-84.1,1,2,0.0,294,4.0,3.6541818305704044,-1.626946572303199,71119
2026-04-01 12:45:37,-112.8567,53.4861,34.7,22643.0,-58.9,-88.9,-84.2,1,2,0.0,293,4.0,3.682019413809762,-1.562924513957094,71119
2026-04-01 12:45:38,-112.8566,53.4861,34.7,22648.0,-58.9,-88.9,-84.2,1,2,0.0,293,4.1,3.7740698991550055,-1.6019976268060212,71119
2026-04-01 12:45:39,-112.8566,53.4861,34.7,22652.0,-58.9,-88.9,-84.2,1,2,0.0,293,4.1,3.7740698991550055,-1.6019976268060212,71119
2026-04-01 12:45:40,-112.8565,53.4861,34.7,22656.0,-58.9,-88.9,-84.2,1,2,0.0,292,4.1,3.801453803723828,-1.535887033005239,71119
2026-04-01 12:45:41,-112.8564,53.4861,34.6,22660.0,-58.9,-88.9,-84.2,1,2,0.0,292,4.1,3.801453803723828,-1.535887033005239,71119
2026-04-01 12:45:42,-112.8564,53.486,34.6,22665.0,-58.9,-88.9,-84.2,1,2,0.0,291,4.1,3.827679748638527,-1.4693085931357315,71119
2026-04-01 12:45:43,-112.8563,53.486,34.6,22669.0,-59.0,-89.0,-84.2,1,2,0.0,290,4.1,3.8527397452222236,-1.4022825876352427,71119
2026-04-01 12:45:44,-112.8563,53.486,34.6,22673.0,-59.0,-88.9,-84.2,1,2,0.0,290,4.1,3.8527397452222236,-1.4022825876352427,71119
2026-04-01 12:45:45,-112.8562,53.486,34.5,22678.0,-59.0,-88.9,-84.2,1,2,0.0,289,4.1,3.8766261599571994,-1.3348294332743407,71119
2026-04-01 12:45:46,-112.8562,53.486,34.5,22682.0,-59.0,-88.9,-84.2,1,2,0.0,289,4.1,3.8766261599571994,-1.3348294332743407,71119
2026-04-01 12:45:47,-112.8561,53.4859,34.5,22687.0,-58.9,-88.9,-84.2,1,2,0.0,288,4.1,3.8993317168101296,-1.2669696769372836,71119
2026-04-01 12:45:48,-112.856,53.4859,34.5,22691.0,-58.9,-88.9,-84.1,1,2,0.0,288,4.1,3.8993317168101296,-1.2669696769372836,71119
2026-04-01 12:45:49,-112.856,53.4859,34.4,22695.0,-58.9,-88.9,-84.1,1,2,0.0,288,4.1,3.8993317168101296,-1.2669696769372836,71119
2026-04-01 12:45:50,-112.8559,53.4859,34.4,22699.0,-58.9,-88.9,-84.1,1,2,0.0,287,4.1,3.920849499448445,-1.1987239893632204,71119
2026-04-01 12:45:51,-112.8558,53.4859,34.4,22703.0,-59.0,-88.9,-84.1,1,2,0.0,287,4.1,3.920849499448445,-1.1987239893632204,71119
2026-04-01 12:45:52,-112.8558,53.4859,34.4,22707.0,-59.0,-88.9,-84.1,1,2,0.0,287,4.1,3.920849499448445,-1.1987239893632204,71119
2026-04-01 12:45:53,-112.8557,53.4859,34.4,22712.0,-59.0,-88.9,-84.1,1,2,0.0,286,4.1,3.9411729533471065,-1.1301131588496973,71119
2026-04-01 12:45:54,-112.8557,53.4859,34.3,22717.0,-59.0,-88.9,-84.2,1,2,0.0,286,4.2,4.037299122940939,-1.1576768944313975,71119
2026-04-01 12:45:55,-112.8556,53.4859,34.3,22722.0,-59.1,-88.9,-84.2,1,2,0.0,286,4.2,4.037299122940939,-1.1576768944313975,71119
2026-04-01 12:45:56,-112.8555,53.4859,34.3,22727.0,-59.1,-88.9,-84.2,1,2,0.0,286,4.2,4.037299122940939,-1.1576768944313975,71119
2026-04-01 12:45:57,-112.8555,53.4859,34.2,22732.0,-59.2,-89.0,-84.2,1,2,0.0,286,4.2,4.037299122940939,-1.1576768944313975,71119
2026-04-01 12:45:58,-112.8554,53.4859,34.2,22736.0,-59.2,-89.0,-84.2,1,2,0.0,286,4.2,4.037299122940939,-1.1576768944313975,71119
2026-04-01 12:45:59,-112.8553,53.4859,34.2,22741.0,-59.2,-89.0,-84.2,1,2,0.0,287,4.2,4.016479975044749,-1.2279611598354943,71119
2026-04-01 12:46:00,-112.8553,53.4859,34.2,22746.0,-59.3,-89.0,-84.2,1,2,0.0,287,4.2,4.016479975044749,-1.2279611598354943,71119
2026-04-01 12:46:01,-112.8552,53.4859,34.1,22751.0,-59.3,-89.0,-84.2,1,2,0.0,287,4.2,4.016479975044749,-1.2279611598354943,71119
2026-04-01 12:46:02,-112.8552,53.4858,34.1,22755.0,-59.3,-89.0,-84.3,1,2,0.0,288,4.2,3.9944373684396455,-1.2978713763747785,71119
2026-04-01 12:46:03,-112.8551,53.4858,34.1,22760.0,-59.4,-89.0,-84.3,1,2,0.0,288,4.2,3.9944373684396455,-1.2978713763747785,71119
2026-04-01 12:46:04,-112.8551,53.4858,34.1,22764.0,-59.4,-89.0,-84.3,1,2,0.0,288,4.3,4.0895430200691605,-1.328773075812273,71119
2026-04-01 12:46:05,-112.855,53.4858,34.0,22769.0,-59.5,-89.1,-84.3,1,2,0.0,289,4.3,4.0657298750770625,-1.3999430641657722,71119
2026-04-01 12:46:06,-112.855,53.4858,34.0,22774.0,-59.5,-89.1,-84.3,1,2,0.0,289,4.3,4.0657298750770625,-1.3999430641657722,71119
2026-04-01 12:46:07,-112.8549,53.4858,34.0,22779.0,-59.5,-89.1,-84.3,1,2,0.0,290,4.3,4.040678269379406,-1.4706866163003767,71119
2026-04-01 12:46:08,-112.8549,53.4858,34.0,22784.0,-59.6,-89.1,-84.3,1,2,0.0,290,4.3,4.040678269379406,-1.4706866163003767,71119
2026-04-01 12:46:09,-112.8548,53.4858,33.9,22789.0,-59.6,-89.1,-84.3,1,2,0.0,291,4.4,4.107753876587688,-1.5768189779993218,71119
2026-04-01 12:46:10,-112.8547,53.4858,33.9,22793.0,-59.7,-89.1,-84.4,1,2,0.0,291,4.4,4.107753876587688,-1.5768189779993218,71119
2026-04-01 12:46:11,-112.8546,53.4857,33.9,22798.0,-59.7,-89.1,-84.4,1,2,0.0,291,4.4,4.107753876587688,-1.5768189779993218,71119
2026-04-01 12:46:12,-112.8545,53.4857,33.9,22803.0,-59.7,-89.1,-84.4,1,2,0.0,291,4.4,4.107753876587688,-1.5768189779993218,71119
2026-04-01 12:46:13,-112.8545,53.4857,33.8,22807.0,-59.7,-89.1,-84.3,1,2,0.0,292,4.4,4.079608960093865,-1.6482690110300127,71119
2026-04-01 12:46:14,-112.8544,53.4857,33.8,22812.0,-59.7,-89.1,-84.3,1,2,0.0,292,4.5,4.172327345550544,-1.6857296703716038,71119
2026-04-01 12:46:15,-112.8544,53.4856,33.8,22816.0,-59.7,-89.1,-84.3,1,2,0.0,292,4.5,4.172327345550544,-1.6857296703716038,71119
2026-04-01 12:46:16,-112.8543,53.4856,33.8,22821.0,-59.8,-89.1,-84.3,1,2,0.0,291,4.5,4.201111919237408,-1.6126557729538518,71119
2026-04-01 12:46:17,-112.8543,53.4856,33.7,22826.0,-59.8,-89.1,-84.4,1,2,0.0,291,4.5,4.201111919237408,-1.6126557729538518,71119
2026-04-01 12:46:18,-112.8543,53.4855,33.7,22831.0,-59.8,-89.1,-84.4,1,2,0.0,291,4.5,4.201111919237408,-1.6126557729538518,71119
2026-04-01 12:46:19,-112.8542,53.4855,33.7,22835.0,-59.9,-89.1,-84.4,1,2,0.0,290,4.5,4.228616793536587,-1.5390906449655104,71119
2026-04-01 12:46:20,-112.8541,53.4855,33.6,22840.0,-59.9,-89.2,-84.4,1,2,0.0,290,4.5,4.228616793536587,-1.5390906449655104,71119
2026-04-01 12:46:21,-112.854,53.4855,33.6,22845.0,-59.9,-89.2,-84.4,1,2,0.0,289,4.5,4.2548335901969265,-1.4650566950572035,71119
2026-04-01 12:46:22,-112.8539,53.4855,33.6,22849.0,-60.0,-89.2,-84.5,1,2,0.0,288,4.5,4.279754323328191,-1.3905764746872626,71119
2026-04-01 12:46:23,-112.8538,53.4855,33.6,22853.0,-60.0,-89.2,-84.5,1,2,0.0,287,4.5,4.303371401833659,-1.3156726712523152,71119
2026-04-01 12:46:24,-112.8538,53.4855,33.6,22857.0,-60.1,-89.3,-84.5,1,2,0.0,286,4.5,4.325677631722434,-1.2403681011764973,71119
2026-04-01 12:46:25,-112.8537,53.4854,33.5,22861.0,-60.1,-89.3,-84.6,1,2,0.0,285,4.5,4.346666218300808,-1.1646857029613413,71119
2026-04-01 12:46:26,-112.8536,53.4854,33.5,22866.0,-60.2,-89.3,-84.6,1,2,0.0,283,4.5,4.384665291533558,-1.0122797445473921,71119
2026-04-01 12:46:27,-112.8535,53.4854,33.5,22870.0,-60.2,-89.4,-84.6,1,2,0.0,282,4.6,4.4994789633755055,-0.9563937777616934,71119
2026-04-01 12:46:28,-112.8535,53.4854,33.5,22874.0,-60.2,-89.4,-84.6,1,2,0.0,281,4.6,4.515485043859253,-0.8777213787321074,71119
2026-04-01 12:46:29,-112.8534,53.4854,33.5,22879.0,-60.3,-89.4,-84.7,1,2,0.0,279,4.6,4.543366366737634,-0.719598539185061,71119
2026-04-01 12:46:30,-112.8534,53.4854,33.4,22884.0,-60.3,-89.4,-84.7,1,2,0.0,277,4.6,4.565712297550081,-0.5605989796636793,71119
2026-04-01 12:46:31,-112.8533,53.4854,33.4,22889.0,-60.3,-89.5,-84.7,1,2,0.0,276,4.6,4.574800718694057,-0.48083093103120367,71119
2026-04-01 12:46:32,-112.8533,53.4854,33.4,22893.0,-60.4,-89.5,-84.8,1,2,0.0,274,4.7,4.688551036221175,-0.32785542659738853,71119
2026-04-01 12:46:33,-112.8533,53.4854,33.3,22898.0,-60.4,-89.5,-84.8,1,2,0.0,272,4.7,4.6971368869897505,-0.16402763450175603,71119
2026-04-01 12:46:34,-112.8532,53.4854,33.3,22902.0,-60.4,-89.5,-84.8,1,2,0.0,271,4.7,4.699284167235039,-0.08202631025523072,71119
2026-04-01 12:46:35,-112.8531,53.4854,33.3,22907.0,-60.4,-89.5,-84.8,1,2,0.0,269,4.8,4.799268936750678,0.08377155089896078,71119
2026-04-01 12:46:36,-112.8531,53.4854,33.3,22911.0,-60.3,-89.5,-84.8,1,2,0.0,267,4.9,4.893284720297412,0.25644618559042714,71119
2026-04-01 12:46:37,-112.853,53.4854,33.2,22916.0,-60.3,-89.5,-84.7,1,2,0.0,265,4.9,4.881354020649553,0.4270631394635255,71119
2026-04-01 12:46:38,-112.8529,53.4854,33.2,22921.0,-60.2,-89.4,-84.7,1,2,0.0,264,5.0,4.972609476841367,0.5226423163382667,71119
2026-04-01 12:46:39,-112.8528,53.4854,33.2,22926.0,-60.1,-89.4,-84.6,1,2,0.0,262,5.1,5.050367150582008,0.7097828148963357,71119
2026-04-01 12:46:40,-112.8527,53.4854,33.2,22930.0,-60.0,-89.3,-84.6,1,2,0.0,261,5.1,5.037210537035202,0.7978157717051783,71119
2026-04-01 12:46:41,-112.8526,53.4854,33.1,22935.0,-60.0,-89.3,-84.6,1,2,0.0,260,5.2,5.121000315663482,0.9029705238680378,71119
2026-04-01 12:46:42,-112.8526,53.4854,33.1,22940.0,-60.0,-89.4,-84.6,1,2,0.0,258,5.3,5.18418228388917,1.1019319613341267,71119
2026-04-01 12:46:43,-112.8525,53.4855,33.1,22944.0,-60.0,-89.4,-84.6,1,2,0.0,257,5.4,5.26159834984027,1.2147356934568725,71119
2026-04-01 12:46:44,-112.8524,53.4855,33.1,22949.0,-60.1,-89.4,-84.6,1,2,0.0,256,5.5,5.33662649451798,1.3305704257981728,71119
2026-04-01 12:46:45,-112.8524,53.4855,33.0,22953.0,-60.1,-89.4,-84.7,1,2,0.0,255,5.6,5.4091846272187825,1.4493866525741155,71119
2026-04-01 12:46:46,-112.8523,53.4856,33.0,22958.0,-60.1,-89.4,-84.7,1,2,0.0,254,5.7,5.479191666848418,1.5711329281568938,71119
2026-04-01 12:46:47,-112.8522,53.4856,33.0,22963.0,-60.1,-89.5,-84.7,1,2,0.0,253,5.7,5.450937108989302,1.6665187169196016,71119
2026-04-01 12:46:48,-112.8521,53.4856,33.0,22967.0,-60.1,-89.5,-84.7,1,2,0.0,252,5.8,5.51612779451189,1.7922985673746958,71119
2026-04-01 12:46:49,-112.852,53.4856,33.0,22972.0,-60.2,-89.5,-84.7,1,2,0.0,252,5.9,5.611233446141406,1.8232002668121907,71119
2026-04-01 12:46:50,-112.8519,53.4856,32.9,22977.0,-60.2,-89.5,-84.8,1,2,0.0,251,6.0,5.673111453595901,1.9534089267429398,71119
2026-04-01 12:46:51,-112.8518,53.4856,32.9,22982.0,-60.2,-89.5,-84.8,1,2,0.0,250,6.1,5.732124986794041,2.086322874286578,71119
2026-04-01 12:46:52,-112.8517,53.4856,32.9,22986.0,-60.2,-89.5,-84.8,1,2,0.0,250,6.1,5.732124986794041,2.086322874286578,71119
2026-04-01 12:46:53,-112.8516,53.4856,32.9,22990.0,-60.2,-89.6,-84.8,1,2,0.0,250,6.2,5.826094248872632,2.120524888619145,71119
2026-04-01 12:46:54,-112.8516,53.4857,32.8,22994.0,-60.3,-89.6,-84.8,1,2,0.0,249,6.3,5.881556686932369,2.2577180821353946,71119
2026-04-01 12:46:55,-112.8515,53.4857,32.8,22999.0,-60.3,-89.6,-84.9,1,2,0.0,249,6.3,5.881556686932369,2.2577180821353946,71119
2026-04-01 12:46:56,-112.8514,53.4857,32.8,23004.0,-60.3,-89.6,-84.9,1,2,0.0,249,6.4,5.97491472958209,2.2935548770899246,71119
2026-04-01 12:46:57,-112.8513,53.4857,32.8,23009.0,-60.4,-89.6,-84.9,1,2,0.0,249,6.5,6.0682727722318095,2.3293916720444545,71119
2026-04-01 12:46:58,-112.8512,53.4858,32.7,23013.0,-60.4,-89.7,-84.9,1,2,0.0,249,6.5,6.0682727722318095,2.3293916720444545,71119
2026-04-01 12:46:59,-112.8511,53.4858,32.7,23018.0,-60.4,-89.7,-84.9,1,2,0.0,249,6.6,6.16163081488153,2.3652284669989845,71119
2026-04-01 12:47:00,-112.851,53.4858,32.7,23022.0,-60.4,-89.7,-84.9,1,2,0.0,249,6.6,6.16163081488153,2.3652284669989845,71119
2026-04-01 12:47:01,-112.8509,53.4858,32.7,23026.0,-60.4,-89.7,-84.9,1,2,0.0,249,6.7,6.2549888575312504,2.401065261953515,71119
2026-04-01 12:47:02,-112.8508,53.4859,32.6,23030.0,-60.4,-89.7,-84.9,1,2,0.0,250,6.7,6.295940559265587,2.2915349602819792,71119
2026-04-01 12:47:03,-112.8507,53.4859,32.6,23034.0,-60.4,-89.7,-84.9,1,2,0.0,250,6.8,6.389909821344177,2.325736974614546,71119
2026-04-01 12:47:04,-112.8507,53.4859,32.6,23039.0,-60.4,-89.7,-84.9,1,2,0.0,250,6.8,6.389909821344177,2.325736974614546,71119
2026-04-01 12:47:05,-112.8506,53.4859,32.6,23043.0,-60.3,-89.7,-84.9,1,2,0.0,251,6.9,6.524078171635287,2.246420265754381,71119
2026-04-01 12:47:06,-112.8505,53.4859,32.5,23048.0,-60.3,-89.7,-84.9,1,2,0.0,251,6.9,6.524078171635287,2.246420265754381,71119
2026-04-01 12:47:07,-112.8504,53.4859,32.5,23052.0,-60.3,-89.7,-84.9,1,2,0.0,252,7.0,6.657395614066075,2.163118960624633,71119
2026-04-01 12:47:08,-112.8503,53.486,32.5,23057.0,-60.3,-89.7,-84.9,1,2,0.0,252,7.0,6.657395614066075,2.163118960624633,71119
2026-04-01 12:47:09,-112.8502,53.486,32.5,23061.0,-60.2,-89.6,-84.9,1,2,0.0,253,7.1,6.789763767337551,2.0758391035314334,71119
2026-04-01 12:47:10,-112.8501,53.486,32.5,23066.0,-60.2,-89.6,-84.9,1,2,0.0,254,7.1,6.8249580411620645,1.957025226300692,71119
2026-04-01 12:47:11,-112.8499,53.4861,32.4,23070.0,-60.2,-89.7,-84.9,1,2,0.0,254,7.2,6.921084210755897,1.984588961882392,71119
2026-04-01 12:47:12,-112.8498,53.4861,32.4,23074.0,-60.2,-89.7,-84.9,1,2,0.0,255,7.3,7.051258531910198,1.8893790292484005,71119
2026-04-01 12:47:13,-112.8497,53.4861,32.4,23078.0,-60.3,-89.7,-85.0,1,2,0.0,256,7.3,7.083158801814774,1.7660298378775747,71119
2026-04-01 12:47:14,-112.8496,53.4861,32.4,23083.0,-60.3,-89.7,-85.0,1,2,0.0,256,7.4,7.180188374442374,1.7902220274375418,71119
2026-04-01 12:47:15,-112.8495,53.4861,32.4,23087.0,-60.3,-89.8,-85.0,1,2,0.0,257,7.4,7.210338479410741,1.6646378021446029,71119
2026-04-01 12:47:16,-112.8494,53.4861,32.3,23091.0,-60.3,-89.8,-85.0,1,2,0.0,258,7.5,7.336107005503542,1.5593376811331985,71119
2026-04-01 12:47:17,-112.8493,53.4861,32.3,23095.0,-60.3,-89.8,-85.0,1,2,0.0,258,7.6,7.433921765576922,1.5801288502149744,71119
2026-04-01 12:47:18,-112.8492,53.4861,32.3,23100.0,-60.3,-89.8,-85.1,1,2,0.0,259,7.6,7.460366594202246,1.450148364861739,71119
2026-04-01 12:47:19,-112.8491,53.4861,32.3,23104.0,-60.3,-89.8,-85.1,1,2,0.0,259,7.7,7.558529312547013,1.4692292643993936,71119
2026-04-01 12:47:20,-112.849,53.4861,32.2,23108.0,-60.3,-89.8,-85.1,1,2,0.0,260,7.7,7.583019698194002,1.3370909680353635,71119
2026-04-01 12:47:21,-112.8489,53.4861,32.2,23113.0,-60.3,-89.9,-85.1,1,2,0.0,260,7.8,7.681500473495222,1.3544557858020565,71119
2026-04-01 12:47:22,-112.8487,53.4861,32.2,23117.0,-60.3,-89.9,-85.1,1,2,0.0,261,7.9,7.802737890701588,1.2358322738178253,71119
2026-04-01 12:47:23,-112.8486,53.4862,32.2,23122.0,-60.4,-89.9,-85.2,1,2,0.0,261,7.9,7.802737890701588,1.2358322738178253,71119
2026-04-01 12:47:24,-112.8484,53.4862,32.1,23127.0,-60.4,-89.9,-85.2,1,2,0.0,262,7.9,7.823117743058405,1.09946749758452,71119
2026-04-01 12:47:25,-112.8483,53.4862,32.1,23133.0,-60.4,-90.0,-85.2,1,2,0.0,262,8.0,7.922144549932562,1.1133848076805266,71119
2026-04-01 12:47:26,-112.8481,53.4862,32.1,23138.0,-60.3,-90.0,-85.2,1,2,0.0,262,8.0,7.922144549932562,1.1133848076805266,71119
2026-04-01 12:47:27,-112.848,53.4862,32.0,23144.0,-60.3,-89.9,-85.2,1,2,0.0,263,8.1,8.039623828294708,0.987141681581692,71119
2026-04-01 12:47:28,-112.8479,53.4862,32.0,23148.0,-60.3,-89.9,-85.2,1,2,0.0,263,8.1,8.039623828294708,0.987141681581692,71119
2026-04-01 12:47:29,-112.8478,53.4862,32.0,23153.0,-60.3,-89.9,-85.2,1,2,0.0,263,8.1,8.039623828294708,0.987141681581692,71119
2026-04-01 12:47:30,-112.8477,53.4862,32.0,23158.0,-60.2,-89.9,-85.2,1,2,0.0,264,8.1,8.055627352483015,0.8466805524679922,71119
2026-04-01 12:47:31,-112.8476,53.4862,32.0,23162.0,-60.1,-89.9,-85.1,1,2,0.0,264,8.1,8.055627352483015,0.8466805524679922,71119
2026-04-01 12:47:32,-112.8475,53.4862,31.9,23167.0,-60.1,-89.9,-85.1,1,2,0.0,264,8.2,8.155079542019841,0.8571333987947575,71119
2026-04-01 12:47:33,-112.8474,53.4862,31.9,23171.0,-60.1,-89.9,-85.1,1,2,0.0,265,8.2,8.168796524352313,0.7146770905307975,71119
2026-04-01 12:47:34,-112.8473,53.4863,31.9,23175.0,-60.1,-89.9,-85.1,1,2,0.0,265,8.2,8.168796524352313,0.7146770905307975,71119
2026-04-01 12:47:35,-112.8471,53.4863,31.9,23180.0,-60.0,-89.9,-85.1,1,2,0.0,266,8.2,8.180025212130557,0.5720030847018297,71119
2026-04-01 12:47:36,-112.847,53.4863,31.9,23184.0,-60.0,-89.9,-85.1,1,2,0.0,266,8.2,8.180025212130557,0.5720030847018297,71119
2026-04-01 12:47:37,-112.8469,53.4863,31.8,23188.0,-59.9,-89.9,-85.1,1,2,0.0,267,8.2,8.188762184987505,0.42915484119214325,71119
2026-04-01 12:47:38,-112.8467,53.4863,31.8,23193.0,-59.9,-89.9,-85.1,1,2,0.0,267,8.2,8.188762184987505,0.42915484119214325,71119
2026-04-01 12:47:39,-112.8466,53.4863,31.8,23198.0,-59.9,-89.9,-85.1,1,2,0.0,268,8.2,8.195004781556584,0.28617587296050623,71119
2026-04-01 12:47:40,-112.8465,53.4863,31.8,23202.0,-59.9,-89.9,-85.2,1,2,0.0,268,8.2,8.195004781556584,0.28617587296050623,71119
2026-04-01 12:47:41,-112.8463,53.4863,31.7,23207.0,-59.9,-89.9,-85.2,1,2,0.0,269,8.1,8.098766330766768,0.14136449214199634,71119
2026-04-01 12:47:42,-112.8462,53.4863,31.7,23212.0,-59.9,-90.0,-85.2,1,2,0.0,270,8.1,8.1,1.487945860964034e-15,71119
2026-04-01 12:47:43,-112.8461,53.4863,31.7,23217.0,-59.9,-90.0,-85.3,1,2,0.0,270,8.1,8.1,1.487945860964034e-15,71119
2026-04-01 12:47:44,-112.8459,53.4863,31.7,23221.0,-59.9,-90.0,-85.3,1,2,0.0,271,8.1,8.098766330766768,-0.14136449214199334,71119
2026-04-01 12:47:45,-112.8458,53.4863,31.6,23226.0,-59.9,-90.1,-85.3,1,2,0.0,272,8.1,8.095065698854675,-0.2826859232902604,71119
2026-04-01 12:47:46,-112.8457,53.4863,31.6,23231.0,-59.8,-90.1,-85.4,1,2,0.0,273,8.1,8.088899231512048,-0.42392124556784594,71119
2026-04-01 12:47:47,-112.8456,53.4863,31.6,23235.0,-59.8,-90.1,-85.4,1,2,0.0,273,8.1,8.088899231512048,-0.42392124556784594,71119
2026-04-01 12:47:48,-112.8455,53.4863,31.6,23240.0,-59.8,-90.1,-85.4,1,2,0.0,274,8.1,8.080268807104577,-0.5650274373274142,71119
2026-04-01 12:47:49,-112.8454,53.4863,31.5,23244.0,-59.7,-90.1,-85.4,1,2,0.0,275,8.1,8.069177054543138,-0.7059615162560289,71119
2026-04-01 12:47:50,-112.8453,53.4863,31.5,23248.0,-59.7,-90.1,-85.4,1,2,0.0,276,8.1,8.055627352483015,-0.8466805524679891,71119
2026-04-01 12:47:51,-112.8452,53.4862,31.5,23253.0,-59.6,-90.1,-85.4,1,2,0.0,276,8.1,8.055627352483015,-0.8466805524679891,71119
2026-04-01 12:47:52,-112.8451,53.4862,31.5,23258.0,-59.5,-90.1,-85.4,1,2,0.0,277,8.1,8.039623828294708,-0.9871416815816962,71119
2026-04-01 12:47:53,-112.845,53.4862,31.4,23264.0,-59.4,-90.1,-85.4,1,2,0.0,278,8.1,8.02117135680672,-1.1273021177765303,71119
2026-04-01 12:47:54,-112.8448,53.4862,31.4,23269.0,-59.3,-90.1,-85.3,1,2,0.0,278,8.1,8.02117135680672,-1.1273021177765303,71119
2026-04-01 12:47:55,-112.8447,53.4862,31.4,23274.0,-59.2,-90.0,-85.2,1,2,0.0,279,8.2,8.09904439288013,-1.2827626133298915,71119
2026-04-01 12:47:56,-112.8446,53.4861,31.4,23279.0,-59.0,-89.9,-85.2,1,2,0.0,280,8.2,8.075423574700107,-1.4239150568688257,71119
2026-04-01 12:47:57,-112.8444,53.4861,31.3,23283.0,-58.9,-89.9,-85.1,1,2,0.0,280,8.2,8.075423574700107,-1.4239150568688257,71119
2026-04-01 12:47:58,-112.8443,53.4861,31.3,23288.0,-58.8,-89.8,-85.1,1,2,0.0,281,8.2,8.049342904270842,-1.5646337620876698,71119
2026-04-01 12:47:59,-112.8442,53.4861,31.3,23292.0,-58.7,-89.8,-85.0,1,2,0.0,281,8.2,8.049342904270842,-1.5646337620876698,71119
2026-04-01 12:48:00,-112.844,53.4861,31.3,23297.0,-58.6,-89.7,-85.0,1,2,0.0,281,8.2,8.049342904270842,-1.5646337620876698,71119
2026-04-01 12:48:01,-112.8439,53.4861,31.3,23301.0,-58.5,-89.7,-85.0,1,2,0.0,281,8.2,8.049342904270842,-1.5646337620876698,71119
2026-04-01 12:48:02,-112.8438,53.4861,31.2,23306.0,-58.5,-89.7,-84.9,1,2,0.0,282,8.2,8.020810326017205,-1.7048758647056275,71119
2026-04-01 12:48:03,-112.8437,53.4861,31.2,23311.0,-58.5,-89.7,-84.9,1,2,0.0,282,8.2,8.020810326017205,-1.7048758647056275,71119
2026-04-01 12:48:04,-112.8435,53.486,31.2,23316.0,-58.5,-89.7,-85.0,1,2,0.0,282,8.2,8.020810326017205,-1.7048758647056275,71119
2026-04-01 12:48:05,-112.8434,53.486,31.2,23320.0,-58.5,-89.7,-85.0,1,2,0.0,282,8.1,7.9229955659438245,-1.6840846956238515,71119
2026-04-01 12:48:06,-112.8433,53.4859,31.1,23325.0,-58.5,-89.7,-85.0,1,2,0.0,282,8.1,7.9229955659438245,-1.6840846956238515,71119
2026-04-01 12:48:07,-112.8432,53.4859,31.1,23329.0,-58.5,-89.7,-85.0,1,2,0.0,282,8.1,7.9229955659438245,-1.6840846956238515,71119
2026-04-01 12:48:08,-112.8431,53.4859,31.1,23333.0,-58.5,-89.7,-85.0,1,2,0.0,282,8.1,7.9229955659438245,-1.6840846956238515,71119
2026-04-01 12:48:09,-112.843,53.4859,31.1,23338.0,-58.5,-89.7,-85.0,1,2,0.0,282,8.1,7.9229955659438245,-1.6840846956238515,71119
2026-04-01 12:48:10,-112.8429,53.4859,31.1,23342.0,-58.5,-89.7,-85.0,1,2,0.0,282,8.1,7.9229955659438245,-1.6840846956238515,71119
2026-04-01 12:48:11,-112.8428,53.4859,31.0,23346.0,-58.5,-89.7,-84.9,1,2,0.0,281,8.0,7.853017467581311,-1.5264719630123609,71119
2026-04-01 12:48:12,-112.8427,53.4859,31.0,23351.0,-58.5,-89.7,-84.9,1,2,0.0,281,8.0,7.853017467581311,-1.5264719630123609,71119
2026-04-01 12:48:13,-112.8426,53.4859,31.0,23355.0,-58.5,-89.7,-84.9,1,2,0.0,281,8.0,7.853017467581311,-1.5264719630123609,71119
2026-04-01 12:48:14,-112.8425,53.4859,31.0,23360.0,-58.6,-89.7,-84.9,1,2,0.0,281,8.0,7.853017467581311,-1.5264719630123609,71119
2026-04-01 12:48:15,-112.8423,53.4858,30.9,23364.0,-58.6,-89.7,-84.9,1,2,0.0,280,8.0,7.878462024097665,-1.3891854213354398,71119
2026-04-01 12:48:16,-112.8422,53.4858,30.9,23368.0,-58.6,-89.6,-84.9,1,2,0.0,280,8.0,7.878462024097665,-1.3891854213354398,71119
2026-04-01 12:48:17,-112.8421,53.4858,30.9,23373.0,-58.6,-89.6,-84.9,1,2,0.0,280,7.9,7.779981248796444,-1.3718206035687468,71119
2026-04-01 12:48:18,-112.8419,53.4858,30.9,23378.0,-58.5,-89.6,-84.8,1,2,0.0,279,7.9,7.8027378907015885,-1.2358322738178225,71119
2026-04-01 12:48:19,-112.8418,53.4858,30.9,23382.0,-58.5,-89.5,-84.8,1,2,0.0,279,7.9,7.8027378907015885,-1.2358322738178225,71119
2026-04-01 12:48:20,-112.8417,53.4858,30.8,23387.0,-58.4,-89.5,-84.7,1,2,0.0,279,7.9,7.8027378907015885,-1.2358322738178225,71119
2026-04-01 12:48:21,-112.8415,53.4858,30.8,23392.0,-58.4,-89.4,-84.7,1,2,0.0,278,7.9,7.823117743058406,-1.0994674975845171,71119
2026-04-01 12:48:22,-112.8414,53.4858,30.8,23396.0,-58.4,-89.4,-84.6,1,2,0.01,278,7.9,7.823117743058406,-1.0994674975845171,71119
2026-04-01 12:48:23,-112.8413,53.4858,30.8,23401.0,-58.4,-89.4,-84.6,1,2,0.01,278,7.9,7.823117743058406,-1.0994674975845171,71119
2026-04-01 12:48:24,-112.8412,53.4858,30.8,23405.0,-58.4,-89.3,-84.6,1,2,0.01,277,7.9,7.841114597966444,-0.9627678129006667,71119
2026-04-01 12:48:25,-112.8411,53.4857,30.7,23409.0,-58.4,-89.3,-84.6,1,2,0.01,277,7.9,7.841114597966444,-0.9627678129006667,71119
2026-04-01 12:48:26,-112.841,53.4857,30.7,23413.0,-58.4,-89.3,-84.6,1,2,0.01,277,7.9,7.841114597966444,-0.9627678129006667,71119
2026-04-01 12:48:27,-112.8409,53.4857,30.7,23418.0,-58.4,-89.3,-84.6,1,2,0.01,277,7.9,7.841114597966444,-0.9627678129006667,71119
2026-04-01 12:48:28,-112.8408,53.4857,30.7,23422.0,-58.4,-89.3,-84.6,1,2,0.01,276,7.9,7.856722973409361,-0.8257748598144586,71119
2026-04-01 12:48:29,-112.8407,53.4857,30.6,23426.0,-58.4,-89.3,-84.5,1,2,0.01,276,7.8,7.757270783872532,-0.8153220134876933,71119
2026-04-01 12:48:30,-112.8406,53.4857,30.6,23430.0,-58.4,-89.3,-84.5,1,2,0.01,276,7.8,7.757270783872532,-0.8153220134876933,71119
2026-04-01 12:48:31,-112.8405,53.4857,30.6,23433.0,-58.4,-89.3,-84.5,1,2,0.01,276,7.8,7.757270783872532,-0.8153220134876933,71119
2026-04-01 12:48:32,-112.8404,53.4857,30.6,23437.0,-58.4,-89.3,-84.5,1,2,0.01,276,7.8,7.757270783872532,-0.8153220134876933,71119
2026-04-01 12:48:33,-112.8402,53.4857,30.6,23441.0,-58.4,-89.3,-84.5,1,2,0.01,276,7.8,7.757270783872532,-0.8153220134876933,71119
2026-04-01 12:48:34,-112.8401,53.4857,30.6,23445.0,-58.4,-89.3,-84.5,1,2,0.01,277,7.8,7.741859982802311,-0.9505808785601519,71119
2026-04-01 12:48:35,-112.8399,53.4857,30.5,23450.0,-58.4,-89.3,-84.5,1,2,0.01,277,7.8,7.741859982802311,-0.9505808785601519,71119
2026-04-01 12:48:36,-112.8398,53.4857,30.5,23455.0,-58.4,-89.2,-84.5,1,2,0.01,277,7.8,7.741859982802311,-0.9505808785601519,71119
2026-04-01 12:48:37,-112.8397,53.4857,30.5,23460.0,-58.4,-89.2,-84.5,1,2,0.01,277,7.8,7.741859982802311,-0.9505808785601519,71119
2026-04-01 12:48:38,-112.8396,53.4857,30.4,23464.0,-58.4,-89.2,-84.5,1,2,0.01,278,7.8,7.724090936184249,-1.0855501874885105,71119
2026-04-01 12:48:39,-112.8395,53.4857,30.4,23469.0,-58.4,-89.2,-84.5,1,2,0.01,278,7.7,7.625064129310092,-1.0716328773925041,71119
2026-04-01 12:48:40,-112.8394,53.4857,30.4,23473.0,-58.4,-89.2,-84.5,1,2,0.01,279,7.7,7.605200222582561,-1.2045453808097761,71119
2026-04-01 12:48:41,-112.8393,53.4857,30.4,23477.0,-58.5,-89.3,-84.5,1,2,0.01,279,7.7,7.605200222582561,-1.2045453808097761,71119
2026-04-01 12:48:42,-112.8391,53.4857,30.4,23481.0,-58.5,-89.3,-84.5,1,2,0.01,280,7.7,7.583019698194002,-1.3370909680353609,71119
2026-04-01 12:48:43,-112.839,53.4857,30.4,23485.0,-58.5,-89.3,-84.5,1,2,0.01,281,7.7,7.558529312547012,-1.4692292643993974,71119
2026-04-01 12:48:44,-112.8389,53.4857,30.3,23490.0,-58.5,-89.3,-84.5,1,2,0.01,281,7.6,7.460366594202245,-1.4501483648617428,71119
2026-04-01 12:48:45,-112.8388,53.4857,30.3,23495.0,-58.4,-89.3,-84.5,1,2,0.01,282,7.6,7.433921765576922,-1.5801288502149717,71119
2026-04-01 12:48:46,-112.8386,53.4857,30.3,23499.0,-58.4,-89.3,-84.5,1,2,0.01,283,7.6,7.405212492367787,-1.7096280130133734,71119
2026-04-01 12:48:47,-112.8385,53.4856,30.3,23503.0,-58.4,-89.3,-84.5,1,2,0.01,284,7.6,7.374247519697573,-1.8386064065574725,71119
2026-04-01 12:48:48,-112.8384,53.4856,30.2,23507.0,-58.4,-89.3,-84.6,1,2,0.01,285,7.6,7.34103627979692,-1.967024742779154,71119
2026-04-01 12:48:49,-112.8383,53.4856,30.2,23512.0,-58.5,-89.3,-84.6,1,2,0.01,286,7.5,7.209462719537391,-2.0672801686274953,71119
2026-04-01 12:48:50,-112.8382,53.4856,30.2,23516.0,-58.5,-89.4,-84.6,1,2,0.01,287,7.5,7.172285669722766,-2.1927877854205255,71119
2026-04-01 12:48:51,-112.8381,53.4855,30.2,23521.0,-58.5,-89.4,-84.7,1,2,0.01,288,7.5,7.132923872213652,-2.317627457812104,71119
2026-04-01 12:48:52,-112.838,53.4855,30.2,23525.0,-58.5,-89.4,-84.7,1,2,0.01,289,7.5,7.091389316994877,-2.4417611584286725,71119
2026-04-01 12:48:53,-112.8379,53.4854,30.1,23530.0,-58.5,-89.5,-84.7,1,2,0.01,289,7.5,7.091389316994877,-2.4417611584286725,71119
2026-04-01 12:48:54,-112.8378,53.4854,30.1,23534.0,-58.6,-89.5,-84.8,1,2,0.01,290,7.5,7.047694655894312,-2.5651510749425173,71119
2026-04-01 12:48:55,-112.8377,53.4854,30.1,23538.0,-58.6,-89.5,-84.8,1,2,0.0,291,7.5,7.001853198729013,-2.687759621589753,71119
2026-04-01 12:48:56,-112.8376,53.4854,30.1,23541.0,-58.6,-89.6,-84.8,1,2,0.0,292,7.5,6.953878909250905,-2.8095494506193397,71119
2026-04-01 12:48:57,-112.8376,53.4854,30.1,23545.0,-58.5,-89.6,-84.8,1,2,0.0,293,7.5,6.903786400893304,-2.9304834636695514,71119
2026-04-01 12:48:58,-112.8375,53.4853,30.1,23549.0,-58.5,-89.6,-84.8,1,2,0.0,294,7.5,6.8515909323195086,-3.050524823068498,71119
2026-04-01 12:48:59,-112.8374,53.4853,30.0,23553.0,-58.4,-89.6,-84.8,1,2,0.0,295,7.5,6.797308402774874,-3.1696369630552472,71119
2026-04-01 12:48:59,-112.8374,53.4853,30.0,23557.0,-58.3,-89.5,-84.8,1,2,0.01,296,7.5,6.7409553472437524,-3.2877836009180808,71119
2026-04-01 12:49:00,-112.8373,53.4853,30.0,23559.0,-58.3,-89.5,-84.8,1,2,0.01,296,7.5,6.7409553472437524,-3.2877836009180808,71119
2026-04-01 12:49:01,-112.8372,53.4852,30.0,23561.0,-58.2,-89.5,-84.7,1,2,0.01,296,7.5,6.7409553472437524,-3.2877836009180808,71119
2026-04-01 12:49:02,-112.837,53.4852,30.0,23565.0,-58.1,-89.4,-84.7,1,2,0.01,297,7.5,6.682548931412759,-3.4049287480465997,71119
2026-04-01 12:49:03,-112.8369,53.4852,29.9,23569.0,-57.9,-89.4,-84.6,1,2,0.01,298,7.5,6.622106946441953,-3.521036720894178,71119
2026-04-01 12:49:04,-112.8367,53.4851,29.9,23573.0,-57.8,-89.3,-84.6,1,2,0.01,298,7.5,6.622106946441953,-3.521036720894178,71119
2026-04-01 12:49:05,-112.8366,53.4851,29.9,23577.0,-57.7,-89.3,-84.5,1,2,0.01,299,7.4,6.472185832831528,-3.5875911898228963,71119
2026-04-01 12:49:06,-112.8365,53.485,29.9,23581.0,-57.6,-89.2,-84.5,1,2,0.01,300,7.4,6.408587988004846,-3.700000000000001,71119
2026-04-01 12:49:07,-112.8364,53.485,29.9,23585.0,-57.6,-89.2,-84.5,1,2,0.01,300,7.4,6.408587988004846,-3.700000000000001,71119
2026-04-01 12:49:08,-112.8364,53.485,29.9,23589.0,-57.5,-89.2,-84.5,1,2,0.01,301,7.3,6.25732129512542,-3.7597779468433954,71119
2026-04-01 12:49:09,-112.8363,53.4849,29.8,23593.0,-57.5,-89.2,-84.5,1,2,0.01,302,7.2,6.105946292326268,-3.8154187024790738,71119
2026-04-01 12:49:10,-112.8362,53.4849,29.8,23597.0,-57.5,-89.2,-84.5,1,2,0.01,302,7.2,6.105946292326268,-3.8154187024790738,71119
2026-04-01 12:49:11,-112.8361,53.4849,29.8,23602.0,-57.5,-89.3,-84.5,1,2,0.01,303,7.1,5.954561032412512,-3.866937148606689,71119
2026-04-01 12:49:12,-112.836,53.4848,29.8,23607.0,-57.5,-89.3,-84.5,1,2,0.01,304,7.0,5.803263007885292,-3.914350324295229,71119
2026-04-01 12:49:13,-112.8359,53.4848,29.8,23611.0,-57.5,-89.3,-84.6,1,2,0.01,304,6.9,5.720359250629787,-3.8584310339481545,71119
2026-04-01 12:49:14,-112.8358,53.4848,29.7,23616.0,-57.5,-89.3,-84.6,1,2,0.01,305,6.8,5.570233901165144,-3.900319767187113,71119
2026-04-01 12:49:15,-112.8357,53.4847,29.7,23620.0,-57.5,-89.4,-84.6,1,2,0.01,306,6.7,5.420413862312149,-3.9381611903595686,71119
2026-04-01 12:49:16,-112.8356,53.4847,29.7,23624.0,-57.5,-89.4,-84.6,1,2,0.01,307,6.5,5.191130815307406,-3.9117976504883116,71119
2026-04-01 12:49:17,-112.8355,53.4846,29.7,23627.0,-57.5,-89.4,-84.6,1,2,0.01,307,6.4,5.111267264302676,-3.851616148173107,71119
2026-04-01 12:49:18,-112.8354,53.4846,29.7,23631.0,-57.5,-89.4,-84.6,1,2,0.01,308,6.3,4.964467747722347,-3.8786672945516485,71119
2026-04-01 12:49:19,-112.8354,53.4846,29.6,23635.0,-57.5,-89.4,-84.6,1,2,0.01,309,6.2,4.818304961033219,-3.901786424508993,71119
2026-04-01 12:49:20,-112.8353,53.4845,29.6,23639.0,-57.5,-89.4,-84.7,1,2,0.01,310,6.0,4.596266658713869,-3.8567256581192355,71119
2026-04-01 12:49:21,-112.8353,53.4845,29.6,23643.0,-57.5,-89.4,-84.7,1,2,0.01,311,5.9,4.452786523314357,-3.870748271043992,71119
2026-04-01 12:49:22,-112.8352,53.4845,29.6,23647.0,-57.5,-89.4,-84.7,1,2,0.01,313,5.8,4.241851469391188,-3.955590488362492,71119
2026-04-01 12:49:23,-112.8352,53.4845,29.6,23651.0,-57.4,-89.4,-84.7,1,2,0.01,314,5.7,4.100236861930312,-3.9595527116162845,71119
2026-04-01 12:49:24,-112.8351,53.4844,29.5,23656.0,-57.4,-89.4,-84.7,1,2,0.01,315,5.6,3.9597979746446668,-3.959797974644665,71119
2026-04-01 12:49:25,-112.8351,53.4844,29.5,23660.0,-57.3,-89.4,-84.6,1,2,0.01,316,5.5,3.8206210375244867,-3.9563689018625796,71119
2026-04-01 12:49:26,-112.8351,53.4844,29.5,23665.0,-57.2,-89.3,-84.6,1,2,0.01,317,5.4,3.682791144337491,-3.949309988743522,71119
2026-04-01 12:49:27,-112.835,53.4843,29.5,23669.0,-57.1,-89.2,-84.5,1,2,0.01,318,5.3,3.546392213701948,-3.93866757503019,71119
2026-04-01 12:49:28,-112.835,53.4843,29.5,23673.0,-57.0,-89.2,-84.4,1,2,0.01,319,5.2,3.4115069507506384,-3.924489817158414,71119
2026-04-01 12:49:29,-112.8349,53.4842,29.4,23677.0,-57.0,-89.2,-84.4,1,2,0.01,321,5.2,3.272466033459157,-4.041158999576247,71119
2026-04-01 12:49:30,-112.8349,53.4842,29.4,23682.0,-56.9,-89.1,-84.4,1,2,0.01,322,5.1,3.1398735241608566,-4.018854843394283,71119
2026-04-01 12:49:31,-112.8348,53.4841,29.4,23686.0,-56.9,-89.1,-84.4,1,2,0.01,323,5.1,3.069256618075446,-4.073041101241193,71119
2026-04-01 12:49:32,-112.8348,53.4841,29.4,23690.0,-56.9,-89.1,-84.4,1,2,0.01,324,5.1,2.9977047866916138,-4.125986671312231,71119
2026-04-01 12:49:33,-112.8348,53.4841,29.4,23693.0,-56.9,-89.2,-84.4,1,2,0.01,324,5.1,2.9977047866916138,-4.125986671312231,71119
2026-04-01 12:49:34,-112.8348,53.4841,29.4,23697.0,-56.9,-89.1,-84.4,1,2,0.01,325,5.1,2.925239825390337,-4.177675425873857,71119
2026-04-01 12:49:35,-112.8348,53.4841,29.3,23700.0,-56.9,-89.1,-84.4,1,2,0.01,326,5.1,2.8518838077008075,-4.228091620030713,71119
2026-04-01 12:49:36,-112.8348,53.484,29.3,23705.0,-56.8,-89.1,-84.3,1,2,0.01,326,5.1,2.8518838077008075,-4.228091620030713,71119
2026-04-01 12:49:37,-112.8348,53.484,29.3,23709.0,-56.8,-89.1,-84.3,1,2,0.01,327,5.2,2.83212298207814,-4.361086953316205,71119
2026-04-01 12:49:38,-112.8347,53.4839,29.3,23713.0,-56.7,-89.0,-84.3,1,2,0.01,327,5.2,2.83212298207814,-4.361086953316205,71119
2026-04-01 12:49:39,-112.8347,53.4839,29.3,23718.0,-56.6,-89.0,-84.2,1,2,0.01,328,5.3,2.8085721004359865,-4.494654909629057,71119
2026-04-01 12:49:40,-112.8346,53.4838,29.2,23722.0,-56.6,-88.9,-84.2,1,2,0.01,328,5.3,2.8085721004359865,-4.494654909629057,71119
2026-04-01 12:49:41,-112.8345,53.4837,29.2,23725.0,-56.5,-88.9,-84.2,1,2,0.01,328,5.4,2.861564026859307,-4.5794597192447,71119
2026-04-01 12:49:42,-112.8344,53.4837,29.2,23729.0,-56.5,-88.9,-84.1,1,2,0.01,328,5.5,2.9145559532826275,-4.664264528860342,71119
2026-04-01 12:49:43,-112.8344,53.4837,29.2,23733.0,-56.5,-88.9,-84.1,1,2,0.01,328,5.5,2.9145559532826275,-4.664264528860342,71119
2026-04-01 12:49:44,-112.8343,53.4837,29.2,23736.0,-56.5,-88.9,-84.1,1,2,0.01,328,5.6,2.967547879705948,-4.749069338475985,71119
2026-04-01 12:49:45,-112.8343,53.4836,29.1,23740.0,-56.5,-88.9,-84.1,1,2,0.01,328,5.7,3.0205398061292685,-4.833874148091628,71119
2026-04-01 12:49:46,-112.8342,53.4836,29.1,23744.0,-56.5,-88.9,-84.1,1,2,0.01,328,5.8,3.073531732552589,-4.91867895770727,71119
2026-04-01 12:49:47,-112.8342,53.4836,29.1,23748.0,-56.4,-88.9,-84.1,1,2,0.01,328,5.9,3.1265236589759096,-5.003483767322913,71119
2026-04-01 12:49:48,-112.8342,53.4835,29.1,23752.0,-56.4,-88.8,-84.1,1,2,0.01,328,6.0,3.17951558539923,-5.088288576938555,71119
2026-04-01 12:49:49,-112.8342,53.4835,29.1,23756.0,-56.3,-88.8,-84.0,1,2,0.01,328,6.1,3.2325075118225506,-5.173093386554197,71119
2026-04-01 12:49:50,-112.8342,53.4834,29.1,23760.0,-56.3,-88.7,-84.0,1,2,0.01,328,6.2,3.2854994382458713,-5.25789819616984,71119
2026-04-01 12:49:51,-112.8341,53.4833,29.0,23764.0,-56.2,-88.7,-84.0,1,2,0.01,327,6.3,3.43122592059467,-5.2836245780561715,71119
2026-04-01 12:49:52,-112.8341,53.4833,29.0,23768.0,-56.2,-88.7,-84.0,1,2,0.01,327,6.4,3.485689824096173,-5.3674916348507145,71119
2026-04-01 12:49:53,-112.834,53.4832,29.0,23771.0,-56.2,-88.7,-84.0,1,2,0.01,327,6.5,3.5401537275976755,-5.4513586916452565,71119
2026-04-01 12:49:54,-112.8339,53.4832,29.0,23774.0,-56.2,-88.7,-84.0,1,2,0.01,327,6.6,3.5946176310991778,-5.535225748439799,71119
2026-04-01 12:49:55,-112.8338,53.4831,29.0,23778.0,-56.2,-88.7,-84.0,1,2,0.01,327,6.7,3.649081534600681,-5.619092805234342,71119
2026-04-01 12:49:56,-112.8337,53.4831,29.0,23782.0,-56.2,-88.7,-84.0,1,2,0.01,327,6.8,3.7035454381021835,-5.702959862028884,71119
2026-04-01 12:49:57,-112.8337,53.483,28.9,23787.0,-56.2,-88.7,-84.0,1,2,0.01,327,6.9,3.758009341603686,-5.786826918823426,71119
2026-04-01 12:49:58,-112.8336,53.483,28.9,23792.0,-56.2,-88.7,-84.0,1,2,0.01,327,7.0,3.812473245105189,-5.870693975617968,71119
2026-04-01 12:49:59,-112.8336,53.4829,28.9,23796.0,-56.2,-88.7,-83.9,1,2,0.01,326,7.1,3.9702696146423007,-5.886166765140797,71119
2026-04-01 12:50:00,-112.8335,53.4828,28.9,23800.0,-56.2,-88.7,-83.9,1,2,0.01,326,7.2,4.026188904989375,-5.969070522396302,71119
2026-04-01 12:50:01,-112.8335,53.4828,28.9,23804.0,-56.2,-88.7,-83.9,1,2,0.01,326,7.3,4.08210819533645,-6.051974279651805,71119
2026-04-01 12:50:02,-112.8334,53.4827,28.8,23808.0,-56.2,-88.7,-83.9,1,2,0.01,326,7.4,4.138027485683525,-6.13487803690731,71119
2026-04-01 12:50:03,-112.8334,53.4827,28.8,23812.0,-56.2,-88.6,-83.9,1,2,0.01,326,7.4,4.138027485683525,-6.13487803690731,71119
2026-04-01 12:50:04,-112.8333,53.4826,28.8,23816.0,-56.2,-88.6,-83.8,1,2,0.01,326,7.5,4.193946776030599,-6.217781794162814,71119
2026-04-01 12:50:05,-112.8333,53.4826,28.8,23821.0,-56.2,-88.6,-83.8,1,2,0.01,326,7.6,4.249866066377674,-6.300685551418318,71119
2026-04-01 12:50:06,-112.8332,53.4825,28.8,23825.0,-56.1,-88.5,-83.8,1,2,0.01,326,7.6,4.249866066377674,-6.300685551418318,71119
2026-04-01 12:50:07,-112.8331,53.4824,28.8,23829.0,-56.1,-88.5,-83.8,1,2,0.01,326,7.7,4.305785356724749,-6.383589308673822,71119
2026-04-01 12:50:08,-112.833,53.4824,28.7,23833.0,-56.2,-88.5,-83.8,1,2,0.01,326,7.8,4.361704647071823,-6.466493065929326,71119
2026-04-01 12:50:09,-112.8329,53.4823,28.7,23838.0,-56.2,-88.5,-83.8,1,2,0.01,326,7.8,4.361704647071823,-6.466493065929326,71119
2026-04-01 12:50:10,-112.8328,53.4823,28.7,23843.0,-56.2,-88.5,-83.7,1,2,0.01,326,7.9,4.417623937418898,-6.549396823184831,71119
2026-04-01 12:50:11,-112.8327,53.4822,28.7,23848.0,-56.2,-88.5,-83.7,1,2,0.01,326,7.9,4.417623937418898,-6.549396823184831,71119
2026-04-01 12:50:12,-112.8327,53.4821,28.6,23852.0,-56.2,-88.5,-83.7,1,2,0.01,326,8.0,4.473543227765973,-6.632300580440335,71119
2026-04-01 12:50:13,-112.8326,53.4821,28.6,23857.0,-56.3,-88.5,-83.7,1,2,0.01,326,8.0,4.473543227765973,-6.632300580440335,71119
2026-04-01 12:50:14,-112.8326,53.482,28.6,23861.0,-56.3,-88.5,-83.7,1,2,0.01,326,8.1,4.529462518113047,-6.715204337695838,71119
2026-04-01 12:50:15,-112.8325,53.482,28.6,23866.0,-56.3,-88.5,-83.7,1,2,0.01,326,8.1,4.529462518113047,-6.715204337695838,71119
2026-04-01 12:50:16,-112.8325,53.4819,28.6,23870.0,-56.3,-88.4,-83.7,1,2,0.01,326,8.2,4.585381808460122,-6.798108094951343,71119
2026-04-01 12:50:17,-112.8324,53.4818,28.5,23875.0,-56.3,-88.4,-83.7,1,2,0.01,326,8.2,4.585381808460122,-6.798108094951343,71119
2026-04-01 12:50:18,-112.8324,53.4818,28.5,23880.0,-56.3,-88.4,-83.7,1,2,0.01,326,8.3,4.6413010988071965,-6.881011852206848,71119
2026-04-01 12:50:19,-112.8323,53.4817,28.5,23885.0,-56.3,-88.4,-83.6,1,2,0.01,326,8.3,4.6413010988071965,-6.881011852206848,71119
2026-04-01 12:50:20,-112.8322,53.4817,28.5,23890.0,-56.4,-88.4,-83.6,1,2,0.01,326,8.3,4.6413010988071965,-6.881011852206848,71119
2026-04-01 12:50:21,-112.8322,53.4816,28.4,23895.0,-56.4,-88.4,-83.6,1,2,0.01,326,8.4,4.697220389154271,-6.963915609462352,71119
2026-04-01 12:50:22,-112.8321,53.4816,28.4,23900.0,-56.4,-88.4,-83.6,1,2,0.01,326,8.4,4.697220389154271,-6.963915609462352,71119
2026-04-01 12:50:23,-112.832,53.4815,28.4,23904.0,-56.4,-88.4,-83.6,1,2,0.01,326,8.5,4.753139679501346,-7.046819366717855,71119
2026-04-01 12:50:24,-112.8319,53.4814,28.4,23908.0,-56.4,-88.4,-83.6,1,2,0.01,326,8.5,4.753139679501346,-7.046819366717855,71119
2026-04-01 12:50:25,-112.8318,53.4813,28.4,23912.0,-56.4,-88.4,-83.6,1,2,0.01,326,8.5,4.753139679501346,-7.046819366717855,71119
2026-04-01 12:50:26,-112.8317,53.4813,28.4,23915.0,-56.5,-88.4,-83.7,1,2,0.01,326,8.6,4.8090589698484205,-7.12972312397336,71119
2026-04-01 12:50:27,-112.8317,53.4812,28.3,23920.0,-56.5,-88.4,-83.7,1,2,0.01,326,8.6,4.8090589698484205,-7.12972312397336,71119
2026-04-01 12:50:28,-112.8316,53.4811,28.3,23924.0,-56.5,-88.4,-83.7,1,2,0.01,326,8.6,4.8090589698484205,-7.12972312397336,71119
2026-04-01 12:50:29,-112.8316,53.4811,28.3,23929.0,-56.5,-88.5,-83.7,1,2,0.01,326,8.6,4.8090589698484205,-7.12972312397336,71119
2026-04-01 12:50:30,-112.8315,53.481,28.3,23933.0,-56.6,-88.5,-83.7,1,2,0.01,326,8.6,4.8090589698484205,-7.12972312397336,71119
2026-04-01 12:50:31,-112.8315,53.481,28.3,23938.0,-56.6,-88.5,-83.8,1,2,0.01,326,8.7,4.864978260195495,-7.212626881228863,71119
2026-04-01 12:50:32,-112.8314,53.4809,28.2,23943.0,-56.6,-88.5,-83.8,1,2,0.01,326,8.7,4.864978260195495,-7.212626881228863,71119
2026-04-01 12:50:33,-112.8313,53.4808,28.2,23947.0,-56.6,-88.6,-83.8,1,2,0.01,326,8.7,4.864978260195495,-7.212626881228863,71119
2026-04-01 12:50:34,-112.8312,53.4807,28.2,23952.0,-56.7,-88.6,-83.8,1,2,0.01,326,8.7,4.864978260195495,-7.212626881228863,71119
2026-04-01 12:50:35,-112.8311,53.4807,28.2,23956.0,-56.6,-88.6,-83.8,1,2,0.01,326,8.7,4.864978260195495,-7.212626881228863,71119
2026-04-01 12:50:36,-112.831,53.4806,28.2,23961.0,-56.6,-88.6,-83.8,1,2,0.01,326,8.7,4.864978260195495,-7.212626881228863,71119
2026-04-01 12:50:37,-112.8309,53.4805,28.1,23966.0,-56.6,-88.6,-83.8,1,2,0.01,327,8.7,4.738359604630734,-7.296433941125189,71119
2026-04-01 12:50:38,-112.8308,53.4805,28.1,23971.0,-56.5,-88.6,-83.8,1,2,0.01,327,8.7,4.738359604630734,-7.296433941125189,71119
2026-04-01 12:50:39,-112.8307,53.4804,28.1,23975.0,-56.5,-88.5,-83.8,1,2,0.01,327,8.7,4.738359604630734,-7.296433941125189,71119
2026-04-01 12:50:40,-112.8307,53.4804,28.1,23980.0,-56.4,-88.5,-83.8,1,2,0.01,327,8.7,4.738359604630734,-7.296433941125189,71119
2026-04-01 12:50:41,-112.8306,53.4804,28.1,23984.0,-56.4,-88.5,-83.8,1,2,0.01,327,8.7,4.738359604630734,-7.296433941125189,71119
2026-04-01 12:50:42,-112.8306,53.4803,28.0,23988.0,-56.4,-88.5,-83.7,1,2,0.01,327,8.6,4.683895701129232,-7.212566884330647,71119
2026-04-01 12:50:43,-112.8305,53.4802,28.0,23993.0,-56.3,-88.5,-83.7,1,2,0.01,328,8.6,4.557305672405563,-7.293213626945262,71119
2026-04-01 12:50:44,-112.8304,53.4801,28.0,23999.0,-56.3,-88.5,-83.7,1,2,0.01,328,8.6,4.557305672405563,-7.293213626945262,71119
2026-04-01 12:50:45,-112.8304,53.4801,28.0,24004.0,-56.3,-88.5,-83.7,1,2,0.01,328,8.6,4.557305672405563,-7.293213626945262,71119
2026-04-01 12:50:46,-112.8303,53.48,27.9,24009.0,-56.2,-88.5,-83.7,1,2,0.01,328,8.6,4.557305672405563,-7.293213626945262,71119
2026-04-01 12:50:47,-112.8302,53.4799,27.9,24014.0,-56.2,-88.5,-83.7,1,2,0.01,329,8.5,4.377823636735463,-7.285922055967953,71119
2026-04-01 12:50:48,-112.8301,53.4798,27.9,24019.0,-56.1,-88.4,-83.7,1,2,0.01,329,8.5,4.377823636735463,-7.285922055967953,71119
2026-04-01 12:50:49,-112.8301,53.4797,27.9,24025.0,-56.1,-88.4,-83.6,1,2,0.01,329,8.5,4.377823636735463,-7.285922055967953,71119
2026-04-01 12:50:50,-112.83,53.4797,27.9,24030.0,-56.1,-88.4,-83.6,1,2,0.01,330,8.5,4.2500000000000036,-7.361215932167726,71119
2026-04-01 12:50:51,-112.83,53.4796,27.8,24036.0,-56.1,-88.4,-83.6,1,2,0.01,330,8.5,4.2500000000000036,-7.361215932167726,71119
2026-04-01 12:50:52,-112.83,53.4796,27.8,24042.0,-56.1,-88.4,-83.6,1,2,0.01,330,8.4,4.200000000000004,-7.274613391789282,71119
2026-04-01 12:50:53,-112.8299,53.4795,27.8,24047.0,-56.1,-88.4,-83.6,1,2,0.01,330,8.4,4.200000000000004,-7.274613391789282,71119
2026-04-01 12:50:54,-112.8299,53.4795,27.8,24053.0,-56.1,-88.4,-83.7,1,2,0.01,331,8.4,4.07240081006923,-7.346805539970926,71119
2026-04-01 12:50:55,-112.8298,53.4794,27.7,24059.0,-56.2,-88.4,-83.7,1,2,0.01,331,8.4,4.07240081006923,-7.346805539970926,71119
2026-04-01 12:50:56,-112.8298,53.4793,27.7,24064.0,-56.2,-88.4,-83.7,1,2,0.01,331,8.4,4.07240081006923,-7.346805539970926,71119
2026-04-01 12:50:57,-112.8297,53.4793,27.7,24069.0,-56.2,-88.4,-83.7,1,2,0.01,331,8.4,4.07240081006923,-7.346805539970926,71119
2026-04-01 12:50:58,-112.8297,53.4792,27.7,24074.0,-56.2,-88.4,-83.7,1,2,0.01,332,8.4,3.943561127401483,-7.416759780014987,71119
2026-04-01 12:50:59,-112.8296,53.4791,27.6,24079.0,-56.3,-88.4,-83.7,1,2,0.01,332,8.4,3.943561127401483,-7.416759780014987,71119
2026-04-01 12:51:00,-112.8296,53.4791,27.6,24084.0,-56.3,-88.4,-83.6,1,2,0.01,332,8.4,3.943561127401483,-7.416759780014987,71119
2026-04-01 12:51:01,-112.8295,53.479,27.6,24088.0,-56.3,-88.4,-83.6,1,2,0.01,332,8.4,3.943561127401483,-7.416759780014987,71119
2026-04-01 12:51:02,-112.8294,53.4789,27.6,24093.0,-56.3,-88.4,-83.6,1,2,0.01,333,8.4,3.8135201978121946,-7.48445480318229,71119
2026-04-01 12:51:03,-112.8293,53.4788,27.6,24097.0,-56.4,-88.4,-83.6,1,2,0.01,333,8.4,3.8135201978121946,-7.48445480318229,71119
2026-04-01 12:51:04,-112.8293,53.4788,27.5,24101.0,-56.4,-88.4,-83.6,1,2,0.01,333,8.3,3.76812114783824,-7.3953541507634535,71119
2026-04-01 12:51:05,-112.8292,53.4787,27.5,24106.0,-56.4,-88.4,-83.6,1,2,0.01,333,8.3,3.76812114783824,-7.3953541507634535,71119
2026-04-01 12:51:06,-112.8291,53.4787,27.5,24111.0,-56.4,-88.4,-83.6,1,2,0.01,333,8.3,3.76812114783824,-7.3953541507634535,71119
2026-04-01 12:51:07,-112.8291,53.4786,27.5,24116.0,-56.4,-88.4,-83.6,1,2,0.01,334,8.3,3.638480518349346,-7.459990584283085,71119
2026-04-01 12:51:08,-112.829,53.4786,27.4,24121.0,-56.4,-88.3,-83.6,1,2,0.01,334,8.3,3.638480518349346,-7.459990584283085,71119
2026-04-01 12:51:09,-112.8289,53.4785,27.4,24126.0,-56.5,-88.3,-83.6,1,2,0.01,334,8.3,3.638480518349346,-7.459990584283085,71119
2026-04-01 12:51:10,-112.8289,53.4784,27.4,24130.0,-56.5,-88.3,-83.6,1,2,0.01,334,8.3,3.638480518349346,-7.459990584283085,71119
2026-04-01 12:51:11,-112.8288,53.4783,27.4,24135.0,-56.5,-88.3,-83.6,1,2,0.01,334,8.3,3.638480518349346,-7.459990584283085,71119
2026-04-01 12:51:12,-112.8288,53.4783,27.4,24139.0,-56.5,-88.3,-83.6,1,2,0.01,335,8.3,3.507731572447804,-7.522354632404196,71119
2026-04-01 12:51:13,-112.8287,53.4782,27.4,24144.0,-56.6,-88.3,-83.6,1,2,0.01,335,8.3,3.507731572447804,-7.522354632404196,71119
2026-04-01 12:51:14,-112.8287,53.4781,27.3,24149.0,-56.6,-88.3,-83.6,1,2,0.01,335,8.3,3.507731572447804,-7.522354632404196,71119
2026-04-01 12:51:15,-112.8287,53.478,27.3,24154.0,-56.6,-88.3,-83.6,1,2,0.01,335,8.3,3.507731572447804,-7.522354632404196,71119
2026-04-01 12:51:16,-112.8286,53.4779,27.3,24159.0,-56.6,-88.3,-83.6,1,2,0.01,335,8.3,3.507731572447804,-7.522354632404196,71119
2026-04-01 12:51:17,-112.8286,53.4779,27.3,24164.0,-56.6,-88.3,-83.6,1,2,0.01,335,8.3,3.507731572447804,-7.522354632404196,71119
2026-04-01 12:51:18,-112.8286,53.4778,27.2,24168.0,-56.7,-88.4,-83.6,1,2,0.01,335,8.3,3.507731572447804,-7.522354632404196,71119
2026-04-01 12:51:19,-112.8285,53.4778,27.2,24173.0,-56.7,-88.4,-83.6,1,2,0.01,336,8.3,3.3759141375291417,-7.582427298433588,71119
2026-04-01 12:51:20,-112.8285,53.4777,27.2,24178.0,-56.7,-88.4,-83.6,1,2,0.01,336,8.3,3.3759141375291417,-7.582427298433588,71119
2026-04-01 12:51:21,-112.8284,53.4776,27.2,24183.0,-56.7,-88.4,-83.6,1,2,0.01,336,8.3,3.3759141375291417,-7.582427298433588,71119
2026-04-01 12:51:22,-112.8283,53.4776,27.2,24188.0,-56.7,-88.4,-83.6,1,2,0.01,336,8.3,3.3759141375291417,-7.582427298433588,71119
2026-04-01 12:51:23,-112.8282,53.4775,27.1,24193.0,-56.8,-88.4,-83.7,1,2,0.01,336,8.3,3.3759141375291417,-7.582427298433588,71119
2026-04-01 12:51:24,-112.8282,53.4774,27.1,24198.0,-56.8,-88.5,-83.7,1,2,0.01,336,8.3,3.3759141375291417,-7.582427298433588,71119
2026-04-01 12:51:25,-112.8281,53.4774,27.1,24204.0,-56.8,-88.5,-83.7,1,2,0.01,336,8.3,3.3759141375291417,-7.582427298433588,71119
2026-04-01 12:51:26,-112.8281,53.4773,27.1,24208.0,-56.9,-88.5,-83.7,1,2,0.01,336,8.3,3.3759141375291417,-7.582427298433588,71119
2026-04-01 12:51:27,-112.8281,53.4772,27.1,24214.0,-56.9,-88.5,-83.8,1,2,0.01,336,8.3,3.3759141375291417,-7.582427298433588,71119
2026-04-01 12:51:28,-112.8281,53.4772,27.0,24219.0,-56.9,-88.5,-83.8,1,2,0.01,336,8.3,3.3759141375291417,-7.582427298433588,71119
2026-04-01 12:51:29,-112.828,53.4771,27.0,24224.0,-56.9,-88.5,-83.8,1,2,0.01,336,8.3,3.3759141375291417,-7.582427298433588,71119
2026-04-01 12:51:30,-112.828,53.477,27.0,24229.0,-56.9,-88.5,-83.8,1,2,0.01,336,8.3,3.3759141375291417,-7.582427298433588,71119
2026-04-01 12:51:31,-112.8279,53.477,27.0,24234.0,-56.9,-88.5,-83.8,1,2,0.01,336,8.3,3.3759141375291417,-7.582427298433588,71119
2026-04-01 12:51:32,-112.8278,53.4769,26.9,24239.0,-56.9,-88.5,-83.8,1,2,0.01,336,8.3,3.3759141375291417,-7.582427298433588,71119
2026-04-01 12:51:33,-112.8278,53.4769,26.9,24243.0,-56.9,-88.6,-83.8,1,2,0.01,336,8.3,3.3759141375291417,-7.582427298433588,71119
2026-04-01 12:51:34,-112.8277,53.4768,26.9,24247.0,-56.9,-88.6,-83.8,1,2,0.01,336,8.3,3.3759141375291417,-7.582427298433588,71119
2026-04-01 12:51:35,-112.8276,53.4767,26.9,24252.0,-56.9,-88.6,-83.8,1,2,0.01,336,8.3,3.3759141375291417,-7.582427298433588,71119
2026-04-01 12:51:36,-112.8276,53.4767,26.9,24256.0,-56.9,-88.6,-83.8,1,2,0.01,336,8.3,3.3759141375291417,-7.582427298433588,71119
2026-04-01 12:51:37,-112.8275,53.4766,26.9,24260.0,-56.9,-88.6,-83.8,1,2,0.01,336,8.3,3.3759141375291417,-7.582427298433588,71119
2026-04-01 12:51:38,-112.8275,53.4765,26.8,24265.0,-56.9,-88.6,-83.8,1,2,0.01,337,8.3,3.2430683664609736,-7.640190283655254,71119
2026-04-01 12:51:39,-112.8275,53.4764,26.8,24270.0,-56.9,-88.6,-83.8,1,2,0.01,337,8.3,3.2430683664609736,-7.640190283655254,71119
2026-04-01 12:51:40,-112.8274,53.4763,26.8,24274.0,-56.9,-88.6,-83.8,1,2,0.01,337,8.4,3.282141479309901,-7.732240769000499,71119
2026-04-01 12:51:41,-112.8273,53.4762,26.8,24279.0,-56.9,-88.5,-83.8,1,2,0.01,337,8.4,3.282141479309901,-7.732240769000499,71119
2026-04-01 12:51:42,-112.8273,53.4762,26.8,24284.0,-56.8,-88.5,-83.7,1,2,0.01,337,8.4,3.282141479309901,-7.732240769000499,71119
2026-04-01 12:51:43,-112.8272,53.4761,26.7,24289.0,-56.8,-88.5,-83.7,1,2,0.01,337,8.4,3.282141479309901,-7.732240769000499,71119
2026-04-01 12:51:44,-112.8272,53.4761,26.7,24294.0,-56.8,-88.5,-83.7,1,2,0.01,337,8.4,3.282141479309901,-7.732240769000499,71119
2026-04-01 12:51:45,-112.8272,53.476,26.7,24299.0,-56.8,-88.4,-83.7,1,2,0.01,338,8.4,3.146695384693664,-7.788344378361014,71119
2026-04-01 12:51:46,-112.8271,53.476,26.7,24304.0,-56.8,-88.4,-83.7,1,2,0.01,338,8.4,3.146695384693664,-7.788344378361014,71119
2026-04-01 12:51:47,-112.8271,53.4759,26.6,24309.0,-56.8,-88.4,-83.6,1,2,0.01,338,8.5,3.1841560440352548,-7.881062763817692,71119
2026-04-01 12:51:48,-112.8271,53.4758,26.6,24313.0,-56.8,-88.4,-83.6,1,2,0.01,338,8.5,3.1841560440352548,-7.881062763817692,71119
2026-04-01 12:51:49,-112.827,53.4757,26.6,24318.0,-56.8,-88.4,-83.6,1,2,0.01,338,8.5,3.1841560440352548,-7.881062763817692,71119
2026-04-01 12:51:50,-112.827,53.4757,26.6,24322.0,-56.8,-88.4,-83.6,1,2,0.01,339,8.5,3.0461275711350564,-7.935433625226213,71119
2026-04-01 12:51:51,-112.8269,53.4756,26.6,24327.0,-56.8,-88.4,-83.6,1,2,0.01,339,8.5,3.0461275711350564,-7.935433625226213,71119
2026-04-01 12:51:52,-112.8268,53.4755,26.6,24331.0,-56.9,-88.4,-83.7,1,2,0.01,339,8.5,3.0461275711350564,-7.935433625226213,71119
2026-04-01 12:51:53,-112.8267,53.4754,26.5,24335.0,-56.9,-88.4,-83.7,1,2,0.01,339,8.5,3.0461275711350564,-7.935433625226213,71119
2026-04-01 12:51:54,-112.8266,53.4754,26.5,24339.0,-56.9,-88.4,-83.7,1,2,0.01,339,8.5,3.0461275711350564,-7.935433625226213,71119
2026-04-01 12:51:55,-112.8266,53.4753,26.5,24344.0,-56.9,-88.4,-83.7,1,2,0.01,339,8.6,3.0819643660895863,-8.028791667875932,71119
2026-04-01 12:51:56,-112.8266,53.4752,26.5,24348.0,-57.0,-88.4,-83.7,1,2,0.01,339,8.6,3.0819643660895863,-8.028791667875932,71119
2026-04-01 12:51:57,-112.8266,53.4752,26.5,24353.0,-57.0,-88.4,-83.7,1,2,0.01,339,8.6,3.0819643660895863,-8.028791667875932,71119
2026-04-01 12:51:58,-112.8266,53.4751,26.4,24357.0,-57.0,-88.4,-83.7,1,2,0.01,339,8.6,3.0819643660895863,-8.028791667875932,71119
2026-04-01 12:51:59,-112.8266,53.475,26.4,24362.0,-57.1,-88.5,-83.7,1,2,0.01,339,8.6,3.0819643660895863,-8.028791667875932,71119
2026-04-01 12:52:00,-112.8266,53.4749,26.4,24366.0,-57.1,-88.5,-83.7,1,2,0.01,339,8.6,3.0819643660895863,-8.028791667875932,71119
2026-04-01 12:52:01,-112.8265,53.4748,26.4,24372.0,-57.1,-88.5,-83.7,1,2,0.01,339,8.6,3.0819643660895863,-8.028791667875932,71119
2026-04-01 12:52:02,-112.8264,53.4748,26.4,24377.0,-57.2,-88.5,-83.7,1,2,0.01,339,8.6,3.0819643660895863,-8.028791667875932,71119
2026-04-01 12:52:03,-112.8264,53.4747,26.4,24381.0,-57.2,-88.5,-83.7,1,2,0.01,339,8.5,3.0461275711350564,-7.935433625226213,71119
2026-04-01 12:52:04,-112.8263,53.4746,26.3,24386.0,-57.2,-88.5,-83.8,1,2,0.01,339,8.5,3.0461275711350564,-7.935433625226213,71119
2026-04-01 12:52:05,-112.8262,53.4745,26.3,24390.0,-57.3,-88.5,-83.8,1,2,0.01,339,8.5,3.0461275711350564,-7.935433625226213,71119
2026-04-01 12:52:06,-112.8262,53.4745,26.3,24394.0,-57.3,-88.6,-83.8,1,2,0.01,339,8.5,3.0461275711350564,-7.935433625226213,71119
2026-04-01 12:52:07,-112.8261,53.4744,26.3,24399.0,-57.3,-88.6,-83.8,1,2,0.01,339,8.5,3.0461275711350564,-7.935433625226213,71119
2026-04-01 12:52:08,-112.8261,53.4743,26.2,24404.0,-57.3,-88.6,-83.8,1,2,0.01,339,8.4,3.0102907761805264,-7.842075582576493,71119
2026-04-01 12:52:09,-112.8261,53.4742,26.2,24410.0,-57.3,-88.6,-83.8,1,2,0.01,339,8.4,3.0102907761805264,-7.842075582576493,71119
2026-04-01 12:52:10,-112.8261,53.4742,26.2,24415.0,-57.4,-88.6,-83.8,1,2,0.01,339,8.4,3.0102907761805264,-7.842075582576493,71119
2026-04-01 12:52:11,-112.826,53.4741,26.2,24420.0,-57.4,-88.6,-83.8,1,2,0.01,339,8.3,2.9744539812259965,-7.748717539926774,71119
2026-04-01 12:52:12,-112.826,53.4741,26.2,24426.0,-57.4,-88.6,-83.9,1,2,0.01,339,8.3,2.9744539812259965,-7.748717539926774,71119
2026-04-01 12:52:13,-112.8259,53.474,26.1,24431.0,-57.4,-88.6,-83.9,1,2,0.01,339,8.3,2.9744539812259965,-7.748717539926774,71119
2026-04-01 12:52:14,-112.8259,53.4739,26.1,24436.0,-57.5,-88.6,-83.9,1,2,0.01,339,8.2,2.938617186271466,-7.655359497277052,71119
2026-04-01 12:52:15,-112.8258,53.4739,26.1,24441.0,-57.5,-88.7,-83.9,1,2,0.01,339,8.2,2.938617186271466,-7.655359497277052,71119
2026-04-01 12:52:16,-112.8257,53.4738,26.1,24446.0,-57.5,-88.7,-83.9,1,2,0.01,339,8.1,2.902780391316936,-7.562001454627332,71119
2026-04-01 12:52:17,-112.8257,53.4737,26.1,24451.0,-57.5,-88.7,-83.9,1,2,0.01,339,8.1,2.902780391316936,-7.562001454627332,71119
2026-04-01 12:52:18,-112.8256,53.4736,26.0,24455.0,-57.5,-88.7,-83.9,1,2,0.01,339,8.0,2.866943596362406,-7.468643411977612,71119
2026-04-01 12:52:19,-112.8256,53.4736,26.0,24460.0,-57.5,-88.7,-83.9,1,2,0.01,339,7.9,2.831106801407876,-7.375285369327893,71119
2026-04-01 12:52:20,-112.8255,53.4735,26.0,24465.0,-57.5,-88.7,-83.9,1,2,0.01,339,7.9,2.831106801407876,-7.375285369327893,71119
2026-04-01 12:52:21,-112.8254,53.4734,26.0,24470.0,-57.5,-88.7,-83.9,1,2,0.01,339,7.8,2.795270006453346,-7.281927326678172,71119
2026-04-01 12:52:22,-112.8254,53.4734,26.0,24475.0,-57.5,-88.7,-83.9,1,2,0.01,339,7.7,2.759433211498816,-7.188569284028452,71119
2026-04-01 12:52:23,-112.8253,53.4733,25.9,24480.0,-57.5,-88.7,-83.9,1,2,0.01,340,7.6,2.5993530892750814,-7.141663917972903,71119
2026-04-01 12:52:24,-112.8253,53.4733,25.9,24484.0,-57.6,-88.7,-83.9,1,2,0.01,340,7.6,2.5993530892750814,-7.141663917972903,71119
2026-04-01 12:52:25,-112.8253,53.4732,25.9,24489.0,-57.6,-88.7,-84.0,1,2,0.01,340,7.5,2.5651510749425146,-7.047694655894313,71119
2026-04-01 12:52:26,-112.8253,53.4732,25.9,24493.0,-57.7,-88.8,-84.0,1,2,0.01,341,7.4,2.4092043429829597,-6.996837459434945,71119
2026-04-01 12:52:27,-112.8253,53.4731,25.9,24497.0,-57.7,-88.8,-84.0,1,2,0.01,341,7.3,2.376647527537244,-6.902285601875013,71119
2026-04-01 12:52:28,-112.8253,53.473,25.9,24501.0,-57.7,-88.8,-84.1,1,2,0.01,341,7.3,2.376647527537244,-6.902285601875013,71119
2026-04-01 12:52:29,-112.8252,53.4729,25.8,24505.0,-57.7,-88.8,-84.1,1,2,0.01,342,7.2,2.2249223594996232,-6.8476069173251055,71119
2026-04-01 12:52:30,-112.8252,53.4728,25.8,24510.0,-57.7,-88.9,-84.1,1,2,0.01,342,7.1,2.1940206600621286,-6.75250126569559,71119
2026-04-01 12:52:31,-112.8252,53.4727,25.8,24515.0,-57.7,-88.9,-84.1,1,2,0.01,343,7.0,2.04660193305916,-6.694133291741247,71119
2026-04-01 12:52:32,-112.8251,53.4727,25.8,24520.0,-57.7,-88.9,-84.1,1,2,0.01,343,6.9,2.0173647625868867,-6.598502816144944,71119
2026-04-01 12:52:33,-112.8251,53.4726,25.8,24526.0,-57.7,-88.9,-84.1,1,2,0.01,344,6.8,1.8743340195555926,-6.536579532380569,71119
2026-04-01 12:52:34,-112.825,53.4726,25.7,24530.0,-57.7,-88.9,-84.1,1,2,0.01,344,6.8,1.8743340195555926,-6.536579532380569,71119
2026-04-01 12:52:35,-112.825,53.4726,25.7,24534.0,-57.7,-88.9,-84.1,1,2,0.01,345,6.7,1.7340876021868887,-6.471703036136758,71119
2026-04-01 12:52:36,-112.825,53.4725,25.7,24539.0,-57.6,-88.9,-84.1,1,2,0.01,345,6.6,1.7082056976766364,-6.37511045350785,71119
2026-04-01 12:52:37,-112.825,53.4725,25.7,24543.0,-57.6,-88.9,-84.1,1,2,0.01,346,6.5,1.5724923213978412,-6.306922220793977,71119
2026-04-01 12:52:38,-112.825,53.4724,25.7,24548.0,-57.6,-88.9,-84.1,1,2,0.01,347,6.4,1.4396867478007382,-6.235968414625505,71119
2026-04-01 12:52:39,-112.825,53.4724,25.6,24552.0,-57.6,-88.9,-84.1,1,2,0.01,347,6.4,1.4396867478007382,-6.235968414625505,71119
2026-04-01 12:52:40,-112.8249,53.4723,25.6,24557.0,-57.6,-88.9,-84.2,1,2,0.01,348,6.3,1.3098436521518872,-6.162329884622975,71119
2026-04-01 12:52:41,-112.8249,53.4722,25.6,24561.0,-57.6,-89.0,-84.2,1,2,0.01,348,6.2,1.2890524830701113,-6.064515124549595,71119
2026-04-01 12:52:42,-112.8249,53.4721,25.6,24566.0,-57.7,-89.0,-84.2,1,2,0.01,349,6.2,1.183015771334577,-6.086088537375517,71119
2026-04-01 12:52:43,-112.8249,53.4721,25.6,24570.0,-57.7,-89.0,-84.2,1,2,0.01,350,6.1,1.0592538837682752,-6.007327293374469,71119
2026-04-01 12:52:44,-112.8248,53.472,25.6,24574.0,-57.7,-89.0,-84.3,1,2,0.01,350,6.1,1.0592538837682752,-6.007327293374469,71119
2026-04-01 12:52:45,-112.8248,53.4719,25.5,24577.0,-57.7,-89.1,-84.3,1,2,0.01,351,6.0,0.9386067902413867,-5.926130043570826,71119
2026-04-01 12:52:46,-112.8248,53.4719,25.5,24580.0,-57.7,-89.1,-84.3,1,2,0.01,352,6.0,0.8350386057603953,-5.941608412449422,71119
2026-04-01 12:52:47,-112.8248,53.4719,25.5,24584.0,-57.7,-89.1,-84.4,1,2,0.01,352,5.9,0.8211212956643887,-5.842581605575265,71119
2026-04-01 12:52:48,-112.8248,53.4718,25.5,24588.0,-57.7,-89.2,-84.4,1,2,0.01,353,5.9,0.7190291260903687,-5.8560222946838,71119
2026-04-01 12:52:49,-112.8248,53.4718,25.5,24592.0,-57.7,-89.2,-84.4,1,2,0.01,354,5.9,0.6167179332791551,-5.867679182672813,71119
2026-04-01 12:52:50,-112.8248,53.4718,25.5,24597.0,-57.7,-89.2,-84.4,1,2,0.01,355,5.8,0.5055033079364182,-5.777929248932124,71119
2026-04-01 12:52:51,-112.8248,53.4717,25.4,24602.0,-57.7,-89.2,-84.4,1,2,0.01,355,5.8,0.5055033079364182,-5.777929248932124,71119
2026-04-01 12:52:52,-112.8248,53.4717,25.4,24607.0,-57.6,-89.2,-84.4,1,2,0.01,356,5.8,0.4045875477159287,-5.78587149150698,71119
2026-04-01 12:52:53,-112.8248,53.4716,25.4,24612.0,-57.6,-89.2,-84.4,1,2,0.01,357,5.8,0.30354854620907734,-5.792051301576528,71119
2026-04-01 12:52:54,-112.8248,53.4716,25.4,24617.0,-57.5,-89.1,-84.4,1,2,0.01,357,5.7,0.2983149505847829,-5.692188348101071,71119
2026-04-01 12:52:55,-112.8248,53.4715,25.4,24622.0,-57.4,-89.1,-84.4,1,2,0.01,358,5.7,0.1989271312042547,-5.696527714008846,71119
2026-04-01 12:52:56,-112.8248,53.4714,25.3,24627.0,-57.4,-89.1,-84.4,1,2,0.01,359,5.7,0.0994787166925163,-5.699131862391431,71119
2026-04-01 12:52:57,-112.8248,53.4714,25.3,24632.0,-57.3,-89.1,-84.4,1,2,0.01,359,5.7,0.0994787166925163,-5.699131862391431,71119
2026-04-01 12:52:58,-112.8248,53.4713,25.3,24636.0,-57.3,-89.1,-84.4,1,2,0.01,360,5.7,1.3960973510279826e-15,-5.7,71119
2026-04-01 12:52:59,-112.8248,53.4713,25.3,24640.0,-57.3,-89.1,-84.4,1,2,0.01,360,5.7,1.3960973510279826e-15,-5.7,71119
2026-04-01 12:53:00,-112.8248,53.4712,25.3,24645.0,-57.3,-89.1,-84.4,1,2,0.01,1,5.7,-0.09947871669251603,-5.699131862391431,71119
2026-04-01 12:53:01,-112.8248,53.4712,25.2,24649.0,-57.2,-89.2,-84.4,1,2,0.01,2,5.6,-0.1954371815340054,-5.596588631306936,71119
2026-04-01 12:53:02,-112.8248,53.4712,25.2,24654.0,-57.2,-89.2,-84.4,1,2,0.01,2,5.6,-0.1954371815340054,-5.596588631306936,71119
2026-04-01 12:53:03,-112.8248,53.4711,25.2,24658.0,-57.2,-89.2,-84.4,1,2,0.01,3,5.6,-0.29308135496048543,-5.592325394625613,71119
2026-04-01 12:53:04,-112.8248,53.4711,25.2,24663.0,-57.2,-89.2,-84.4,1,2,0.01,3,5.5,-0.2878477593361911,-5.492462441150156,71119
2026-04-01 12:53:05,-112.8249,53.471,25.2,24668.0,-57.1,-89.2,-84.4,1,2,0.01,4,5.5,-0.38366060559268916,-5.486602276429033,71119
2026-04-01 12:53:06,-112.8249,53.471,25.2,24672.0,-57.0,-89.1,-84.4,1,2,0.01,4,5.4,-0.37668495821827663,-5.386845871403051,71119
2026-04-01 12:53:07,-112.8249,53.4709,25.1,24676.0,-57.0,-89.1,-84.4,1,2,0.01,5,5.4,-0.4706410108373541,-5.379451369695427,71119
2026-04-01 12:53:08,-112.825,53.4708,25.1,24680.0,-56.9,-89.1,-84.3,1,2,0.01,6,5.3,-0.5540008553185634,-5.270966045451848,71119
2026-04-01 12:53:09,-112.825,53.4707,25.1,24683.0,-56.9,-89.1,-84.3,1,2,0.01,6,5.2,-0.5435480089917981,-5.1715138559150216,71119
2026-04-01 12:53:10,-112.825,53.4707,25.1,24687.0,-56.8,-89.1,-84.3,1,2,0.01,7,5.1,-0.621533651366252,-5.061985373370741,71119
2026-04-01 12:53:11,-112.8249,53.4706,25.1,24692.0,-56.8,-89.1,-84.3,1,2,0.01,8,5.0,-0.6958655048003272,-4.951340343707852,71119
2026-04-01 12:53:12,-112.8249,53.4706,25.1,24696.0,-56.8,-89.1,-84.4,1,2,0.01,8,4.9,-0.6819481947043207,-4.852313536833695,71119
2026-04-01 12:53:13,-112.8249,53.4705,25.1,24700.0,-56.8,-89.1,-84.4,1,2,0.01,9,4.8,-0.7508854321931081,-4.740904034856661,71119
2026-04-01 12:53:14,-112.8249,53.4705,25.0,24704.0,-56.7,-89.1,-84.3,1,2,0.01,10,4.7,-0.8161464350345726,-4.628596439157378,71119
2026-04-01 12:53:15,-112.8249,53.4705,25.0,24707.0,-56.7,-89.1,-84.3,1,2,0.01,11,4.5,-0.8586404791944516,-4.417322325514488,71119
2026-04-01 12:53:16,-112.8249,53.4704,25.0,24710.0,-56.6,-89.1,-84.3,1,2,0.01,12,4.4,-0.9148114395981412,-4.303849443228746,71119
2026-04-01 12:53:17,-112.825,53.4704,25.0,24715.0,-56.6,-89.1,-84.3,1,2,0.01,13,4.2,-0.9447944282442331,-4.092354272097988,71119
2026-04-01 12:53:18,-112.825,53.4704,25.0,24720.0,-56.6,-89.1,-84.3,1,2,0.01,14,4.1,-0.9918797719586376,-3.978212477731585,71119
2026-04-01 12:53:19,-112.8251,53.4703,24.9,24725.0,-56.5,-89.1,-84.3,1,2,0.01,15,3.9,-1.0093942758998309,-3.767110722527366,71119
2026-04-01 12:53:20,-112.8251,53.4703,24.9,24730.0,-56.5,-89.0,-84.3,1,2,0.01,17,3.7,-1.081775307474126,-3.538327597063231,71119
2026-04-01 12:53:21,-112.8251,53.4702,24.9,24734.0,-56.4,-89.0,-84.2,1,2,0.01,18,3.6,-1.1124611797498107,-3.4238034586625528,71119
2026-04-01 12:53:22,-112.8251,53.4702,24.9,24738.0,-56.4,-89.0,-84.2,1,2,0.01,20,3.4,-1.1628684873072737,-3.1949549106720885,71119
2026-04-01 12:53:23,-112.8251,53.4702,24.9,24742.0,-56.4,-89.0,-84.2,1,2,0.01,22,3.2,-1.1987410989309184,-2.96698833461372,71119
2026-04-01 12:53:24,-112.8251,53.4702,24.9,24747.0,-56.3,-88.9,-84.2,1,2,0.01,24,3.1,-1.2608835935349807,-2.8319909186920627,71119
2026-04-01 12:53:25,-112.8251,53.4701,24.9,24752.0,-56.3,-88.9,-84.2,1,2,0.01,26,2.9,-1.2712763256883246,-2.6065027342675844,71119
2026-04-01 12:53:26,-112.8251,53.4701,24.8,24756.0,-56.3,-88.9,-84.2,1,2,0.01,28,2.7,-1.2675732195219052,-2.383958500719103,71119
2026-04-01 12:53:27,-112.8251,53.4701,24.8,24761.0,-56.3,-88.9,-84.2,1,2,0.01,31,2.6,-1.339098994766141,-2.228634981825492,71119
2026-04-01 12:53:28,-112.8252,53.4701,24.8,24765.0,-56.3,-89.0,-84.2,1,2,0.01,33,2.5,-1.3615975875375677,-2.0966764198635603,71119
2026-04-01 12:53:29,-112.8252,53.4701,24.8,24768.0,-56.3,-89.0,-84.2,1,2,0.01,36,2.3,-1.351906080272688,-1.860739087062379,71119
2026-04-01 12:53:30,-112.8253,53.4701,24.8,24772.0,-56.4,-88.9,-84.2,1,2,0.01,38,2.2,-1.3544552457164483,-1.7336236579347883,71119
2026-04-01 12:53:31,-112.8253,53.4701,24.8,24777.0,-56.3,-88.9,-84.2,1,2,0.01,41,2.1,-1.3777239608800653,-1.5848901184678212,71119
2026-04-01 12:53:32,-112.8253,53.4702,24.7,24781.0,-56.3,-88.9,-84.2,1,2,0.01,43,2.0,-1.363996720124997,-1.462707403238341,71119
2026-04-01 12:53:33,-112.8253,53.4702,24.7,24786.0,-56.3,-88.9,-84.1,1,2,0.01,46,1.9,-1.366745620643437,-1.3198509038720947,71119
2026-04-01 12:53:34,-112.8254,53.4701,24.7,24791.0,-56.2,-88.8,-84.1,1,2,0.01,48,1.8,-1.3376606858593096,-1.204435091445945,71119
2026-04-01 12:53:35,-112.8254,53.4701,24.7,24796.0,-56.2,-88.8,-84.0,1,2,0.01,50,1.7,-1.3022755533022625,-1.092738936467117,71119
2026-04-01 12:53:36,-112.8254,53.4701,24.7,24800.0,-56.1,-88.7,-84.0,1,2,0.01,52,1.6,-1.2608172057707554,-0.9850583605210533,71119
2026-04-01 12:53:37,-112.8255,53.4701,24.6,24805.0,-56.1,-88.7,-83.9,1,2,0.01,54,1.5,-1.2135254915624212,-0.8816778784387097,71119
2026-04-01 12:53:38,-112.8255,53.4701,24.6,24810.0,-56.1,-88.7,-83.9,1,2,0.01,56,1.4,-1.1606526015770584,-0.7828700648590454,71119
2026-04-01 12:53:39,-112.8255,53.4701,24.6,24814.0,-56.1,-88.6,-83.9,1,2,0.01,57,1.4,-1.1741387951235935,-0.7624946490210379,71119
2026-04-01 12:53:40,-112.8255,53.4701,24.6,24819.0,-56.1,-88.6,-83.9,1,2,0.01,58,1.3,-1.1024625250033537,-0.6888950435031664,71119
2026-04-01 12:53:41,-112.8255,53.4701,24.6,24824.0,-56.1,-88.6,-83.9,1,2,0.01,58,1.2,-1.017657715387711,-0.6359031170798458,71119
2026-04-01 12:53:42,-112.8255,53.4701,24.6,24829.0,-56.1,-88.6,-83.9,1,2,0.01,58,1.1,-0.9328529057720686,-0.5829111906565254,71119
2026-04-01 12:53:43,-112.8255,53.4701,24.5,24833.0,-56.1,-88.6,-83.9,1,2,0.01,58,1.0,-0.848048096156426,-0.5299192642332049,71119
2026-04-01 12:53:44,-112.8255,53.4701,24.5,24837.0,-56.1,-88.6,-83.8,1,2,0.01,57,1.0,-0.838670567945424,-0.5446390350150271,71119
2026-04-01 12:53:45,-112.8256,53.4701,24.5,24841.0,-56.1,-88.6,-83.8,1,2,0.01,55,0.9,-0.7372368398600926,-0.5162187927159415,71119
2026-04-01 12:53:46,-112.8256,53.4701,24.5,24846.0,-56.1,-88.6,-83.8,1,2,0.01,53,0.8,-0.6389084080378343,-0.48145201852163866,71119
2026-04-01 12:53:47,-112.8256,53.47,24.5,24850.0,-56.2,-88.5,-83.8,1,2,0.01,50,0.8,-0.6128355544951825,-0.5142300877492315,71119
2026-04-01 12:53:48,-112.8256,53.47,24.4,24854.0,-56.2,-88.5,-83.8,1,2,0.01,47,0.7,-0.5119475911334193,-0.4773988520437489,71119
2026-04-01 12:53:49,-112.8257,53.47,24.4,24858.0,-56.2,-88.5,-83.8,1,2,0.01,43,0.7,-0.4773988520437489,-0.5119475911334193,71119
2026-04-01 12:53:50,-112.8257,53.47,24.4,24863.0,-56.2,-88.5,-83.8,1,2,0.01,38,0.7,-0.43096303272796077,-0.5516075275247053,71119
2026-04-01 12:53:51,-112.8257,53.47,24.4,24867.0,-56.2,-88.5,-83.8,1,2,0.01,33,0.6,-0.32678342100901625,-0.5032023407672545,71119
2026-04-01 12:53:52,-112.8257,53.47,24.4,24872.0,-56.3,-88.5,-83.8,1,2,0.01,28,0.6,-0.28168293767153446,-0.5297685557153562,71119
2026-04-01 12:53:53,-112.8257,53.47,24.4,24877.0,-56.3,-88.5,-83.8,1,2,0.01,23,0.6,-0.23443867709356425,-0.5523029120714642,71119
2026-04-01 12:53:54,-112.8256,53.47,24.3,24882.0,-56.4,-88.5,-83.8,1,2,0.01,19,0.6,-0.19534089267429403,-0.56731114535959,71119
2026-04-01 12:53:55,-112.8256,53.4701,24.3,24887.0,-56.4,-88.6,-83.8,1,2,0.01,15,0.7,-0.18117333157176452,-0.6761480784023478,71119
2026-04-01 12:53:56,-112.8255,53.4701,24.3,24892.0,-56.4,-88.6,-83.8,1,2,0.01,12,0.7,-0.14553818357243153,-0.6847033205136639,71119
2026-04-01 12:53:57,-112.8255,53.4701,24.3,24896.0,-56.5,-88.5,-83.8,1,2,0.01,10,0.7,-0.12155372436685122,-0.6893654271085455,71119
2026-04-01 12:53:58,-112.8255,53.47,24.3,24900.0,-56.5,-88.5,-83.8,1,2,0.01,8,0.8,-0.11133848076805236,-0.7922144549932564,71119
2026-04-01 12:53:59,-112.8255,53.47,24.3,24904.0,-56.5,-88.5,-83.8,1,2,0.01,7,0.8,-0.09749547472411799,-0.7940369213130576,71119
2026-04-01 12:54:00,-112.8255,53.47,24.2,24909.0,-56.4,-88.5,-83.7,1,2,0.01,7,0.8,-0.09749547472411799,-0.7940369213130576,71119
2026-04-01 12:54:01,-112.8255,53.47,24.2,24914.0,-56.4,-88.5,-83.7,1,2,0.01,7,0.9,-0.10968240906463272,-0.8932915364771898,71119
2026-04-01 12:54:02,-112.8255,53.47,24.2,24919.0,-56.4,-88.5,-83.7,1,2,0.01,7,0.9,-0.10968240906463272,-0.8932915364771898,71119
2026-04-01 12:54:03,-112.8255,53.47,24.2,24923.0,-56.5,-88.5,-83.7,1,2,0.01,7,1.0,-0.12186934340514748,-0.992546151641322,71119
2026-04-01 12:54:04,-112.8255,53.47,24.2,24929.0,-56.5,-88.5,-83.7,1,2,0.01,8,1.1,-0.153090411056072,-1.0892948756157275,71119
2026-04-01 12:54:05,-112.8256,53.47,24.1,24934.0,-56.5,-88.5,-83.7,1,2,0.01,9,1.1,-0.17207791154425398,-1.0864571746546516,71119
2026-04-01 12:54:06,-112.8256,53.47,24.1,24939.0,-56.5,-88.5,-83.7,1,2,0.01,10,1.2,-0.2083778132003164,-1.1817693036146495,71119
2026-04-01 12:54:07,-112.8256,53.4699,24.1,24944.0,-56.5,-88.5,-83.7,1,2,0.01,11,1.3,-0.24805169398950824,-1.2761153384819632,71119
2026-04-01 12:54:08,-112.8256,53.4699,24.1,24949.0,-56.5,-88.5,-83.7,1,2,0.01,11,1.3,-0.24805169398950824,-1.2761153384819632,71119
2026-04-01 12:54:09,-112.8256,53.4699,24.1,24954.0,-56.5,-88.5,-83.7,1,2,0.01,12,1.4,-0.29107636714486307,-1.3694066410273278,71119
2026-04-01 12:54:10,-112.8256,53.4699,24.1,24958.0,-56.6,-88.5,-83.7,1,2,0.01,12,1.5,-0.311867536226639,-1.4672214011007085,71119
2026-04-01 12:54:11,-112.8256,53.4699,24.0,24962.0,-56.6,-88.5,-83.7,1,2,0.01,13,1.5,-0.3374265815157975,-1.4615550971778528,71119
2026-04-01 12:54:12,-112.8256,53.4699,24.0,24966.0,-56.6,-88.5,-83.7,1,2,0.01,13,1.6,-0.359921686950184,-1.5589921036563765,71119
2026-04-01 12:54:13,-112.8256,53.4699,24.0,24970.0,-56.6,-88.5,-83.7,1,2,0.01,13,1.7,-0.3824167923845705,-1.6564291101348998,71119
2026-04-01 12:54:14,-112.8256,53.4699,24.0,24974.0,-56.5,-88.5,-83.7,1,2,0.01,14,1.8,-0.4354594120794019,-1.7465323072967938,71119
2026-04-01 12:54:15,-112.8256,53.4699,24.0,24979.0,-56.5,-88.4,-83.7,1,2,0.01,13,1.9,-0.42740700325334346,-1.8513031230919468,71119
2026-04-01 12:54:16,-112.8256,53.4698,24.0,24983.0,-56.5,-88.4,-83.7,1,2,0.01,13,2.0,-0.44990210868773,-1.9487401295704705,71119
2026-04-01 12:54:17,-112.8256,53.4698,23.9,24988.0,-56.4,-88.4,-83.6,1,2,0.01,13,2.1,-0.47239721412211655,-2.046177136048994,71119
2026-04-01 12:54:18,-112.8256,53.4698,23.9,24993.0,-56.4,-88.4,-83.6,1,2,0.01,13,2.1,-0.47239721412211655,-2.046177136048994,71119
2026-04-01 12:54:19,-112.8256,53.4697,23.9,24998.0,-56.4,-88.4,-83.6,1,2,0.01,12,2.2,-0.4574057197990706,-2.151924721614373,71119
2026-04-01 12:54:20,-112.8257,53.4697,23.9,25002.0,-56.4,-88.4,-83.6,1,2,0.01,11,2.3,-0.438860689366053,-2.257742521929627,71119
2026-04-01 12:54:21,-112.8257,53.4697,23.9,25007.0,-56.4,-88.4,-83.6,1,2,0.01,11,2.4,-0.4579415889037075,-2.3559052402743936,71119
2026-04-01 12:54:22,-112.8257,53.4697,23.9,25012.0,-56.4,-88.4,-83.6,1,2,0.01,10,2.5,-0.4341204441673258,-2.46201938253052,71119
2026-04-01 12:54:23,-112.8258,53.4697,23.8,25017.0,-56.4,-88.3,-83.6,1,2,0.01,9,2.6,-0.40672960910460026,-2.5679896855473583,71119
2026-04-01 12:54:24,-112.8258,53.4697,23.8,25023.0,-56.3,-88.3,-83.6,1,2,0.01,9,2.7,-0.42237305560862337,-2.666758519606872,71119
2026-04-01 12:54:25,-112.8258,53.4697,23.8,25028.0,-56.3,-88.3,-83.6,1,2,0.01,8,2.8,-0.3896846826881832,-2.7727505924763967,71119
2026-04-01 12:54:26,-112.8258,53.4696,23.8,25033.0,-56.4,-88.3,-83.6,1,2,0.01,7,2.8,-0.34123416153441294,-2.7791292245957013,71119
2026-04-01 12:54:27,-112.8258,53.4696,23.8,25038.0,-56.4,-88.4,-83.6,1,2,0.01,6,2.9,-0.30313254347619506,-2.8841134965679927,71119
2026-04-01 12:54:28,-112.8258,53.4696,23.7,25042.0,-56.4,-88.4,-83.6,1,2,0.01,6,3.0,-0.3135853898029604,-2.9835656861048196,71119
2026-04-01 12:54:29,-112.8257,53.4695,23.7,25046.0,-56.4,-88.4,-83.6,1,2,0.01,5,3.1,-0.2701828025177403,-3.088203564084411,71119
2026-04-01 12:54:30,-112.8257,53.4695,23.7,25050.0,-56.5,-88.4,-83.6,1,2,0.01,4,3.2,-0.22322071598120097,-3.192204960831438,71119
2026-04-01 12:54:31,-112.8257,53.4695,23.7,25055.0,-56.5,-88.4,-83.7,1,2,0.01,4,3.3,-0.2301963633556135,-3.2919613658574196,71119
2026-04-01 12:54:32,-112.8257,53.4694,23.7,25059.0,-56.5,-88.4,-83.7,1,2,0.01,3,3.4,-0.17794225122600904,-3.395340418165551,71119
2026-04-01 12:54:33,-112.8258,53.4694,23.6,25064.0,-56.5,-88.4,-83.7,1,2,0.01,3,3.5,-0.18317584685030341,-3.4952033716410082,71119
2026-04-01 12:54:34,-112.8258,53.4694,23.6,25069.0,-56.6,-88.4,-83.7,1,2,0.01,2,3.6,-0.1256381881290035,-3.597806977268745,71119
2026-04-01 12:54:35,-112.8258,53.4693,23.6,25074.0,-56.6,-88.5,-83.7,1,2,0.01,2,3.6,-0.1256381881290035,-3.597806977268745,71119
2026-04-01 12:54:36,-112.8258,53.4693,23.6,25078.0,-56.6,-88.5,-83.7,1,2,0.01,2,3.7,-0.12912813779925358,-3.6977460599706546,71119
2026-04-01 12:54:37,-112.8257,53.4693,23.6,25083.0,-56.6,-88.5,-83.7,1,2,0.01,2,3.8,-0.13261808746950368,-3.7976851426725635,71119
2026-04-01 12:54:38,-112.8257,53.4692,23.6,25087.0,-56.6,-88.5,-83.7,1,2,0.01,2,3.9,-0.13610803713975378,-3.8976242253744733,71119
2026-04-01 12:54:39,-112.8257,53.4692,23.6,25091.0,-56.6,-88.5,-83.7,1,2,0.01,1,4.0,-0.06980962574913405,-3.999390780625565,71119
2026-04-01 12:54:40,-112.8257,53.4692,23.5,25095.0,-56.6,-88.5,-83.7,1,2,0.01,2,4.0,-0.13959798681000388,-3.997563308076383,71119
2026-04-01 12:54:41,-112.8257,53.4691,23.5,25100.0,-56.7,-88.5,-83.7,1,2,0.01,2,4.1,-0.14308793648025397,-4.097502390778292,71119
2026-04-01 12:54:42,-112.8257,53.4691,23.5,25104.0,-56.7,-88.5,-83.7,1,2,0.01,2,4.2,-0.14657788615050407,-4.197441473480202,71119
2026-04-01 12:54:43,-112.8258,53.469,23.5,25109.0,-56.7,-88.5,-83.8,1,2,0.01,2,4.2,-0.14657788615050407,-4.197441473480202,71119
2026-04-01 12:54:44,-112.8258,53.4689,23.5,25113.0,-56.7,-88.5,-83.8,1,2,0.01,2,4.3,-0.15006783582075417,-4.2973805561821115,71119
2026-04-01 12:54:45,-112.8258,53.4689,23.4,25118.0,-56.7,-88.5,-83.8,1,2,0.01,3,4.3,-0.2250446118446585,-4.294106999444668,71119
2026-04-01 12:54:46,-112.8258,53.4689,23.4,25123.0,-56.7,-88.5,-83.7,1,2,0.01,3,4.4,-0.2302782074689529,-4.393969952920125,71119
2026-04-01 12:54:47,-112.8258,53.4688,23.4,25128.0,-56.7,-88.5,-83.7,1,2,0.01,4,4.4,-0.30692848447415133,-4.389281821143227,71119
2026-04-01 12:54:48,-112.8258,53.4688,23.4,25133.0,-56.7,-88.5,-83.7,1,2,0.01,4,4.5,-0.31390413184856386,-4.489038226169209,71119
2026-04-01 12:54:49,-112.8257,53.4688,23.4,25137.0,-56.7,-88.5,-83.8,1,2,0.01,4,4.5,-0.31390413184856386,-4.489038226169209,71119
2026-04-01 12:54:50,-112.8257,53.4687,23.4,25142.0,-56.7,-88.5,-83.8,1,2,0.01,5,4.5,-0.39220084236446173,-4.482876141412855,71119
2026-04-01 12:54:51,-112.8257,53.4687,23.4,25146.0,-56.8,-88.6,-83.8,1,2,0.01,5,4.6,-0.40091641663922756,-4.582495611222029,71119
2026-04-01 12:54:52,-112.8257,53.4686,23.3,25151.0,-56.8,-88.6,-83.8,1,2,0.01,6,4.6,-0.48083093103120594,-4.574800718694057,71119
2026-04-01 12:54:53,-112.8257,53.4686,23.3,25156.0,-56.8,-88.6,-83.8,1,2,0.01,6,4.6,-0.48083093103120594,-4.574800718694057,71119
2026-04-01 12:54:54,-112.8257,53.4685,23.3,25160.0,-56.8,-88.6,-83.8,1,2,0.01,7,4.7,-0.5727859140041932,-4.664966912714213,71119
2026-04-01 12:54:55,-112.8258,53.4685,23.3,25165.0,-56.9,-88.6,-83.9,1,2,0.01,7,4.7,-0.5727859140041932,-4.664966912714213,71119
2026-04-01 12:54:56,-112.8258,53.4684,23.3,25169.0,-56.9,-88.6,-83.9,1,2,0.01,8,4.7,-0.6541135745123076,-4.654259923085381,71119
2026-04-01 12:54:57,-112.8259,53.4684,23.2,25174.0,-56.9,-88.6,-83.9,1,2,0.01,8,4.7,-0.6541135745123076,-4.654259923085381,71119
2026-04-01 12:54:58,-112.8259,53.4684,23.2,25179.0,-56.9,-88.6,-83.9,1,2,0.01,9,4.7,-0.7352419856890852,-4.6421352007971475,71119
2026-04-01 12:54:59,-112.826,53.4683,23.2,25184.0,-56.9,-88.6,-83.9,1,2,0.01,9,4.7,-0.7352419856890852,-4.6421352007971475,71119
2026-04-01 12:55:00,-112.826,53.4683,23.2,25188.0,-56.9,-88.6,-83.9,1,2,0.01,10,4.7,-0.8161464350345726,-4.628596439157378,71119
2026-04-01 12:55:01,-112.826,53.4683,23.2,25193.0,-56.9,-88.6,-83.9,1,2,0.01,10,4.8,-0.8335112528012656,-4.727077214458598,71119
2026-04-01 12:55:02,-112.826,53.4682,23.2,25198.0,-56.9,-88.6,-83.8,1,2,0.01,11,4.8,-0.915883177807415,-4.711810480548787,71119
2026-04-01 12:55:03,-112.826,53.4682,23.1,25203.0,-56.9,-88.6,-83.8,1,2,0.01,11,4.8,-0.915883177807415,-4.711810480548787,71119
2026-04-01 12:55:04,-112.826,53.4681,23.1,25208.0,-56.9,-88.6,-83.8,1,2,0.01,12,4.8,-0.9979761159252448,-4.695108483522267,71119
2026-04-01 12:55:05,-112.826,53.468,23.1,25212.0,-56.9,-88.6,-83.8,1,2,0.01,12,4.8,-0.9979761159252448,-4.695108483522267,71119
2026-04-01 12:55:06,-112.826,53.468,23.1,25217.0,-56.9,-88.6,-83.8,1,2,0.01,13,4.8,-1.079765060850552,-4.676976310969129,71119
2026-04-01 12:55:07,-112.826,53.4679,23.1,25222.0,-56.9,-88.5,-83.8,1,2,0.01,13,4.8,-1.079765060850552,-4.676976310969129,71119
2026-04-01 12:55:08,-112.8259,53.4679,23.1,25227.0,-56.9,-88.5,-83.8,1,2,0.01,13,4.8,-1.079765060850552,-4.676976310969129,71119
2026-04-01 12:55:09,-112.8259,53.4679,23.0,25232.0,-56.9,-88.5,-83.8,1,2,0.01,14,4.8,-1.161225098878405,-4.657419486124783,71119
2026-04-01 12:55:10,-112.8259,53.4679,23.0,25237.0,-56.9,-88.6,-83.8,1,2,0.01,15,4.8,-1.2423314164920995,-4.636443966187528,71119
2026-04-01 12:55:11,-112.826,53.4678,23.0,25242.0,-56.9,-88.6,-83.8,1,2,0.01,15,4.8,-1.2423314164920995,-4.636443966187528,71119
2026-04-01 12:55:12,-112.826,53.4678,23.0,25246.0,-56.9,-88.6,-83.8,1,2,0.01,16,4.9,-1.350623043503296,-4.710182310097763,71119
2026-04-01 12:55:13,-112.8261,53.4678,23.0,25251.0,-56.9,-88.6,-83.9,1,2,0.01,16,4.9,-1.350623043503296,-4.710182310097763,71119
2026-04-01 12:55:14,-112.8262,53.4677,22.9,25255.0,-57.0,-88.6,-83.9,1,2,0.01,17,4.9,-1.4326213531414103,-4.685893304218874,71119
2026-04-01 12:55:15,-112.8263,53.4677,22.9,25260.0,-57.0,-88.7,-83.9,1,2,0.01,17,4.9,-1.4326213531414103,-4.685893304218874,71119
2026-04-01 12:55:16,-112.8263,53.4676,22.9,25264.0,-57.0,-88.7,-83.9,1,2,0.01,18,5.0,-1.545084971874737,-4.755282581475767,71119
2026-04-01 12:55:17,-112.8263,53.4676,22.9,25268.0,-57.0,-88.7,-83.9,1,2,0.01,19,5.0,-1.6278407722857835,-4.727592877996584,71119
2026-04-01 12:55:18,-112.8263,53.4675,22.9,25273.0,-57.0,-88.7,-83.9,1,2,0.01,19,5.1,-1.6603975877314991,-4.822144735556516,71119
2026-04-01 12:55:19,-112.8263,53.4675,22.9,25277.0,-57.0,-88.7,-84.0,1,2,0.01,20,5.1,-1.7443027309609103,-4.792432366008133,71119
2026-04-01 12:55:20,-112.8262,53.4674,22.9,25281.0,-57.0,-88.7,-84.0,1,2,0.01,21,5.2,-1.8635133376355615,-4.8546182177854496,71119
2026-04-01 12:55:21,-112.8262,53.4674,22.8,25286.0,-57.0,-88.8,-84.0,1,2,0.01,21,5.2,-1.8635133376355615,-4.8546182177854496,71119
2026-04-01 12:55:22,-112.8262,53.4673,22.8,25291.0,-57.0,-88.8,-84.0,1,2,0.01,22,5.3,-1.9854149451043337,-4.914074429203973,71119
2026-04-01 12:55:23,-112.8262,53.4672,22.8,25296.0,-57.0,-88.8,-84.0,1,2,0.01,23,5.4,-2.1099480938420787,-4.970726208643178,71119
2026-04-01 12:55:24,-112.8263,53.4672,22.8,25301.0,-56.9,-88.8,-84.0,1,2,0.01,23,5.4,-2.1099480938420787,-4.970726208643178,71119
2026-04-01 12:55:25,-112.8263,53.4672,22.8,25306.0,-56.9,-88.8,-84.1,1,2,0.01,24,5.5,-2.2370515369169013,-5.024500017034304,71119
2026-04-01 12:55:26,-112.8264,53.4671,22.8,25310.0,-56.9,-88.8,-84.1,1,2,0.01,25,5.6,-2.366662265747917,-5.075323607405239,71119
2026-04-01 12:55:27,-112.8265,53.4671,22.7,25314.0,-56.9,-88.9,-84.1,1,2,0.01,25,5.7,-2.4089240919219868,-5.165954386108905,71119
2026-04-01 12:55:28,-112.8265,53.4671,22.7,25319.0,-56.9,-88.9,-84.1,1,2,0.01,26,5.8,-2.542552651376649,-5.213005468535169,71119
2026-04-01 12:55:29,-112.8266,53.4671,22.7,25324.0,-56.9,-88.9,-84.2,1,2,0.01,26,5.9,-2.5863897660555573,-5.302884873165086,71119
2026-04-01 12:55:30,-112.8267,53.4671,22.7,25329.0,-56.9,-88.9,-84.2,1,2,0.01,27,6.0,-2.723942998437281,-5.346039145130208,71119
2026-04-01 12:55:31,-112.8267,53.467,22.7,25335.0,-56.9,-88.9,-84.2,1,2,0.01,27,6.1,-2.7693420484112354,-5.435139797549044,71119
2026-04-01 12:55:32,-112.8267,53.467,22.6,25341.0,-56.8,-88.9,-84.2,1,2,0.01,28,6.2,-2.910723689272523,-5.474275075725347,71119
2026-04-01 12:55:33,-112.8268,53.4669,22.6,25346.0,-56.8,-88.9,-84.2,1,2,0.01,28,6.2,-2.910723689272523,-5.474275075725347,71119
2026-04-01 12:55:34,-112.8268,53.4668,22.6,25350.0,-56.8,-89.0,-84.2,1,2,0.01,29,6.3,-3.0543006075519235,-5.510104154978193,71119
2026-04-01 12:55:35,-112.8268,53.4667,22.6,25354.0,-56.8,-89.0,-84.2,1,2,0.01,29,6.4,-3.1027815695765573,-5.597566125692133,71119
2026-04-01 12:55:36,-112.8269,53.4666,22.6,25359.0,-56.8,-89.0,-84.2,1,2,0.01,30,6.5,-3.2499999999999996,-5.629165124598852,71119
2026-04-01 12:55:37,-112.8269,53.4666,22.6,25364.0,-56.8,-89.0,-84.2,1,2,0.01,30,6.6,-3.2999999999999994,-5.715767664977295,71119
2026-04-01 12:55:38,-112.827,53.4665,22.5,25370.0,-56.7,-89.0,-84.2,1,2,0.01,31,6.7,-3.450755101897363,-5.743020914704153,71119
2026-04-01 12:55:39,-112.8271,53.4665,22.5,25376.0,-56.6,-88.9,-84.2,1,2,0.01,31,6.8,-3.502258909388368,-5.828737644774364,71119
2026-04-01 12:55:40,-112.8272,53.4664,22.5,25381.0,-56.6,-88.9,-84.1,1,2,0.01,32,6.9,-3.656442923209114,-5.851531863479339,71119
2026-04-01 12:55:41,-112.8272,53.4664,22.5,25386.0,-56.5,-88.9,-84.1,1,2,0.01,32,6.9,-3.656442923209114,-5.851531863479339,71119
2026-04-01 12:55:42,-112.8273,53.4664,22.5,25392.0,-56.5,-88.8,-84.1,1,2,0.01,33,7.0,-3.8124732451051897,-5.870693975617968,71119
2026-04-01 12:55:43,-112.8273,53.4663,22.4,25398.0,-56.4,-88.8,-84.1,1,2,0.01,33,7.1,-3.866937148606692,-5.954561032412511,71119
2026-04-01 12:55:44,-112.8274,53.4663,22.4,25403.0,-56.4,-88.8,-84.0,1,2,0.01,34,7.1,-3.970269614642303,-5.886166765140796,71119
2026-04-01 12:55:45,-112.8274,53.4662,22.4,25408.0,-56.4,-88.8,-84.0,1,2,0.01,35,7.2,-4.129750341727532,-5.897894718880741,71119
2026-04-01 12:55:46,-112.8274,53.4661,22.4,25413.0,-56.4,-88.8,-84.0,1,2,0.01,35,7.3,-4.187107985362636,-5.97980992330964,71119
2026-04-01 12:55:47,-112.8275,53.4661,22.4,25418.0,-56.4,-88.8,-84.0,1,2,0.01,36,7.3,-4.290832341735054,-5.9058240589371165,71119
2026-04-01 12:55:48,-112.8275,53.466,22.4,25424.0,-56.4,-88.8,-84.0,1,2,0.01,37,7.4,-4.453431171325158,-5.909902774349967,71119
2026-04-01 12:55:49,-112.8276,53.466,22.3,25429.0,-56.4,-88.8,-84.1,1,2,0.01,37,7.4,-4.453431171325158,-5.909902774349967,71119
2026-04-01 12:55:50,-112.8277,53.4659,22.3,25435.0,-56.5,-88.8,-84.1,1,2,0.01,38,7.5,-4.617461064942437,-5.910080652050414,71119
2026-04-01 12:55:51,-112.8277,53.4659,22.3,25440.0,-56.5,-88.8,-84.1,1,2,0.01,39,7.5,-4.71990293287378,-5.828594710927282,71119
2026-04-01 12:55:52,-112.8278,53.4658,22.3,25446.0,-56.5,-88.8,-84.1,1,2,0.01,40,7.6,-4.885185833617698,-5.821937767704233,71119
2026-04-01 12:55:53,-112.8279,53.4657,22.2,25451.0,-56.4,-88.8,-84.0,1,2,0.01,41,7.6,-4.986048620327855,-5.735792809693067,71119
2026-04-01 12:55:54,-112.828,53.4657,22.2,25456.0,-56.4,-88.7,-84.0,1,2,0.01,42,7.7,-5.1523056689632085,-5.722215156175936,71119
2026-04-01 12:55:55,-112.8281,53.4656,22.2,25460.0,-56.4,-88.7,-84.0,1,2,0.01,43,7.7,-5.251387372481238,-5.631423502467612,71119
2026-04-01 12:55:56,-112.8282,53.4656,22.2,25465.0,-56.3,-88.7,-83.9,1,2,0.01,44,7.7,-5.348869452534279,-5.538916462607614,71119
2026-04-01 12:55:57,-112.8283,53.4655,22.2,25471.0,-56.3,-88.7,-83.9,1,2,0.01,45,7.8,-5.5154328932550705,-5.515432893255071,71119
2026-04-01 12:55:58,-112.8283,53.4655,22.2,25476.0,-56.3,-88.6,-83.9,1,2,0.01,46,7.8,-5.610850442641478,-5.418335289580178,71119
2026-04-01 12:55:59,-112.8284,53.4655,22.1,25482.0,-56.3,-88.6,-83.9,1,2,0.01,47,7.8,-5.704558872629529,-5.319587208487488,71119
2026-04-01 12:56:00,-112.8285,53.4654,22.1,25486.0,-56.3,-88.6,-83.9,1,2,0.01,48,7.8,-5.796529638723675,-5.219218729599094,71119
2026-04-01 12:56:01,-112.8286,53.4654,22.1,25492.0,-56.3,-88.6,-83.8,1,2,0.01,49,7.8,-5.886734725737622,-5.117260426125957,71119
2026-04-01 12:56:02,-112.8287,53.4653,22.1,25496.0,-56.3,-88.6,-83.8,1,2,0.01,50,7.9,-6.051751100639927,-5.078022116523661,71119
2026-04-01 12:56:03,-112.8288,53.4652,22.1,25502.0,-56.3,-88.6,-83.8,1,2,0.01,51,7.9,-6.139453095510071,-4.971631089293716,71119
2026-04-01 12:56:04,-112.8289,53.4652,22.1,25506.0,-56.3,-88.6,-83.8,1,2,0.01,52,7.9,-6.225284953493104,-4.863725655072701,71119
2026-04-01 12:56:05,-112.829,53.4651,22.0,25511.0,-56.3,-88.6,-83.8,1,2,0.01,53,7.9,-6.309220529373613,-4.754338682901182,71119
2026-04-01 12:56:06,-112.8292,53.4651,22.0,25517.0,-56.3,-88.6,-83.8,1,2,0.01,54,7.9,-6.391234255562085,-4.643503493110538,71119
2026-04-01 12:56:07,-112.8293,53.465,22.0,25522.0,-56.3,-88.6,-83.8,1,2,0.01,55,7.8,-6.389385945454136,-4.473896203538159,71119
2026-04-01 12:56:08,-112.8294,53.465,22.0,25528.0,-56.4,-88.6,-83.8,1,2,0.01,56,7.8,-6.466493065929326,-4.361704647071825,71119
2026-04-01 12:56:09,-112.8295,53.465,22.0,25532.0,-56.4,-88.6,-83.8,1,2,0.01,57,7.8,-6.541630429974307,-4.248184473117211,71119
2026-04-01 12:56:10,-112.8296,53.465,21.9,25537.0,-56.4,-88.6,-83.9,1,2,0.01,58,7.7,-6.52997034040448,-4.080378334595678,71119
2026-04-01 12:56:11,-112.8297,53.465,21.9,25541.0,-56.5,-88.6,-83.9,1,2,0.01,59,7.7,-6.600188215406265,-3.9657931768074173,71119
2026-04-01 12:56:12,-112.8298,53.4649,21.9,25546.0,-56.5,-88.6,-83.8,1,2,0.01,60,7.6,-6.581793068761733,-3.8000000000000007,71119
2026-04-01 12:56:13,-112.8299,53.4649,21.9,25552.0,-56.4,-88.6,-83.8,1,2,0.01,61,7.6,-6.647109774259407,-3.684553113872162,71119
2026-04-01 12:56:14,-112.83,53.4648,21.9,25558.0,-56.4,-88.6,-83.8,1,2,0.01,62,7.5,-6.622106946441952,-3.5210367208941813,71119
2026-04-01 12:56:15,-112.8301,53.4648,21.9,25563.0,-56.4,-88.5,-83.8,1,2,0.01,63,7.4,-6.593448278993923,-3.359529698072647,71119
2026-04-01 12:56:16,-112.8302,53.4647,21.9,25568.0,-56.4,-88.5,-83.8,1,2,0.01,64,7.4,-6.6510759426138355,-3.243946486239173,71119
2026-04-01 12:56:17,-112.8303,53.4647,21.8,25574.0,-56.4,-88.5,-83.8,1,2,0.01,65,7.3,-6.616046845367545,-3.085113310707106,71119
2026-04-01 12:56:18,-112.8304,53.4647,21.8,25580.0,-56.4,-88.5,-83.8,1,2,0.01,66,7.2,-6.5775272950267265,-2.9285038301457615,71119
2026-04-01 12:56:19,-112.8305,53.4647,21.8,25585.0,-56.4,-88.5,-83.8,1,2,0.01,67,7.1,-6.535584459512326,-2.7741910122738433,71119
2026-04-01 12:56:20,-112.8306,53.4647,21.8,25590.0,-56.4,-88.5,-83.8,1,2,0.01,68,7.0,-6.490286981967512,-2.6222461539113837,71119
2026-04-01 12:56:21,-112.8307,53.4647,21.8,25595.0,-56.5,-88.5,-83.8,1,2,0.01,69,6.9,-6.441704942830692,-2.4727388518625726,71119
2026-04-01 12:56:22,-112.8308,53.4646,21.7,25601.0,-56.5,-88.6,-83.8,1,2,0.01,71,6.8,-6.429526314075353,-2.213863450308666,71119
2026-04-01 12:56:23,-112.8309,53.4646,21.7,25606.0,-56.5,-88.6,-83.8,1,2,0.01,72,6.7,-6.372078659177529,-2.070413862312148,71119
2026-04-01 12:56:24,-112.831,53.4646,21.7,25611.0,-56.5,-88.6,-83.8,1,2,0.01,73,6.6,-6.311611389356034,-1.9296532511700626,71119
2026-04-01 12:56:25,-112.8312,53.4646,21.7,25617.0,-56.5,-88.6,-83.8,1,2,0.01,74,6.5,-6.248201023599073,-1.7916428128104946,71119
2026-04-01 12:56:26,-112.8313,53.4646,21.7,25622.0,-56.5,-88.6,-83.8,1,2,0.01,76,6.4,-6.209892648166377,-1.5483001318378733,71119
2026-04-01 12:56:27,-112.8314,53.4646,21.6,25628.0,-56.5,-88.6,-83.8,1,2,0.01,77,6.3,-6.1385314081469815,-1.4171916423663489,71119
2026-04-01 12:56:28,-112.8315,53.4646,21.6,25633.0,-56.5,-88.6,-83.8,1,2,0.01,78,6.2,-6.064515124549595,-1.2890524830701087,71119
2026-04-01 12:56:29,-112.8315,53.4645,21.6,25638.0,-56.5,-88.6,-83.8,1,2,0.01,80,6.1,-6.007327293374469,-1.0592538837682755,71119
2026-04-01 12:56:30,-112.8316,53.4645,21.6,25643.0,-56.5,-88.6,-83.8,1,2,0.01,81,6.0,-5.926130043570827,-0.9386067902413855,71119
2026-04-01 12:56:31,-112.8316,53.4645,21.6,25647.0,-56.5,-88.6,-83.8,1,2,0.01,83,5.9,-5.8560222946838,-0.7190291260903703,71119
2026-04-01 12:56:32,-112.8317,53.4645,21.6,25652.0,-56.5,-88.6,-83.8,1,2,0.01,85,5.8,-5.777929248932124,-0.5055033079364172,71119
2026-04-01 12:56:33,-112.8318,53.4645,21.5,25657.0,-56.5,-88.6,-83.8,1,2,0.01,86,5.7,-5.686115086480998,-0.39761190034151384,71119
2026-04-01 12:56:34,-112.8319,53.4645,21.5,25662.0,-56.5,-88.6,-83.8,1,2,0.01,88,5.6,-5.596588631306936,-0.19543718153400605,71119
2026-04-01 12:56:35,-112.8319,53.4645,21.5,25668.0,-56.5,-88.6,-83.9,1,2,0.01,90,5.6,-5.6,-3.429011037612589e-16,71119
2026-04-01 12:56:36,-112.832,53.4645,21.5,25673.0,-56.5,-88.6,-83.9,1,2,0.01,92,5.5,-5.496649548605027,0.19194723186375526,71119
2026-04-01 12:56:37,-112.8321,53.4645,21.5,25678.0,-56.5,-88.6,-83.9,1,2,0.01,94,5.4,-5.386845871403051,0.3766849582182768,71119
2026-04-01 12:56:38,-112.8322,53.4645,21.4,25684.0,-56.5,-88.7,-83.9,1,2,0.01,96,5.4,-5.370418234988676,0.5644537016453293,71119
2026-04-01 12:56:39,-112.8322,53.4645,21.4,25689.0,-56.5,-88.7,-83.9,1,2,0.01,98,5.3,-5.248420764330323,0.7376174350883463,71119
2026-04-01 12:56:40,-112.8323,53.4646,21.4,25694.0,-56.5,-88.7,-83.9,1,2,0.01,100,5.3,-5.2194810909647025,0.9203353416347306,71119
2026-04-01 12:56:41,-112.8324,53.4646,21.4,25698.0,-56.5,-88.7,-84.0,1,2,0.01,102,5.2,-5.08636752381579,1.0811407922523486,71119
2026-04-01 12:56:42,-112.8325,53.4646,21.4,25703.0,-56.5,-88.7,-84.0,1,2,0.01,104,5.2,-5.045537776635181,1.2579938571182725,71119
2026-04-01 12:56:43,-112.8326,53.4646,21.4,25708.0,-56.5,-88.7,-84.0,1,2,0.01,106,5.1,-4.902434649285426,1.405750514666695,71119
2026-04-01 12:56:44,-112.8327,53.4646,21.4,25713.0,-56.5,-88.7,-84.0,1,2,0.01,108,5.1,-4.850388233105283,1.5759866713122312,71119
2026-04-01 12:56:45,-112.8327,53.4646,21.3,25718.0,-56.5,-88.7,-84.0,1,2,0.01,110,5.0,-4.698463103929543,1.7101007166283435,71119
2026-04-01 12:56:46,-112.8328,53.4646,21.3,25722.0,-56.4,-88.7,-84.0,1,2,0.01,112,5.0,-4.635919272833937,1.8730329670795602,71119
2026-04-01 12:56:47,-112.8329,53.4646,21.3,25727.0,-56.4,-88.7,-84.0,1,2,0.01,114,5.0,-4.567727288213004,2.033683215379001,71119
2026-04-01 12:56:48,-112.833,53.4647,21.3,25733.0,-56.4,-88.7,-84.0,1,2,0.01,116,4.9,-4.404090826865918,2.14801861926648,71119
2026-04-01 12:56:49,-112.8331,53.4647,21.3,25739.0,-56.4,-88.7,-84.0,1,2,0.01,118,4.9,-4.326443205008742,2.3004106576508656,71119
2026-04-01 12:56:50,-112.8331,53.4647,21.2,25744.0,-56.3,-88.7,-84.0,1,2,0.01,120,4.8,-4.156921938165306,2.399999999999999,71119
2026-04-01 12:56:51,-112.8332,53.4648,21.2,25749.0,-56.3,-88.7,-84.0,1,2,0.01,121,4.8,-4.114403043370139,2.4721827595682604,71119
2026-04-01 12:56:52,-112.8332,53.4648,21.2,25754.0,-56.3,-88.7,-84.0,1,2,0.01,123,4.7,-3.941751669343493,2.559803464570628,71119
2026-04-01 12:56:53,-112.8333,53.4649,21.2,25759.0,-56.3,-88.7,-83.9,1,2,0.01,125,4.6,-3.7680994037293614,2.638451607214812,71119
2026-04-01 12:56:54,-112.8334,53.4649,21.2,25764.0,-56.2,-88.7,-83.9,1,2,0.01,127,4.6,-3.673723346217546,2.7683491064994223,71119
2026-04-01 12:56:55,-112.8334,53.4649,21.2,25768.0,-56.2,-88.7,-83.9,1,2,0.01,129,4.5,-3.4971568265563695,2.831941759724268,71119
2026-04-01 12:56:56,-112.8335,53.4649,21.1,25773.0,-56.2,-88.7,-83.9,1,2,0.01,131,4.4,-3.320722152980198,2.8866597275582317,71119
2026-04-01 12:56:57,-112.8335,53.465,21.1,25778.0,-56.1,-88.7,-83.9,1,2,0.01,133,4.4,-3.2179562871243506,3.000792784274993,71119
2026-04-01 12:56:58,-112.8336,53.465,21.1,25783.0,-56.1,-88.7,-83.9,1,2,0.01,135,4.3,-3.0405591591021546,3.040559159102154,71119
2026-04-01 12:56:59,-112.8336,53.465,21.1,25788.0,-56.1,-88.7,-83.9,1,2,0.01,137,4.2,-2.864393112262494,3.071685546800516,71119
2026-04-01 12:57:00,-112.8337,53.4651,21.1,25794.0,-56.1,-88.7,-84.0,1,2,0.01,139,4.1,-2.6898420188610794,3.094309278913365,71119
2026-04-01 12:57:01,-112.8337,53.4651,21.1,25799.0,-56.1,-88.7,-84.0,1,2,0.01,142,4.1,-2.5242120488351993,3.2308440897875594,71119
2026-04-01 12:57:02,-112.8337,53.4651,21.1,25804.0,-56.1,-88.8,-84.0,1,2,0.01,144,4.0,-2.351141009169893,3.2360679774997894,71119
2026-04-01 12:57:03,-112.8337,53.4651,21.0,25810.0,-56.1,-88.8,-84.0,1,2,0.01,146,3.9,-2.180852323535913,3.2332465329646625,71119
2026-04-01 12:57:04,-112.8338,53.4651,21.0,25815.0,-56.1,-88.8,-84.0,1,2,0.01,148,3.9,-2.0666851305094993,3.307387575010061,71119
2026-04-01 12:57:05,-112.8338,53.4652,21.0,25820.0,-56.1,-88.8,-84.0,1,2,0.01,150,3.8,-1.8999999999999997,3.290896534380867,71119
2026-04-01 12:57:06,-112.8338,53.4652,21.0,25825.0,-56.0,-88.8,-84.0,1,2,0.01,153,3.7,-1.6797648490363235,3.296724139496961,71119
2026-04-01 12:57:07,-112.8338,53.4652,21.0,25830.0,-56.0,-88.8,-84.0,1,1,0.01,155,3.7,-1.5636875684405882,3.353338812035605,71119
2026-04-01 12:57:08,-112.8338,53.4653,20.9,25835.0,-55.9,-88.8,-84.0,1,1,0.01,157,3.6,-1.4066320625613855,3.313817472428785,71119
2026-04-01 12:57:09,-112.8338,53.4653,20.9,25840.0,-55.9,-88.7,-84.0,1,1,0.01,160,3.6,-1.231272515972408,3.38289343482927,71119
2026-04-01 12:57:10,-112.8338,53.4654,20.9,25845.0,-55.8,-88.7,-83.9,1,1,0.01,162,3.5,-1.0815594803123163,3.3286978070330373,71119
2026-04-01 12:57:11,-112.8338,53.4654,20.9,25849.0,-55.7,-88.7,-83.9,1,1,0.01,164,3.5,-0.9647307453594973,3.364415935784116,71119
2026-04-01 12:57:12,-112.8338,53.4654,20.9,25854.0,-55.6,-88.6,-83.9,1,1,0.01,166,3.5,-0.846726634598837,3.3960350419659875,71119
2026-04-01 12:57:13,-112.8338,53.4655,20.9,25860.0,-55.6,-88.6,-83.8,1,1,0.01,169,3.4,-0.6487505842802529,3.337532423722057,71119
2026-04-01 12:57:14,-112.8338,53.4655,20.9,25865.0,-55.5,-88.5,-83.8,1,1,0.01,171,3.4,-0.5318771811367853,3.358140358023468,71119
2026-04-01 12:57:15,-112.8339,53.4655,20.8,25871.0,-55.4,-88.5,-83.7,1,1,0.01,173,3.4,-0.41435576757750164,3.374656915580495,71119
2026-04-01 12:57:16,-112.8339,53.4655,20.8,25877.0,-55.3,-88.4,-83.7,1,1,0.01,175,3.4,-0.2963295253420378,3.3870619735119347,71119
2026-04-01 12:57:17,-112.8339,53.4655,20.8,25882.0,-55.2,-88.4,-83.6,1,1,0.01,177,3.4,-0.17794225122600893,3.395340418165551,71119
2026-04-01 12:57:18,-112.8339,53.4656,20.8,25888.0,-55.2,-88.3,-83.6,1,1,0.01,179,3.4,-0.05933818188676369,3.3994821635317303,71119
2026-04-01 12:57:19,-112.8339,53.4656,20.8,25892.0,-55.2,-88.3,-83.5,1,1,0.01,181,3.4,0.05933818188676436,3.3994821635317303,71119
2026-04-01 12:57:20,-112.8338,53.4657,20.7,25897.0,-55.2,-88.3,-83.5,1,1,0.01,183,3.4,0.17794225122600812,3.395340418165551,71119
2026-04-01 12:57:21,-112.8338,53.4657,20.7,25902.0,-55.2,-88.3,-83.5,1,1,0.01,185,3.4,0.296329525342037,3.3870619735119347,71119
2026-04-01 12:57:22,-112.8338,53.4657,20.7,25908.0,-55.2,-88.3,-83.5,1,1,0.01,187,3.4,0.41435576757750087,3.374656915580495,71119
2026-04-01 12:57:23,-112.8338,53.4658,20.7,25913.0,-55.2,-88.2,-83.5,1,1,0.01,188,3.4,0.47318854326422277,3.366911433721339,71119
2026-04-01 12:57:24,-112.8338,53.4658,20.7,25918.0,-55.2,-88.2,-83.5,1,1,0.01,190,3.5,0.6077686218342566,3.446827135542728,71119
2026-04-01 12:57:25,-112.8338,53.4658,20.7,25923.0,-55.3,-88.2,-83.5,1,1,0.01,192,3.5,0.7276909178621582,3.4235166025683195,71119
2026-04-01 12:57:26,-112.8338,53.4658,20.6,25927.0,-55.3,-88.2,-83.4,1,2,0.01,194,3.5,0.8467266345988362,3.3960350419659875,71119
2026-04-01 12:57:27,-112.8338,53.4659,20.6,25932.0,-55.3,-88.2,-83.4,1,2,0.01,196,3.5,0.9647307453594964,3.364415935784116,71119
2026-04-01 12:57:28,-112.8338,53.4659,20.6,25938.0,-55.4,-88.2,-83.4,1,2,0.01,197,3.6,1.0525381370018525,3.4426971214669275,71119
2026-04-01 12:57:29,-112.8337,53.466,20.6,25942.0,-55.4,-88.2,-83.4,1,2,0.01,199,3.6,1.1720453560457644,3.4038668721575402,71119
2026-04-01 12:57:30,-112.8337,53.466,20.6,25947.0,-55.5,-88.2,-83.4,1,2,0.01,201,3.6,1.2901246183630817,3.360889535389926,71119
2026-04-01 12:57:31,-112.8337,53.466,20.6,25952.0,-55.5,-88.1,-83.4,1,2,0.01,202,3.7,1.3860443956388746,3.4305802618971137,71119
2026-04-01 12:57:32,-112.8337,53.466,20.6,25957.0,-55.5,-88.1,-83.4,1,2,0.01,204,3.7,1.5049255793804608,3.380118193277623,71119
2026-04-01 12:57:33,-112.8337,53.466,20.5,25962.0,-55.6,-88.1,-83.4,1,2,0.01,206,3.8,1.6658103577984942,3.4154173759368343,71119
2026-04-01 12:57:34,-112.8337,53.466,20.5,25968.0,-55.6,-88.1,-83.4,1,2,0.01,208,3.8,1.7839919385863852,3.355200852863922,71119
2026-04-01 12:57:35,-112.8336,53.4661,20.5,25973.0,-55.7,-88.1,-83.3,1,2,0.01,209,3.9,1.890757518960714,3.4110168578436437,71119
2026-04-01 12:57:36,-112.8336,53.4661,20.5,25979.0,-55.7,-88.1,-83.3,1,2,0.01,211,3.9,2.008648492149211,3.342952472738238,71119
2026-04-01 12:57:37,-112.8336,53.4661,20.5,25985.0,-55.7,-88.1,-83.3,1,2,0.01,213,4.0,2.1785561400601083,3.354682271781696,71119
2026-04-01 12:57:38,-112.8335,53.4662,20.4,25990.0,-55.8,-88.1,-83.3,1,2,0.01,215,4.0,2.2943057454041846,3.276608177155967,71119
2026-04-01 12:57:39,-112.8335,53.4663,20.4,25995.0,-55.8,-88.1,-83.3,1,2,0.01,217,4.1,2.467441594923398,3.2744055911939003,71119
2026-04-01 12:57:40,-112.8334,53.4663,20.4,26000.0,-55.9,-88.1,-83.3,1,2,0.01,218,4.2,2.5857781963677646,3.3096451651482326,71119
2026-04-01 12:57:41,-112.8334,53.4663,20.4,26005.0,-55.9,-88.1,-83.3,1,2,0.01,220,4.3,2.7639867216521186,3.2939911054116053,71119
2026-04-01 12:57:42,-112.8333,53.4664,20.4,26010.0,-55.9,-88.1,-83.3,1,2,0.01,222,4.3,2.8772616073430903,3.195522749552795,71119
2026-04-01 12:57:43,-112.8333,53.4664,20.4,26016.0,-56.0,-88.1,-83.3,1,2,0.01,224,4.4,3.0564968300195887,3.165095121490065,71119
2026-04-01 12:57:44,-112.8333,53.4664,20.3,26021.0,-56.0,-88.1,-83.3,1,2,0.01,225,4.5,3.181980515339464,3.1819805153394647,71119
2026-04-01 12:57:45,-112.8333,53.4664,20.3,26026.0,-56.0,-88.1,-83.3,1,2,0.01,227,4.6,3.3642270274481834,3.1371924562874933,71119
2026-04-01 12:57:46,-112.8332,53.4665,20.3,26031.0,-56.1,-88.1,-83.4,1,2,0.01,229,4.7,3.5471350270470285,3.0834774362553845,71119
2026-04-01 12:57:47,-112.8332,53.4665,20.3,26037.0,-56.1,-88.1,-83.4,1,2,0.01,230,4.7,3.6004088826591962,3.0211017655267356,71119
2026-04-01 12:57:48,-112.8331,53.4665,20.3,26042.0,-56.1,-88.1,-83.4,1,2,0.01,232,4.8,3.782451617312266,2.9551750815631586,71119
2026-04-01 12:57:49,-112.833,53.4665,20.3,26046.0,-56.2,-88.2,-83.4,1,2,0.01,234,4.9,3.9641832724372423,2.880147736233119,71119
2026-04-01 12:57:50,-112.8329,53.4666,20.2,26051.0,-56.2,-88.2,-83.4,1,2,0.01,235,5.0,4.095760221444958,2.867882181755232,71119
2026-04-01 12:57:51,-112.8329,53.4666,20.2,26055.0,-56.2,-88.2,-83.4,1,2,0.01,236,5.1,4.228091620030713,2.8518838077008075,71119
2026-04-01 12:57:52,-112.8328,53.4666,20.2,26060.0,-56.2,-88.2,-83.4,1,2,0.01,238,5.2,4.409850100013415,2.755580174012666,71119
2026-04-01 12:57:53,-112.8327,53.4666,20.2,26064.0,-56.2,-88.2,-83.4,1,2,0.01,239,5.3,4.542986693721194,2.729701797023288,71119
2026-04-01 12:57:54,-112.8327,53.4666,20.2,26069.0,-56.3,-88.2,-83.4,1,2,0.01,240,5.4,4.676537180435967,2.7000000000000024,71119
2026-04-01 12:57:55,-112.8326,53.4667,20.2,26074.0,-56.3,-88.2,-83.5,1,2,0.01,241,5.5,4.810408389266678,2.6664529113548525,71119
2026-04-01 12:57:56,-112.8325,53.4667,20.2,26079.0,-56.3,-88.2,-83.5,1,2,0.01,242,5.5,4.856211760724099,2.582093595322399,71119
2026-04-01 12:57:57,-112.8324,53.4667,20.1,26084.0,-56.3,-88.3,-83.5,1,2,0.01,243,5.6,4.989636535454859,2.542346798541463,71119
2026-04-01 12:57:58,-112.8323,53.4667,20.1,26088.0,-56.3,-88.3,-83.5,1,2,0.01,244,5.7,5.123126063905251,2.4987155366977434,71119
2026-04-01 12:57:59,-112.8322,53.4668,20.1,26093.0,-56.3,-88.3,-83.5,1,2,0.01,245,5.8,5.25658516481257,2.451185918096055,71119
2026-04-01 12:58:00,-112.8321,53.4668,20.1,26097.0,-56.3,-88.3,-83.5,1,2,0.01,245,5.8,5.25658516481257,2.451185918096055,71119
2026-04-01 12:58:01,-112.832,53.4668,20.1,26102.0,-56.3,-88.3,-83.5,1,2,0.01,246,5.9,5.389918200091346,2.399746194147221,71119
2026-04-01 12:58:02,-112.8319,53.4668,20.1,26106.0,-56.3,-88.3,-83.5,1,2,0.01,246,5.9,5.389918200091346,2.399746194147221,71119
2026-04-01 12:58:03,-112.8319,53.4668,20.1,26111.0,-56.3,-88.3,-83.6,1,2,0.01,247,5.9,5.430978635369398,2.3053136580867157,71119
2026-04-01 12:58:04,-112.8318,53.4668,20.0,26116.0,-56.3,-88.3,-83.6,1,2,0.01,247,5.9,5.430978635369398,2.3053136580867157,71119
2026-04-01 12:58:05,-112.8317,53.4668,20.0,26121.0,-56.3,-88.3,-83.6,1,2,0.01,247,6.0,5.523029120714641,2.344386770935643,71119
2026-04-01 12:58:06,-112.8316,53.4669,20.0,26126.0,-56.3,-88.3,-83.6,1,2,0.01,247,6.0,5.523029120714641,2.344386770935643,71119
2026-04-01 12:58:06,-112.8316,53.4669,20.0,26129.0,-56.4,-88.4,-83.6,1,2,0.01,247,6.0,5.523029120714641,2.344386770935643,71119
2026-04-01 12:58:07,-112.8314,53.4669,20.0,26131.0,-56.4,-88.4,-83.6,1,2,0.01,248,6.0,5.563103127400724,2.2476395604954735,71119
2026-04-01 12:58:08,-112.8313,53.4669,20.0,26136.0,-56.4,-88.4,-83.6,1,2,0.01,248,5.9,5.470384741944046,2.2101789011538826,71119
2026-04-01 12:58:09,-112.8312,53.4669,20.0,26141.0,-56.4,-88.4,-83.6,1,2,0.01,248,5.9,5.470384741944046,2.2101789011538826,71119
2026-04-01 12:58:10,-112.8311,53.467,19.9,26146.0,-56.4,-88.4,-83.7,1,2,0.01,248,5.9,5.470384741944046,2.2101789011538826,71119
2026-04-01 12:58:11,-112.8311,53.467,19.9,26151.0,-56.4,-88.4,-83.7,1,2,0.01,248,5.8,5.377666356487366,2.1727182418122912,71119
2026-04-01 12:58:12,-112.831,53.467,19.9,26156.0,-56.3,-88.4,-83.6,1,2,0.01,248,5.8,5.377666356487366,2.1727182418122912,71119
2026-04-01 12:58:13,-112.8309,53.467,19.9,26161.0,-56.3,-88.4,-83.6,1,2,0.01,248,5.8,5.377666356487366,2.1727182418122912,71119
2026-04-01 12:58:14,-112.8309,53.467,19.9,26165.0,-56.2,-88.3,-83.6,1,2,0.01,248,5.7,5.284947971030688,2.1352575824707003,71119
2026-04-01 12:58:15,-112.8308,53.4671,19.9,26170.0,-56.2,-88.3,-83.6,1,2,0.01,248,5.6,5.192229585574009,2.097796923129109,71119
2026-04-01 12:58:16,-112.8308,53.4671,19.9,26175.0,-56.2,-88.3,-83.5,1,2,0.01,248,5.6,5.192229585574009,2.097796923129109,71119
2026-04-01 12:58:17,-112.8307,53.4671,19.8,26180.0,-56.1,-88.3,-83.5,1,2,0.01,248,5.5,5.09951120011733,2.0603362637875176,71119
2026-04-01 12:58:18,-112.8306,53.4671,19.8,26186.0,-56.1,-88.3,-83.5,1,2,0.01,249,5.5,5.134692345734608,1.971023722499154,71119
2026-04-01 12:58:19,-112.8305,53.4672,19.8,26191.0,-56.1,-88.3,-83.5,1,2,0.01,249,5.4,5.041334303084889,1.935186927544624,71119
2026-04-01 12:58:20,-112.8304,53.4672,19.8,26196.0,-56.1,-88.3,-83.5,1,2,0.01,249,5.3,4.947976260435168,1.8993501325900937,71119
2026-04-01 12:58:21,-112.8304,53.4672,19.8,26201.0,-56.1,-88.3,-83.5,1,2,0.01,249,5.2,4.854618217785448,1.8635133376355637,71119
2026-04-01 12:58:22,-112.8303,53.4672,19.8,26206.0,-56.2,-88.3,-83.5,1,2,0.01,250,5.2,4.886401628086724,1.7785047452934766,71119
2026-04-01 12:58:23,-112.8303,53.4672,19.8,26210.0,-56.2,-88.3,-83.5,1,2,0.01,250,5.1,4.792432366008133,1.7443027309609094,71119
2026-04-01 12:58:24,-112.8302,53.4672,19.7,26214.0,-56.2,-88.3,-83.6,1,2,0.01,251,5.0,4.727592877996584,1.6278407722857833,71119
2026-04-01 12:58:25,-112.8301,53.4672,19.7,26219.0,-56.2,-88.3,-83.6,1,2,0.01,251,4.9,4.633041020436653,1.5952839568400676,71119
2026-04-01 12:58:26,-112.8301,53.4673,19.7,26224.0,-56.2,-88.3,-83.6,1,2,0.01,252,4.9,4.660176929846252,1.5141832724372433,71119
2026-04-01 12:58:27,-112.83,53.4673,19.7,26229.0,-56.3,-88.4,-83.6,1,2,0.01,253,4.8,4.59026282862257,1.403384182669138,71119
2026-04-01 12:58:28,-112.8299,53.4673,19.7,26234.0,-56.3,-88.4,-83.6,1,2,0.01,253,4.7,4.494632353026266,1.3741470121968644,71119
2026-04-01 12:58:29,-112.8298,53.4673,19.7,26239.0,-56.3,-88.4,-83.6,1,2,0.01,254,4.7,4.5179299709100995,1.2954955723398949,71119
2026-04-01 12:58:30,-112.8298,53.4673,19.6,26244.0,-56.4,-88.4,-83.6,1,2,0.01,255,4.6,4.443258800929714,1.1905676074715947,71119
2026-04-01 12:58:31,-112.8297,53.4673,19.6,26248.0,-56.4,-88.4,-83.6,1,2,0.01,256,4.5,4.366330768241984,1.088648530198505,71119
2026-04-01 12:58:32,-112.8296,53.4673,19.6,26253.0,-56.4,-88.4,-83.7,1,2,0.01,257,4.4,4.2872282850550345,0.9897846391130072,71119
2026-04-01 12:58:33,-112.8296,53.4673,19.6,26258.0,-56.5,-88.4,-83.7,1,2,0.01,258,4.4,4.303849443228745,0.9148114395981432,71119
2026-04-01 12:58:34,-112.8295,53.4673,19.6,26262.0,-56.5,-88.4,-83.7,1,2,0.01,259,4.3,4.2209968888249545,0.8204786801191418,71119
2026-04-01 12:58:35,-112.8294,53.4673,19.6,26267.0,-56.5,-88.4,-83.7,1,2,0.01,260,4.2,4.136192562651273,0.7293223462011075,71119
2026-04-01 12:58:36,-112.8293,53.4673,19.6,26272.0,-56.5,-88.4,-83.7,1,2,0.01,261,4.2,4.148291030499578,0.6570247531689704,71119
2026-04-01 12:58:37,-112.8292,53.4673,19.5,26276.0,-56.5,-88.4,-83.7,1,2,0.01,262,4.1,4.060099081840438,0.5706097139362698,71119
2026-04-01 12:58:38,-112.8292,53.4673,19.5,26281.0,-56.6,-88.4,-83.7,1,2,0.01,263,4.0,3.9701846065652884,0.4874773736205887,71119
2026-04-01 12:58:39,-112.8291,53.4674,19.5,26286.0,-56.6,-88.4,-83.7,1,2,0.01,265,3.9,3.8851593225578074,0.33990739671586717,71119
2026-04-01 12:58:40,-112.829,53.4674,19.5,26290.0,-56.6,-88.4,-83.7,1,2,0.01,266,3.9,3.890499796013314,0.27205024760208973,71119
2026-04-01 12:58:41,-112.829,53.4674,19.5,26295.0,-56.6,-88.4,-83.7,1,2,0.01,267,3.8,3.7947922320673806,0.19887663372318837,71119
2026-04-01 12:58:42,-112.829,53.4674,19.5,26300.0,-56.6,-88.5,-83.7,1,2,0.01,268,3.7,3.6977460599706546,0.12912813779925283,71119
2026-04-01 12:58:43,-112.829,53.4674,19.4,26305.0,-56.7,-88.5,-83.7,1,2,0.01,269,3.6,3.599451702563009,0.06282866317422059,71119
2026-04-01 12:58:44,-112.8289,53.4674,19.4,26311.0,-56.7,-88.5,-83.7,1,2,0.01,271,3.5,3.4994669330473696,-0.061083422530490955,71119
2026-04-01 12:58:45,-112.8289,53.4674,19.4,26316.0,-56.7,-88.5,-83.7,1,2,0.01,272,3.5,3.497867894566835,-0.12214823845875449,71119
2026-04-01 12:58:46,-112.8288,53.4673,19.4,26321.0,-56.7,-88.5,-83.7,1,2,0.01,273,3.4,3.395340418165551,-0.1779422512260094,71119
2026-04-01 12:58:47,-112.8288,53.4673,19.4,26326.0,-56.7,-88.5,-83.7,1,2,0.01,274,3.3,3.29196136585742,-0.23019636335561322,71119
2026-04-01 12:58:48,-112.8287,53.4673,19.4,26331.0,-56.7,-88.5,-83.7,1,2,0.01,275,3.2,3.187823033893586,-0.27889837679250523,71119
2026-04-01 12:58:49,-112.8286,53.4673,19.4,26335.0,-56.7,-88.5,-83.7,1,2,0.01,276,3.1,3.0830178756416475,-0.32403823612972427,71119
2026-04-01 12:58:50,-112.8286,53.4673,19.4,26340.0,-56.7,-88.5,-83.7,1,2,0.01,278,3.0,2.9708042062247113,-0.4175193028801964,71119
2026-04-01 12:58:51,-112.8285,53.4673,19.3,26346.0,-56.8,-88.5,-83.7,1,2,0.01,279,2.9,2.8642961877258997,-0.4536599486166689,71119
2026-04-01 12:58:52,-112.8285,53.4673,19.3,26351.0,-56.8,-88.5,-83.7,1,2,0.01,280,2.8,2.7574617084341826,-0.4862148974674039,71119
2026-04-01 12:58:53,-112.8285,53.4673,19.3,26356.0,-56.8,-88.5,-83.8,1,2,0.01,281,2.7,2.6503933953086927,-0.5151842875166718,71119
2026-04-01 12:58:54,-112.8284,53.4673,19.3,26361.0,-56.9,-88.5,-83.8,1,2,0.01,283,2.6,2.5333621684416117,-0.5848727412940488,71119
2026-04-01 12:58:55,-112.8284,53.4673,19.3,26366.0,-56.9,-88.5,-83.8,1,2,0.01,284,2.5,2.4257393156899916,-0.6048047389991686,71119
2026-04-01 12:58:56,-112.8284,53.4673,19.2,26371.0,-56.9,-88.5,-83.8,1,2,0.01,285,2.5,2.414814565722671,-0.6470476127563007,71119
2026-04-01 12:58:57,-112.8284,53.4673,19.2,26376.0,-56.9,-88.5,-83.8,1,2,0.01,287,2.4,2.295131414311285,-0.7016920913345681,71119
2026-04-01 12:58:58,-112.8283,53.4673,19.2,26380.0,-56.9,-88.5,-83.8,1,2,0.01,289,2.3,2.174692723878429,-0.7488067552514595,71119
2026-04-01 12:58:59,-112.8283,53.4673,19.2,26386.0,-56.9,-88.5,-83.8,1,2,0.01,290,2.2,2.0673237657289985,-0.7524443153164718,71119
2026-04-01 12:59:00,-112.8283,53.4673,19.2,26391.0,-56.9,-88.5,-83.7,1,2,0.01,292,2.1,1.9470860945902537,-0.7866738461734152,71119
2026-04-01 12:59:01,-112.8282,53.4673,19.2,26396.0,-56.9,-88.5,-83.7,1,2,0.01,294,2.1,1.9184454610494623,-0.8541469504591795,71119
2026-04-01 12:59:02,-112.8282,53.4672,19.2,26401.0,-56.9,-88.5,-83.8,1,2,0.01,296,2.0,1.797588092598334,-0.8767422935781548,71119
2026-04-01 12:59:03,-112.8282,53.4672,19.1,26405.0,-56.9,-88.5,-83.8,1,2,0.01,298,1.9,1.6776004264319615,-0.8919959692931918,71119
2026-04-01 12:59:04,-112.8282,53.4672,19.1,26410.0,-57.0,-88.5,-83.8,1,2,0.01,301,1.9,1.6286178713340134,-0.9785723423291028,71119
2026-04-01 12:59:05,-112.8282,53.4672,19.1,26415.0,-57.0,-88.5,-83.8,1,2,0.01,303,1.9,1.593474079096306,-1.0348141665285506,71119
2026-04-01 12:59:06,-112.8281,53.4672,19.1,26420.0,-57.0,-88.5,-83.8,1,2,0.01,306,1.8,1.4562305898749057,-1.0580134541264512,71119
2026-04-01 12:59:07,-112.8281,53.4672,19.1,26425.0,-57.0,-88.5,-83.8,1,2,0.01,308,1.8,1.4184193564920993,-1.1081906555861853,71119
2026-04-01 12:59:08,-112.8281,53.4672,19.1,26430.0,-57.0,-88.5,-83.8,1,2,0.01,310,1.8,1.3788799976141606,-1.1570176974357707,71119
2026-04-01 12:59:09,-112.8281,53.4672,19.1,26435.0,-57.0,-88.5,-83.7,1,2,0.01,313,1.8,1.3164366629145066,-1.2275970481124976,71119
2026-04-01 12:59:10,-112.8281,53.4672,19.0,26440.0,-57.0,-88.5,-83.7,1,2,0.01,315,1.9,1.3435028842544405,-1.3435028842544399,71119
2026-04-01 12:59:11,-112.8281,53.4672,19.0,26444.0,-57.0,-88.5,-83.7,1,2,0.01,317,1.9,1.2957968841187468,-1.3895720330764243,71119
2026-04-01 12:59:12,-112.8281,53.4672,19.0,26449.0,-57.0,-88.5,-83.7,1,2,0.01,319,1.9,1.246512155081964,-1.4339482024232666,71119
2026-04-01 12:59:13,-112.8281,53.4671,19.0,26454.0,-57.0,-88.5,-83.7,1,2,0.01,320,2.0,1.2855752193730792,-1.5320888862379556,71119
2026-04-01 12:59:14,-112.8281,53.4671,19.0,26458.0,-57.0,-88.5,-83.7,1,2,0.01,322,2.0,1.2313229506513164,-1.5760215072134443,71119
2026-04-01 12:59:15,-112.8281,53.4671,19.0,26462.0,-57.0,-88.5,-83.7,1,2,0.01,323,2.1,1.2638115486193013,-1.677134571099315,71119
2026-04-01 12:59:16,-112.8281,53.4671,19.0,26467.0,-57.0,-88.5,-83.7,1,2,0.01,324,2.1,1.2343490298141941,-1.6989356881873894,71119
2026-04-01 12:59:17,-112.828,53.4671,18.9,26471.0,-57.0,-88.5,-83.8,1,2,0.01,325,2.2,1.2618681599723023,-1.8021344974357816,71119
2026-04-01 12:59:18,-112.828,53.4671,18.9,26475.0,-57.0,-88.5,-83.8,1,2,0.01,326,2.2,1.2302243876356425,-1.8238826596210922,71119
2026-04-01 12:59:19,-112.828,53.4671,18.9,26479.0,-57.1,-88.6,-83.8,1,2,0.01,326,2.3,1.2861436779827171,-1.906786416876596,71119
2026-04-01 12:59:20,-112.828,53.4671,18.9,26484.0,-57.1,-88.6,-83.8,1,2,0.01,327,2.4,1.3071336840360648,-2.012809363069018,71119
2026-04-01 12:59:21,-112.828,53.467,18.9,26488.0,-57.2,-88.6,-83.9,1,2,0.01,327,2.4,1.3071336840360648,-2.012809363069018,71119
2026-04-01 12:59:22,-112.8279,53.467,18.9,26493.0,-57.2,-88.7,-83.9,1,2,0.01,327,2.5,1.3615975875375674,-2.0966764198635603,71119
2026-04-01 12:59:23,-112.8279,53.4669,18.9,26498.0,-57.3,-88.7,-83.9,1,2,0.01,327,2.5,1.3615975875375674,-2.0966764198635603,71119
2026-04-01 12:59:24,-112.8279,53.4669,18.9,26503.0,-57.3,-88.7,-84.0,1,2,0.01,327,2.6,1.41606149103907,-2.1805434766581024,71119
2026-04-01 12:59:25,-112.8278,53.4668,18.8,26508.0,-57.3,-88.7,-84.0,1,2,0.01,327,2.6,1.41606149103907,-2.1805434766581024,71119
2026-04-01 12:59:26,-112.8278,53.4668,18.8,26513.0,-57.3,-88.8,-84.0,1,2,0.01,327,2.7,1.470525394540573,-2.264410533452645,71119
2026-04-01 12:59:27,-112.8277,53.4668,18.8,26517.0,-57.3,-88.8,-84.0,1,2,0.01,327,2.7,1.470525394540573,-2.264410533452645,71119
2026-04-01 12:59:28,-112.8277,53.4668,18.8,26522.0,-57.3,-88.8,-84.0,1,2,0.01,327,2.8,1.5249892980420754,-2.348277590247187,71119
2026-04-01 12:59:29,-112.8277,53.4668,18.8,26526.0,-57.3,-88.8,-84.0,1,2,0.01,327,2.8,1.5249892980420754,-2.348277590247187,71119
2026-04-01 12:59:30,-112.8277,53.4668,18.8,26531.0,-57.3,-88.8,-84.0,1,2,0.01,328,2.8,1.483773939852974,-2.3745346692379923,71119
2026-04-01 12:59:31,-112.8277,53.4668,18.8,26536.0,-57.3,-88.8,-84.0,1,2,0.01,328,2.8,1.483773939852974,-2.3745346692379923,71119
2026-04-01 12:59:32,-112.8277,53.4668,18.7,26542.0,-57.3,-88.8,-84.0,1,2,0.01,328,2.9,1.5367658662762944,-2.459339478853635,71119
2026-04-01 12:59:33,-112.8277,53.4667,18.7,26546.0,-57.2,-88.8,-84.0,1,2,0.01,328,2.9,1.5367658662762944,-2.459339478853635,71119
2026-04-01 12:59:34,-112.8276,53.4667,18.7,26550.0,-57.2,-88.8,-84.0,1,2,0.01,328,2.9,1.5367658662762944,-2.459339478853635,71119
2026-04-01 12:59:35,-112.8276,53.4667,18.7,26555.0,-57.2,-88.8,-84.0,1,2,0.01,329,2.9,1.493610417239158,-2.4857851720361253,71119
2026-04-01 12:59:36,-112.8276,53.4666,18.7,26560.0,-57.2,-88.8,-84.0,1,2,0.01,329,2.9,1.493610417239158,-2.4857851720361253,71119
2026-04-01 12:59:37,-112.8275,53.4666,18.7,26565.0,-57.2,-88.8,-84.0,1,2,0.01,330,2.9,1.4500000000000013,-2.5114736709748713,71119
2026-04-01 12:59:38,-112.8275,53.4666,18.7,26570.0,-57.2,-88.8,-84.0,1,2,0.01,331,2.9,1.405947898714377,-2.5363971507042478,71119
2026-04-01 12:59:39,-112.8274,53.4666,18.6,26574.0,-57.2,-88.8,-84.0,1,2,0.01,331,2.9,1.405947898714377,-2.5363971507042478,71119
2026-04-01 12:59:40,-112.8274,53.4666,18.6,26579.0,-57.2,-88.8,-84.0,1,2,0.01,332,2.9,1.3614675320790832,-2.5605480192908883,71119
2026-04-01 12:59:41,-112.8274,53.4665,18.6,26585.0,-57.2,-88.8,-84.0,1,2,0.01,333,2.9,1.3165724492446862,-2.5839189201462665,71119
2026-04-01 12:59:42,-112.8274,53.4665,18.6,26590.0,-57.2,-88.7,-84.0,1,2,0.01,334,2.9,1.2712763256883255,-2.6065027342675835,71119
2026-04-01 12:59:43,-112.8274,53.4665,18.6,26595.0,-57.2,-88.7,-84.0,1,2,0.01,335,2.9,1.2255929590480277,-2.628292582406285,71119
2026-04-01 12:59:44,-112.8274,53.4664,18.6,26599.0,-57.2,-88.7,-84.0,1,2,0.01,336,2.9,1.1795362649198204,-2.6492818271635423,71119
2026-04-01 12:59:45,-112.8274,53.4664,18.6,26604.0,-57.2,-88.7,-84.0,1,2,0.01,337,2.9,1.1331202726188943,-2.6694640750120766,71119
2026-04-01 12:59:46,-112.8274,53.4664,18.5,26609.0,-57.2,-88.7,-84.0,1,2,0.01,339,2.9,1.0392670536813722,-2.7073832368418844,71119
2026-04-01 12:59:47,-112.8274,53.4664,18.5,26614.0,-57.2,-88.7,-84.0,1,2,0.01,340,2.9,0.9918584156444389,-2.7251086002791345,71119
2026-04-01 12:59:48,-112.8274,53.4664,18.5,26619.0,-57.2,-88.7,-84.0,1,2,0.01,341,2.9,0.9441476479257545,-2.742003869238019,71119
2026-04-01 12:59:49,-112.8274,53.4664,18.5,26624.0,-57.3,-88.7,-84.0,1,2,0.01,343,2.9,0.8478779436959377,-2.773283792292802,71119
2026-04-01 12:59:50,-112.8274,53.4664,18.5,26628.0,-57.3,-88.7,-84.0,1,2,0.01,344,3.0,0.8269120674509969,-2.8837850878149567,71119
2026-04-01 12:59:51,-112.8273,53.4663,18.5,26633.0,-57.3,-88.7,-84.0,1,2,0.01,346,3.0,0.7257656867990037,-2.9108871788279895,71119
2026-04-01 12:59:52,-112.8273,53.4663,18.5,26638.0,-57.3,-88.7,-84.0,1,2,0.01,347,3.0,0.674853163031596,-2.923110194355705,71119
2026-04-01 12:59:53,-112.8273,53.4662,18.4,26643.0,-57.3,-88.7,-84.0,1,2,0.01,349,3.1,0.5915078856672885,-3.0430442686877583,71119
2026-04-01 12:59:54,-112.8272,53.4662,18.4,26648.0,-57.3,-88.7,-84.0,1,2,0.01,350,3.1,0.5383093507674842,-3.052904034337845,71119
2026-04-01 12:59:55,-112.8272,53.4662,18.4,26653.0,-57.3,-88.7,-84.0,1,2,0.01,351,3.1,0.48494684162471646,-3.061833855844927,71119
2026-04-01 12:59:56,-112.8272,53.4661,18.4,26658.0,-57.4,-88.7,-84.0,1,2,0.01,353,3.2,0.38998189889647117,-3.176147685252231,71119
2026-04-01 12:59:57,-112.8272,53.4661,18.4,26662.0,-57.4,-88.7,-84.0,1,2,0.01,354,3.2,0.33449108245649095,-3.1824700651784745,71119
2026-04-01 12:59:58,-112.8272,53.4661,18.4,26666.0,-57.4,-88.7,-84.0,1,2,0.01,356,3.3,0.23019636335561458,-3.2919613658574196,71119
2026-04-01 12:59:59,-112.8272,53.4661,18.4,26669.0,-57.5,-88.7,-84.0,1,2,0.01,357,3.3,0.17270865560171642,-3.2954774646900935,71119
2026-04-01 13:00:00,-112.8272,53.4661,18.4,26674.0,-57.5,-88.8,-84.0,1,2,0.01,359,3.4,0.0593381818867641,-3.3994821635317303,71119
2026-04-01 13:00:01,-112.8273,53.466,18.3,26678.0,-57.6,-88.8,-84.0,1,2,0.01,360,3.4,8.327598234202001e-16,-3.4,71119
2026-04-01 13:00:02,-112.8273,53.466,18.3,26684.0,-57.6,-88.8,-84.1,1,2,0.01,2,3.5,-0.12214823845875339,-3.497867894566835,71119
2026-04-01 13:00:03,-112.8273,53.466,18.3,26690.0,-57.6,-88.8,-84.1,1,2,0.01,3,3.5,-0.18317584685030341,-3.4952033716410082,71119
2026-04-01 13:00:04,-112.8273,53.4659,18.3,26695.0,-57.6,-88.8,-84.1,1,2,0.01,5,3.6,-0.3137606738915694,-3.586300913130284,71119
2026-04-01 13:00:05,-112.8273,53.4659,18.3,26700.0,-57.6,-88.8,-84.0,1,2,0.01,6,3.6,-0.37630246776355253,-3.580278823325784,71119
2026-04-01 13:00:06,-112.8273,53.4658,18.3,26706.0,-57.6,-88.8,-84.0,1,2,0.01,8,3.7,-0.5149404735522422,-3.6639918543438106,71119
2026-04-01 13:00:07,-112.8273,53.4658,18.2,26711.0,-57.6,-88.8,-84.0,1,2,0.01,9,3.7,-0.5788075206488542,-3.6544468602020097,71119
2026-04-01 13:00:08,-112.8272,53.4658,18.2,26716.0,-57.6,-88.8,-84.0,1,2,0.01,11,3.7,-0.7059932828932158,-3.632020578756357,71119
2026-04-01 13:00:09,-112.8272,53.4657,18.2,26720.0,-57.6,-88.8,-84.0,1,2,0.01,12,3.8,-0.7900644251074854,-3.7169608827884613,71119
2026-04-01 13:00:10,-112.8272,53.4657,18.2,26724.0,-57.6,-88.8,-84.0,1,2,0.01,14,3.8,-0.9193032032787374,-3.6871237598487863,71119
2026-04-01 13:00:11,-112.8272,53.4657,18.2,26729.0,-57.7,-88.8,-84.1,1,2,0.01,15,3.8,-0.9835123713895788,-3.6705181398984594,71119
2026-04-01 13:00:12,-112.8272,53.4656,18.2,26734.0,-57.7,-88.9,-84.1,1,2,0.01,17,3.8,-1.1110124779463997,-3.6339580726595346,71119
2026-04-01 13:00:13,-112.8273,53.4656,18.2,26739.0,-57.8,-88.9,-84.2,1,2,0.01,18,3.9,-1.205166278062295,-3.7091204135510987,71119
2026-04-01 13:00:14,-112.8273,53.4655,18.1,26744.0,-57.8,-89.0,-84.2,1,2,0.01,19,3.9,-1.2697158023829112,-3.687522444837336,71119
2026-04-01 13:00:15,-112.8274,53.4655,18.1,26750.0,-57.9,-89.0,-84.2,1,2,0.01,21,3.9,-1.3976350032266711,-3.6409636633390865,71119
2026-04-01 13:00:16,-112.8274,53.4654,18.1,26755.0,-57.9,-89.0,-84.3,1,2,0.01,22,3.8,-1.4235050549804655,-3.523298647353792,71119
2026-04-01 13:00:17,-112.8275,53.4654,18.1,26760.0,-57.9,-89.0,-84.3,1,2,0.01,23,3.8,-1.4847782882592402,-3.497918443119273,71119
2026-04-01 13:00:18,-112.8275,53.4654,18.1,26765.0,-57.9,-89.0,-84.3,1,2,0.01,24,3.8,-1.5455992436880408,-3.471472739041883,71119
2026-04-01 13:00:19,-112.8276,53.4654,18.1,26770.0,-57.9,-89.1,-84.3,1,2,0.01,26,3.8,-1.6658103577984942,-3.4154173759368347,71119
2026-04-01 13:00:20,-112.8276,53.4654,18.1,26774.0,-57.8,-89.0,-84.3,1,2,0.01,27,3.7,-1.6797648490363233,-3.2967241394969613,71119
2026-04-01 13:00:21,-112.8276,53.4653,18.1,26779.0,-57.8,-89.0,-84.3,1,2,0.01,28,3.7,-1.7370447823077961,-3.26690609357803,71119
2026-04-01 13:00:22,-112.8277,53.4653,18.0,26784.0,-57.7,-89.0,-84.3,1,2,0.01,29,3.6,-1.7453146328868134,-3.1486309457018247,71119
2026-04-01 13:00:23,-112.8277,53.4652,18.0,26789.0,-57.7,-89.0,-84.3,1,2,0.01,30,3.5,-1.7499999999999998,-3.0310889132455356,71119
2026-04-01 13:00:24,-112.8277,53.4652,18.0,26794.0,-57.7,-89.0,-84.2,1,2,0.01,31,3.4,-1.751129454694184,-2.914368822387182,71119
2026-04-01 13:00:25,-112.8278,53.4651,18.0,26800.0,-57.6,-89.0,-84.3,1,2,0.01,32,3.3,-1.748733571969576,-2.7985587173162054,71119
2026-04-01 13:00:26,-112.8278,53.4651,18.0,26806.0,-57.6,-89.0,-84.3,1,2,0.01,34,3.2,-1.7894172911063901,-2.652920232176134,71119
2026-04-01 13:00:27,-112.8278,53.4651,18.0,26810.0,-57.6,-89.1,-84.3,1,2,0.01,35,3.1,-1.7780869526882428,-2.539371337295875,71119
2026-04-01 13:00:28,-112.8278,53.4651,17.9,26815.0,-57.6,-89.1,-84.3,1,2,0.01,36,3.0,-1.7633557568774194,-2.4270509831248424,71119
2026-04-01 13:00:29,-112.8279,53.4651,17.9,26819.0,-57.6,-89.1,-84.3,1,2,0.01,37,2.9,-1.74526356714094,-2.316042979137149,71119
2026-04-01 13:00:30,-112.8279,53.4651,17.9,26824.0,-57.6,-89.1,-84.3,1,2,0.01,39,2.8,-1.7620970949395445,-2.1760086920795185,71119
2026-04-01 13:00:31,-112.8279,53.4651,17.9,26828.0,-57.6,-89.1,-84.3,1,2,0.01,40,2.6,-1.671247785185002,-1.9917155521093428,71119
2026-04-01 13:00:32,-112.828,53.465,17.9,26833.0,-57.5,-89.1,-84.3,1,2,0.01,42,2.5,-1.6728265158971456,-1.8578620636934855,71119
2026-04-01 13:00:33,-112.828,53.465,17.9,26838.0,-57.5,-89.1,-84.3,1,2,0.01,44,2.4,-1.6671800891015933,-1.7264155208127627,71119
2026-04-01 13:00:34,-112.828,53.465,17.9,26843.0,-57.5,-89.1,-84.4,1,2,0.01,46,2.3,-1.6544815407788973,-1.5977142520556935,71119
2026-04-01 13:00:35,-112.8281,53.465,17.9,26848.0,-57.5,-89.1,-84.4,1,2,0.01,48,2.1,-1.560604133502528,-1.4051742733536023,71119
2026-04-01 13:00:36,-112.8281,53.465,17.8,26854.0,-57.5,-89.1,-84.4,1,2,0.01,51,2.0,-1.5542919229139418,-1.2586407820996748,71119
2026-04-01 13:00:37,-112.8281,53.465,17.8,26858.0,-57.5,-89.2,-84.4,1,2,0.01,54,1.9,-1.5371322893124,-1.1167919793556988,71119
2026-04-01 13:00:38,-112.8281,53.465,17.8,26863.0,-57.5,-89.2,-84.4,1,2,0.01,58,1.8,-1.5264865730815667,-0.9538546756197689,71119
2026-04-01 13:00:39,-112.8281,53.465,17.8,26867.0,-57.5,-89.2,-84.4,1,2,0.01,62,1.7,-1.5010109078601757,-0.7981016567360144,71119
2026-04-01 13:00:40,-112.8281,53.465,17.8,26872.0,-57.5,-89.2,-84.5,1,2,0.01,66,1.6,-1.4616727322281615,-0.6507786289212804,71119
2026-04-01 13:00:41,-112.8281,53.465,17.8,26878.0,-57.5,-89.2,-84.5,1,2,0.01,71,1.6,-1.5128297209589068,-0.5209090471314508,71119
2026-04-01 13:00:42,-112.828,53.4649,17.8,26883.0,-57.5,-89.2,-84.5,1,2,0.01,76,1.5,-1.4554435894139948,-0.3628828433995015,71119
2026-04-01 13:00:43,-112.828,53.4649,17.7,26888.0,-57.4,-89.2,-84.5,1,2,0.01,81,1.5,-1.4815325108927067,-0.23465169756034637,71119
2026-04-01 13:00:44,-112.8281,53.4649,17.7,26893.0,-57.4,-89.2,-84.5,1,2,0.01,86,1.5,-1.4963460753897362,-0.10463471061618784,71119
2026-04-01 13:00:45,-112.8281,53.4649,17.7,26898.0,-57.4,-89.2,-84.5,1,2,0.01,91,1.5,-1.499771542734587,0.026178609655925215,71119
2026-04-01 13:00:46,-112.8281,53.465,17.7,26902.0,-57.3,-89.2,-84.5,1,2,0.01,96,1.5,-1.4917828430524098,0.15679269490148035,71119
2026-04-01 13:00:47,-112.8282,53.465,17.7,26907.0,-57.3,-89.2,-84.4,1,2,0.01,100,1.5,-1.477211629518312,0.26047226650039546,71119
2026-04-01 13:00:48,-112.8282,53.465,17.7,26912.0,-57.3,-89.2,-84.4,1,2,0.01,105,1.5,-1.4488887394336025,0.3882285676537813,71119
2026-04-01 13:00:49,-112.8283,53.465,17.7,26917.0,-57.2,-89.2,-84.4,1,2,0.01,109,1.5,-1.4182778633989752,0.48835223168573494,71119
2026-04-01 13:00:50,-112.8283,53.465,17.6,26923.0,-57.2,-89.2,-84.4,1,2,0.01,112,1.6,-1.48349416730686,0.5993705494654593,71119
2026-04-01 13:00:51,-112.8284,53.465,17.6,26928.0,-57.2,-89.1,-84.4,1,2,0.01,115,1.6,-1.4500924592586402,0.676189218785119,71119
2026-04-01 13:00:52,-112.8284,53.465,17.6,26934.0,-57.1,-89.1,-84.4,1,2,0.01,118,1.7,-1.5010109078601757,0.7981016567360145,71119
2026-04-01 13:00:53,-112.8284,53.465,17.6,26940.0,-57.1,-89.1,-84.3,1,2,0.01,121,1.7,-1.457184411193591,0.8755647273470922,71119
2026-04-01 13:00:54,-112.8284,53.465,17.6,26945.0,-57.1,-89.1,-84.3,1,2,0.01,123,1.7,-1.425739965507221,0.9258863595255462,71119
2026-04-01 13:00:55,-112.8285,53.465,17.6,26950.0,-57.1,-89.1,-84.3,1,2,0.01,125,1.8,-1.4744736797201852,1.032437585431883,71119
2026-04-01 13:00:56,-112.8285,53.4651,17.6,26954.0,-57.1,-89.1,-84.3,1,2,0.01,127,1.8,-1.4375439180851268,1.0832670416736871,71119
2026-04-01 13:00:57,-112.8285,53.4651,17.5,26959.0,-57.1,-89.1,-84.3,1,2,0.01,129,1.8,-1.3988627306225478,1.1327767038897072,71119
2026-04-01 13:00:58,-112.8285,53.4651,17.5,26963.0,-57.1,-89.1,-84.3,1,2,0.01,131,1.9,-1.433948202423267,1.2465121550819636,71119
2026-04-01 13:00:59,-112.8285,53.4651,17.5,26968.0,-57.1,-89.1,-84.3,1,2,0.01,132,1.9,-1.411975168407049,1.2713481520818306,71119
2026-04-01 13:01:00,-112.8285,53.4651,17.5,26973.0,-57.1,-89.0,-84.3,1,2,0.01,134,1.9,-1.366745620643437,1.319850903872095,71119
2026-04-01 13:01:01,-112.8285,53.4651,17.5,26977.0,-57.1,-89.0,-84.3,1,2,0.01,135,1.9,-1.3435028842544403,1.34350288425444,71119
2026-04-01 13:01:02,-112.8286,53.4651,17.5,26982.0,-57.1,-89.0,-84.3,1,2,0.01,136,1.9,-1.3198509038720945,1.3667456206434374,71119
2026-04-01 13:01:03,-112.8286,53.4651,17.5,26986.0,-57.1,-89.0,-84.2,1,2,0.01,138,1.9,-1.271348152081831,1.4119751684070485,71119
2026-04-01 13:01:04,-112.8286,53.4652,17.4,26992.0,-57.1,-89.0,-84.2,1,2,0.01,139,1.9,-1.2465121550819638,1.4339482024232668,71119
2026-04-01 13:01:05,-112.8286,53.4652,17.4,26997.0,-57.0,-88.9,-84.2,1,2,0.01,140,1.9,-1.221296458404425,1.455484441926058,71119
2026-04-01 13:01:06,-112.8287,53.4652,17.4,27003.0,-57.0,-88.9,-84.2,1,2,0.01,141,1.9,-1.1957087429946909,1.4765773267682447,71119
2026-04-01 13:01:07,-112.8287,53.4652,17.4,27008.0,-57.0,-88.9,-84.1,1,2,0.01,143,1.9,-1.1434485439888915,1.5174074690898565,71119
2026-04-01 13:01:08,-112.8287,53.4653,17.4,27013.0,-57.0,-88.9,-84.1,1,2,0.01,144,1.9,-1.116791979355699,1.5371322893124,71119
2026-04-01 13:01:09,-112.8287,53.4653,17.4,27018.0,-57.1,-88.9,-84.1,1,2,0.01,145,1.9,-1.0897952290669872,1.5563888841490845,71119
2026-04-01 13:01:10,-112.8287,53.4653,17.4,27023.0,-57.1,-88.9,-84.1,1,2,0.01,146,1.9,-1.0624665165944192,1.575171387854579,71119
2026-04-01 13:01:11,-112.8287,53.4653,17.4,27028.0,-57.1,-88.9,-84.1,1,2,0.01,147,1.9,-1.0348141665285517,1.5934740790963053,71119
2026-04-01 13:01:12,-112.8287,53.4653,17.3,27033.0,-57.1,-88.9,-84.1,1,2,0.01,148,1.9,-1.0068466020430895,1.6112913826972093,71119
2026-04-01 13:01:13,-112.8287,53.4653,17.3,27038.0,-57.1,-88.9,-84.1,1,2,0.01,149,1.9,-0.9785723423291033,1.6286178713340131,71119
2026-04-01 13:01:14,-112.8287,53.4653,17.3,27044.0,-57.2,-88.9,-84.1,1,2,0.01,150,1.9,-0.9499999999999998,1.6454482671904336,71119
2026-04-01 13:01:15,-112.8287,53.4653,17.3,27049.0,-57.1,-88.8,-84.1,1,2,0.01,152,1.8,-0.8450488130146032,1.5893056671460686,71119
2026-04-01 13:01:16,-112.8287,53.4653,17.3,27054.0,-57.1,-88.8,-84.1,1,2,0.01,153,1.8,-0.8171828995311844,1.603811743539062,71119
2026-04-01 13:01:17,-112.8287,53.4654,17.3,27059.0,-57.1,-88.8,-84.0,1,2,0.01,154,1.8,-0.7890680642203391,1.6178292833385006,71119
2026-04-01 13:01:18,-112.8288,53.4654,17.2,27064.0,-57.1,-88.8,-84.0,1,2,0.01,155,1.8,-0.7607128711332591,1.63135401666597,71119
2026-04-01 13:01:19,-112.8288,53.4654,17.2,27068.0,-57.2,-88.8,-84.0,1,2,0.01,157,1.7,-0.6642429184317654,1.5648582508691486,71119
2026-04-01 13:01:20,-112.8288,53.4654,17.2,27073.0,-57.2,-88.8,-84.0,1,2,0.01,158,1.7,-0.6368312088070508,1.5762125527635384,71119
2026-04-01 13:01:21,-112.8289,53.4654,17.2,27078.0,-57.2,-88.8,-84.0,1,2,0.01,160,1.6,-0.5472322293210702,1.5035081932574534,71119
2026-04-01 13:01:22,-112.8289,53.4654,17.2,27084.0,-57.2,-88.8,-84.0,1,2,0.01,162,1.6,-0.49442719099991606,1.5216904260722457,71119
2026-04-01 13:01:23,-112.8289,53.4654,17.2,27089.0,-57.3,-88.8,-84.0,1,2,0.01,164,1.5,-0.41345603372549883,1.4418925439074783,71119
2026-04-01 13:01:24,-112.8289,53.4654,17.2,27094.0,-57.3,-88.8,-84.0,1,2,0.01,166,1.5,-0.3628828433995016,1.4554435894139948,71119
2026-04-01 13:01:25,-112.8289,53.4655,17.1,27100.0,-57.3,-88.8,-84.0,1,2,0.01,169,1.4,-0.26713259352716295,1.3742780568267294,71119
2026-04-01 13:01:26,-112.8289,53.4655,17.1,27105.0,-57.3,-88.7,-84.0,1,2,0.01,172,1.4,-0.19484234134409145,1.3863752962381983,71119
2026-04-01 13:01:27,-112.8289,53.4655,17.1,27110.0,-57.3,-88.7,-84.0,1,2,0.01,176,1.3,-0.09068341586736318,1.2968332653377714,71119
2026-04-01 13:01:28,-112.8289,53.4656,17.1,27115.0,-57.3,-88.7,-84.0,1,2,0.01,180,1.3,-1.5920408388915593e-16,1.3,71119
2026-04-01 13:01:29,-112.8289,53.4656,17.1,27120.0,-57.4,-88.7,-83.9,1,2,0.01,184,1.2,0.08370776849295032,1.197076860311789,71119
2026-04-01 13:01:30,-112.8289,53.4656,17.1,27126.0,-57.4,-88.7,-83.9,1,2,0.01,189,1.2,0.18772135804827686,1.1852260087141653,71119
2026-04-01 13:01:31,-112.8289,53.4656,17.1,27131.0,-57.4,-88.7,-83.9,1,2,0.01,195,1.1,0.2847009496127729,1.0625184089179753,71119
2026-04-01 13:01:32,-112.8289,53.4656,17.1,27137.0,-57.4,-88.7,-83.9,1,2,0.01,201,1.1,0.3942047444998305,1.0269384691469219,71119
2026-04-01 13:01:33,-112.8289,53.4656,17.0,27142.0,-57.4,-88.7,-83.9,1,2,0.01,208,1.1,0.51641871906448,0.9712423521448197,71119
2026-04-01 13:01:34,-112.8289,53.4656,17.0,27147.0,-57.4,-88.7,-83.9,1,2,0.01,215,1.1,0.6309340799861508,0.901067248717891,71119
2026-04-01 13:01:35,-112.8289,53.4656,17.0,27153.0,-57.5,-88.7,-83.9,1,2,0.01,221,1.1,0.7216649318895578,0.8301805382450494,71119
2026-04-01 13:01:36,-112.8289,53.4656,17.0,27158.0,-57.5,-88.7,-83.9,1,2,0.01,228,1.1,0.8174593080251339,0.736043666994744,71119
2026-04-01 13:01:37,-112.8288,53.4656,17.0,27164.0,-57.5,-88.7,-83.9,1,2,0.01,234,1.2,0.9708203932499367,0.7053423027509679,71119
2026-04-01 13:01:38,-112.8288,53.4656,17.0,27169.0,-57.6,-88.7,-83.9,1,2,0.01,239,1.2,1.0286007608425345,0.6180456898920652,71119
2026-04-01 13:01:39,-112.8288,53.4657,16.9,27175.0,-57.6,-88.7,-83.9,1,2,0.01,244,1.3,1.168432260188917,0.5698824908258011,71119
2026-04-01 13:01:40,-112.8288,53.4657,16.9,27180.0,-57.7,-88.7,-84.0,1,2,0.01,248,1.4,1.2980573963935023,0.5244492307822772,71119
2026-04-01 13:01:41,-112.8287,53.4656,16.9,27185.0,-57.7,-88.7,-84.0,1,2,0.01,251,1.5,1.4182778633989752,0.48835223168573494,71119
2026-04-01 13:01:42,-112.8287,53.4656,16.9,27191.0,-57.7,-88.7,-84.0,1,2,0.01,254,1.6,1.5380187135013106,0.4410197693071982,71119
2026-04-01 13:01:43,-112.8287,53.4656,16.9,27195.0,-57.8,-88.7,-84.0,1,2,0.01,257,1.7,1.6564291101348998,0.38241679238457094,71119
2026-04-01 13:01:44,-112.8286,53.4656,16.9,27200.0,-57.8,-88.7,-84.0,1,2,0.01,259,1.8,1.7669289302057951,0.3434561916777803,71119
2026-04-01 13:01:45,-112.8286,53.4656,16.9,27204.0,-57.8,-88.7,-84.0,1,2,0.01,261,1.9,1.8766078471307615,0.29722548357643896,71119
2026-04-01 13:01:46,-112.8286,53.4656,16.9,27209.0,-57.8,-88.7,-84.0,1,2,0.01,262,2.0,1.9805361374831405,0.27834620192013165,71119
2026-04-01 13:01:47,-112.8285,53.4656,16.9,27214.0,-57.8,-88.7,-83.9,1,2,0.01,263,2.1,2.0843469184467764,0.2559256211508091,71119
2026-04-01 13:01:48,-112.8285,53.4656,16.8,27219.0,-57.9,-88.7,-83.9,1,2,0.01,264,2.2,2.1879481698102015,0.2299626191888374,71119
2026-04-01 13:01:49,-112.8285,53.4656,16.8,27224.0,-57.9,-88.7,-83.9,1,2,0.01,265,2.3,2.2912478056110146,0.20045820831961395,71119
2026-04-01 13:01:50,-112.8285,53.4656,16.8,27229.0,-57.9,-88.7,-83.9,1,2,0.01,265,2.4,2.3908672754201894,0.2091737825943798,71119
2026-04-01 13:01:51,-112.8284,53.4656,16.8,27234.0,-57.9,-88.7,-83.9,1,2,0.01,266,2.5,2.4939101256495606,0.17439118436031395,71119
2026-04-01 13:01:52,-112.8284,53.4656,16.8,27239.0,-58.0,-88.7,-84.0,1,2,0.01,266,2.6,2.593666530675543,0.1813668317347265,71119
2026-04-01 13:01:53,-112.8284,53.4656,16.8,27245.0,-58.0,-88.7,-84.0,1,2,0.01,266,2.6,2.593666530675543,0.1813668317347265,71119
2026-04-01 13:01:54,-112.8283,53.4656,16.8,27250.0,-58.1,-88.7,-84.0,1,2,0.01,267,2.7,2.6962997438373497,0.14130708185594965,71119
2026-04-01 13:01:55,-112.8283,53.4656,16.7,27256.0,-58.1,-88.8,-84.0,1,2,0.01,267,2.8,2.7961626973128064,0.14654067748024405,71119
2026-04-01 13:01:56,-112.8282,53.4656,16.7,27261.0,-58.2,-88.8,-84.0,1,2,0.01,267,2.9,2.896025650788264,0.15177427310453848,71119
2026-04-01 13:01:57,-112.8281,53.4656,16.7,27266.0,-58.2,-88.8,-84.1,1,2,0.01,267,3.0,2.9958886042637216,0.15700786872883293,71119
2026-04-01 13:01:58,-112.8281,53.4656,16.7,27270.0,-58.3,-88.9,-84.1,1,2,0.01,267,3.1,3.0957515577391788,0.16224146435312736,71119
2026-04-01 13:01:59,-112.828,53.4656,16.7,27274.0,-58.3,-88.9,-84.1,1,2,0.01,267,3.2,3.1956145112146364,0.1674750599774218,71119
2026-04-01 13:02:00,-112.828,53.4656,16.7,27279.0,-58.4,-88.9,-84.1,1,2,0.01,268,3.2,3.1980506464611067,0.11167838944800244,71119
2026-04-01 13:02:01,-112.8279,53.4656,16.7,27284.0,-58.4,-88.9,-84.2,1,2,0.01,268,3.3,3.297989729163016,0.1151683391182525,71119
2026-04-01 13:02:02,-112.8279,53.4656,16.6,27290.0,-58.4,-88.9,-84.2,1,2,0.01,268,3.4,3.3979288118649253,0.11865828878850258,71119
2026-04-01 13:02:03,-112.8278,53.4656,16.6,27295.0,-58.5,-89.0,-84.2,1,2,0.01,269,3.5,3.4994669330473696,0.061083422530492246,71119
2026-04-01 13:02:04,-112.8278,53.4656,16.6,27301.0,-58.5,-89.0,-84.2,1,2,0.01,269,3.5,3.4994669330473696,0.061083422530492246,71119
2026-04-01 13:02:05,-112.8277,53.4656,16.6,27306.0,-58.5,-89.0,-84.3,1,2,0.01,270,3.6,3.6,6.613092715395707e-16,71119
2026-04-01 13:02:06,-112.8277,53.4656,16.6,27312.0,-58.6,-89.0,-84.3,1,2,0.01,271,3.7,3.6994364720786477,-0.06457390381794759,71119
2026-04-01 13:02:07,-112.8276,53.4657,16.6,27317.0,-58.6,-89.1,-84.3,1,2,0.01,271,3.7,3.6994364720786477,-0.06457390381794759,71119
2026-04-01 13:02:08,-112.8275,53.4657,16.6,27322.0,-58.6,-89.1,-84.3,1,2,0.01,272,3.8,3.7976851426725635,-0.13261808746950488,71119
2026-04-01 13:02:09,-112.8274,53.4657,16.6,27326.0,-58.6,-89.1,-84.4,1,2,0.01,273,3.8,3.7947922320673806,-0.19887663372318698,71119
2026-04-01 13:02:10,-112.8274,53.4657,16.5,27332.0,-58.6,-89.1,-84.4,1,2,0.01,274,3.9,3.8904997960133145,-0.27205024760208835,71119
2026-04-01 13:02:11,-112.8273,53.4657,16.5,27337.0,-58.6,-89.2,-84.4,1,2,0.01,275,3.9,3.8851593225578074,-0.3399073967158658,71119
2026-04-01 13:02:12,-112.8272,53.4657,16.5,27343.0,-58.6,-89.2,-84.4,1,2,0.01,276,4.0,3.9780875814730936,-0.41811385307061194,71119
2026-04-01 13:02:13,-112.8272,53.4656,16.5,27348.0,-58.6,-89.2,-84.4,1,2,0.01,277,4.0,3.970184606565288,-0.48747737362059074,71119
2026-04-01 13:02:14,-112.8271,53.4656,16.5,27353.0,-58.7,-89.2,-84.5,1,2,0.01,278,4.1,4.0600990818404386,-0.5706097139362684,71119
2026-04-01 13:02:15,-112.8271,53.4656,16.5,27358.0,-58.6,-89.2,-84.5,1,2,0.01,279,4.1,4.049522196440065,-0.6413813066649457,71119
2026-04-01 13:02:16,-112.827,53.4656,16.4,27364.0,-58.6,-89.2,-84.5,1,2,0.01,281,4.1,4.024671452135421,-0.7823168810438349,71119
2026-04-01 13:02:17,-112.827,53.4656,16.4,27369.0,-58.6,-89.2,-84.5,1,2,0.01,282,4.2,4.108219923081983,-0.8732291014345898,71119
2026-04-01 13:02:18,-112.8269,53.4656,16.4,27375.0,-58.5,-89.2,-84.5,1,2,0.01,283,4.2,4.092354272097988,-0.9447944282442327,71119
2026-04-01 13:02:19,-112.8269,53.4656,16.4,27380.0,-58.5,-89.2,-84.4,1,2,0.01,284,4.2,4.0752420503591855,-1.0160719615186034,71119
2026-04-01 13:02:20,-112.8268,53.4656,16.4,27385.0,-58.4,-89.2,-84.4,1,2,0.01,286,4.2,4.037299122940939,-1.1576768944313975,71119
2026-04-01 13:02:21,-112.8268,53.4656,16.4,27391.0,-58.4,-89.2,-84.4,1,2,0.01,287,4.2,4.016479975044749,-1.2279611598354943,71119
2026-04-01 13:02:22,-112.8267,53.4656,16.4,27396.0,-58.4,-89.2,-84.4,1,2,0.01,288,4.2,3.9944373684396455,-1.2978713763747785,71119
2026-04-01 13:02:23,-112.8266,53.4656,16.4,27400.0,-58.4,-89.2,-84.5,1,2,0.01,290,4.3,4.040678269379406,-1.4706866163003767,71119
2026-04-01 13:02:24,-112.8266,53.4655,16.3,27405.0,-58.4,-89.3,-84.5,1,2,0.01,291,4.3,4.014395833937967,-1.5409821830447916,71119
2026-04-01 13:02:25,-112.8265,53.4655,16.3,27410.0,-58.4,-89.3,-84.5,1,2,0.01,293,4.2,3.8661203845002503,-1.6410707396549487,71119
2026-04-01 13:02:26,-112.8264,53.4655,16.3,27415.0,-58.4,-89.3,-84.6,1,2,0.01,294,4.2,3.8368909220989247,-1.708293900918359,71119
2026-04-01 13:02:27,-112.8263,53.4655,16.3,27421.0,-58.4,-89.3,-84.6,1,2,0.01,296,4.2,3.7749349944565016,-1.8411588165141253,71119
2026-04-01 13:02:28,-112.8262,53.4655,16.3,27426.0,-58.4,-89.4,-84.6,1,2,0.01,297,4.2,3.7422274015911454,-1.906760098906096,71119
2026-04-01 13:02:29,-112.8261,53.4655,16.3,27432.0,-58.4,-89.4,-84.6,1,2,0.01,299,4.2,3.673402769985462,-2.0362004050346165,71119
2026-04-01 13:02:30,-112.8261,53.4654,16.3,27438.0,-58.4,-89.4,-84.6,1,2,0.01,300,4.1,3.550704155516198,-2.0500000000000003,71119
2026-04-01 13:02:31,-112.826,53.4654,16.2,27444.0,-58.3,-89.3,-84.6,1,2,0.01,302,4.1,3.476997194241347,-2.172668983356139,71119
2026-04-01 13:02:32,-112.826,53.4654,16.2,27449.0,-58.3,-89.4,-84.6,1,2,0.01,304,4.1,3.3990540474756705,-2.2926909042300627,71119
2026-04-01 13:02:33,-112.8259,53.4653,16.2,27454.0,-58.3,-89.4,-84.6,1,2,0.01,305,4.0,3.276608177155967,-2.294305745404184,71119
2026-04-01 13:02:34,-112.8259,53.4653,16.2,27459.0,-58.4,-89.4,-84.6,1,2,0.01,307,4.0,3.1945420401891726,-2.4072600926081917,71119
2026-04-01 13:02:35,-112.8259,53.4652,16.2,27463.0,-58.4,-89.4,-84.7,1,2,0.01,309,4.0,3.108583845827883,-2.51728156419935,71119
2026-04-01 13:02:36,-112.8258,53.4652,16.2,27468.0,-58.4,-89.4,-84.7,1,2,0.01,311,3.9,2.9433673628688117,-2.5586302130629774,71119
2026-04-01 13:02:37,-112.8258,53.4652,16.2,27472.0,-58.4,-89.4,-84.7,1,2,0.01,313,3.9,2.852279436314764,-2.659793604243745,71119
2026-04-01 13:02:38,-112.8258,53.4652,16.2,27477.0,-58.3,-89.4,-84.7,1,2,0.01,314,3.8,2.7334912412868744,-2.6397018077441894,71119
2026-04-01 13:02:39,-112.8258,53.4652,16.1,27482.0,-58.3,-89.4,-84.7,1,2,0.01,316,3.8,2.6397018077441907,-2.733491241286873,71119
2026-04-01 13:02:40,-112.8257,53.4652,16.1,27487.0,-58.3,-89.4,-84.7,1,2,0.01,318,3.8,2.5426963041636608,-2.8239503368140983,71119
2026-04-01 13:02:41,-112.8257,53.4652,16.1,27492.0,-58.3,-89.4,-84.6,1,2,0.01,321,3.8,2.3914174859893835,-2.953154653536488,71119
2026-04-01 13:02:42,-112.8257,53.4651,16.1,27497.0,-58.3,-89.4,-84.6,1,2,0.01,323,3.7,2.226715585662579,-2.9549513871749835,71119
2026-04-01 13:02:43,-112.8256,53.4651,16.1,27502.0,-58.3,-89.4,-84.7,1,2,0.01,325,3.7,2.1222328144988722,-3.030862563869269,71119
2026-04-01 13:02:44,-112.8256,53.465,16.1,27506.0,-58.3,-89.4,-84.7,1,2,0.01,327,3.7,2.0151644295556,-3.103081101398069,71119
2026-04-01 13:02:45,-112.8255,53.465,16.1,27510.0,-58.3,-89.4,-84.7,1,2,0.01,329,3.7,1.9056408771672018,-3.1715190125978148,71119
2026-04-01 13:02:46,-112.8255,53.465,16.1,27515.0,-58.4,-89.5,-84.7,1,2,0.01,331,3.7,1.7937955949114466,-3.236092916415765,71119
2026-04-01 13:02:47,-112.8255,53.465,16.1,27520.0,-58.4,-89.5,-84.7,1,2,0.01,333,3.7,1.679764849036324,-3.296724139496961,71119
2026-04-01 13:02:48,-112.8254,53.4649,16.0,27526.0,-58.4,-89.5,-84.8,1,2,0.01,335,3.7,1.563687568440587,-3.3533388120356054,71119
2026-04-01 13:02:49,-112.8254,53.4649,16.0,27531.0,-58.4,-89.5,-84.8,1,2,0.01,337,3.8,1.4847782882592406,-3.4979184431192727,71119
2026-04-01 13:02:50,-112.8254,53.4649,16.0,27536.0,-58.5,-89.6,-84.8,1,2,0.01,339,3.8,1.361798208272143,-3.5476056206893656,71119
2026-04-01 13:02:51,-112.8254,53.4649,16.0,27542.0,-58.5,-89.6,-84.8,1,2,0.01,340,3.8,1.2996765446375407,-3.5708319589864517,71119
2026-04-01 13:02:52,-112.8254,53.4648,16.0,27547.0,-58.4,-89.6,-84.8,1,2,0.01,342,3.9,1.2051662780622958,-3.7091204135510987,71119
2026-04-01 13:02:53,-112.8255,53.4648,16.0,27551.0,-58.4,-89.5,-84.8,1,2,0.01,344,3.9,1.0749856876862958,-3.7489206141594438,71119
2026-04-01 13:02:54,-112.8255,53.4647,16.0,27556.0,-58.4,-89.5,-84.8,1,2,0.01,345,4.0,1.0352761804100827,-3.8637033051562732,71119
2026-04-01 13:02:55,-112.8255,53.4647,15.9,27561.0,-58.3,-89.5,-84.8,1,2,0.01,347,4.0,0.8998042173754613,-3.8974802591409405,71119
2026-04-01 13:02:56,-112.8254,53.4647,15.9,27566.0,-58.3,-89.5,-84.7,1,2,0.01,348,4.1,0.8524379323528154,-4.010405163008603,71119
2026-04-01 13:02:57,-112.8254,53.4646,15.9,27571.0,-58.2,-89.5,-84.7,1,2,0.01,349,4.1,0.782316881043833,-4.024671452135422,71119
2026-04-01 13:02:58,-112.8254,53.4646,15.9,27576.0,-58.2,-89.4,-84.7,1,2,0.01,351,4.2,0.6570247531689707,-4.148291030499578,71119
2026-04-01 13:02:59,-112.8254,53.4646,15.9,27580.0,-58.2,-89.4,-84.7,1,2,0.01,352,4.3,0.5984443341282832,-4.258152695588752,71119
2026-04-01 13:03:00,-112.8253,53.4645,15.9,27585.0,-58.2,-89.4,-84.7,1,2,0.01,353,4.3,0.524038176642133,-4.267948452057685,71119
2026-04-01 13:03:01,-112.8253,53.4645,15.9,27590.0,-58.2,-89.4,-84.7,1,2,0.01,354,4.4,0.45992523837767507,-4.375896339620403,71119
2026-04-01 13:03:02,-112.8253,53.4644,15.9,27595.0,-58.2,-89.4,-84.7,1,2,0.01,355,4.5,0.39220084236446245,-4.482876141412855,71119
2026-04-01 13:03:03,-112.8253,53.4644,15.8,27601.0,-58.2,-89.4,-84.7,1,2,0.01,356,4.6,0.3208797792229779,-4.588794631195191,71119
2026-04-01 13:03:04,-112.8254,53.4643,15.8,27606.0,-58.1,-89.4,-84.7,1,2,0.01,357,4.6,0.24074539871754408,-4.59369585987104,71119
2026-04-01 13:03:05,-112.8254,53.4643,15.8,27611.0,-58.1,-89.4,-84.7,1,2,0.01,358,4.7,0.16402763450175387,-4.6971368869897505,71119
2026-04-01 13:03:06,-112.8254,53.4642,15.8,27617.0,-58.1,-89.4,-84.6,1,2,0.01,359,4.8,0.08377155089896109,-4.799268936750678,71119
2026-04-01 13:03:07,-112.8254,53.4642,15.8,27622.0,-58.1,-89.4,-84.6,1,2,0.01,360,4.8,1.175660927181459e-15,-4.8,71119
2026-04-01 13:03:08,-112.8254,53.4642,15.8,27627.0,-58.0,-89.4,-84.6,1,2,0.01,1,4.9,-0.08551679154268921,-4.899253706266317,71119
2026-04-01 13:03:09,-112.8254,53.4641,15.8,27632.0,-58.0,-89.3,-84.6,1,2,0.01,2,5.0,-0.17449748351250485,-4.9969541350954785,71119
2026-04-01 13:03:10,-112.8254,53.4641,15.8,27637.0,-58.0,-89.3,-84.6,1,2,0.01,2,5.1,-0.17798743318275492,-5.096893217797388,71119
2026-04-01 13:03:11,-112.8254,53.464,15.7,27642.0,-58.0,-89.4,-84.6,1,2,0.01,3,5.1,-0.26691337683901356,-5.093010627248326,71119
2026-04-01 13:03:12,-112.8254,53.464,15.7,27647.0,-58.0,-89.4,-84.6,1,2,0.01,4,5.2,-0.3627336634694516,-5.187333061351086,71119
2026-04-01 13:03:13,-112.8254,53.4639,15.7,27652.0,-58.0,-89.4,-84.6,1,2,0.01,5,5.3,-0.4619254365625883,-5.2798318998862515,71119
2026-04-01 13:03:14,-112.8254,53.4638,15.7,27656.0,-58.0,-89.4,-84.7,1,2,0.01,6,5.4,-0.5644537016453288,-5.370418234988676,71119
2026-04-01 13:03:15,-112.8254,53.4638,15.7,27661.0,-58.1,-89.4,-84.7,1,2,0.01,6,5.4,-0.5644537016453288,-5.370418234988676,71119
2026-04-01 13:03:16,-112.8254,53.4637,15.7,27666.0,-58.1,-89.4,-84.7,1,2,0.01,7,5.5,-0.6702813887283111,-5.459003834027271,71119
2026-04-01 13:03:17,-112.8254,53.4637,15.7,27672.0,-58.1,-89.4,-84.7,1,2,0.01,8,5.6,-0.7793693653763664,-5.545501184952793,71119
2026-04-01 13:03:18,-112.8254,53.4637,15.7,27677.0,-58.1,-89.4,-84.7,1,2,0.01,9,5.7,-0.891676450729316,-5.629823541392286,71119
2026-04-01 13:03:19,-112.8254,53.4636,15.6,27682.0,-58.1,-89.5,-84.7,1,2,0.01,9,5.7,-0.891676450729316,-5.629823541392286,71119
2026-04-01 13:03:20,-112.8255,53.4636,15.6,27687.0,-58.1,-89.5,-84.7,1,2,0.01,10,5.8,-1.007159430468196,-5.711884967470806,71119
2026-04-01 13:03:21,-112.8255,53.4636,15.6,27693.0,-58.1,-89.5,-84.7,1,2,0.01,11,5.9,-1.1257730727216144,-5.791600382341218,71119
2026-04-01 13:03:22,-112.8255,53.4635,15.6,27698.0,-58.1,-89.5,-84.7,1,2,0.01,11,6.0,-1.1448539722592688,-5.889763100685984,71119
2026-04-01 13:03:23,-112.8256,53.4635,15.6,27703.0,-58.0,-89.5,-84.7,1,2,0.01,12,6.1,-1.2682613139883319,-5.966700364476214,71119
2026-04-01 13:03:24,-112.8256,53.4634,15.6,27708.0,-58.0,-89.5,-84.7,1,2,0.01,13,6.2,-1.394696536931963,-6.041094401668459,71119
2026-04-01 13:03:25,-112.8256,53.4633,15.6,27712.0,-58.0,-89.5,-84.7,1,2,0.01,14,6.3,-1.5241079422779067,-6.112863075538778,71119
2026-04-01 13:03:26,-112.8256,53.4633,15.6,27717.0,-58.0,-89.5,-84.7,1,2,0.01,14,6.3,-1.5241079422779067,-6.112863075538778,71119
2026-04-01 13:03:27,-112.8257,53.4632,15.5,27722.0,-58.0,-89.5,-84.7,1,2,0.01,15,6.4,-1.6564418886561327,-6.181925288250038,71119
2026-04-01 13:03:28,-112.8257,53.4632,15.5,27728.0,-57.9,-89.5,-84.7,1,2,0.01,16,6.5,-1.7916428128104946,-6.248201023599073,71119
2026-04-01 13:03:29,-112.8257,53.4631,15.5,27733.0,-57.9,-89.4,-84.7,1,2,0.01,16,6.6,-1.8192065483921944,-6.344327193192904,71119
2026-04-01 13:03:30,-112.8257,53.4631,15.5,27738.0,-57.9,-89.4,-84.7,1,2,0.01,17,6.7,-1.9588904216423364,-6.407241864952337,71119
2026-04-01 13:03:31,-112.8257,53.463,15.5,27744.0,-57.9,-89.4,-84.7,1,2,0.01,18,6.7,-2.0704138623121477,-6.372078659177529,71119
2026-04-01 13:03:32,-112.8257,53.4629,15.5,27749.0,-57.8,-89.4,-84.7,1,2,0.01,19,6.8,-2.2138634503086654,-6.429526314075354,71119
2026-04-01 13:03:33,-112.8258,53.4629,15.5,27754.0,-57.8,-89.4,-84.7,1,2,0.01,19,6.9,-2.2464202657543813,-6.524078171635287,71119
2026-04-01 13:03:34,-112.8258,53.4628,15.4,27758.0,-57.8,-89.4,-84.7,1,2,0.01,20,7.0,-2.394141003279681,-6.5778483455013586,71119
2026-04-01 13:03:35,-112.8258,53.4627,15.4,27763.0,-57.8,-89.4,-84.7,1,2,0.01,21,7.0,-2.5085756468171017,-6.535062985480412,71119
2026-04-01 13:03:36,-112.8259,53.4626,15.4,27767.0,-57.7,-89.4,-84.7,1,2,0.01,22,7.1,-2.659706813252975,-6.583005367424191,71119
2026-04-01 13:03:37,-112.8259,53.4626,15.4,27771.0,-57.7,-89.4,-84.7,1,2,0.01,22,7.1,-2.659706813252975,-6.583005367424191,71119
2026-04-01 13:03:38,-112.826,53.4625,15.4,27776.0,-57.7,-89.4,-84.7,1,2,0.01,23,7.2,-2.813264125122771,-6.62763494485757,71119
2026-04-01 13:03:39,-112.826,53.4625,15.4,27781.0,-57.7,-89.4,-84.7,1,2,0.01,24,7.3,-2.9691774944533416,-6.668881840790986,71119
2026-04-01 13:03:40,-112.8261,53.4624,15.4,27786.0,-57.7,-89.4,-84.7,1,2,0.01,25,7.3,-3.085113310707106,-6.616046845367545,71119
2026-04-01 13:03:41,-112.8261,53.4624,15.4,27792.0,-57.7,-89.4,-84.7,1,2,0.01,26,7.4,-3.243946486239173,-6.651075942613836,71119
2026-04-01 13:03:42,-112.8262,53.4623,15.4,27797.0,-57.7,-89.4,-84.7,1,2,0.01,27,7.4,-3.3595296980726466,-6.593448278993923,71119
2026-04-01 13:03:43,-112.8263,53.4622,15.3,27802.0,-57.6,-89.4,-84.7,1,2,0.01,28,7.4,-3.4740895646155923,-6.53381218715606,71119
2026-04-01 13:03:44,-112.8263,53.4622,15.3,27807.0,-57.6,-89.4,-84.7,1,2,0.01,28,7.5,-3.521036720894181,-6.622106946441953,71119
2026-04-01 13:03:45,-112.8264,53.4621,15.3,27812.0,-57.6,-89.4,-84.6,1,2,0.01,29,7.5,-3.636072151847528,-6.559647803545468,71119
2026-04-01 13:03:46,-112.8264,53.462,15.3,27816.0,-57.5,-89.4,-84.6,1,2,0.01,30,7.6,-3.7999999999999994,-6.581793068761734,71119
2026-04-01 13:03:47,-112.8265,53.4619,15.3,27821.0,-57.5,-89.4,-84.6,1,2,0.01,31,7.6,-3.9142893693164114,-6.5144714853360535,71119
2026-04-01 13:03:48,-112.8265,53.4619,15.3,27826.0,-57.5,-89.4,-84.6,1,2,0.01,32,7.6,-4.027386408172357,-6.445165530788837,71119
2026-04-01 13:03:49,-112.8265,53.4618,15.3,27830.0,-57.5,-89.4,-84.6,1,2,0.01,33,7.7,-4.193720569615708,-6.457763373179765,71119
2026-04-01 13:03:50,-112.8266,53.4618,15.3,27835.0,-57.5,-89.4,-84.6,1,2,0.01,34,7.7,-4.305785356724751,-6.383589308673821,71119
2026-04-01 13:03:51,-112.8267,53.4618,15.2,27840.0,-57.5,-89.4,-84.6,1,2,0.01,35,7.7,-4.416538559903055,-6.307470741025237,71119
2026-04-01 13:03:52,-112.8267,53.4617,15.2,27845.0,-57.5,-89.4,-84.7,1,2,0.01,36,7.8,-4.58472496788129,-6.31033255612459,71119
2026-04-01 13:03:53,-112.8268,53.4617,15.2,27850.0,-57.5,-89.4,-84.7,1,2,0.01,37,7.8,-4.694157180585976,-6.229356978368884,71119
2026-04-01 13:03:54,-112.8269,53.4616,15.2,27855.0,-57.5,-89.4,-84.7,1,2,0.01,37,7.8,-4.694157180585976,-6.229356978368884,71119
2026-04-01 13:03:55,-112.827,53.4615,15.2,27860.0,-57.4,-89.4,-84.6,1,2,0.01,38,7.9,-4.863725655072701,-6.225284953493103,71119
2026-04-01 13:03:56,-112.8271,53.4615,15.2,27865.0,-57.4,-89.4,-84.6,1,2,0.01,39,7.9,-4.971631089293716,-6.139453095510071,71119
2026-04-01 13:03:57,-112.8272,53.4614,15.2,27870.0,-57.4,-89.3,-84.6,1,2,0.01,40,8.0,-5.142300877492314,-6.128355544951824,71119
2026-04-01 13:03:58,-112.8273,53.4614,15.2,27875.0,-57.3,-89.3,-84.6,1,2,0.01,41,8.0,-5.248472231924058,-6.037676641782176,71119
2026-04-01 13:03:59,-112.8274,53.4613,15.2,27880.0,-57.2,-89.3,-84.5,1,2,0.01,41,8.0,-5.248472231924058,-6.037676641782176,71119
2026-04-01 13:04:00,-112.8274,53.4613,15.2,27884.0,-57.2,-89.2,-84.5,1,2,0.01,42,8.1,-5.419957911506751,-6.019473086366893,71119
2026-04-01 13:04:01,-112.8275,53.4613,15.1,27888.0,-57.2,-89.2,-84.5,1,2,0.01,43,8.1,-5.524186716506238,-5.9239649831152805,71119
2026-04-01 13:04:02,-112.8276,53.4612,15.1,27892.0,-57.1,-89.2,-84.4,1,2,0.01,44,8.2,-5.696198637763777,-5.898586362776939,71119
2026-04-01 13:04:03,-112.8276,53.4612,15.1,27897.0,-57.1,-89.2,-84.4,1,2,0.01,44,8.2,-5.696198637763777,-5.898586362776939,71119
2026-04-01 13:04:04,-112.8277,53.4611,15.1,27902.0,-57.1,-89.2,-84.4,1,2,0.01,45,8.3,-5.868986283848344,-5.868986283848345,71119
2026-04-01 13:04:05,-112.8278,53.461,15.1,27907.0,-57.1,-89.2,-84.4,1,2,0.01,46,8.3,-5.970520342810804,-5.765664474809678,71119
2026-04-01 13:04:06,-112.828,53.4609,15.1,27912.0,-57.1,-89.2,-84.4,1,2,0.01,47,8.4,-6.143371093601032,-5.728786224524987,71119
2026-04-01 13:04:07,-112.8281,53.4609,15.1,27916.0,-57.0,-89.1,-84.4,1,2,0.01,47,8.4,-6.143371093601032,-5.728786224524987,71119
2026-04-01 13:04:08,-112.8282,53.4608,15.1,27921.0,-57.0,-89.1,-84.4,1,2,0.01,48,8.5,-6.316731016557851,-5.6876101540502955,71119
2026-04-01 13:04:09,-112.8283,53.4608,15.1,27926.0,-57.0,-89.1,-84.3,1,2,0.01,49,8.5,-6.415031431893562,-5.576501746419312,71119
2026-04-01 13:04:10,-112.8283,53.4607,15.0,27931.0,-57.0,-89.1,-84.3,1,2,0.01,49,8.6,-6.490502389915839,-5.642107649318362,71119
2026-04-01 13:04:11,-112.8284,53.4607,15.0,27936.0,-57.0,-89.1,-84.3,1,2,0.01,50,8.6,-6.587982210823211,-5.527973443304238,71119
2026-04-01 13:04:12,-112.8285,53.4607,15.0,27940.0,-57.0,-89.0,-84.3,1,2,0.01,51,8.7,-6.761169864675646,-5.4750874021335845,71119
2026-04-01 13:04:13,-112.8286,53.4606,15.0,27944.0,-57.0,-89.0,-84.3,1,2,0.01,51,8.7,-6.761169864675646,-5.4750874021335845,71119
2026-04-01 13:04:14,-112.8287,53.4606,15.0,27949.0,-57.0,-89.0,-84.3,1,2,0.01,52,8.8,-6.934494631739154,-5.417820982865793,71119
2026-04-01 13:04:15,-112.8288,53.4605,15.0,27953.0,-57.0,-89.0,-84.3,1,2,0.01,52,8.8,-6.934494631739154,-5.417820982865793,71119
2026-04-01 13:04:16,-112.8289,53.4605,15.0,27957.0,-57.0,-89.0,-84.3,1,2,0.01,53,8.9,-7.1078560394209065,-5.35615370605323,71119
2026-04-01 13:04:17,-112.8291,53.4604,15.0,27961.0,-57.0,-89.0,-84.3,1,2,0.01,54,8.9,-7.200251249937033,-5.2312887454030115,71119
2026-04-01 13:04:18,-112.8292,53.4603,14.9,27965.0,-57.0,-89.0,-84.2,1,2,0.01,54,9.0,-7.281152949374527,-5.2900672706322585,71119
2026-04-01 13:04:19,-112.8293,53.4603,14.9,27969.0,-57.0,-89.0,-84.2,1,2,0.01,55,9.0,-7.372368398600926,-5.162187927159414,71119
2026-04-01 13:04:20,-112.8295,53.4603,14.9,27973.0,-57.1,-89.0,-84.2,1,2,0.01,55,9.1,-7.454283603029825,-5.219545570794518,71119
2026-04-01 13:04:21,-112.8296,53.4602,14.9,27978.0,-57.1,-89.0,-84.2,1,2,0.01,56,9.1,-7.5442419102508795,-5.088655421583796,71119
2026-04-01 13:04:22,-112.8297,53.4602,14.9,27982.0,-57.1,-89.0,-84.2,1,2,0.01,56,9.1,-7.5442419102508795,-5.088655421583796,71119
2026-04-01 13:04:23,-112.8298,53.4602,14.9,27986.0,-57.1,-89.0,-84.2,1,2,0.01,57,9.2,-7.715769225097901,-5.0106791221382485,71119
2026-04-01 13:04:24,-112.8299,53.4601,14.9,27991.0,-57.1,-89.0,-84.2,1,2,0.01,58,9.2,-7.802042484639118,-4.8752572309454845,71119
2026-04-01 13:04:25,-112.83,53.4601,14.9,27996.0,-57.1,-89.0,-84.2,1,2,0.01,58,9.2,-7.802042484639118,-4.8752572309454845,71119
2026-04-01 13:04:26,-112.8302,53.46,14.9,28001.0,-57.2,-89.0,-84.2,1,2,0.01,59,9.3,-7.971655896529645,-4.789854096663504,71119
2026-04-01 13:04:27,-112.8303,53.46,14.9,28006.0,-57.2,-89.0,-84.2,1,2,0.01,59,9.3,-7.971655896529645,-4.789854096663504,71119
2026-04-01 13:04:28,-112.8304,53.4599,14.8,28010.0,-57.2,-89.0,-84.2,1,2,0.01,60,9.3,-8.05403625519528,-4.650000000000001,71119
2026-04-01 13:04:29,-112.8305,53.4598,14.8,28015.0,-57.1,-89.0,-84.2,1,2,0.01,60,9.3,-8.05403625519528,-4.650000000000001,71119
2026-04-01 13:04:30,-112.8306,53.4598,14.8,28019.0,-57.1,-89.0,-84.2,1,2,0.01,61,9.3,-8.133963276396381,-4.508729468290936,71119
2026-04-01 13:04:31,-112.8307,53.4597,14.8,28024.0,-57.1,-89.0,-84.2,1,2,0.01,61,9.3,-8.133963276396381,-4.508729468290936,71119
2026-04-01 13:04:32,-112.8309,53.4597,14.8,28029.0,-57.1,-89.0,-84.2,1,2,0.01,62,9.3,-8.21141261358802,-4.366085533908786,71119
2026-04-01 13:04:33,-112.831,53.4597,14.8,28034.0,-57.1,-89.0,-84.2,1,2,0.01,63,9.3,-8.286360674951823,-4.222111647577786,71119
2026-04-01 13:04:34,-112.8311,53.4597,14.8,28039.0,-57.2,-89.0,-84.2,1,2,0.01,63,9.3,-8.286360674951823,-4.222111647577786,71119
2026-04-01 13:04:35,-112.8312,53.4596,14.8,28044.0,-57.2,-89.0,-84.2,1,2,0.01,64,9.3,-8.358784630582253,-4.07685166513842,71119
2026-04-01 13:04:36,-112.8314,53.4596,14.8,28048.0,-57.2,-89.0,-84.2,1,2,0.01,64,9.3,-8.358784630582253,-4.07685166513842,71119
2026-04-01 13:04:37,-112.8315,53.4595,14.8,28053.0,-57.2,-89.0,-84.2,1,2,0.01,65,9.3,-8.428662419440846,-3.930349834188505,71119
2026-04-01 13:04:38,-112.8317,53.4595,14.7,28057.0,-57.2,-89.0,-84.2,1,2,0.01,65,9.3,-8.428662419440846,-3.930349834188505,71119
2026-04-01 13:04:39,-112.8318,53.4595,14.7,28062.0,-57.1,-89.0,-84.2,1,2,0.01,66,9.2,-8.404618210311927,-3.7419771162973614,71119
2026-04-01 13:04:40,-112.832,53.4594,14.7,28067.0,-57.1,-88.9,-84.2,1,2,0.01,67,9.2,-8.468644651762451,-3.594726382101318,71119
2026-04-01 13:04:41,-112.8321,53.4594,14.7,28072.0,-57.0,-88.9,-84.2,1,2,0.01,67,9.2,-8.468644651762451,-3.594726382101318,71119
2026-04-01 13:04:42,-112.8322,53.4594,14.7,28077.0,-57.0,-88.9,-84.1,1,2,0.01,68,9.2,-8.530091462014443,-3.44638065942639,71119
2026-04-01 13:04:43,-112.8323,53.4594,14.7,28082.0,-57.0,-88.9,-84.1,1,2,0.01,68,9.1,-8.437373076557765,-3.4089200000847986,71119
2026-04-01 13:04:44,-112.8324,53.4593,14.7,28086.0,-57.0,-88.9,-84.1,1,2,0.01,69,9.1,-8.495581881124535,-3.2611483408622335,71119
2026-04-01 13:04:45,-112.8325,53.4593,14.7,28090.0,-57.0,-88.9,-84.1,1,2,0.01,69,9.0,-8.402223838474816,-3.2253115459077035,71119
2026-04-01 13:04:46,-112.8327,53.4593,14.7,28095.0,-57.0,-88.9,-84.1,1,2,0.01,70,9.0,-8.457233587073175,-3.0781812899310195,71119
2026-04-01 13:04:47,-112.8328,53.4592,14.6,28100.0,-57.0,-88.9,-84.2,1,2,0.01,70,8.9,-8.363264324994585,-3.0439792755984527,71119
2026-04-01 13:04:48,-112.833,53.4592,14.6,28105.0,-57.0,-88.9,-84.2,1,2,0.01,71,8.9,-8.41511532283392,-2.897556574668695,71119
2026-04-01 13:04:49,-112.8331,53.4592,14.6,28110.0,-57.0,-89.0,-84.2,1,2,0.01,71,8.8,-8.320563465273988,-2.8649997592229797,71119
2026-04-01 13:04:50,-112.8333,53.4592,14.6,28116.0,-57.0,-89.0,-84.2,1,2,0.01,71,8.7,-8.226011607714055,-2.8324429437772634,71119
2026-04-01 13:04:51,-112.8334,53.4591,14.6,28122.0,-57.0,-89.0,-84.2,1,2,0.01,72,8.7,-8.274191691767834,-2.6884478510620426,71119
2026-04-01 13:04:52,-112.8335,53.4591,14.6,28128.0,-57.0,-89.0,-84.2,1,2,0.01,72,8.6,-8.17908604013832,-2.657546151624548,71119
2026-04-01 13:04:53,-112.8336,53.4591,14.6,28134.0,-57.0,-89.0,-84.2,1,2,0.01,72,8.5,-8.083980388508804,-2.6266444521870533,71119
2026-04-01 13:04:54,-112.8337,53.4591,14.6,28139.0,-57.0,-89.0,-84.2,1,2,0.01,72,8.4,-7.98887473687929,-2.5957427527495587,71119
2026-04-01 13:04:55,-112.8338,53.4591,14.5,28144.0,-57.0,-89.0,-84.2,1,2,0.01,73,8.3,-7.937329474493195,-2.4266851491987156,71119
2026-04-01 13:04:56,-112.834,53.4591,14.5,28150.0,-56.9,-89.0,-84.2,1,2,0.01,73,8.2,-7.84169899889689,-2.3974479787264413,71119
2026-04-01 13:04:57,-112.8341,53.459,14.5,28155.0,-56.9,-89.0,-84.2,1,2,0.01,73,8.1,-7.746068523300587,-2.3682108082541675,71119
2026-04-01 13:04:58,-112.8342,53.459,14.5,28160.0,-56.9,-89.0,-84.2,1,2,0.01,73,8.0,-7.6504380477042835,-2.338973637781894,71119
2026-04-01 13:04:59,-112.8343,53.459,14.5,28165.0,-56.9,-88.9,-84.2,1,2,0.01,73,7.9,-7.55480757210798,-2.309736467309621,71119
2026-04-01 13:05:00,-112.8345,53.4589,14.5,28170.0,-56.9,-88.9,-84.2,1,2,0.01,73,7.8,-7.459177096511676,-2.2804992968373465,71119
2026-04-01 13:05:01,-112.8346,53.4589,14.5,28176.0,-56.8,-88.9,-84.2,1,2,0.01,73,7.6,-7.267916145319069,-2.2220249558927994,71119
2026-04-01 13:05:02,-112.8347,53.4589,14.4,28181.0,-56.8,-88.9,-84.1,1,2,0.01,73,7.5,-7.172285669722766,-2.192787785420526,71119
2026-04-01 13:05:03,-112.8348,53.4589,14.4,28186.0,-56.8,-88.9,-84.1,1,2,0.01,73,7.4,-7.076655194126462,-2.163550614948252,71119
2026-04-01 13:05:04,-112.8349,53.4589,14.4,28190.0,-56.8,-88.9,-84.1,1,2,0.01,72,7.2,-6.8476069173251055,-2.224922359499622,71119
2026-04-01 13:05:05,-112.835,53.4589,14.4,28194.0,-56.8,-88.8,-84.1,1,2,0.01,72,7.1,-6.75250126569559,-2.194020660062127,71119
2026-04-01 13:05:06,-112.8351,53.4589,14.4,28199.0,-56.7,-88.8,-84.1,1,2,0.01,72,6.9,-6.56228996243656,-2.1322172611871375,71119
2026-04-01 13:05:07,-112.8352,53.4588,14.4,28205.0,-56.7,-88.8,-84.0,1,2,0.01,71,6.8,-6.429526314075353,-2.213863450308666,71119
2026-04-01 13:05:08,-112.8353,53.4588,14.4,28210.0,-56.7,-88.8,-84.0,1,2,0.01,71,6.6,-6.24042259895549,-2.1487498194172345,71119
2026-04-01 13:05:09,-112.8354,53.4588,14.4,28216.0,-56.7,-88.8,-84.0,1,2,0.01,70,6.5,-6.108002035108404,-2.2231309316168475,71119
2026-04-01 13:05:10,-112.8355,53.4588,14.4,28221.0,-56.7,-88.8,-84.0,1,2,0.01,70,6.3,-5.9200635109512225,-2.1547269029517135,71119
2026-04-01 13:05:11,-112.8356,53.4588,14.3,28226.0,-56.7,-88.8,-84.0,1,2,0.01,69,6.1,-5.69484060163293,-2.186044492226332,71119
2026-04-01 13:05:12,-112.8356,53.4587,14.3,28232.0,-56.8,-88.8,-84.0,1,2,0.01,69,6.0,-5.601482558983211,-2.150207697271802,71119
2026-04-01 13:05:13,-112.8357,53.4587,14.3,28237.0,-56.8,-88.8,-84.0,1,2,0.01,68,5.8,-5.377666356487367,-2.1727182418122895,71119
2026-04-01 13:05:14,-112.8357,53.4587,14.3,28241.0,-56.8,-88.8,-84.1,1,2,0.01,67,5.7,-5.246877664678911,-2.2271674323888604,71119
2026-04-01 13:05:15,-112.8358,53.4587,14.3,28246.0,-56.9,-88.8,-84.1,1,2,0.01,67,5.5,-5.062776693988422,-2.1490212066910055,71119
2026-04-01 13:05:16,-112.8358,53.4587,14.3,28250.0,-56.9,-88.8,-84.1,1,2,0.01,66,5.4,-4.933145471270045,-2.1963778726093213,71119
2026-04-01 13:05:17,-112.8359,53.4587,14.3,28255.0,-56.9,-88.8,-84.1,1,2,0.01,65,5.2,-4.7128004925905795,-2.197614961051637,71119
2026-04-01 13:05:18,-112.836,53.4587,14.3,28260.0,-56.9,-88.8,-84.1,1,2,0.01,65,5.1,-4.622169713886914,-2.155353134877567,71119
2026-04-01 13:05:19,-112.8361,53.4586,14.3,28266.0,-56.9,-88.8,-84.1,1,2,0.01,64,5.0,-4.493970231495835,-2.1918557339453875,71119
2026-04-01 13:05:20,-112.8362,53.4586,14.2,28271.0,-56.9,-88.8,-84.1,1,2,0.01,63,4.8,-4.276831316104166,-2.1791543987498248,71119
2026-04-01 13:05:21,-112.8363,53.4586,14.2,28276.0,-57.0,-88.8,-84.1,1,2,0.01,63,4.7,-4.187730663685329,-2.1337553487758703,71119
2026-04-01 13:05:22,-112.8363,53.4585,14.2,28282.0,-57.0,-88.8,-84.1,1,2,0.01,62,4.6,-4.061558927151063,-2.1595691888150976,71119
2026-04-01 13:05:23,-112.8364,53.4585,14.2,28288.0,-57.0,-88.8,-84.1,1,2,0.01,62,4.5,-3.973264167865171,-2.112622032536509,71119
2026-04-01 13:05:24,-112.8364,53.4585,14.2,28293.0,-57.0,-88.8,-84.1,1,2,0.01,61,4.4,-3.8483267114133417,-2.1331623290838833,71119
2026-04-01 13:05:25,-112.8364,53.4585,14.2,28297.0,-57.0,-88.8,-84.1,1,2,0.01,61,4.3,-3.7608647406994016,-2.0846813670592494,71119
2026-04-01 13:05:26,-112.8364,53.4585,14.2,28301.0,-57.0,-88.8,-84.1,1,2,0.01,61,4.2,-3.6734027699854623,-2.036200405034616,71119
2026-04-01 13:05:27,-112.8364,53.4585,14.2,28305.0,-57.1,-88.8,-84.1,1,2,0.01,61,4.2,-3.6734027699854623,-2.036200405034616,71119
2026-04-01 13:05:28,-112.8364,53.4584,14.2,28310.0,-57.1,-88.8,-84.1,1,2,0.01,61,4.1,-3.585940799271522,-1.987719443009982,71119
2026-04-01 13:05:29,-112.8365,53.4584,14.2,28315.0,-57.0,-88.8,-84.1,1,2,0.01,62,4.1,-3.6200851307215998,-1.9248334074221523,71119
2026-04-01 13:05:30,-112.8365,53.4584,14.1,28320.0,-57.0,-88.8,-84.0,1,2,0.01,62,4.0,-3.5317903714357075,-1.8778862511435634,71119
2026-04-01 13:05:31,-112.8366,53.4584,14.1,28325.0,-57.0,-88.8,-84.0,1,2,0.01,62,4.0,-3.5317903714357075,-1.8778862511435634,71119
2026-04-01 13:05:32,-112.8367,53.4583,14.1,28331.0,-57.0,-88.8,-84.0,1,2,0.01,63,3.9,-3.4749254443346347,-1.7705629489842327,71119
2026-04-01 13:05:33,-112.8368,53.4583,14.1,28337.0,-57.0,-88.7,-84.0,1,2,0.01,64,3.9,-3.5052967805667508,-1.709647472477402,71119
2026-04-01 13:05:34,-112.8368,53.4583,14.1,28343.0,-56.9,-88.7,-84.0,1,2,0.01,65,3.9,-3.5346003694429347,-1.6482112207887278,71119
2026-04-01 13:05:35,-112.8368,53.4583,14.1,28348.0,-56.9,-88.7,-83.9,1,2,0.01,66,3.9,-3.562827284806143,-1.5862729079956208,71119
2026-04-01 13:05:36,-112.8369,53.4583,14.1,28353.0,-56.9,-88.7,-83.9,1,2,0.01,67,3.9,-3.5899689284645175,-1.5238514011081674,71119
2026-04-01 13:05:37,-112.8369,53.4583,14.1,28358.0,-56.9,-88.7,-83.9,1,2,0.01,68,3.9,-3.616017032810471,-1.4609657143220567,71119
2026-04-01 13:05:38,-112.8369,53.4583,14.0,28363.0,-57.0,-88.7,-83.9,1,2,0.01,69,3.9,-3.6409636633390865,-1.3976350032266716,71119
2026-04-01 13:05:39,-112.837,53.4583,14.0,28368.0,-57.0,-88.7,-84.0,1,2,0.01,70,4.0,-3.7587704831436333,-1.3680805733026753,71119
2026-04-01 13:05:40,-112.8371,53.4582,14.0,28374.0,-57.0,-88.7,-84.0,1,2,0.01,71,4.0,-3.782074302397267,-1.302272617828627,71119
2026-04-01 13:05:41,-112.8371,53.4582,14.0,28379.0,-57.0,-88.7,-84.0,1,2,0.01,72,4.0,-3.804226065180614,-1.2360679774997898,71119
2026-04-01 13:05:42,-112.8372,53.4582,14.0,28383.0,-57.0,-88.8,-84.0,1,2,0.01,74,4.0,-3.8450467837532756,-1.1025494232679967,71119
2026-04-01 13:05:43,-112.8373,53.4582,14.0,28388.0,-57.0,-88.8,-84.0,1,2,0.01,75,4.1,-3.96029588778518,-1.061158084920335,71119
2026-04-01 13:05:44,-112.8373,53.4582,14.0,28393.0,-57.1,-88.8,-84.0,1,2,0.01,76,4.1,-3.978212477731585,-0.9918797719586374,71119
2026-04-01 13:05:45,-112.8374,53.4582,14.0,28398.0,-57.1,-88.8,-84.0,1,2,0.01,76,4.1,-3.978212477731585,-0.9918797719586374,71119
2026-04-01 13:05:46,-112.8375,53.4582,13.9,28404.0,-57.1,-88.8,-84.0,1,2,0.01,77,4.1,-3.9949172656194643,-0.9222993228098461,71119
2026-04-01 13:05:47,-112.8375,53.4582,13.9,28409.0,-57.1,-88.8,-84.1,1,2,0.01,78,4.2,-4.108219923081983,-0.8732291014345898,71119
2026-04-01 13:05:48,-112.8376,53.4582,13.9,28415.0,-57.1,-88.8,-84.1,1,2,0.01,79,4.2,-4.122834170480189,-0.8013977805814887,71119
2026-04-01 13:05:49,-112.8377,53.4582,13.9,28420.0,-57.1,-88.9,-84.1,1,2,0.01,79,4.2,-4.122834170480189,-0.8013977805814887,71119
2026-04-01 13:05:50,-112.8378,53.4582,13.9,28424.0,-57.1,-88.9,-84.1,1,2,0.01,80,4.2,-4.136192562651273,-0.7293223462011078,71119
2026-04-01 13:05:51,-112.8379,53.4581,13.9,28429.0,-57.1,-88.9,-84.2,1,2,0.01,80,4.2,-4.136192562651273,-0.7293223462011078,71119
2026-04-01 13:05:52,-112.8379,53.4581,13.9,28434.0,-57.2,-89.0,-84.2,1,2,0.01,80,4.2,-4.136192562651273,-0.7293223462011078,71119
2026-04-01 13:05:53,-112.838,53.4581,13.9,28440.0,-57.2,-89.0,-84.2,1,2,0.01,80,4.2,-4.136192562651273,-0.7293223462011078,71119
2026-04-01 13:05:54,-112.8381,53.4581,13.9,28446.0,-57.2,-89.0,-84.3,1,2,0.01,81,4.2,-4.148291030499578,-0.6570247531689699,71119
2026-04-01 13:05:55,-112.8382,53.4582,13.8,28451.0,-57.2,-89.1,-84.3,1,2,0.01,81,4.2,-4.148291030499578,-0.6570247531689699,71119
2026-04-01 13:05:56,-112.8382,53.4582,13.8,28457.0,-57.2,-89.1,-84.3,1,2,0.01,80,4.2,-4.136192562651273,-0.7293223462011078,71119
2026-04-01 13:05:57,-112.8382,53.4582,13.8,28462.0,-57.2,-89.1,-84.3,1,2,0.01,80,4.2,-4.136192562651273,-0.7293223462011078,71119
2026-04-01 13:05:58,-112.8383,53.4582,13.8,28466.0,-57.1,-89.1,-84.3,1,2,0.01,80,4.2,-4.136192562651273,-0.7293223462011078,71119
2026-04-01 13:05:59,-112.8384,53.4582,13.8,28472.0,-57.1,-89.1,-84.3,1,2,0.01,80,4.2,-4.136192562651273,-0.7293223462011078,71119
2026-04-01 13:06:00,-112.8384,53.4582,13.8,28477.0,-57.0,-89.1,-84.3,1,2,0.01,79,4.2,-4.122834170480189,-0.8013977805814887,71119
2026-04-01 13:06:01,-112.8385,53.4582,13.8,28483.0,-57.0,-89.1,-84.4,1,2,0.01,79,4.2,-4.122834170480189,-0.8013977805814887,71119
2026-04-01 13:06:02,-112.8386,53.4582,13.8,28488.0,-57.0,-89.1,-84.4,1,2,0.01,79,4.2,-4.122834170480189,-0.8013977805814887,71119
2026-04-01 13:06:03,-112.8386,53.4582,13.8,28493.0,-56.9,-89.1,-84.4,1,2,0.01,78,4.2,-4.108219923081983,-0.8732291014345898,71119
2026-04-01 13:06:04,-112.8387,53.4581,13.7,28498.0,-56.9,-89.1,-84.4,1,2,0.01,78,4.2,-4.108219923081983,-0.8732291014345898,71119
2026-04-01 13:06:05,-112.8387,53.4581,13.7,28503.0,-56.8,-89.1,-84.4,1,2,0.01,77,4.2,-4.092354272097988,-0.9447944282442327,71119
2026-04-01 13:06:06,-112.8387,53.4581,13.7,28508.0,-56.7,-89.1,-84.4,1,2,0.01,77,4.2,-4.092354272097988,-0.9447944282442327,71119
2026-04-01 13:06:07,-112.8388,53.4581,13.7,28513.0,-56.6,-89.1,-84.3,1,2,0.01,76,4.2,-4.0752420503591855,-1.0160719615186042,71119
2026-04-01 13:06:08,-112.8388,53.4581,13.7,28518.0,-56.5,-89.1,-84.3,1,2,0.01,76,4.2,-4.0752420503591855,-1.0160719615186042,71119
2026-04-01 13:06:09,-112.8388,53.4581,13.7,28523.0,-56.5,-89.1,-84.3,1,2,0.01,75,4.3,-4.153481053042993,-1.1129218939408392,71119
2026-04-01 13:06:10,-112.8389,53.4581,13.7,28528.0,-56.4,-89.0,-84.3,1,2,0.01,75,4.3,-4.153481053042993,-1.1129218939408392,71119
2026-04-01 13:06:11,-112.839,53.4581,13.7,28533.0,-56.3,-89.0,-84.2,1,1,0.01,75,4.3,-4.153481053042993,-1.1129218939408392,71119
2026-04-01 13:06:12,-112.8391,53.458,13.7,28539.0,-56.2,-89.0,-84.2,1,1,0.01,75,4.4,-4.250073635671901,-1.1388037984510913,71119
2026-04-01 13:06:13,-112.8392,53.458,13.7,28544.0,-56.1,-89.0,-84.2,1,1,0.01,74,4.4,-4.229551462128604,-1.2128043655947964,71119
2026-04-01 13:06:14,-112.8392,53.458,13.6,28549.0,-56.1,-88.9,-84.2,1,1,0.01,74,4.5,-4.325677631722435,-1.2403681011764962,71119
2026-04-01 13:06:15,-112.8393,53.458,13.6,28555.0,-56.0,-88.9,-84.2,1,1,0.01,74,4.5,-4.325677631722435,-1.2403681011764962,71119
2026-04-01 13:06:16,-112.8394,53.458,13.6,28561.0,-56.0,-88.9,-84.2,1,1,0.01,74,4.6,-4.421803801316266,-1.267931836758196,71119
2026-04-01 13:06:17,-112.8394,53.458,13.6,28566.0,-55.9,-88.9,-84.2,1,1,0.01,75,4.6,-4.443258800929714,-1.1905676074715954,71119
2026-04-01 13:06:18,-112.8395,53.458,13.6,28572.0,-55.9,-88.9,-84.2,1,1,0.01,75,4.7,-4.539851383558621,-1.2164495119818475,71119
2026-04-01 13:06:19,-112.8395,53.458,13.6,28577.0,-55.9,-88.9,-84.2,1,1,0.01,75,4.7,-4.539851383558621,-1.2164495119818475,71119
2026-04-01 13:06:20,-112.8396,53.458,13.6,28582.0,-55.9,-88.9,-84.2,1,1,0.01,75,4.7,-4.539851383558621,-1.2164495119818475,71119
2026-04-01 13:06:21,-112.8396,53.4579,13.6,28588.0,-55.9,-88.9,-84.2,1,1,0.01,75,4.8,-4.636443966187528,-1.2423314164920995,71119
2026-04-01 13:06:22,-112.8397,53.4579,13.5,28593.0,-55.9,-88.9,-84.1,1,1,0.01,76,4.8,-4.657419486124783,-1.1612250988784047,71119
2026-04-01 13:06:23,-112.8398,53.4579,13.5,28598.0,-55.9,-88.9,-84.1,1,1,0.01,76,4.9,-4.754449058752383,-1.1854172884383718,71119
2026-04-01 13:06:24,-112.8399,53.4579,13.5,28604.0,-55.9,-88.9,-84.1,1,1,0.01,77,4.9,-4.774413317447653,-1.1022601662849383,71119
2026-04-01 13:06:25,-112.84,53.4579,13.5,28609.0,-55.9,-88.9,-84.1,1,1,0.01,77,4.9,-4.774413317447653,-1.1022601662849383,71119
2026-04-01 13:06:26,-112.8401,53.4579,13.5,28615.0,-55.9,-88.9,-84.1,1,1,0.01,78,5.0,-4.890738003669028,-1.0395584540887972,71119
2026-04-01 13:06:27,-112.8402,53.4579,13.5,28620.0,-55.8,-88.8,-84.1,1,1,0.01,78,5.0,-4.890738003669028,-1.0395584540887972,71119
2026-04-01 13:06:28,-112.8403,53.4579,13.5,28626.0,-55.8,-88.8,-84.0,1,1,0.01,78,5.0,-4.890738003669028,-1.0395584540887972,71119
2026-04-01 13:06:29,-112.8403,53.4579,13.5,28631.0,-55.8,-88.7,-84.0,1,1,0.01,79,5.0,-4.90813591723832,-0.9540449768827246,71119
2026-04-01 13:06:30,-112.8404,53.4579,13.4,28636.0,-55.7,-88.7,-83.9,1,1,0.01,79,5.0,-4.90813591723832,-0.9540449768827246,71119
2026-04-01 13:06:31,-112.8404,53.4579,13.4,28642.0,-55.7,-88.7,-83.9,1,1,0.01,80,5.0,-4.92403876506104,-0.8682408883346521,71119
2026-04-01 13:06:32,-112.8405,53.4579,13.4,28647.0,-55.7,-88.6,-83.9,1,1,0.01,81,5.0,-4.938441702975689,-0.7821723252011547,71119
2026-04-01 13:06:33,-112.8406,53.4578,13.4,28652.0,-55.7,-88.6,-83.8,1,1,0.01,81,5.0,-4.938441702975689,-0.7821723252011547,71119
2026-04-01 13:06:34,-112.8406,53.4578,13.4,28657.0,-55.7,-88.6,-83.8,1,1,0.01,81,5.0,-4.938441702975689,-0.7821723252011547,71119
2026-04-01 13:06:35,-112.8407,53.4578,13.4,28662.0,-55.7,-88.6,-83.8,1,1,0.01,82,4.9,-4.852313536833695,-0.6819481947043208,71119
2026-04-01 13:06:36,-112.8408,53.4577,13.4,28667.0,-55.7,-88.6,-83.8,1,2,0.01,82,4.9,-4.852313536833695,-0.6819481947043208,71119
2026-04-01 13:06:37,-112.8409,53.4577,13.4,28672.0,-55.8,-88.6,-83.8,1,2,0.01,83,4.9,-4.863476143042478,-0.5971597826852227,71119
2026-04-01 13:06:38,-112.841,53.4577,13.4,28678.0,-55.8,-88.5,-83.8,1,2,0.01,83,4.8,-4.7642215278783455,-0.584972848344708,71119
2026-04-01 13:06:39,-112.8411,53.4578,13.3,28683.0,-55.8,-88.5,-83.8,1,2,0.01,83,4.8,-4.7642215278783455,-0.584972848344708,71119
2026-04-01 13:06:40,-112.8412,53.4578,13.3,28688.0,-55.8,-88.5,-83.8,1,2,0.01,84,4.7,-4.674252908230884,-0.49128377735797124,71119
2026-04-01 13:06:41,-112.8413,53.4578,13.3,28693.0,-55.9,-88.5,-83.8,1,2,0.01,84,4.6,-4.574800718694057,-0.4808309310312059,71119
2026-04-01 13:06:42,-112.8414,53.4578,13.3,28698.0,-55.9,-88.5,-83.7,1,2,0.01,84,4.6,-4.574800718694057,-0.4808309310312059,71119
2026-04-01 13:06:43,-112.8414,53.4578,13.3,28704.0,-55.9,-88.5,-83.7,1,2,0.01,84,4.5,-4.4753485291572295,-0.47037808470444054,71119
2026-04-01 13:06:44,-112.8415,53.4578,13.3,28709.0,-55.9,-88.5,-83.7,1,2,0.01,84,4.4,-4.375896339620403,-0.45992523837767524,71119
2026-04-01 13:06:45,-112.8416,53.4578,13.3,28715.0,-55.9,-88.4,-83.7,1,2,0.01,84,4.3,-4.276444150083575,-0.44947239205090983,71119
2026-04-01 13:06:46,-112.8416,53.4578,13.3,28721.0,-55.9,-88.4,-83.7,1,2,0.01,84,4.2,-4.176991960546748,-0.43901954572414453,71119
2026-04-01 13:06:47,-112.8417,53.4578,13.3,28727.0,-55.9,-88.4,-83.6,1,2,0.01,84,4.1,-4.07753977100992,-0.4285666993973791,71119
2026-04-01 13:06:48,-112.8417,53.4578,13.2,28732.0,-55.9,-88.4,-83.6,1,2,0.01,84,4.0,-3.978087581473093,-0.41811385307061383,71119
2026-04-01 13:06:49,-112.8417,53.4578,13.2,28737.0,-55.9,-88.4,-83.6,1,2,0.01,83,3.9,-3.8709299914011557,-0.4752904392800752,71119
2026-04-01 13:06:50,-112.8418,53.4578,13.2,28741.0,-55.9,-88.3,-83.6,1,2,0.01,83,3.8,-3.7716753762370234,-0.46310350493956043,71119
2026-04-01 13:06:51,-112.8418,53.4578,13.2,28745.0,-55.9,-88.3,-83.6,1,2,0.01,82,3.6,-3.5649650474696535,-0.5010231634562357,71119
2026-04-01 13:06:52,-112.8419,53.4578,13.2,28750.0,-55.9,-88.3,-83.5,1,2,0.01,82,3.5,-3.4659382405954964,-0.48710585336022916,71119
2026-04-01 13:06:53,-112.842,53.4577,13.2,28755.0,-55.9,-88.3,-83.5,1,2,0.01,81,3.4,-3.3581403580234683,-0.5318771811367852,71119
2026-04-01 13:06:54,-112.8421,53.4577,13.2,28760.0,-55.9,-88.3,-83.5,1,2,0.01,80,3.3,-3.249865584940286,-0.5730389863008704,71119
2026-04-01 13:06:55,-112.8421,53.4577,13.2,28766.0,-55.9,-88.3,-83.5,1,2,0.01,79,3.2,-3.141206987032525,-0.6105887852049438,71119
2026-04-01 13:06:56,-112.8422,53.4577,13.2,28771.0,-56.0,-88.3,-83.5,1,2,0.01,78,3.1,-3.0322575622747974,-0.6445262415350543,71119
2026-04-01 13:06:57,-112.8423,53.4577,13.2,28776.0,-56.0,-88.3,-83.5,1,2,0.01,77,3.0,-2.9231101943557056,-0.6748531630315948,71119
2026-04-01 13:06:58,-112.8423,53.4577,13.1,28782.0,-56.0,-88.3,-83.6,1,2,0.01,76,3.0,-2.9108871788279895,-0.725765686799003,71119
2026-04-01 13:06:59,-112.8423,53.4577,13.1,28787.0,-56.1,-88.3,-83.6,1,2,0.01,74,2.9,-2.787658918221125,-0.7993483318692975,71119
2026-04-01 13:07:00,-112.8423,53.4577,13.1,28792.0,-56.1,-88.4,-83.6,1,2,0.01,73,2.8,-2.677653316696499,-0.8186407732236629,71119
2026-04-01 13:07:01,-112.8423,53.4577,13.1,28797.0,-56.2,-88.4,-83.6,1,2,0.01,72,2.8,-2.6629582456264296,-0.8652475842498528,71119
2026-04-01 13:07:02,-112.8423,53.4577,13.1,28802.0,-56.2,-88.4,-83.6,1,2,0.01,71,2.7,-2.5529001541181553,-0.8790340170343233,71119
2026-04-01 13:07:03,-112.8423,53.4577,13.1,28808.0,-56.2,-88.4,-83.7,1,2,0.01,70,2.7,-2.5371700761219524,-0.9234543869793059,71119
2026-04-01 13:07:04,-112.8423,53.4577,13.1,28814.0,-56.3,-88.4,-83.7,1,2,0.01,69,2.6,-2.4273091088927248,-0.931756668817781,71119
2026-04-01 13:07:05,-112.8423,53.4576,13.1,28820.0,-56.3,-88.4,-83.7,1,2,0.01,68,2.6,-2.410678021873647,-0.9739771428813712,71119
2026-04-01 13:07:06,-112.8424,53.4576,13.1,28824.0,-56.3,-88.4,-83.7,1,2,0.01,67,2.6,-2.393312618976345,-1.0159009340721117,71119
2026-04-01 13:07:07,-112.8424,53.4576,13.1,28830.0,-56.3,-88.4,-83.7,1,2,0.01,66,2.5,-2.283863644106502,-1.0168416076895006,71119
2026-04-01 13:07:08,-112.8425,53.4576,13.0,28835.0,-56.2,-88.4,-83.7,1,2,0.01,66,2.5,-2.283863644106502,-1.0168416076895006,71119
2026-04-01 13:07:09,-112.8425,53.4576,13.0,28841.0,-56.2,-88.4,-83.7,1,2,0.01,65,2.5,-2.2657694675916247,-1.0565456543517486,71119
2026-04-01 13:07:10,-112.8426,53.4576,13.0,28847.0,-56.2,-88.4,-83.7,1,2,0.01,65,2.5,-2.2657694675916247,-1.0565456543517486,71119
2026-04-01 13:07:11,-112.8426,53.4576,13.0,28852.0,-56.2,-88.4,-83.7,1,2,0.01,65,2.5,-2.2657694675916247,-1.0565456543517486,71119
2026-04-01 13:07:12,-112.8426,53.4576,13.0,28856.0,-56.2,-88.4,-83.7,1,2,0.01,65,2.5,-2.2657694675916247,-1.0565456543517486,71119
2026-04-01 13:07:13,-112.8426,53.4576,13.0,28861.0,-56.2,-88.5,-83.7,1,2,0.01,66,2.5,-2.283863644106502,-1.0168416076895006,71119
2026-04-01 13:07:14,-112.8426,53.4575,13.0,28866.0,-56.2,-88.5,-83.7,1,2,0.01,66,2.5,-2.283863644106502,-1.0168416076895006,71119
2026-04-01 13:07:15,-112.8426,53.4575,13.0,28871.0,-56.2,-88.5,-83.7,1,2,0.01,67,2.6,-2.393312618976345,-1.0159009340721117,71119
2026-04-01 13:07:16,-112.8427,53.4575,12.9,28876.0,-56.2,-88.5,-83.7,1,2,0.01,67,2.6,-2.393312618976345,-1.0159009340721117,71119
2026-04-01 13:07:17,-112.8427,53.4575,12.9,28882.0,-56.2,-88.5,-83.7,1,2,0.01,68,2.6,-2.410678021873647,-0.9739771428813712,71119
2026-04-01 13:07:18,-112.8428,53.4574,12.9,28887.0,-56.2,-88.5,-83.8,1,2,0.01,69,2.6,-2.4273091088927248,-0.931756668817781,71119
2026-04-01 13:07:19,-112.8428,53.4574,12.9,28893.0,-56.2,-88.5,-83.8,1,2,0.01,70,2.7,-2.5371700761219524,-0.9234543869793059,71119
2026-04-01 13:07:20,-112.8429,53.4575,12.9,28898.0,-56.2,-88.5,-83.8,1,2,0.01,70,2.7,-2.5371700761219524,-0.9234543869793059,71119
2026-04-01 13:07:21,-112.8429,53.4575,12.9,28904.0,-56.2,-88.5,-83.8,1,2,0.01,71,2.7,-2.5529001541181553,-0.8790340170343233,71119
2026-04-01 13:07:22,-112.843,53.4575,12.9,28910.0,-56.1,-88.5,-83.8,1,2,0.01,72,2.8,-2.6629582456264296,-0.8652475842498528,71119
2026-04-01 13:07:23,-112.843,53.4575,12.9,28915.0,-56.1,-88.5,-83.8,1,2,0.01,73,2.8,-2.677653316696499,-0.8186407732236629,71119
2026-04-01 13:07:24,-112.843,53.4575,12.9,28921.0,-56.1,-88.5,-83.7,1,2,0.01,74,2.9,-2.787658918221125,-0.7993483318692975,71119
2026-04-01 13:07:25,-112.8431,53.4574,12.8,28927.0,-56.1,-88.5,-83.7,1,2,0.01,74,2.9,-2.787658918221125,-0.7993483318692975,71119
2026-04-01 13:07:26,-112.8431,53.4574,12.8,28932.0,-56.0,-88.5,-83.7,1,2,0.01,75,2.9,-2.801184896238298,-0.7505752307973101,71119
2026-04-01 13:07:27,-112.8432,53.4574,12.8,28937.0,-56.0,-88.5,-83.7,1,2,0.01,75,3.0,-2.897777478867205,-0.7764571353075622,71119
2026-04-01 13:07:28,-112.8432,53.4574,12.8,28942.0,-56.0,-88.5,-83.7,1,2,0.01,76,3.1,-3.007916751455589,-0.7499578763589698,71119
2026-04-01 13:07:29,-112.8433,53.4574,12.8,28947.0,-56.0,-88.5,-83.7,1,2,0.01,76,3.1,-3.007916751455589,-0.7499578763589698,71119
2026-04-01 13:07:30,-112.8433,53.4574,12.8,28953.0,-55.9,-88.5,-83.8,1,2,0.01,76,3.2,-3.1049463240831887,-0.7741500659189366,71119
2026-04-01 13:07:31,-112.8433,53.4574,12.8,28959.0,-55.9,-88.5,-83.8,1,2,0.01,76,3.2,-3.1049463240831887,-0.7741500659189366,71119
2026-04-01 13:07:32,-112.8434,53.4574,12.8,28965.0,-55.9,-88.5,-83.8,1,2,0.01,77,3.3,-3.2154212137912763,-0.7423384793347542,71119
2026-04-01 13:07:33,-112.8434,53.4574,12.8,28970.0,-55.9,-88.5,-83.8,1,2,0.01,77,3.3,-3.2154212137912763,-0.7423384793347542,71119
2026-04-01 13:07:34,-112.8435,53.4574,12.8,28976.0,-55.9,-88.6,-83.8,1,2,0.01,76,3.4,-3.299005469338388,-0.8225344450388701,71119
2026-04-01 13:07:35,-112.8435,53.4574,12.7,28982.0,-55.9,-88.6,-83.8,1,2,0.01,76,3.5,-3.3960350419659875,-0.8467266345988369,71119
2026-04-01 13:07:36,-112.8436,53.4574,12.7,28988.0,-56.0,-88.6,-83.8,1,2,0.01,76,3.5,-3.3960350419659875,-0.8467266345988369,71119
2026-04-01 13:07:38,-112.8437,53.4573,12.7,28993.0,-56.0,-88.6,-83.8,1,2,0.01,76,3.6,-3.4930646145935875,-0.8709188241588036,71119
2026-04-01 13:07:39,-112.8438,53.4573,12.7,29003.0,-56.0,-88.6,-83.9,1,2,0.01,75,3.7,-3.5739255572695527,-0.9576304668793267,71119
2026-04-01 13:07:40,-112.8439,53.4573,12.7,29008.0,-55.9,-88.6,-83.8,1,2,0.01,74,3.8,-3.6527944445656115,-1.0474219521045969,71119
2026-04-01 13:07:41,-112.8439,53.4573,12.7,29014.0,-55.9,-88.6,-83.8,1,2,0.01,74,3.8,-3.6527944445656115,-1.0474219521045969,71119
2026-04-01 13:07:42,-112.844,53.4573,12.7,29020.0,-55.9,-88.6,-83.8,1,2,0.01,73,3.9,-3.729588548255838,-1.1402496484186733,71119
2026-04-01 13:07:43,-112.844,53.4573,12.7,29025.0,-55.8,-88.5,-83.8,1,2,0.01,72,3.9,-3.7091204135510987,-1.205166278062295,71119
2026-04-01 13:07:44,-112.8441,53.4573,12.6,29030.0,-55.8,-88.5,-83.7,1,2,0.01,72,4.0,-3.804226065180614,-1.2360679774997898,71119
2026-04-01 13:07:45,-112.8441,53.4573,12.6,29035.0,-55.7,-88.5,-83.7,1,2,0.01,71,4.1,-3.876626159957198,-1.3348294332743427,71119
2026-04-01 13:07:46,-112.8442,53.4573,12.6,29040.0,-55.7,-88.5,-83.7,1,2,0.01,70,4.1,-3.8527397452222236,-1.402282587635242,71119
2026-04-01 13:07:47,-112.8442,53.4573,12.6,29045.0,-55.7,-88.4,-83.7,1,2,0.01,70,4.2,-3.9467090073008153,-1.436484601967809,71119
2026-04-01 13:07:48,-112.8443,53.4573,12.6,29050.0,-55.7,-88.4,-83.7,1,2,0.01,69,4.2,-3.9210377912882475,-1.5051453880902617,71119
2026-04-01 13:07:50,-112.8444,53.4572,12.6,29054.0,-55.7,-88.4,-83.7,1,2,0.01,68,4.3,-3.9868905746371857,-1.6108083516884213,71119
2026-04-01 13:07:51,-112.8445,53.4572,12.6,29063.0,-55.7,-88.4,-83.6,1,2,0.01,66,4.4,-4.019600013627445,-1.7896412295335211,71119
2026-04-01 13:07:52,-112.8445,53.4572,12.6,29069.0,-55.7,-88.4,-83.6,1,2,0.01,65,4.4,-3.98775426296126,-1.8595203516590777,71119
2026-04-01 13:07:53,-112.8446,53.4572,12.6,29074.0,-55.7,-88.4,-83.6,1,2,0.01,64,4.4,-3.9546938037163346,-1.928833045871941,71119
2026-04-01 13:07:54,-112.8446,53.4572,12.5,29079.0,-55.8,-88.4,-83.6,1,2,0.01,63,4.5,-4.009529358847655,-2.042957248827961,71119
2026-04-01 13:07:55,-112.8447,53.4572,12.5,29084.0,-55.8,-88.4,-83.6,1,2,0.01,62,4.5,-3.973264167865171,-2.112622032536509,71119
2026-04-01 13:07:56,-112.8448,53.4572,12.5,29089.0,-55.8,-88.4,-83.6,1,2,0.01,61,4.6,-4.02325065284122,-2.2301242531331504,71119
2026-04-01 13:07:57,-112.8448,53.4571,12.5,29095.0,-55.9,-88.4,-83.6,1,2,0.01,60,4.6,-3.9837168574084174,-2.3000000000000003,71119
2026-04-01 13:07:58,-112.8449,53.4571,12.5,29101.0,-55.9,-88.4,-83.6,1,2,0.01,59,4.6,-3.9429695832297162,-2.369175144586249,71119
2026-04-01 13:07:59,-112.845,53.4571,12.5,29106.0,-55.9,-88.4,-83.6,1,2,0.01,57,4.6,-3.8578846125489505,-2.5053395610691243,71119
2026-04-01 13:08:00,-112.8451,53.457,12.5,29112.0,-55.9,-88.4,-83.6,1,2,0.01,56,4.7,-3.8964765910086965,-2.62820664631251,71119
2026-04-01 13:08:01,-112.8451,53.457,12.5,29117.0,-56.0,-88.4,-83.6,1,2,0.01,55,4.7,-3.850014608158262,-2.6958092508499165,71119
2026-04-01 13:08:02,-112.8452,53.457,12.5,29123.0,-56.0,-88.4,-83.6,1,2,0.01,54,4.7,-3.8023798735622534,-2.7625906857746236,71119
2026-04-01 13:08:03,-112.8452,53.457,12.4,29129.0,-56.0,-88.3,-83.6,1,2,0.01,52,4.7,-3.7036505419515935,-2.893608934030594,71119
2026-04-01 13:08:04,-112.8453,53.457,12.4,29134.0,-56.0,-88.3,-83.6,1,2,0.01,51,4.8,-3.7303006149934603,-3.0207378770392195,71119
2026-04-01 13:08:05,-112.8454,53.4569,12.4,29140.0,-56.0,-88.3,-83.5,1,2,0.01,50,4.8,-3.6770133269710943,-3.085380526495389,71119
2026-04-01 13:08:06,-112.8454,53.4569,12.4,29145.0,-56.0,-88.3,-83.5,1,2,0.02,48,4.8,-3.5670951622914924,-3.2118269105225195,71119
2026-04-01 13:08:07,-112.8455,53.4569,12.4,29150.0,-56.0,-88.3,-83.5,1,2,0.02,47,4.9,-3.5836331379339357,-3.3417919643062426,71119
2026-04-01 13:08:08,-112.8455,53.4568,12.4,29156.0,-56.0,-88.3,-83.5,1,2,0.02,46,4.9,-3.5247650216593907,-3.403826015249087,71119
2026-04-01 13:08:09,-112.8456,53.4568,12.4,29161.0,-56.0,-88.3,-83.5,1,2,0.02,44,4.9,-3.403826015249087,-3.524765021659391,71119
2026-04-01 13:08:10,-112.8456,53.4567,12.4,29167.0,-56.0,-88.3,-83.5,1,2,0.02,43,5.0,-3.4099918003124925,-3.656768508095852,71119
2026-04-01 13:08:11,-112.8456,53.4567,12.4,29172.0,-56.0,-88.3,-83.5,1,2,0.02,42,5.0,-3.345653031794291,-3.715724127386971,71119
2026-04-01 13:08:12,-112.8457,53.4566,12.3,29178.0,-56.0,-88.3,-83.5,1,2,0.02,40,5.0,-3.2139380484326963,-3.83022221559489,71119
2026-04-01 13:08:13,-112.8457,53.4566,12.3,29183.0,-56.1,-88.3,-83.5,1,2,0.02,39,5.1,-3.2095339943541705,-3.963444403430551,71119
2026-04-01 13:08:14,-112.8458,53.4566,12.3,29188.0,-56.1,-88.3,-83.5,1,2,0.02,38,5.2,-3.2014396716934233,-4.097655918754954,71119
2026-04-01 13:08:15,-112.8458,53.4566,12.3,29193.0,-56.1,-88.3,-83.5,1,2,0.02,37,5.2,-3.129438120390651,-4.1529046522459225,71119
2026-04-01 13:08:16,-112.8459,53.4566,12.3,29198.0,-56.1,-88.3,-83.5,1,2,0.02,36,5.3,-3.1152618371501077,-4.287790070187222,71119
2026-04-01 13:08:17,-112.8459,53.4566,12.3,29203.0,-56.2,-88.3,-83.6,1,2,0.02,35,5.3,-3.039955112660544,-4.341505834731656,71119
2026-04-01 13:08:18,-112.8459,53.4565,12.3,29209.0,-56.2,-88.3,-83.6,1,2,0.02,34,5.4,-3.0196416787420333,-4.476802891797226,71119
2026-04-01 13:08:19,-112.846,53.4564,12.3,29214.0,-56.3,-88.4,-83.6,1,2,0.01,33,5.5,-2.995514692582649,-4.612688123699832,71119
2026-04-01 13:08:20,-112.846,53.4564,12.3,29220.0,-56.3,-88.4,-83.6,1,2,0.01,32,5.5,-2.914555953282627,-4.664264528860342,71119
2026-04-01 13:08:21,-112.8461,53.4563,12.3,29225.0,-56.3,-88.4,-83.7,1,2,0.01,31,5.6,-2.8842132194963033,-4.800136883931828,71119
2026-04-01 13:08:22,-112.8461,53.4562,12.2,29230.0,-56.4,-88.5,-83.7,1,2,0.01,31,5.6,-2.8842132194963033,-4.800136883931828,71119
2026-04-01 13:08:23,-112.8461,53.4562,12.2,29235.0,-56.4,-88.5,-83.7,1,2,0.01,30,5.7,-2.8499999999999996,-4.936344801571301,71119
2026-04-01 13:08:24,-112.8462,53.4562,12.2,29240.0,-56.3,-88.5,-83.7,1,2,0.01,30,5.8,-2.8999999999999995,-5.022947341949744,71119
2026-04-01 13:08:25,-112.8462,53.4561,12.2,29245.0,-56.3,-88.4,-83.7,1,2,0.01,29,5.8,-2.811895797428755,-5.0727943014084955,71119
2026-04-01 13:08:26,-112.8462,53.4561,12.2,29249.0,-56.3,-88.4,-83.7,1,2,0.01,29,5.9,-2.8603767594533887,-5.160256272122435,71119
2026-04-01 13:08:27,-112.8463,53.4561,12.2,29254.0,-56.3,-88.4,-83.7,1,2,0.01,29,6.0,-2.9088577214780225,-5.247718242836374,71119
2026-04-01 13:08:28,-112.8463,53.456,12.2,29259.0,-56.3,-88.4,-83.7,1,2,0.01,29,6.0,-2.9088577214780225,-5.247718242836374,71119
2026-04-01 13:08:29,-112.8464,53.456,12.2,29264.0,-56.3,-88.5,-83.7,1,2,0.01,29,6.1,-2.957338683502656,-5.335180213550314,71119
2026-04-01 13:08:30,-112.8464,53.4559,12.2,29270.0,-56.3,-88.5,-83.7,1,2,0.01,29,6.1,-2.957338683502656,-5.335180213550314,71119
2026-04-01 13:08:31,-112.8465,53.4558,12.2,29275.0,-56.3,-88.5,-83.7,1,2,0.01,30,6.2,-3.0999999999999996,-5.36935750346352,71119
2026-04-01 13:08:32,-112.8465,53.4557,12.2,29280.0,-56.3,-88.5,-83.7,1,2,0.01,30,6.2,-3.0999999999999996,-5.36935750346352,71119
2026-04-01 13:08:33,-112.8465,53.4557,12.1,29285.0,-56.3,-88.5,-83.7,1,2,0.01,30,6.3,-3.1499999999999995,-5.455960043841964,71119
2026-04-01 13:08:34,-112.8466,53.4556,12.1,29291.0,-56.3,-88.5,-83.7,1,2,0.01,31,6.3,-3.244739871933341,-5.400153994423308,71119
2026-04-01 13:08:35,-112.8466,53.4556,12.1,29296.0,-56.3,-88.5,-83.8,1,2,0.01,31,6.4,-3.2962436794243466,-5.48587072449352,71119
2026-04-01 13:08:36,-112.8466,53.4555,12.1,29301.0,-56.3,-88.5,-83.8,1,2,0.01,32,6.4,-3.3914832910925115,-5.4275078154011265,71119
2026-04-01 13:08:38,-112.8467,53.4555,12.1,29306.0,-56.3,-88.5,-83.8,1,2,0.01,32,6.4,-3.3914832910925115,-5.4275078154011265,71119
2026-04-01 13:08:39,-112.8467,53.4554,12.1,29315.0,-56.2,-88.5,-83.8,1,2,0.01,34,6.5,-3.634753872559855,-5.388744221607771,71119
2026-04-01 13:08:40,-112.8468,53.4554,12.1,29321.0,-56.2,-88.5,-83.8,1,2,0.01,34,6.5,-3.634753872559855,-5.388744221607771,71119
2026-04-01 13:08:41,-112.8469,53.4553,12.1,29326.0,-56.2,-88.5,-83.8,1,2,0.01,35,6.5,-3.7282468362817993,-5.324488287878447,71119
2026-04-01 13:08:42,-112.847,53.4552,12.1,29332.0,-56.2,-88.5,-83.8,1,2,0.01,36,6.5,-3.8206041399010755,-5.258610463437158,71119
2026-04-01 13:08:43,-112.847,53.4552,12.0,29337.0,-56.2,-88.6,-83.8,1,2,0.01,36,6.5,-3.8206041399010755,-5.258610463437158,71119
2026-04-01 13:08:44,-112.8471,53.4552,12.0,29343.0,-56.2,-88.6,-83.8,1,2,0.01,37,6.6,-3.9719791528035184,-5.270994366312133,71119
2026-04-01 13:08:45,-112.8472,53.4551,12.0,29348.0,-56.2,-88.6,-83.9,1,2,0.01,37,6.6,-3.9719791528035184,-5.270994366312133,71119
2026-04-01 13:08:46,-112.8473,53.4551,12.0,29353.0,-56.2,-88.6,-83.9,1,2,0.01,38,6.6,-4.063365737149344,-5.200870973804364,71119
2026-04-01 13:08:47,-112.8473,53.4551,12.0,29359.0,-56.2,-88.7,-83.9,1,2,0.01,39,6.6,-4.153514580928927,-5.129163345616008,71119
2026-04-01 13:08:48,-112.8474,53.455,12.0,29364.0,-56.2,-88.7,-83.9,1,2,0.01,39,6.6,-4.153514580928927,-5.129163345616008,71119
2026-04-01 13:08:49,-112.8475,53.455,12.0,29370.0,-56.2,-88.7,-83.9,1,2,0.01,39,6.6,-4.153514580928927,-5.129163345616008,71119
2026-04-01 13:08:50,-112.8476,53.4549,12.0,29375.0,-56.1,-88.7,-83.9,1,2,0.01,40,6.6,-4.242398223931159,-5.055893324585255,71119
2026-04-01 13:08:51,-112.8477,53.4549,12.0,29381.0,-56.1,-88.6,-83.9,1,2,0.01,40,6.5,-4.178119462962505,-4.979288880273357,71119
2026-04-01 13:08:52,-112.8477,53.4548,11.9,29387.0,-56.0,-88.6,-83.8,1,2,0.01,40,6.5,-4.178119462962505,-4.979288880273357,71119
2026-04-01 13:08:53,-112.8478,53.4547,11.9,29392.0,-55.9,-88.6,-83.8,1,2,0.01,41,6.5,-4.264383688438297,-4.905612271448018,71119
2026-04-01 13:08:54,-112.8479,53.4547,11.9,29398.0,-55.9,-88.5,-83.8,1,2,0.01,41,6.5,-4.264383688438297,-4.905612271448018,71119
2026-04-01 13:08:55,-112.848,53.4546,11.9,29405.0,-55.8,-88.5,-83.8,1,2,0.02,41,6.5,-4.264383688438297,-4.905612271448018,71119
2026-04-01 13:08:56,-112.8481,53.4546,11.9,29411.0,-55.8,-88.5,-83.8,1,2,0.02,41,6.4,-4.198777785539247,-4.830141313425742,71119
2026-04-01 13:08:57,-112.8481,53.4546,11.9,29416.0,-55.8,-88.5,-83.8,1,2,0.02,41,6.4,-4.198777785539247,-4.830141313425742,71119
2026-04-01 13:08:58,-112.8482,53.4545,11.9,29421.0,-55.7,-88.5,-83.8,1,2,0.02,41,6.4,-4.198777785539247,-4.830141313425742,71119
2026-04-01 13:08:59,-112.8482,53.4545,11.9,29426.0,-55.7,-88.5,-83.8,1,2,0.02,41,6.3,-4.1331718826401955,-4.754670355403464,71119
2026-04-01 13:09:00,-112.8483,53.4545,11.9,29430.0,-55.7,-88.5,-83.8,1,2,0.02,41,6.3,-4.1331718826401955,-4.754670355403464,71119
2026-04-01 13:09:01,-112.8483,53.4545,11.9,29435.0,-55.7,-88.5,-83.8,1,2,0.02,41,6.3,-4.1331718826401955,-4.754670355403464,71119
2026-04-01 13:09:02,-112.8484,53.4544,11.8,29440.0,-55.7,-88.5,-83.8,1,2,0.02,41,6.2,-4.067565979741145,-4.679199397381186,71119
2026-04-01 13:09:04,-112.8485,53.4543,11.8,29444.0,-55.7,-88.5,-83.8,1,2,0.02,40,6.2,-3.9852831800565434,-4.7494755473376635,71119
2026-04-01 13:09:05,-112.8485,53.4542,11.8,29454.0,-55.7,-88.5,-83.7,1,2,0.02,40,6.1,-3.921004419087889,-4.6728711030257655,71119
2026-04-01 13:09:06,-112.8486,53.4542,11.8,29459.0,-55.7,-88.5,-83.7,1,2,0.02,40,6.1,-3.921004419087889,-4.6728711030257655,71119
2026-04-01 13:09:07,-112.8486,53.4542,11.8,29464.0,-55.6,-88.5,-83.7,1,2,0.02,39,6.1,-3.838854385404008,-4.740590364887522,71119
2026-04-01 13:09:08,-112.8487,53.4541,11.8,29470.0,-55.6,-88.5,-83.7,1,2,0.02,39,6.0,-3.7759223462990246,-4.662875768741825,71119
2026-04-01 13:09:09,-112.8487,53.4541,11.8,29475.0,-55.6,-88.5,-83.7,1,2,0.02,39,6.0,-3.7759223462990246,-4.662875768741825,71119
2026-04-01 13:09:10,-112.8488,53.4541,11.8,29480.0,-55.6,-88.5,-83.7,1,2,0.02,39,6.0,-3.7759223462990246,-4.662875768741825,71119
2026-04-01 13:09:11,-112.8489,53.454,11.8,29485.0,-55.6,-88.5,-83.7,1,2,0.02,38,5.9,-3.6324027044213842,-4.64926344627966,71119
2026-04-01 13:09:12,-112.8489,53.454,11.8,29490.0,-55.6,-88.5,-83.7,1,2,0.02,38,5.9,-3.6324027044213842,-4.64926344627966,71119
2026-04-01 13:09:13,-112.849,53.4539,11.8,29495.0,-55.6,-88.5,-83.7,1,2,0.02,38,5.9,-3.6324027044213842,-4.64926344627966,71119
2026-04-01 13:09:14,-112.849,53.4539,11.7,29500.0,-55.7,-88.5,-83.7,1,2,0.02,38,5.8,-3.570836556888818,-4.570462370918987,71119
2026-04-01 13:09:15,-112.8491,53.4538,11.7,29505.0,-55.7,-88.4,-83.7,1,2,0.02,37,5.8,-3.49052713428188,-4.632085958274298,71119
2026-04-01 13:09:16,-112.8492,53.4538,11.7,29510.0,-55.7,-88.4,-83.7,1,2,0.02,37,5.8,-3.49052713428188,-4.632085958274298,71119
2026-04-01 13:09:17,-112.8492,53.4537,11.7,29516.0,-55.6,-88.4,-83.7,1,2,0.02,37,5.8,-3.49052713428188,-4.632085958274298,71119
2026-04-01 13:09:18,-112.8493,53.4537,11.7,29521.0,-55.6,-88.4,-83.6,1,2,0.02,36,5.7,-3.350375938067097,-4.6113968679372,71119
2026-04-01 13:09:19,-112.8493,53.4537,11.7,29526.0,-55.6,-88.4,-83.6,1,2,0.02,36,5.7,-3.350375938067097,-4.6113968679372,71119
2026-04-01 13:09:21,-112.8494,53.4536,11.7,29530.0,-55.6,-88.4,-83.6,1,2,0.02,36,5.7,-3.350375938067097,-4.6113968679372,71119
2026-04-01 13:09:22,-112.8494,53.4536,11.7,29540.0,-55.6,-88.3,-83.6,1,2,0.02,35,5.7,-3.2693856872009626,-4.669166652447253,71119
2026-04-01 13:09:23,-112.8495,53.4535,11.7,29545.0,-55.6,-88.3,-83.6,1,2,0.02,35,5.7,-3.2693856872009626,-4.669166652447253,71119
2026-04-01 13:09:24,-112.8495,53.4535,11.7,29551.0,-55.6,-88.3,-83.5,1,2,0.02,34,5.7,-3.1873995497832572,-4.725514163563738,71119
2026-04-01 13:09:25,-112.8496,53.4534,11.6,29557.0,-55.5,-88.3,-83.5,1,2,0.02,34,5.7,-3.1873995497832572,-4.725514163563738,71119
2026-04-01 13:09:26,-112.8496,53.4533,11.6,29562.0,-55.5,-88.3,-83.5,1,2,0.02,34,5.7,-3.1873995497832572,-4.725514163563738,71119
2026-04-01 13:09:27,-112.8497,53.4533,11.6,29567.0,-55.5,-88.3,-83.5,1,2,0.02,33,5.7,-3.1044424995856543,-4.780422237288917,71119
2026-04-01 13:09:28,-112.8498,53.4533,11.6,29572.0,-55.6,-88.3,-83.5,1,2,0.02,33,5.7,-3.1044424995856543,-4.780422237288917,71119
2026-04-01 13:09:29,-112.8498,53.4532,11.6,29577.0,-55.6,-88.3,-83.5,1,2,0.02,33,5.7,-3.1044424995856543,-4.780422237288917,71119
2026-04-01 13:09:30,-112.8499,53.4532,11.6,29582.0,-55.6,-88.3,-83.5,1,2,0.02,33,5.7,-3.1044424995856543,-4.780422237288917,71119
2026-04-01 13:09:31,-112.8499,53.4532,11.6,29588.0,-55.6,-88.3,-83.6,1,2,0.02,32,5.8,-3.0735317325525884,-4.918678957707271,71119
2026-04-01 13:09:32,-112.8499,53.4532,11.6,29593.0,-55.6,-88.3,-83.6,1,2,0.02,32,5.8,-3.0735317325525884,-4.918678957707271,71119
2026-04-01 13:09:33,-112.85,53.4531,11.6,29598.0,-55.6,-88.3,-83.6,1,2,0.02,32,5.9,-3.126523658975909,-5.003483767322914,71119
2026-04-01 13:09:34,-112.85,53.4531,11.6,29604.0,-55.7,-88.4,-83.6,1,2,0.02,32,5.9,-3.126523658975909,-5.003483767322914,71119
2026-04-01 13:09:35,-112.85,53.453,11.5,29610.0,-55.7,-88.4,-83.6,1,2,0.02,32,6.0,-3.1795155853992294,-5.088288576938556,71119
2026-04-01 13:09:36,-112.85,53.453,11.5,29614.0,-55.7,-88.4,-83.6,1,2,0.02,32,6.0,-3.1795155853992294,-5.088288576938556,71119
2026-04-01 13:09:37,-112.8501,53.4529,11.5,29619.0,-55.7,-88.4,-83.6,1,2,0.02,32,6.1,-3.2325075118225497,-5.173093386554198,71119
2026-04-01 13:09:38,-112.8501,53.4528,11.5,29624.0,-55.7,-88.4,-83.6,1,2,0.02,32,6.1,-3.2325075118225497,-5.173093386554198,71119
2026-04-01 13:09:40,-112.8502,53.4528,11.5,29630.0,-55.7,-88.4,-83.6,1,2,0.02,32,6.2,-3.2854994382458704,-5.257898196169841,71119
2026-04-01 13:09:41,-112.8502,53.4527,11.5,29639.0,-55.7,-88.4,-83.6,1,2,0.02,33,6.3,-3.4312259205946707,-5.2836245780561715,71119
2026-04-01 13:09:42,-112.8503,53.4527,11.5,29644.0,-55.6,-88.4,-83.6,1,2,0.02,33,6.4,-3.4856898240961733,-5.3674916348507145,71119
2026-04-01 13:09:43,-112.8503,53.4527,11.5,29649.0,-55.6,-88.4,-83.6,1,2,0.02,34,6.4,-3.5788345822127803,-5.305840464352268,71119
2026-04-01 13:09:44,-112.8504,53.4526,11.5,29654.0,-55.6,-88.4,-83.6,1,2,0.02,34,6.5,-3.634753872559855,-5.388744221607771,71119
2026-04-01 13:09:45,-112.8504,53.4525,11.4,29659.0,-55.6,-88.4,-83.7,1,2,0.02,35,6.5,-3.7282468362817993,-5.324488287878447,71119
2026-04-01 13:09:46,-112.8505,53.4524,11.4,29664.0,-55.6,-88.4,-83.7,1,2,0.02,35,6.6,-3.7856044799169037,-5.406403492307345,71119
2026-04-01 13:09:47,-112.8506,53.4524,11.4,29669.0,-55.6,-88.4,-83.7,1,2,0.02,36,6.6,-3.8793826651303225,-5.3395121628746525,71119
2026-04-01 13:09:49,-112.8507,53.4522,11.4,29673.0,-55.6,-88.4,-83.7,1,2,0.02,36,6.7,-3.93816119035957,-5.420413862312148,71119
2026-04-01 13:09:50,-112.8508,53.4522,11.4,29684.0,-55.6,-88.5,-83.7,1,2,0.02,38,6.7,-4.124931884681911,-5.279672049165037,71119
2026-04-01 13:09:51,-112.8509,53.4522,11.4,29689.0,-55.6,-88.5,-83.7,1,1,0.02,39,6.7,-4.216446620033911,-5.2068779417617055,71119
2026-04-01 13:09:52,-112.851,53.4521,11.4,29695.0,-55.5,-88.5,-83.7,1,1,0.02,39,6.7,-4.216446620033911,-5.2068779417617055,71119
2026-04-01 13:09:53,-112.851,53.4521,11.4,29700.0,-55.5,-88.5,-83.7,1,1,0.02,40,6.8,-4.370955745868467,-5.20910221320905,71119
2026-04-01 13:09:54,-112.8511,53.4521,11.4,29706.0,-55.5,-88.4,-83.7,1,1,0.02,41,6.8,-4.461201397135449,-5.13202514551485,71119
2026-04-01 13:09:55,-112.8512,53.452,11.4,29711.0,-55.4,-88.4,-83.7,1,1,0.02,42,6.8,-4.5500881232402355,-5.05338481324628,71119
2026-04-01 13:09:56,-112.8512,53.452,11.3,29717.0,-55.4,-88.4,-83.7,1,1,0.02,43,6.8,-4.63758884842499,-4.973205171010359,71119
2026-04-01 13:09:57,-112.8513,53.4519,11.3,29722.0,-55.4,-88.4,-83.7,1,1,0.02,44,6.7,-4.654211082075282,-4.819576662268963,71119
2026-04-01 13:09:58,-112.8513,53.4518,11.3,29726.0,-55.4,-88.4,-83.7,1,1,0.02,45,6.7,-4.737615433949868,-4.737615433949869,71119
2026-04-01 13:09:59,-112.8514,53.4518,11.3,29731.0,-55.3,-88.4,-83.7,1,1,0.02,46,6.7,-4.819576662268962,-4.654211082075282,71119
2026-04-01 13:10:00,-112.8515,53.4517,11.3,29737.0,-55.3,-88.4,-83.7,1,1,0.02,46,6.7,-4.819576662268962,-4.654211082075282,71119
2026-04-01 13:10:01,-112.8515,53.4517,11.3,29742.0,-55.3,-88.5,-83.7,1,1,0.02,47,6.7,-4.900069800848442,-4.56938901241874,71119
2026-04-01 13:10:02,-112.8516,53.4517,11.3,29748.0,-55.3,-88.5,-83.7,1,1,0.02,48,6.7,-4.9790703306985415,-4.48317506260435,71119
2026-04-01 13:10:04,-112.8518,53.4517,11.3,29752.0,-55.4,-88.5,-83.7,1,1,0.02,49,6.7,-5.056554187492573,-4.395595494236399,71119
2026-04-01 13:10:05,-112.8519,53.4517,11.3,29761.0,-55.3,-88.5,-83.8,1,1,0.02,51,6.7,-5.2068779417617055,-4.216446620033911,71119
2026-04-01 13:10:06,-112.852,53.4516,11.3,29766.0,-55.3,-88.5,-83.8,1,1,0.02,52,6.7,-5.279672049165038,-4.124931884681911,71119
2026-04-01 13:10:07,-112.852,53.4516,11.2,29771.0,-55.3,-88.5,-83.7,1,1,0.02,53,6.7,-5.350857917316862,-4.032160655118724,71119
2026-04-01 13:10:08,-112.8521,53.4515,11.2,29777.0,-55.2,-88.5,-83.7,1,1,0.02,53,6.7,-5.350857917316862,-4.032160655118724,71119
2026-04-01 13:10:09,-112.8522,53.4515,11.2,29782.0,-55.2,-88.5,-83.7,1,1,0.02,54,6.8,-5.501315561749642,-3.9969397155888173,71119
2026-04-01 13:10:10,-112.8522,53.4514,11.2,29787.0,-55.1,-88.4,-83.7,1,1,0.02,55,6.8,-5.570233901165144,-3.900319767187113,71119
2026-04-01 13:10:11,-112.8523,53.4514,11.2,29793.0,-55.1,-88.4,-83.7,1,1,0.02,55,6.8,-5.570233901165144,-3.900319767187113,71119
2026-04-01 13:10:12,-112.8524,53.4514,11.2,29798.0,-55.0,-88.4,-83.6,1,1,0.02,56,6.8,-5.637455493374284,-3.802511743601078,71119
2026-04-01 13:10:13,-112.8526,53.4513,11.2,29804.0,-55.0,-88.4,-83.6,1,1,0.02,57,6.8,-5.702959862028884,-3.703545438102184,71119
2026-04-01 13:10:14,-112.8527,53.4513,11.2,29809.0,-54.9,-88.4,-83.6,1,1,0.02,57,6.8,-5.702959862028884,-3.703545438102184,71119
2026-04-01 13:10:16,-112.8529,53.4513,11.2,29814.0,-54.9,-88.4,-83.6,1,1,0.02,58,6.9,-5.851531863479339,-3.656442923209114,71119
2026-04-01 13:10:17,-112.8529,53.4512,11.2,29826.0,-54.8,-88.3,-83.6,1,1,0.02,58,6.9,-5.851531863479339,-3.656442923209114,71119
2026-04-01 13:10:18,-112.853,53.4512,11.2,29831.0,-54.8,-88.3,-83.6,1,1,0.02,59,6.9,-5.914454374844575,-3.553762716879374,71119
2026-04-01 13:10:19,-112.8531,53.4512,11.1,29837.0,-54.7,-88.3,-83.6,1,1,0.02,59,6.9,-5.914454374844575,-3.553762716879374,71119
2026-04-01 13:10:20,-112.8531,53.4511,11.1,29842.0,-54.7,-88.4,-83.6,1,1,0.02,60,6.9,-5.975575286112627,-3.450000000000001,71119
2026-04-01 13:10:21,-112.8532,53.4511,11.1,29847.0,-54.7,-88.4,-83.6,1,1,0.02,60,7.0,-6.06217782649107,-3.500000000000001,71119
2026-04-01 13:10:22,-112.8533,53.451,11.1,29852.0,-54.7,-88.4,-83.6,1,1,0.02,60,7.0,-6.06217782649107,-3.500000000000001,71119
2026-04-01 13:10:23,-112.8535,53.451,11.1,29857.0,-54.7,-88.4,-83.6,1,1,0.02,60,7.0,-6.06217782649107,-3.500000000000001,71119
2026-04-01 13:10:25,-112.8537,53.451,11.1,29861.0,-54.7,-88.4,-83.6,1,1,0.02,61,7.0,-6.12233794997577,-3.3936673417243597,71119
2026-04-01 13:10:26,-112.8538,53.451,11.1,29871.0,-54.6,-88.4,-83.6,1,1,0.02,61,6.9,-6.034875979261831,-3.3451863796997263,71119
2026-04-01 13:10:27,-112.854,53.4509,11.1,29877.0,-54.5,-88.4,-83.6,1,1,0.02,61,6.9,-6.034875979261831,-3.3451863796997263,71119
2026-04-01 13:10:28,-112.854,53.4509,11.1,29883.0,-54.5,-88.4,-83.6,1,1,0.02,61,6.9,-6.034875979261831,-3.3451863796997263,71119
2026-04-01 13:10:29,-112.8541,53.4508,11.1,29889.0,-54.4,-88.3,-83.6,1,1,0.02,62,6.9,-6.092338390726596,-3.239353783222647,71119
2026-04-01 13:10:30,-112.8541,53.4508,11.0,29894.0,-54.3,-88.3,-83.5,1,1,0.02,62,6.9,-6.092338390726596,-3.239353783222647,71119
2026-04-01 13:10:31,-112.8542,53.4508,11.0,29899.0,-54.2,-88.2,-83.5,1,1,0.02,62,6.9,-6.092338390726596,-3.239353783222647,71119
2026-04-01 13:10:32,-112.8542,53.4507,11.0,29904.0,-54.1,-88.2,-83.4,1,1,0.02,62,6.8,-6.004043631440703,-3.1924066269440576,71119
2026-04-01 13:10:33,-112.8543,53.4507,11.0,29909.0,-54.0,-88.1,-83.4,1,1,0.02,62,6.8,-6.004043631440703,-3.1924066269440576,71119
2026-04-01 13:10:34,-112.8544,53.4507,11.0,29915.0,-53.9,-88.1,-83.3,1,1,0.02,62,6.8,-6.004043631440703,-3.1924066269440576,71119
2026-04-01 13:10:35,-112.8546,53.4507,11.0,29920.0,-53.9,-88.1,-83.3,1,1,0.02,62,6.8,-6.004043631440703,-3.1924066269440576,71119
2026-04-01 13:10:36,-112.8547,53.4507,11.0,29926.0,-53.8,-88.1,-83.3,1,1,0.02,62,6.8,-6.004043631440703,-3.1924066269440576,71119
2026-04-01 13:10:37,-112.8548,53.4507,11.0,29931.0,-53.8,-88.1,-83.3,1,1,0.02,62,6.8,-6.004043631440703,-3.1924066269440576,71119
2026-04-01 13:10:38,-112.8549,53.4506,11.0,29937.0,-53.8,-88.1,-83.3,1,1,0.02,61,6.8,-5.947414008547891,-3.2967054176750925,71119
2026-04-01 13:10:39,-112.855,53.4506,10.9,29942.0,-53.8,-88.1,-83.3,1,1,0.02,61,6.8,-5.947414008547891,-3.2967054176750925,71119
2026-04-01 13:10:41,-112.8551,53.4505,10.9,29948.0,-53.8,-88.1,-83.3,1,1,0.02,61,6.8,-5.947414008547891,-3.2967054176750925,71119
2026-04-01 13:10:42,-112.8552,53.4505,10.9,29958.0,-53.8,-88.1,-83.3,1,1,0.02,61,6.8,-5.947414008547891,-3.2967054176750925,71119
2026-04-01 13:10:43,-112.8552,53.4504,10.9,29963.0,-53.8,-88.0,-83.3,1,1,0.02,60,6.8,-5.888972745734183,-3.400000000000001,71119
2026-04-01 13:10:44,-112.8553,53.4504,10.9,29968.0,-53.8,-88.0,-83.3,1,1,0.02,60,6.9,-5.975575286112627,-3.450000000000001,71119
2026-04-01 13:10:45,-112.8554,53.4504,10.9,29974.0,-53.8,-88.0,-83.2,1,1,0.02,60,6.9,-5.975575286112627,-3.450000000000001,71119
2026-04-01 13:10:46,-112.8555,53.4504,10.9,29980.0,-53.8,-88.0,-83.2,1,1,0.02,59,6.9,-5.914454374844575,-3.553762716879374,71119
2026-04-01 13:10:47,-112.8556,53.4504,10.9,29985.0,-53.8,-88.0,-83.2,1,1,0.02,59,7.0,-6.000171104914786,-3.605266524370379,71119
2026-04-01 13:10:49,-112.8558,53.4503,10.9,29990.0,-53.8,-87.9,-83.2,1,1,0.02,59,7.0,-6.000171104914786,-3.605266524370379,71119
2026-04-01 13:10:50,-112.8559,53.4503,10.9,30000.0,-53.8,-87.9,-83.1,1,1,0.02,58,7.2,-6.105946292326267,-3.8154187024790756,71119
2026-04-01 13:10:51,-112.856,53.4502,10.8,30006.0,-53.8,-87.9,-83.1,1,1,0.02,58,7.2,-6.105946292326267,-3.8154187024790756,71119
2026-04-01 13:10:52,-112.8561,53.4502,10.8,30012.0,-53.8,-87.9,-83.1,1,1,0.02,58,7.3,-6.19075110194191,-3.868410628902396,71119
2026-04-01 13:10:53,-112.8561,53.4501,10.8,30017.0,-53.8,-87.8,-83.1,1,1,0.02,58,7.4,-6.275555911557553,-3.9214025553257166,71119
2026-04-01 13:10:54,-112.8562,53.4501,10.8,30022.0,-53.8,-87.8,-83.1,1,1,0.02,57,7.5,-6.29002925959068,-4.084792762612703,71119
2026-04-01 13:10:55,-112.8563,53.45,10.8,30028.0,-53.8,-87.8,-83.1,1,1,0.02,57,7.6,-6.373896316385222,-4.139256666114206,71119
2026-04-01 13:10:56,-112.8564,53.45,10.8,30033.0,-53.8,-87.8,-83.0,1,1,0.02,57,7.7,-6.457763373179765,-4.193720569615708,71119
2026-04-01 13:10:58,-112.8567,53.4499,10.8,30037.0,-53.8,-87.8,-83.0,1,1,0.02,57,7.7,-6.457763373179765,-4.193720569615708,71119
2026-04-01 13:10:59,-112.8568,53.4499,10.8,30046.0,-53.8,-87.7,-83.0,1,1,0.02,57,7.9,-6.62549748676885,-4.3026483766187145,71119
2026-04-01 13:11:00,-112.8569,53.4499,10.8,30051.0,-53.7,-87.7,-82.9,1,1,0.02,57,8.0,-6.709364543563392,-4.357112280120217,71119
2026-04-01 13:11:01,-112.857,53.4498,10.8,30056.0,-53.7,-87.7,-82.9,1,1,0.02,57,8.1,-6.7932316003579345,-4.411576183621719,71119
2026-04-01 13:11:02,-112.8571,53.4498,10.8,30061.0,-53.7,-87.7,-82.9,1,1,0.02,57,8.2,-6.877098657152477,-4.466040087123222,71119
2026-04-01 13:11:03,-112.8571,53.4497,10.7,30067.0,-53.7,-87.6,-82.9,1,1,0.02,57,8.3,-6.9609657139470205,-4.520503990624725,71119
2026-04-01 13:11:04,-112.8572,53.4497,10.7,30073.0,-53.7,-87.6,-82.9,1,1,0.02,57,8.4,-7.0448327707415626,-4.574967894126227,71119
2026-04-01 13:11:05,-112.8573,53.4496,10.7,30078.0,-53.7,-87.6,-82.8,1,1,0.02,58,8.5,-7.20840881732962,-4.504313745982242,71119
2026-04-01 13:11:07,-112.8575,53.4496,10.7,30084.0,-53.7,-87.6,-82.8,1,1,0.02,58,8.6,-7.2932136269452625,-4.557305672405562,71119
2026-04-01 13:11:08,-112.8576,53.4495,10.7,30095.0,-53.7,-87.5,-82.8,1,1,0.02,59,8.7,-7.457355516108377,-4.480831251717471,71119
2026-04-01 13:11:09,-112.8578,53.4495,10.7,30099.0,-53.7,-87.5,-82.7,1,1,0.02,59,8.8,-7.543072246178589,-4.532335059208477,71119
2026-04-01 13:11:10,-112.858,53.4495,10.7,30104.0,-53.6,-87.4,-82.7,1,1,0.02,59,8.9,-7.6287889762488,-4.583838866699482,71119
2026-04-01 13:11:12,-112.8582,53.4494,10.7,30108.0,-53.6,-87.4,-82.7,1,1,0.02,60,8.9,-7.707626093681504,-4.450000000000001,71119
2026-04-01 13:11:13,-112.8584,53.4493,10.7,30119.0,-53.6,-87.4,-82.6,1,1,0.02,61,9.0,-7.871577364254562,-4.363286582217034,71119
2026-04-01 13:11:14,-112.8585,53.4493,10.7,30124.0,-53.6,-87.4,-82.6,1,1,0.02,61,9.1,-7.959039334968501,-4.411767544241668,71119
2026-04-01 13:11:15,-112.8585,53.4492,10.6,30130.0,-53.6,-87.4,-82.6,1,1,0.02,62,9.1,-8.034823095016234,-4.272191221351607,71119
2026-04-01 13:11:16,-112.8586,53.4491,10.6,30135.0,-53.7,-87.4,-82.6,1,1,0.02,62,9.1,-8.034823095016234,-4.272191221351607,71119
2026-04-01 13:11:17,-112.8587,53.4491,10.6,30140.0,-53.7,-87.4,-82.6,1,1,0.02,62,9.2,-8.123117854302127,-4.319138377630195,71119
2026-04-01 13:11:18,-112.8589,53.4491,10.6,30146.0,-53.7,-87.4,-82.6,1,1,0.02,63,9.2,-8.197260022532983,-4.176712597603831,71119
2026-04-01 13:11:19,-112.859,53.449,10.6,30152.0,-53.8,-87.4,-82.6,1,1,0.02,63,9.2,-8.197260022532983,-4.176712597603831,71119
2026-04-01 13:11:20,-112.8592,53.449,10.6,30158.0,-53.8,-87.4,-82.6,1,1,0.02,64,9.2,-8.268905225952334,-4.033014550459512,71119
2026-04-01 13:11:21,-112.8594,53.449,10.6,30164.0,-53.8,-87.4,-82.6,1,1,0.02,64,9.2,-8.268905225952334,-4.033014550459512,71119
2026-04-01 13:11:23,-112.8597,53.4489,10.6,30169.0,-53.9,-87.4,-82.6,1,1,0.02,65,9.1,-8.247400862033514,-3.8458261818403647,71119
2026-04-01 13:11:24,-112.8598,53.4489,10.6,30178.0,-53.9,-87.4,-82.6,1,1,0.02,66,9.1,-8.313263664547668,-3.701303451989782,71119
2026-04-01 13:11:25,-112.8599,53.4489,10.6,30184.0,-54.0,-87.4,-82.6,1,1,0.02,66,9.0,-8.221909118783408,-3.660629787682202,71119
2026-04-01 13:11:26,-112.86,53.4488,10.5,30189.0,-54.0,-87.4,-82.7,1,1,0.02,67,9.0,-8.284543681071963,-3.5165801564034633,71119
2026-04-01 13:11:27,-112.8601,53.4488,10.5,30195.0,-54.0,-87.4,-82.7,1,1,0.02,67,8.9,-8.192493195726719,-3.477507043554536,71119
2026-04-01 13:11:28,-112.8602,53.4487,10.5,30201.0,-54.1,-87.5,-82.7,1,1,0.02,67,8.8,-8.100442710381476,-3.438433930705609,71119
2026-04-01 13:11:29,-112.8604,53.4487,10.5,30207.0,-54.1,-87.5,-82.7,1,1,0.02,68,8.8,-8.15921792018773,-3.2965380220600253,71119
2026-04-01 13:11:30,-112.8605,53.4487,10.5,30212.0,-54.2,-87.5,-82.7,1,1,0.02,68,8.7,-8.066499534731049,-3.259077362718434,71119
2026-04-01 13:11:32,-112.8608,53.4487,10.5,30218.0,-54.2,-87.5,-82.8,1,1,0.02,68,8.6,-7.973781149274371,-3.2216167033768426,71119
2026-04-01 13:11:33,-112.861,53.4487,10.5,30227.0,-54.2,-87.6,-82.8,1,1,0.02,69,8.4,-7.842075582576495,-3.0102907761805233,71119
2026-04-01 13:11:34,-112.8611,53.4486,10.5,30232.0,-54.2,-87.6,-82.8,1,1,0.02,69,8.3,-7.748717539926775,-2.9744539812259934,71119
2026-04-01 13:11:35,-112.8612,53.4486,10.5,30238.0,-54.2,-87.6,-82.8,1,1,0.02,69,8.2,-7.655359497277054,-2.938617186271463,71119
2026-04-01 13:11:36,-112.8613,53.4486,10.4,30243.0,-54.2,-87.5,-82.8,1,1,0.02,69,8.2,-7.655359497277054,-2.938617186271463,71119
2026-04-01 13:11:38,-112.8614,53.4485,10.4,30248.0,-54.1,-87.5,-82.8,1,1,0.02,69,8.1,-7.5620014546273335,-2.902780391316933,71119
2026-04-01 13:11:39,-112.8615,53.4485,10.4,30257.0,-54.1,-87.5,-82.7,1,1,0.02,69,7.9,-7.375285369327894,-2.831106801407873,71119
2026-04-01 13:11:40,-112.8616,53.4485,10.4,30263.0,-54.0,-87.5,-82.7,1,1,0.02,69,7.8,-7.281927326678173,-2.795270006453343,71119
2026-04-01 13:11:41,-112.8617,53.4485,10.4,30269.0,-54.0,-87.5,-82.7,1,1,0.02,69,7.7,-7.188569284028453,-2.759433211498813,71119
2026-04-01 13:11:42,-112.8618,53.4485,10.4,30274.0,-54.0,-87.5,-82.7,1,1,0.02,68,7.6,-7.046597294707584,-2.8470101099609306,71119
2026-04-01 13:11:44,-112.8621,53.4485,10.4,30280.0,-54.0,-87.5,-82.8,1,1,0.02,68,7.5,-6.953878909250905,-2.8095494506193397,71119
2026-04-01 13:11:45,-112.8622,53.4484,10.4,30289.0,-53.9,-87.5,-82.8,1,1,0.02,68,7.3,-6.768442138337548,-2.7346281319361574,71119
2026-04-01 13:11:46,-112.8623,53.4484,10.4,30293.0,-53.9,-87.5,-82.8,1,1,0.02,68,7.2,-6.675723752880869,-2.697167472594566,71119
2026-04-01 13:11:48,-112.8624,53.4483,10.4,30298.0,-53.9,-87.5,-82.8,1,1,0.02,68,7.2,-6.675723752880869,-2.697167472594566,71119
2026-04-01 13:11:49,-112.8625,53.4482,10.3,30308.0,-53.8,-87.5,-82.8,1,1,0.02,67,7.0,-6.4435339741670825,-2.735117899424916,71119
2026-04-01 13:11:50,-112.8626,53.4482,10.3,30313.0,-53.8,-87.5,-82.8,1,1,0.02,67,6.9,-6.351483488821839,-2.696044786575989,71119
2026-04-01 13:11:51,-112.8627,53.4481,10.3,30320.0,-53.8,-87.5,-82.8,1,1,0.02,67,6.8,-6.259433003476595,-2.6569716737270612,71119
2026-04-01 13:11:52,-112.8628,53.4481,10.3,30326.0,-53.8,-87.5,-82.8,1,1,0.02,67,6.8,-6.259433003476595,-2.6569716737270612,71119
2026-04-01 13:11:54,-112.863,53.4481,10.3,30331.0,-53.8,-87.5,-82.8,1,1,0.02,67,6.7,-6.167382518131351,-2.617898560878134,71119
2026-04-01 13:11:55,-112.8632,53.4481,10.3,30338.0,-53.7,-87.5,-82.8,1,1,0.02,67,6.5,-5.983281547440862,-2.539752335180279,71119
2026-04-01 13:11:57,-112.8634,53.4481,10.3,30341.0,-53.7,-87.5,-82.8,1,1,0.02,67,6.4,-5.891231062095619,-2.500679222331352,71119
2026-04-01 13:11:58,-112.8635,53.4481,10.3,30350.0,-53.7,-87.5,-82.8,1,1,0.02,67,6.3,-5.799180576750374,-2.461606109482424,71119
2026-04-01 13:11:59,-112.8636,53.4481,10.3,30356.0,-53.7,-87.5,-82.8,1,1,0.02,67,6.2,-5.707130091405131,-2.422532996633497,71119
2026-04-01 13:12:00,-112.8636,53.448,10.3,30361.0,-53.7,-87.5,-82.8,1,1,0.02,67,6.2,-5.707130091405131,-2.422532996633497,71119
2026-04-01 13:12:02,-112.8636,53.4479,10.2,30366.0,-53.8,-87.6,-82.8,1,1,0.02,67,6.1,-5.6150796060598855,-2.3834598837845697,71119
2026-04-01 13:12:03,-112.8637,53.4478,10.2,30378.0,-53.8,-87.6,-82.8,1,1,0.02,67,6.0,-5.523029120714642,-2.3443867709356425,71119
2026-04-01 13:12:04,-112.8637,53.4478,10.2,30384.0,-53.8,-87.6,-82.8,1,1,0.02,67,6.0,-5.523029120714642,-2.3443867709356425,71119
2026-04-01 13:12:05,-112.8638,53.4478,10.2,30390.0,-53.8,-87.6,-82.8,1,1,0.02,68,5.9,-5.470384741944046,-2.210178901153881,71119
2026-04-01 13:12:06,-112.8639,53.4478,10.2,30396.0,-53.8,-87.6,-82.8,1,1,0.02,68,5.9,-5.470384741944046,-2.210178901153881,71119
2026-04-01 13:12:07,-112.864,53.4479,10.2,30401.0,-53.8,-87.5,-82.8,1,1,0.02,68,5.9,-5.470384741944046,-2.210178901153881,71119
2026-04-01 13:12:08,-112.8641,53.4479,10.2,30406.0,-53.8,-87.5,-82.8,1,1,0.02,68,5.9,-5.470384741944046,-2.210178901153881,71119
2026-04-01 13:12:10,-112.8643,53.4479,10.2,30410.0,-53.8,-87.5,-82.8,1,1,0.02,69,5.9,-5.50812451633349,-2.1143709023172725,71119
2026-04-01 13:12:11,-112.8644,53.4479,10.2,30421.0,-53.8,-87.5,-82.8,1,1,0.02,69,5.9,-5.50812451633349,-2.1143709023172725,71119
2026-04-01 13:12:12,-112.8644,53.4478,10.2,30426.0,-53.8,-87.5,-82.8,1,1,0.02,69,5.9,-5.50812451633349,-2.1143709023172725,71119
2026-04-01 13:12:13,-112.8645,53.4478,10.2,30430.0,-53.8,-87.5,-82.8,1,1,0.02,70,5.9,-5.544186462636859,-2.017918845621446,71119
2026-04-01 13:12:15,-112.8647,53.4476,10.1,30436.0,-53.8,-87.5,-82.8,1,1,0.02,70,5.9,-5.544186462636859,-2.017918845621446,71119
2026-04-01 13:12:16,-112.8647,53.4476,10.1,30447.0,-53.8,-87.5,-82.8,1,1,0.02,71,6.0,-5.673111453595901,-1.9534089267429406,71119
2026-04-01 13:12:17,-112.8648,53.4476,10.1,30453.0,-53.8,-87.6,-82.8,1,1,0.02,71,6.1,-5.7676633111558315,-1.985965742188656,71119
2026-04-01 13:12:18,-112.8649,53.4476,10.1,30458.0,-53.8,-87.6,-82.8,1,1,0.02,71,6.1,-5.7676633111558315,-1.985965742188656,71119
2026-04-01 13:12:20,-112.8651,53.4476,10.1,30462.0,-53.8,-87.6,-82.8,1,1,0.02,72,6.1,-5.801444749400436,-1.8850036656871794,71119
2026-04-01 13:12:21,-112.8652,53.4477,10.1,30470.0,-53.8,-87.6,-82.8,1,1,0.02,72,6.2,-5.896550401029952,-1.9159053651246742,71119
2026-04-01 13:12:23,-112.8654,53.4476,10.1,30475.0,-53.8,-87.6,-82.8,1,1,0.02,73,6.3,-6.024719962567123,-1.8419417397532416,71119
2026-04-01 13:12:24,-112.8654,53.4476,10.1,30484.0,-53.7,-87.6,-82.8,1,1,0.02,74,6.4,-6.1520748540052415,-1.7640790772287946,71119
2026-04-01 13:12:25,-112.8655,53.4475,10.1,30489.0,-53.7,-87.6,-82.8,1,1,0.02,74,6.4,-6.1520748540052415,-1.7640790772287946,71119
2026-04-01 13:12:26,-112.8656,53.4475,10.1,30494.0,-53.7,-87.6,-82.8,1,1,0.02,75,6.4,-6.181925288250038,-1.6564418886561327,71119
2026-04-01 13:12:28,-112.8658,53.4474,10.0,30499.0,-53.7,-87.6,-82.8,1,1,0.02,75,6.4,-6.181925288250038,-1.6564418886561327,71119
2026-04-01 13:12:29,-112.8659,53.4474,10.0,30510.0,-53.6,-87.6,-82.8,1,1,0.02,76,6.5,-6.306922220793977,-1.57249232139784,71119
2026-04-01 13:12:30,-112.866,53.4474,10.0,30515.0,-53.6,-87.6,-82.8,1,1,0.02,77,6.5,-6.333405421104029,-1.462181853235122,71119
2026-04-01 13:12:31,-112.8662,53.4474,10.0,30520.0,-53.6,-87.6,-82.8,1,1,0.02,78,6.5,-6.357959404769736,-1.3514259903154364,71119
2026-04-01 13:12:32,-112.8663,53.4474,10.0,30527.0,-53.6,-87.6,-82.8,1,1,0.02,79,6.4,-6.28241397406505,-1.2211775704098875,71119
2026-04-01 13:12:34,-112.8665,53.4474,10.0,30531.0,-53.6,-87.6,-82.8,1,1,0.02,79,6.4,-6.28241397406505,-1.2211775704098875,71119
2026-04-01 13:12:35,-112.8666,53.4474,10.0,30542.0,-53.6,-87.6,-82.8,1,1,0.02,81,6.4,-6.321205379808882,-1.001180576257478,71119
2026-04-01 13:12:36,-112.8667,53.4474,10.0,30547.0,-53.6,-87.6,-82.9,1,1,0.02,82,6.3,-6.238688833071893,-0.8767905360484124,71119
2026-04-01 13:12:37,-112.8668,53.4473,10.0,30552.0,-53.6,-87.6,-82.9,1,1,0.02,83,6.3,-6.253040755340328,-0.7677768634524291,71119
2026-04-01 13:12:39,-112.867,53.4473,9.9,30556.0,-53.6,-87.6,-82.9,1,1,0.02,83,6.2,-6.153786140176196,-0.7555899291119145,71119
2026-04-01 13:12:40,-112.8671,53.4473,9.9,30566.0,-53.6,-87.7,-82.9,1,1,0.02,85,6.1,-6.076787658359647,-0.5316500307607146,71119
2026-04-01 13:12:41,-112.8671,53.4473,9.9,30572.0,-53.6,-87.7,-82.9,1,1,0.02,87,6.1,-6.0916401620029,-0.3192493330819582,71119
2026-04-01 13:12:43,-112.8673,53.4474,9.9,30577.0,-53.6,-87.7,-82.9,1,1,0.02,88,6.0,-5.996344962114574,-0.20939698021500647,71119
2026-04-01 13:12:44,-112.8674,53.4474,9.9,30587.0,-53.5,-87.7,-82.9,1,1,0.02,90,5.9,-5.9,-3.612708057484692e-16,71119
2026-04-01 13:12:45,-112.8675,53.4474,9.9,30593.0,-53.5,-87.6,-82.9,1,1,0.02,91,5.8,-5.7991166319070695,0.10122395733624416,71119
2026-04-01 13:12:46,-112.8675,53.4474,9.9,30598.0,-53.5,-87.6,-82.9,1,1,0.02,93,5.7,-5.692188348101071,0.2983149505847799,71119
2026-04-01 13:12:47,-112.8676,53.4474,9.9,30603.0,-53.4,-87.6,-82.9,1,1,0.02,94,5.7,-5.686115086480998,0.3976119003415144,71119
2026-04-01 13:12:49,-112.8678,53.4473,9.9,30608.0,-53.4,-87.6,-82.9,1,1,0.02,96,5.6,-5.56932261406233,0.5853593942988599,71119
2026-04-01 13:12:50,-112.8679,53.4473,9.9,30619.0,-53.4,-87.6,-82.8,1,1,0.02,99,5.5,-5.4322858732732575,0.8603895577212695,71119
2026-04-01 13:12:51,-112.868,53.4473,9.8,30625.0,-53.3,-87.6,-82.9,1,1,0.02,100,5.4,-5.317961866265923,0.9377001594014237,71119
2026-04-01 13:12:52,-112.8681,53.4473,9.8,30632.0,-53.3,-87.6,-82.9,1,1,0.02,102,5.4,-5.281997043962551,1.1227231304159004,71119
2026-04-01 13:12:53,-112.8681,53.4474,9.8,30638.0,-53.3,-87.6,-82.9,1,1,0.02,104,5.3,-5.142567349262781,1.2821860466782393,71119
2026-04-01 13:12:54,-112.8682,53.4474,9.8,30643.0,-53.3,-87.6,-82.9,1,1,0.02,105,5.3,-5.119406879332062,1.3717409390433604,71119
2026-04-01 13:12:56,-112.8684,53.4475,9.8,30648.0,-53.3,-87.6,-82.8,1,1,0.02,107,5.2,-4.972784731007785,1.5203328645582306,71119
2026-04-01 13:12:57,-112.8684,53.4475,9.8,30658.0,-53.2,-87.6,-82.8,1,1,0.02,111,5.1,-4.761260175135728,1.8276765426810313,71119
2026-04-01 13:12:58,-112.8685,53.4475,9.8,30664.0,-53.1,-87.5,-82.8,1,1,0.02,113,5.1,-4.694574752607445,1.9927287552952961,71119
2026-04-01 13:12:59,-112.8686,53.4475,9.8,30669.0,-53.1,-87.5,-82.8,1,1,0.02,115,5.0,-4.53153893518325,2.113091308703497,71119
2026-04-01 13:13:01,-112.8687,53.4475,9.8,30674.0,-53.1,-87.5,-82.8,1,1,0.02,116,5.0,-4.493970231495835,2.1918557339453875,71119
2026-04-01 13:13:02,-112.8688,53.4475,9.8,30685.0,-53.0,-87.5,-82.8,1,1,0.02,120,5.0,-4.330127018922194,2.499999999999999,71119
2026-04-01 13:13:03,-112.8689,53.4475,9.8,30690.0,-53.0,-87.5,-82.8,1,1,0.02,122,4.9,-4.155435671166488,2.5966043947427035,71119
2026-04-01 13:13:04,-112.8689,53.4476,9.7,30696.0,-53.0,-87.5,-82.8,1,1,0.02,124,4.9,-4.062284105519705,2.740045227006659,71119
2026-04-01 13:13:06,-112.869,53.4477,9.7,30701.0,-53.0,-87.5,-82.8,1,1,0.02,126,4.9,-3.9641832724372428,2.880147736233118,71119
2026-04-01 13:13:07,-112.8691,53.4477,9.7,30711.0,-53.0,-87.5,-82.7,1,1,0.02,130,4.9,-3.7536177712829923,3.149659287464043,71119
2026-04-01 13:13:08,-112.8691,53.4477,9.7,30716.0,-52.9,-87.5,-82.7,1,1,0.02,132,4.9,-3.641409644839232,3.2787399711584055,71119
2026-04-01 13:13:09,-112.8692,53.4478,9.7,30721.0,-52.9,-87.5,-82.7,1,1,0.02,134,4.9,-3.5247650216593907,3.4038260152490873,71119
2026-04-01 13:13:11,-112.8693,53.4478,9.7,30727.0,-52.9,-87.4,-82.7,1,1,0.02,136,4.9,-3.4038260152490865,3.5247650216593915,71119
2026-04-01 13:13:12,-112.8693,53.4478,9.7,30737.0,-52.8,-87.4,-82.6,1,1,0.02,139,5.0,-3.2802951449525364,3.77354790111386,71119
2026-04-01 13:13:13,-112.8694,53.4479,9.7,30742.0,-52.8,-87.4,-82.6,1,1,0.02,140,5.0,-3.2139380484326976,3.8302222155948895,71119
2026-04-01 13:13:15,-112.8694,53.448,9.7,30748.0,-52.8,-87.3,-82.6,1,1,0.02,142,5.0,-3.078307376628292,3.9400537680336094,71119
2026-04-01 13:13:16,-112.8695,53.448,9.7,30759.0,-52.7,-87.3,-82.5,1,1,0.02,145,5.0,-2.86788218175523,4.0957602214449595,71119
2026-04-01 13:13:17,-112.8695,53.4481,9.6,30764.0,-52.7,-87.3,-82.5,1,1,0.02,146,5.0,-2.7959645173537346,4.145187862775208,71119
2026-04-01 13:13:18,-112.8695,53.4482,9.6,30770.0,-52.7,-87.2,-82.5,1,1,0.02,147,5.1,-2.777659078576639,4.277219896521662,71119
2026-04-01 13:13:20,-112.8696,53.4483,9.6,30774.0,-52.7,-87.2,-82.4,1,1,0.02,148,5.1,-2.7025882475893455,4.325045290397772,71119
2026-04-01 13:13:21,-112.8696,53.4483,9.6,30784.0,-52.7,-87.2,-82.4,1,1,0.02,150,5.1,-2.5499999999999994,4.416729559300637,71119
2026-04-01 13:13:22,-112.8696,53.4483,9.6,30790.0,-52.7,-87.2,-82.4,1,1,0.02,151,5.1,-2.4725290632563195,4.460560506410918,71119
2026-04-01 13:13:23,-112.8696,53.4483,9.6,30796.0,-52.7,-87.2,-82.4,1,1,0.02,152,5.1,-2.3943049702080423,4.503032723580527,71119
2026-04-01 13:13:24,-112.8697,53.4483,9.6,30802.0,-52.7,-87.1,-82.4,1,1,0.02,153,5.1,-2.3153515486716887,4.544133273360675,71119
2026-04-01 13:13:25,-112.8697,53.4483,9.6,30808.0,-52.7,-87.1,-82.4,1,1,0.02,153,5.1,-2.3153515486716887,4.544133273360675,71119
2026-04-01 13:13:27,-112.8699,53.4485,9.6,30814.0,-52.8,-87.1,-82.4,1,1,0.02,154,5.1,-2.235692848624294,4.583849636125752,71119
2026-04-01 13:13:28,-112.8699,53.4485,9.6,30824.0,-52.8,-87.1,-82.3,1,1,0.02,155,5.0,-2.1130913087034973,4.531538935183249,71119
2026-04-01 13:13:29,-112.87,53.4486,9.5,30829.0,-52.8,-87.1,-82.3,1,1,0.02,156,5.0,-2.033683215379002,4.567727288213003,71119
2026-04-01 13:13:31,-112.8701,53.4488,9.5,30834.0,-52.9,-87.1,-82.3,1,1,0.02,156,5.0,-2.033683215379002,4.567727288213003,71119
2026-04-01 13:13:32,-112.8701,53.4488,9.5,30845.0,-52.9,-87.1,-82.3,1,1,0.02,157,4.9,-1.9145825295974417,4.510473781916958,71119
2026-04-01 13:13:33,-112.8701,53.4488,9.5,30850.0,-53.0,-87.1,-82.3,1,1,0.02,157,4.9,-1.9145825295974417,4.510473781916958,71119
2026-04-01 13:13:35,-112.87,53.4488,9.5,30855.0,-53.0,-87.1,-82.3,1,1,0.02,157,4.9,-1.9145825295974417,4.510473781916958,71119
2026-04-01 13:13:36,-112.87,53.4488,9.5,30864.0,-53.1,-87.1,-82.3,1,1,0.02,158,4.8,-1.7981116483963786,4.450482501920579,71119
2026-04-01 13:13:38,-112.8701,53.4488,9.5,30869.0,-53.1,-87.1,-82.3,1,1,0.02,158,4.8,-1.7981116483963786,4.450482501920579,71119
2026-04-01 13:13:39,-112.8701,53.4489,9.5,30879.0,-53.2,-87.1,-82.3,1,1,0.02,158,4.7,-1.7606509890547877,4.3577641164639,71119
2026-04-01 13:13:40,-112.8701,53.449,9.5,30884.0,-53.2,-87.1,-82.3,1,1,0.02,158,4.7,-1.7606509890547877,4.3577641164639,71119
2026-04-01 13:13:42,-112.8702,53.4491,9.4,30889.0,-53.2,-87.1,-82.3,1,1,0.02,158,4.7,-1.7606509890547877,4.3577641164639,71119
2026-04-01 13:13:43,-112.8703,53.4492,9.4,30899.0,-53.3,-87.1,-82.4,1,1,0.02,157,4.7,-1.8364363038995868,4.32637281122647,71119
2026-04-01 13:13:44,-112.8703,53.4493,9.4,30904.0,-53.3,-87.1,-82.4,1,1,0.02,157,4.7,-1.8364363038995868,4.32637281122647,71119
2026-04-01 13:13:46,-112.8703,53.4493,9.4,30910.0,-53.3,-87.1,-82.4,1,1,0.02,157,4.7,-1.8364363038995868,4.32637281122647,71119
2026-04-01 13:13:47,-112.8703,53.4493,9.4,30920.0,-53.4,-87.2,-82.4,1,1,0.02,156,4.7,-1.911662222456262,4.293663650920224,71119
2026-04-01 13:13:48,-112.8703,53.4493,9.4,30925.0,-53.4,-87.2,-82.4,1,1,0.02,156,4.7,-1.911662222456262,4.293663650920224,71119
2026-04-01 13:13:50,-112.8704,53.4492,9.4,30930.0,-53.4,-87.2,-82.4,1,1,0.02,156,4.7,-1.911662222456262,4.293663650920224,71119
2026-04-01 13:13:51,-112.8704,53.4493,9.4,30942.0,-53.4,-87.2,-82.4,1,1,0.02,155,4.8,-2.0285676563553574,4.350277377775919,71119
2026-04-01 13:13:52,-112.8705,53.4493,9.4,30947.0,-53.4,-87.2,-82.4,1,1,0.02,155,4.8,-2.0285676563553574,4.350277377775919,71119
2026-04-01 13:13:53,-112.8705,53.4494,9.4,30952.0,-53.4,-87.2,-82.4,1,1,0.02,154,4.9,-2.148018619266479,4.404090826865919,71119
2026-04-01 13:13:55,-112.8706,53.4496,9.3,30958.0,-53.4,-87.2,-82.5,1,1,0.02,154,4.9,-2.148018619266479,4.404090826865919,71119
2026-04-01 13:13:56,-112.8707,53.4497,9.3,30969.0,-53.3,-87.2,-82.5,1,1,0.02,154,4.9,-2.148018619266479,4.404090826865919,71119
2026-04-01 13:13:57,-112.8707,53.4497,9.3,30974.0,-53.3,-87.2,-82.5,1,1,0.02,153,4.9,-2.2245534487237797,4.365931968523003,71119
2026-04-01 13:13:58,-112.8707,53.4498,9.3,30980.0,-53.3,-87.2,-82.5,1,1,0.02,153,4.9,-2.2245534487237797,4.365931968523003,71119
2026-04-01 13:14:00,-112.8708,53.4498,9.3,30984.0,-53.2,-87.2,-82.4,1,1,0.02,153,5.0,-2.269952498697734,4.455032620941839,71119
2026-04-01 13:14:01,-112.8708,53.4498,9.3,30994.0,-53.2,-87.2,-82.4,1,1,0.02,153,4.9,-2.2245534487237797,4.365931968523003,71119
2026-04-01 13:14:03,-112.8709,53.4498,9.3,30999.0,-53.2,-87.2,-82.5,1,1,0.02,153,4.9,-2.2245534487237797,4.365931968523003,71119
2026-04-01 13:14:04,-112.871,53.4498,9.3,31011.0,-53.2,-87.2,-82.5,1,1,0.02,153,4.9,-2.2245534487237797,4.365931968523003,71119
2026-04-01 13:14:05,-112.871,53.4499,9.3,31016.0,-53.2,-87.3,-82.5,1,1,0.02,153,4.9,-2.2245534487237797,4.365931968523003,71119
2026-04-01 13:14:06,-112.8711,53.45,9.3,31022.0,-53.2,-87.3,-82.5,1,1,0.02,153,4.8,-2.1791543987498248,4.276831316104166,71119
2026-04-01 13:14:08,-112.8712,53.4502,9.2,31027.0,-53.2,-87.3,-82.5,1,1,0.02,153,4.8,-2.1791543987498248,4.276831316104166,71119
2026-04-01 13:14:09,-112.8712,53.4502,9.2,31038.0,-53.2,-87.3,-82.5,1,1,0.02,153,4.7,-2.1337553487758703,4.187730663685329,71119
2026-04-01 13:14:10,-112.8713,53.4503,9.2,31044.0,-53.2,-87.3,-82.5,1,1,0.02,153,4.6,-2.0883562988019153,4.098630011266492,71119
2026-04-01 13:14:11,-112.8713,53.4503,9.2,31050.0,-53.2,-87.3,-82.5,1,1,0.02,153,4.5,-2.042957248827961,4.009529358847655,71119
2026-04-01 13:14:13,-112.8712,53.4503,9.2,31055.0,-53.2,-87.3,-82.5,1,1,0.02,153,4.4,-1.9975581988540063,3.920428706428819,71119
2026-04-01 13:14:14,-112.8712,53.4503,9.2,31064.0,-53.1,-87.3,-82.6,1,1,0.02,152,4.3,-2.01872771997933,3.796674649293386,71119
2026-04-01 13:14:16,-112.8712,53.4503,9.2,31070.0,-53.1,-87.3,-82.5,1,1,0.02,152,4.2,-1.971780563700741,3.7083798900074934,71119
2026-04-01 13:14:17,-112.8713,53.4503,9.2,31080.0,-53.1,-87.3,-82.5,1,1,0.02,151,4.0,-1.9392384809853487,3.498478828557583,71119
2026-04-01 13:14:18,-112.8713,53.4504,9.2,31084.0,-53.0,-87.2,-82.5,1,1,0.02,151,4.0,-1.9392384809853487,3.498478828557583,71119
2026-04-01 13:14:20,-112.8714,53.4505,9.2,31090.0,-53.0,-87.2,-82.5,1,1,0.02,150,3.9,-1.9499999999999997,3.377499074759311,71119
2026-04-01 13:14:21,-112.8714,53.4506,9.2,31101.0,-53.0,-87.2,-82.5,1,1,0.02,148,3.7,-1.9607012776628587,3.1377779557787764,71119
2026-04-01 13:14:22,-112.8715,53.4506,9.1,31107.0,-53.0,-87.2,-82.5,1,1,0.02,147,3.7,-2.0151644295556013,3.1030811013980686,71119
2026-04-01 13:14:23,-112.8715,53.4506,9.1,31113.0,-53.0,-87.2,-82.5,1,1,0.02,146,3.6,-2.013094452494689,2.98453526119815,71119
2026-04-01 13:14:25,-112.8716,53.4506,9.1,31119.0,-53.0,-87.2,-82.5,1,1,0.02,145,3.5,-2.0075175272286607,2.8670321550114717,71119
2026-04-01 13:14:26,-112.8716,53.4506,9.1,31129.0,-53.0,-87.2,-82.5,1,1,0.02,143,3.4,-2.046171078716964,2.7153607341607957,71119
2026-04-01 13:14:27,-112.8716,53.4506,9.1,31134.0,-53.0,-87.2,-82.5,1,1,0.02,142,3.3,-2.0316828685746726,2.600435486902182,71119
2026-04-01 13:14:29,-112.8716,53.4506,9.1,31139.0,-53.0,-87.2,-82.5,1,1,0.02,141,3.3,-2.0767572904644633,2.564581672808004,71119
2026-04-01 13:14:30,-112.8716,53.4507,9.1,31149.0,-53.0,-87.2,-82.5,1,1,0.02,139,3.2,-2.0993888927696234,2.415070656712871,71119
2026-04-01 13:14:32,-112.8717,53.4508,9.1,31154.0,-53.0,-87.2,-82.5,1,1,0.02,138,3.1,-2.0743048797124612,2.3037489589799214,71119
2026-04-01 13:14:33,-112.8718,53.4508,9.1,31165.0,-53.1,-87.2,-82.5,1,1,0.02,136,3.0,-2.0839751113769913,2.158019401015954,71119
2026-04-01 13:14:34,-112.8718,53.4508,9.1,31171.0,-53.1,-87.2,-82.5,1,1,0.02,135,2.9,-2.0506096654409878,2.0506096654409878,71119
2026-04-01 13:14:35,-112.8719,53.4508,9.0,31177.0,-53.1,-87.2,-82.5,1,1,0.02,135,2.9,-2.0506096654409878,2.0506096654409878,71119
2026-04-01 13:14:37,-112.872,53.4508,9.0,31182.0,-53.1,-87.2,-82.5,1,1,0.02,135,2.8,-1.9798989873223332,1.9798989873223327,71119
2026-04-01 13:14:38,-112.8721,53.4508,9.0,31193.0,-53.0,-87.2,-82.5,1,1,0.02,135,2.6,-1.8384776310850237,1.8384776310850235,71119
2026-04-01 13:14:39,-112.8721,53.4508,9.0,31199.0,-53.0,-87.2,-82.4,1,1,0.02,135,2.6,-1.8384776310850237,1.8384776310850235,71119
2026-04-01 13:14:40,-112.8722,53.4508,9.0,31206.0,-53.0,-87.2,-82.4,1,1,0.02,136,2.5,-1.736645926147493,1.7983495008466281,71119
2026-04-01 13:14:41,-112.8722,53.4509,9.0,31212.0,-53.0,-87.2,-82.4,1,1,0.03,137,2.4,-1.6367960641499966,1.755248883886009,71119
2026-04-01 13:14:43,-112.8722,53.451,9.0,31218.0,-53.0,-87.2,-82.4,1,1,0.03,138,2.3,-1.5390003946253743,1.7092330985980062,71119
2026-04-01 13:14:44,-112.8722,53.451,9.0,31228.0,-53.0,-87.2,-82.4,1,1,0.03,141,2.1,-1.3215728212046587,1.632006519059639,71119
2026-04-01 13:14:45,-112.8722,53.451,9.0,31233.0,-53.0,-87.2,-82.4,1,1,0.03,144,2.0,-1.1755705045849465,1.6180339887498947,71119
2026-04-01 13:14:47,-112.8723,53.4509,8.9,31239.0,-53.0,-87.2,-82.4,1,1,0.03,147,1.9,-1.0348141665285517,1.5934740790963053,71119
2026-04-01 13:14:48,-112.8723,53.4509,8.9,31250.0,-53.1,-87.2,-82.4,1,1,0.03,154,1.8,-0.7890680642203391,1.6178292833385006,71119
2026-04-01 13:14:49,-112.8723,53.4509,8.9,31255.0,-53.1,-87.2,-82.4,1,1,0.03,158,1.7,-0.6368312088070508,1.5762125527635384,71119
2026-04-01 13:14:51,-112.8723,53.4509,8.9,31261.0,-53.1,-87.2,-82.4,1,1,0.03,163,1.7,-0.4970318980286522,1.6257180851371604,71119
2026-04-01 13:14:52,-112.8722,53.4509,8.9,31272.0,-53.2,-87.2,-82.4,1,1,0.03,173,1.6,-0.19499094944823608,1.5880738426261152,71119
2026-04-01 13:14:53,-112.8722,53.451,8.9,31278.0,-53.2,-87.2,-82.4,1,1,0.03,178,1.6,-0.05583919472400183,1.5990253232305534,71119
2026-04-01 13:14:55,-112.8722,53.4511,8.9,31283.0,-53.2,-87.2,-82.5,1,1,0.03,183,1.6,0.0837375299887097,1.5978072556073182,71119
2026-04-01 13:14:56,-112.8722,53.4512,8.9,31294.0,-53.3,-87.2,-82.5,1,1,0.03,191,1.7,0.324375292140126,1.6687662118610287,71119
2026-04-01 13:14:57,-112.8722,53.4512,8.9,31300.0,-53.3,-87.2,-82.5,1,1,0.03,195,1.8,0.46587428118453744,1.738666487320323,71119
2026-04-01 13:14:58,-112.8722,53.4512,8.9,31307.0,-53.3,-87.2,-82.5,1,1,0.03,198,1.8,0.5562305898749051,1.7119017293312766,71119
2026-04-01 13:14:59,-112.8722,53.4512,8.8,31313.0,-53.3,-87.2,-82.5,1,1,0.03,201,1.9,0.6808991041360708,1.773802810344683,71119
2026-04-01 13:15:01,-112.8722,53.4511,8.8,31318.0,-53.3,-87.2,-82.5,1,1,0.03,203,2.0,0.7814622569785471,1.8410097069048807,71119
2026-04-01 13:15:02,-112.8721,53.4511,8.8,31329.0,-53.4,-87.3,-82.5,1,1,0.03,206,2.1,0.9205794082570627,1.8874674972282506,71119
2026-04-01 13:15:03,-112.8721,53.4511,8.8,31335.0,-53.4,-87.3,-82.5,1,1,0.03,207,2.2,0.9987790994270028,1.9602143532144096,71119
2026-04-01 13:15:05,-112.872,53.4512,8.8,31340.0,-53.4,-87.3,-82.5,1,1,0.03,208,2.3,1.0797845944075488,2.0307794635755316,71119
2026-04-01 13:15:06,-112.8719,53.4512,8.8,31351.0,-53.4,-87.3,-82.5,1,1,0.03,209,2.4,1.1635430885912086,2.09908729713455,71119
2026-04-01 13:15:08,-112.8719,53.4513,8.8,31356.0,-53.4,-87.2,-82.5,1,1,0.03,209,2.4,1.1635430885912086,2.09908729713455,71119
2026-04-01 13:15:09,-112.8719,53.4514,8.8,31366.0,-53.4,-87.2,-82.4,1,1,0.03,209,2.5,1.2120240506158424,2.1865492678484895,71119
2026-04-01 13:15:10,-112.8719,53.4514,8.8,31372.0,-53.3,-87.2,-82.4,1,1,0.03,209,2.6,1.2605050126404762,2.274011238562429,71119
2026-04-01 13:15:12,-112.8719,53.4514,8.8,31377.0,-53.3,-87.2,-82.4,1,1,0.03,208,2.6,1.2206260632433164,2.29566374143321,71119
2026-04-01 13:15:13,-112.8719,53.4513,8.8,31388.0,-53.3,-87.2,-82.4,1,1,0.03,207,2.7,1.225774349296776,2.4057176153085935,71119
2026-04-01 13:15:14,-112.8719,53.4513,8.7,31394.0,-53.3,-87.2,-82.4,1,1,0.03,207,2.7,1.225774349296776,2.4057176153085935,71119
2026-04-01 13:15:15,-112.8718,53.4514,8.7,31400.0,-53.4,-87.2,-82.4,1,1,0.03,206,2.7,1.1836020963305092,2.426743925007751,71119
2026-04-01 13:15:17,-112.8718,53.4515,8.7,31406.0,-53.4,-87.2,-82.4,1,1,0.03,205,2.7,1.141069306699888,2.4470310249989553,71119
2026-04-01 13:15:18,-112.8717,53.4515,8.7,31416.0,-53.4,-87.2,-82.4,1,1,0.03,203,2.7,1.0549740469210387,2.485363104321589,71119
2026-04-01 13:15:20,-112.8717,53.4516,8.7,31421.0,-53.4,-87.2,-82.4,1,1,0.03,202,2.8,1.0488984615645536,2.5961147927870045,71119
2026-04-01 13:15:21,-112.8717,53.4516,8.7,31431.0,-53.5,-87.2,-82.4,1,1,0.03,200,2.8,0.9576564013118721,2.6311393382005432,71119
2026-04-01 13:15:23,-112.8717,53.4516,8.7,31437.0,-53.5,-87.2,-82.4,1,1,0.03,199,2.7,0.8790340170343233,2.5529001541181553,71119
2026-04-01 13:15:24,-112.8717,53.4516,8.7,31446.0,-53.5,-87.2,-82.4,1,1,0.03,197,2.7,0.7894036027513893,2.582022841100196,71119
2026-04-01 13:15:25,-112.8717,53.4516,8.7,31452.0,-53.4,-87.2,-82.4,1,1,0.03,196,2.7,0.7442208607058973,2.5954065790334613,71119
2026-04-01 13:15:27,-112.8717,53.4516,8.7,31458.0,-53.4,-87.1,-82.4,1,1,0.03,195,2.7,0.6988114217768062,2.6079997309804845,71119
2026-04-01 13:15:28,-112.8717,53.4517,8.6,31470.0,-53.4,-87.1,-82.4,1,1,0.03,192,2.7,0.5613615652079507,2.6409985219812753,71119
2026-04-01 13:15:29,-112.8716,53.4517,8.6,31476.0,-53.4,-87.1,-82.4,1,1,0.03,191,2.7,0.5151842875166708,2.650393395308693,71119
2026-04-01 13:15:31,-112.8715,53.4518,8.6,31480.0,-53.5,-87.1,-82.4,1,1,0.03,190,2.7,0.4688500797007123,2.6589809331329617,71119
2026-04-01 13:15:32,-112.8715,53.4519,8.6,31490.0,-53.5,-87.2,-82.4,1,1,0.03,187,2.7,0.3290472271938978,2.67987460943157,71119
2026-04-01 13:15:34,-112.8715,53.4519,8.6,31496.0,-53.6,-87.2,-82.4,1,1,0.03,186,2.7,0.28222685082266447,2.685209117494338,71119
2026-04-01 13:15:35,-112.8715,53.4519,8.6,31507.0,-53.7,-87.2,-82.5,1,1,0.03,184,2.7,0.18834247910913826,2.6934229357015256,71119
2026-04-01 13:15:37,-112.8716,53.4519,8.6,31512.0,-53.7,-87.3,-82.5,1,1,0.03,182,2.7,0.09422864109675244,2.6983552329515588,71119
2026-04-01 13:15:38,-112.8716,53.4519,8.6,31522.0,-53.7,-87.3,-82.5,1,1,0.03,180,2.7,-3.3065463576978537e-16,2.7,71119
2026-04-01 13:15:39,-112.8716,53.4519,8.6,31527.0,-53.8,-87.3,-82.5,1,1,0.03,179,2.7,-0.04712149738066529,2.6995887769222566,71119
2026-04-01 13:15:41,-112.8716,53.452,8.6,31532.0,-53.8,-87.3,-82.5,1,1,0.03,178,2.7,-0.0942286410967531,2.6983552329515588,71119
2026-04-01 13:15:42,-112.8716,53.4521,8.5,31543.0,-53.8,-87.3,-82.6,1,1,0.03,177,2.8,-0.14654067748024266,2.7961626973128064,71119
2026-04-01 13:15:44,-112.8716,53.4522,8.5,31548.0,-53.8,-87.3,-82.6,1,1,0.03,176,2.8,-0.19531812648355146,2.7931793407275074,71119
2026-04-01 13:15:45,-112.8716,53.4522,8.5,31560.0,-53.8,-87.4,-82.6,1,1,0.03,175,2.9,-0.25275165396820876,2.888964624466062,71119
2026-04-01 13:15:46,-112.8716,53.4522,8.5,31566.0,-53.8,-87.4,-82.6,1,1,0.03,175,2.9,-0.25275165396820876,2.888964624466062,71119
2026-04-01 13:15:47,-112.8716,53.4522,8.5,31573.0,-53.9,-87.4,-82.6,1,1,0.03,174,2.9,-0.30313254347619584,2.8841134965679927,71119
2026-04-01 13:15:49,-112.8717,53.4522,8.5,31578.0,-53.9,-87.4,-82.7,1,1,0.03,174,3.0,-0.3135853898029612,2.9835656861048196,71119
2026-04-01 13:15:51,-112.8718,53.4522,8.5,31587.0,-54.0,-87.5,-82.8,1,1,0.03,174,3.0,-0.3135853898029612,2.9835656861048196,71119
2026-04-01 13:15:52,-112.8718,53.4522,8.5,31598.0,-54.0,-87.6,-82.8,1,1,0.02,174,3.1,-0.3240382361297266,3.083017875641647,71119
2026-04-01 13:15:53,-112.8718,53.4523,8.5,31604.0,-54.0,-87.6,-82.9,1,1,0.02,174,3.1,-0.3240382361297266,3.083017875641647,71119
2026-04-01 13:15:55,-112.8717,53.4524,8.4,31609.0,-54.0,-87.7,-82.9,1,1,0.02,174,3.1,-0.3240382361297266,3.083017875641647,71119
2026-04-01 13:15:56,-112.8717,53.4525,8.4,31618.0,-53.9,-87.7,-82.9,1,1,0.02,174,3.2,-0.33449108245649195,3.1824700651784745,71119
2026-04-01 13:15:58,-112.8717,53.4526,8.4,31623.0,-53.9,-87.6,-82.9,1,1,0.02,174,3.2,-0.33449108245649195,3.1824700651784745,71119
2026-04-01 13:15:59,-112.8717,53.4526,8.4,31634.0,-53.7,-87.5,-82.8,1,1,0.03,175,3.2,-0.27889837679250623,3.187823033893586,71119
2026-04-01 13:16:01,-112.8717,53.4526,8.4,31640.0,-53.6,-87.5,-82.7,1,1,0.03,175,3.2,-0.27889837679250623,3.187823033893586,71119
2026-04-01 13:16:03,-112.8717,53.4526,8.4,31648.0,-53.4,-87.4,-82.7,1,1,0.03,175,3.2,-0.27889837679250623,3.187823033893586,71119
2026-04-01 13:16:04,-112.8718,53.4526,8.4,31658.0,-53.3,-87.4,-82.7,1,1,0.03,174,3.2,-0.33449108245649195,3.1824700651784745,71119
2026-04-01 13:16:05,-112.8717,53.4526,8.4,31664.0,-53.3,-87.4,-82.7,1,1,0.03,174,3.2,-0.33449108245649195,3.1824700651784745,71119
2026-04-01 13:16:07,-112.8717,53.4528,8.4,31669.0,-53.3,-87.5,-82.7,1,1,0.03,174,3.1,-0.3240382361297266,3.083017875641647,71119
2026-04-01 13:16:08,-112.8717,53.4528,8.4,31680.0,-53.3,-87.5,-82.7,1,1,0.03,173,3.1,-0.3777949645559574,3.076893070088098,71119
2026-04-01 13:16:10,-112.8717,53.4529,8.3,31686.0,-53.3,-87.5,-82.8,1,1,0.03,172,3.0,-0.417519302880196,2.9708042062247113,71119
2026-04-01 13:16:11,-112.8717,53.4529,8.3,31697.0,-53.4,-87.6,-82.8,1,1,0.03,171,2.9,-0.4536599486166698,2.8642961877258992,71119
2026-04-01 13:16:13,-112.8718,53.4529,8.3,31702.0,-53.4,-87.6,-82.8,1,1,0.03,170,2.9,-0.5035797152340978,2.855942483735403,71119
2026-04-01 13:16:14,-112.8718,53.4529,8.3,31712.0,-53.3,-87.6,-82.8,1,1,0.03,168,2.8,-0.582152734289726,2.7388132820546556,71119
2026-04-01 13:16:16,-112.8718,53.453,8.3,31717.0,-53.3,-87.6,-82.8,1,1,0.03,166,2.7,-0.653189118119103,2.6197984609451908,71119
2026-04-01 13:16:17,-112.8718,53.453,8.3,31728.0,-53.3,-87.6,-82.8,1,1,0.03,163,2.6,-0.7601664322791152,2.4863923655038924,71119
2026-04-01 13:16:19,-112.8718,53.4531,8.3,31732.0,-53.3,-87.6,-82.8,1,1,0.03,162,2.6,-0.8034441853748635,2.472746942367399,71119
2026-04-01 13:16:20,-112.8718,53.4531,8.3,31743.0,-53.3,-87.6,-82.9,1,1,0.03,158,2.5,-0.9365164835397806,2.317959636416968,71119
2026-04-01 13:16:21,-112.8718,53.4532,8.3,31748.0,-53.3,-87.7,-82.9,1,1,0.03,156,2.5,-1.016841607689501,2.2838636441065017,71119
2026-04-01 13:16:23,-112.8718,53.4532,8.3,31754.0,-53.3,-87.7,-82.9,1,1,0.03,154,2.4,-1.0520907522937855,2.157105711118001,71119
2026-04-01 13:16:25,-112.8719,53.4531,8.2,31764.0,-53.3,-87.7,-83.0,1,1,0.02,150,2.4,-1.1999999999999997,2.078460969082653,71119
2026-04-01 13:16:27,-112.872,53.4531,8.2,31772.0,-53.2,-87.7,-83.0,1,1,0.02,146,2.4,-1.3420629683297924,1.9896901741320998,71119
2026-04-01 13:16:28,-112.872,53.4532,8.2,31782.0,-53.1,-87.7,-83.0,1,1,0.02,142,2.4,-1.4775875407815802,1.8912258086561324,71119
2026-04-01 13:16:30,-112.872,53.4532,8.2,31787.0,-53.1,-87.7,-82.9,1,1,0.03,141,2.4,-1.5103689385196097,1.8651503074967302,71119
2026-04-01 13:16:31,-112.872,53.4533,8.2,31797.0,-52.9,-87.7,-82.9,1,1,0.03,137,2.5,-1.7049959001562465,1.828384254047926,71119
2026-04-01 13:16:33,-112.8721,53.4533,8.2,31802.0,-52.8,-87.6,-82.9,1,1,0.03,136,2.5,-1.736645926147493,1.7983495008466281,71119
2026-04-01 13:16:34,-112.8721,53.4533,8.2,31813.0,-52.6,-87.5,-82.8,1,1,0.03,134,2.6,-1.870283480880493,1.8061117631933932,71119
2026-04-01 13:16:36,-112.8722,53.4533,8.2,31818.0,-52.5,-87.5,-82.7,1,1,0.03,133,2.6,-1.9015196242098436,1.7731957361624957,71119
2026-04-01 13:16:38,-112.8723,53.4533,8.2,31827.0,-52.3,-87.4,-82.7,1,1,0.03,131,2.7,-2.0377158666014847,1.7713593782743695,71119
2026-04-01 13:16:39,-112.8723,53.4533,8.2,31837.0,-52.1,-87.4,-82.6,1,1,0.03,130,2.8,-2.1449244407331385,1.7998053071223101,71119
2026-04-01 13:16:41,-112.8724,53.4534,8.2,31842.0,-52.1,-87.3,-82.6,1,1,0.03,130,2.9,-2.221528885045036,1.864084068090964,71119
2026-04-01 13:16:42,-112.8724,53.4535,8.1,31853.0,-51.9,-87.3,-82.5,1,1,0.03,130,2.9,-2.221528885045036,1.864084068090964,71119
2026-04-01 13:16:44,-112.8725,53.4535,8.1,31858.0,-51.9,-87.3,-82.5,1,1,0.03,130,3.0,-2.298133329356934,1.9283628290596182,71119
2026-04-01 13:16:45,-112.8725,53.4536,8.1,31869.0,-51.8,-87.2,-82.5,1,1,0.03,130,3.0,-2.298133329356934,1.9283628290596182,71119
2026-04-01 13:16:47,-112.8726,53.4535,8.1,31874.0,-51.8,-87.2,-82.5,1,1,0.03,131,3.0,-2.2641287406683164,1.9681770869715214,71119
2026-04-01 13:16:49,-112.8727,53.4535,8.1,31883.0,-51.8,-87.2,-82.5,1,1,0.03,132,3.1,-2.3037489589799223,2.074304879712461,71119
2026-04-01 13:16:50,-112.8728,53.4535,8.1,31893.0,-51.8,-87.3,-82.5,1,1,0.03,133,3.1,-2.267196475019429,2.1141949161937448,71119
2026-04-01 13:16:52,-112.8729,53.4535,8.1,31898.0,-51.9,-87.3,-82.5,1,1,0.03,134,3.1,-2.2299533810498184,2.153440948422892,71119
2026-04-01 13:16:53,-112.8729,53.4536,8.1,31908.0,-51.9,-87.3,-82.5,1,1,0.03,137,3.1,-2.1141949161937457,2.2671964750194284,71119
2026-04-01 13:16:55,-112.8729,53.4537,8.1,31913.0,-51.9,-87.3,-82.5,1,1,0.03,139,3.1,-2.0337829898705726,2.339599698690593,71119
2026-04-01 13:16:57,-112.873,53.4538,8.1,31922.0,-52.0,-87.3,-82.5,1,1,0.03,142,3.1,-1.9085505735095412,2.442833336180838,71119
2026-04-01 13:16:59,-112.8731,53.4537,8.0,31932.0,-52.0,-87.3,-82.5,1,1,0.03,147,3.1,-1.6883810085465847,2.5998787606308142,71119
2026-04-01 13:17:00,-112.8732,53.4537,8.0,31940.0,-52.0,-87.2,-82.5,1,1,0.03,151,3.0,-1.4544288607390115,2.623859121418187,71119
2026-04-01 13:17:02,-112.8732,53.4537,8.0,31945.0,-52.0,-87.2,-82.5,1,1,0.03,154,3.1,-1.3589505550461396,2.786261543527418,71119
2026-04-01 13:17:04,-112.8732,53.4538,8.0,31955.0,-51.9,-87.1,-82.4,1,1,0.03,159,3.1,-1.1109406435904308,2.8940993221413254,71119
2026-04-01 13:17:05,-112.8732,53.4539,8.0,31965.0,-51.8,-87.0,-82.3,1,1,0.03,165,3.2,-0.8282209443280673,3.0909626441250184,71119
2026-04-01 13:17:07,-112.8732,53.454,8.0,31970.0,-51.8,-87.0,-82.2,1,1,0.03,168,3.2,-0.6653174106168298,3.1300723223481786,71119
2026-04-01 13:17:09,-112.8732,53.4541,8.0,31979.0,-51.7,-86.9,-82.2,1,1,0.03,173,3.3,-0.4021688332369869,3.275402300416362,71119
2026-04-01 13:17:10,-112.8732,53.4541,8.0,31989.0,-51.6,-86.9,-82.1,1,1,0.03,178,3.5,-0.122148238458754,3.497867894566835,71119
2026-04-01 13:17:12,-112.8732,53.4541,8.0,31994.0,-51.6,-86.8,-82.1,1,1,0.03,180,3.6,-4.4087284769304716e-16,3.6,71119
2026-04-01 13:17:14,-112.8732,53.454,8.0,32003.0,-51.6,-86.8,-82.0,1,1,0.03,185,3.7,0.3224762481663344,3.6859203829394587,71119
2026-04-01 13:17:16,-112.8731,53.4541,7.9,32012.0,-51.6,-86.8,-82.0,1,1,0.03,189,3.9,0.6100944136568999,3.8519845283210374,71119
2026-04-01 13:17:18,-112.8731,53.4543,7.9,32021.0,-51.6,-86.8,-82.0,1,1,0.03,192,4.1,0.852437932352814,4.010405163008603,71119
2026-04-01 13:17:19,-112.8731,53.4544,7.9,32030.0,-51.7,-86.8,-82.1,1,1,0.03,195,4.3,1.1129218939408394,4.153481053042993,71119
2026-04-01 13:17:21,-112.8731,53.4546,7.9,32035.0,-51.7,-86.8,-82.1,1,1,0.03,196,4.3,1.1852406300130955,4.133425292534771,71119
2026-04-01 13:17:22,-112.873,53.4546,7.9,32046.0,-51.8,-86.8,-82.1,1,1,0.03,199,4.5,1.4650566950572055,4.254833590196926,71119
2026-04-01 13:17:24,-112.8729,53.4547,7.9,32052.0,-51.8,-86.8,-82.1,1,1,0.03,200,4.5,1.5390906449655088,4.228616793536588,71119
2026-04-01 13:17:26,-112.8728,53.4546,7.9,32062.0,-51.8,-86.8,-82.1,1,1,0.03,202,4.7,1.7606509890547866,4.357764116463901,71119
2026-04-01 13:17:28,-112.8727,53.4546,7.9,32069.0,-51.8,-86.8,-82.1,1,1,0.03,204,4.7,1.9116622224562612,4.293663650920224,71119
2026-04-01 13:17:29,-112.8727,53.4546,7.9,32079.0,-51.8,-86.8,-82.0,1,1,0.03,206,4.8,2.104181504587572,4.314211422236001,71119
2026-04-01 13:17:31,-112.8727,53.4548,7.8,32084.0,-51.8,-86.8,-82.0,1,1,0.03,206,4.8,2.104181504587572,4.314211422236001,71119
2026-04-01 13:17:33,-112.8727,53.455,7.8,32093.0,-51.8,-86.7,-82.0,1,1,0.03,207,4.9,2.224553448723779,4.365931968523003,71119
2026-04-01 13:17:34,-112.8727,53.455,7.8,32104.0,-51.8,-86.7,-81.9,1,1,0.03,208,4.8,2.253463501372276,4.238148445722849,71119
2026-04-01 13:17:36,-112.8725,53.4551,7.8,32110.0,-51.8,-86.7,-81.9,1,1,0.03,209,4.8,2.327086177182417,4.1981745942691,71119
2026-04-01 13:17:37,-112.8725,53.4551,7.8,32121.0,-51.9,-86.7,-82.0,1,1,0.03,210,4.8,2.4000000000000004,4.156921938165305,71119
2026-04-01 13:17:39,-112.8723,53.4551,7.8,32126.0,-51.9,-86.7,-82.0,1,1,0.03,210,4.8,2.4000000000000004,4.156921938165305,71119
2026-04-01 13:17:41,-112.8722,53.4551,7.8,32134.0,-51.9,-86.7,-82.0,1,1,0.03,210,4.7,2.3500000000000005,4.070319397786862,71119
2026-04-01 13:17:43,-112.8722,53.4552,7.8,32144.0,-52.0,-86.8,-82.0,1,1,0.03,210,4.6,2.3000000000000003,3.9837168574084174,71119
2026-04-01 13:17:44,-112.8722,53.4553,7.8,32154.0,-52.0,-86.7,-82.0,1,1,0.03,210,4.6,2.3000000000000003,3.9837168574084174,71119
2026-04-01 13:17:46,-112.8722,53.4554,7.8,32159.0,-52.0,-86.7,-82.0,1,1,0.03,209,4.5,2.181643291108516,3.9357886821272814,71119
2026-04-01 13:17:47,-112.8722,53.4555,7.8,32170.0,-52.0,-86.7,-82.0,1,1,0.03,209,4.4,2.133162329083883,3.848326711413342,71119
2026-04-01 13:17:49,-112.872,53.4556,7.7,32176.0,-51.9,-86.7,-82.0,1,1,0.03,209,4.4,2.133162329083883,3.848326711413342,71119
2026-04-01 13:17:51,-112.8719,53.4556,7.7,32185.0,-51.9,-86.7,-82.0,1,1,0.03,208,4.3,2.0187277199793305,3.7966746492933856,71119
2026-04-01 13:17:53,-112.8718,53.4556,7.7,32194.0,-52.0,-86.8,-82.0,1,1,0.03,207,4.3,1.9521591488800507,3.831328054009982,71119
2026-04-01 13:17:54,-112.8718,53.4556,7.7,32205.0,-52.0,-86.8,-82.0,1,1,0.03,206,4.3,1.884995931193033,3.8648143990864177,71119
2026-04-01 13:17:56,-112.8718,53.4556,7.7,32210.0,-52.0,-86.8,-82.0,1,1,0.03,206,4.3,1.884995931193033,3.8648143990864177,71119
2026-04-01 13:17:58,-112.8719,53.4558,7.7,32218.0,-52.0,-86.8,-82.0,1,1,0.03,205,4.3,1.8172585254850069,3.897123484257595,71119
2026-04-01 13:18:00,-112.8719,53.4559,7.7,32227.0,-51.9,-86.8,-82.0,1,1,0.03,204,4.3,1.7489675652259409,3.9282454678631837,71119
2026-04-01 13:18:01,-112.8719,53.456,7.7,32238.0,-51.9,-86.8,-82.0,1,1,0.03,203,4.4,1.7192169653528038,4.050221355190738,71119
2026-04-01 13:18:03,-112.8717,53.456,7.7,32244.0,-51.9,-86.8,-82.0,1,1,0.03,203,4.4,1.7192169653528038,4.050221355190738,71119
2026-04-01 13:18:05,-112.8716,53.456,7.7,32253.0,-51.9,-86.8,-82.0,1,1,0.03,202,4.4,1.6482690110300129,4.079608960093865,71119
2026-04-01 13:18:06,-112.8715,53.456,7.6,32263.0,-51.9,-86.8,-82.0,1,1,0.03,201,4.5,1.612655772953852,4.201111919237407,71119
2026-04-01 13:18:08,-112.8715,53.456,7.6,32268.0,-51.9,-86.8,-82.0,1,1,0.03,201,4.5,1.612655772953852,4.201111919237407,71119
2026-04-01 13:18:09,-112.8715,53.4561,7.6,32279.0,-51.9,-86.8,-82.1,1,1,0.03,200,4.6,1.5732926592980756,4.3225860556151785,71119
2026-04-01 13:18:11,-112.8715,53.4563,7.6,32284.0,-51.9,-86.8,-82.1,1,1,0.03,199,4.6,1.497613510502921,4.349385447756856,71119
2026-04-01 13:18:13,-112.8715,53.4564,7.6,32294.0,-51.9,-86.8,-82.1,1,1,0.03,198,4.6,1.4214781741247573,4.374859974957706,71119
2026-04-01 13:18:14,-112.8715,53.4565,7.6,32305.0,-51.9,-86.9,-82.1,1,1,0.03,197,4.6,1.344909841724589,4.399001877429963,71119
2026-04-01 13:18:16,-112.8714,53.4565,7.6,32310.0,-51.9,-86.9,-82.1,1,1,0.03,197,4.6,1.344909841724589,4.399001877429963,71119
2026-04-01 13:18:18,-112.8712,53.4565,7.6,32319.0,-52.0,-86.9,-82.1,1,1,0.03,196,4.6,1.2679318367581953,4.421803801316266,71119
2026-04-01 13:18:20,-112.8712,53.4565,7.6,32330.0,-52.0,-86.9,-82.2,1,1,0.03,194,4.5,1.0886485301985038,4.366330768241984,71119
2026-04-01 13:18:21,-112.8712,53.4566,7.5,32340.0,-52.0,-86.9,-82.2,1,1,0.03,193,4.5,1.0122797445473923,4.384665291533558,71119
2026-04-01 13:18:24,-112.8712,53.4569,7.5,32344.0,-52.0,-86.9,-82.2,1,1,0.03,192,4.4,0.9148114395981419,4.303849443228745,71119
2026-04-01 13:18:25,-112.8712,53.4569,7.5,32358.0,-52.0,-86.9,-82.2,1,1,0.03,190,4.3,0.746687163967801,4.234673337952494,71119
2026-04-01 13:18:27,-112.8713,53.457,7.5,32364.0,-52.0,-86.9,-82.2,1,1,0.03,189,4.2,0.6570247531689691,4.148291030499578,71119
2026-04-01 13:18:28,-112.8713,53.457,7.5,32374.0,-52.0,-86.9,-82.1,1,1,0.03,188,4.1,0.5706097139362686,4.060099081840438,71119
2026-04-01 13:18:30,-112.8712,53.457,7.5,32379.0,-52.0,-86.9,-82.1,1,1,0.03,188,4.0,0.5566924038402621,3.961072274966281,71119
2026-04-01 13:18:32,-112.8712,53.457,7.5,32387.0,-51.9,-86.8,-82.1,1,1,0.03,186,3.9,0.40766100674384864,3.8786353919362657,71119
2026-04-01 13:18:34,-112.8712,53.4571,7.5,32397.0,-51.8,-86.8,-82.0,1,1,0.03,186,3.8,0.3972081604170833,3.7791832023994383,71119
2026-04-01 13:18:36,-112.8712,53.4573,7.5,32406.0,-51.8,-86.8,-82.0,1,1,0.03,185,3.7,0.3224762481663344,3.6859203829394587,71119
2026-04-01 13:18:37,-112.8712,53.4573,7.5,32416.0,-51.8,-86.8,-82.0,1,1,0.03,184,3.6,0.251123305478851,3.5912305809353673,71119
2026-04-01 13:18:39,-112.8712,53.4574,7.5,32422.0,-51.8,-86.8,-82.0,1,1,0.03,184,3.5,0.24414765810443845,3.4914741759093846,71119
2026-04-01 13:18:41,-112.8712,53.4573,7.4,32434.0,-51.8,-86.8,-82.1,1,1,0.03,184,3.4,0.23717201073002592,3.3917177708834023,71119
2026-04-01 13:18:42,-112.8712,53.4573,7.4,32444.0,-51.8,-86.8,-82.1,1,1,0.03,184,3.4,0.23717201073002592,3.3917177708834023,71119
2026-04-01 13:18:44,-112.8711,53.4573,7.4,32449.0,-51.8,-86.9,-82.1,1,1,0.03,184,3.3,0.2301963633556134,3.2919613658574196,71119
2026-04-01 13:18:45,-112.8711,53.4573,7.4,32460.0,-51.8,-86.9,-82.1,1,1,0.03,184,3.3,0.2301963633556134,3.2919613658574196,71119
2026-04-01 13:18:47,-112.8711,53.4574,7.4,32466.0,-51.8,-86.9,-82.1,1,1,0.03,184,3.3,0.2301963633556134,3.2919613658574196,71119
2026-04-01 13:18:49,-112.8711,53.4576,7.4,32476.0,-51.8,-86.9,-82.1,1,1,0.03,184,3.2,0.22322071598120088,3.192204960831438,71119
2026-04-01 13:18:51,-112.8711,53.4578,7.4,32484.0,-51.8,-86.8,-82.1,1,1,0.03,184,3.2,0.22322071598120088,3.192204960831438,71119
2026-04-01 13:18:53,-112.8711,53.4578,7.4,32495.0,-51.7,-86.8,-82.1,1,1,0.03,184,3.1,0.21624506860678835,3.092448555805455,71119
2026-04-01 13:18:55,-112.8711,53.4577,7.4,32504.0,-51.7,-86.8,-82.1,1,1,0.03,183,3.0,0.15700786872883069,2.9958886042637216,71119
2026-04-01 13:18:57,-112.8711,53.4577,7.3,32513.0,-51.7,-86.8,-82.0,1,1,0.03,183,2.8,0.14654067748024197,2.7961626973128064,71119
2026-04-01 13:18:58,-112.8711,53.4577,7.3,32522.0,-51.7,-86.8,-82.0,1,1,0.03,183,2.7,0.14130708185594762,2.6962997438373497,71119
2026-04-01 13:19:00,-112.8711,53.4578,7.3,32528.0,-51.7,-86.8,-82.0,1,1,0.03,182,2.6,0.09073869142650234,2.598416150249649,71119
2026-04-01 13:19:02,-112.8711,53.458,7.3,32538.0,-51.7,-86.8,-82.0,1,1,0.03,182,2.4,0.08375879208600216,2.39853798484583,71119
2026-04-01 13:19:03,-112.8711,53.458,7.3,32549.0,-51.7,-86.8,-82.0,1,1,0.03,181,2.2,0.038395294162024,2.199664929344061,71119
2026-04-01 13:19:05,-112.8712,53.4581,7.3,32555.0,-51.8,-86.8,-82.0,1,1,0.03,181,2.1,0.03665005351829564,2.099680159828422,71119
2026-04-01 13:19:06,-112.8712,53.4581,7.3,32566.0,-51.8,-86.8,-82.0,1,1,0.03,180,1.8,-2.2043642384652358e-16,1.8,71119
2026-04-01 13:19:08,-112.8711,53.458,7.3,32571.0,-51.8,-86.8,-82.1,1,1,0.03,179,1.7,-0.029669090943381844,1.6997410817658651,71119
2026-04-01 13:19:10,-112.8711,53.4579,7.3,32580.0,-51.9,-86.9,-82.1,1,1,0.03,178,1.4,-0.048859295383501596,1.399147157826734,71119
2026-04-01 13:19:12,-112.8711,53.458,7.3,32590.0,-51.9,-86.9,-82.1,1,1,0.03,175,1.1,-0.09587131702242402,1.0958141679009201,71119
2026-04-01 13:19:14,-112.8711,53.4581,7.2,32600.0,-51.9,-86.9,-82.1,1,1,0.03,169,0.9,-0.17172809583889048,0.8834644651028974,71119
2026-04-01 13:19:16,-112.8711,53.4582,7.2,32610.0,-51.9,-86.9,-82.2,1,1,0.03,158,0.6,-0.22476395604954733,0.5563103127400724,71119
2026-04-01 13:19:17,-112.8711,53.4582,7.2,32621.0,-51.9,-86.9,-82.2,1,1,0.03,136,0.4,-0.27786334818359887,0.2877359201354605,71119
2026-04-01 13:19:19,-112.8711,53.4581,7.2,32626.0,-51.8,-86.9,-82.2,1,1,0.03,118,0.4,-0.3531790371435708,0.18778862511435637,71119
2026-04-01 13:19:21,-112.8711,53.458,7.2,32637.0,-51.7,-86.9,-82.1,1,1,0.03,84,0.5,-0.49726094768413664,-0.05226423163382673,71119
2026-04-01 13:19:23,-112.8711,53.4579,7.2,32646.0,-51.6,-86.9,-82.1,1,1,0.03,66,0.7,-0.6394818203498206,-0.2847156501530601,71119
2026-04-01 13:19:25,-112.8712,53.4579,7.2,32654.0,-51.5,-86.9,-82.1,1,1,0.03,59,0.9,-0.7714505706319011,-0.46353426741904874,71119
2026-04-01 13:19:27,-112.8712,53.458,7.2,32663.0,-51.5,-86.9,-82.1,1,1,0.03,57,1.1,-0.9225376247399665,-0.5991029385165298,71119
2026-04-01 13:19:28,-112.8713,53.458,7.2,32673.0,-51.4,-86.9,-82.1,1,1,0.03,57,1.3,-1.0902717383290512,-0.7080307455195353,71119
2026-04-01 13:19:30,-112.8713,53.4581,7.2,32679.0,-51.4,-86.9,-82.1,1,1,0.03,57,1.5,-1.258005851918136,-0.8169585525225407,71119
2026-04-01 13:19:31,-112.8713,53.4581,7.2,32693.0,-51.3,-86.9,-82.1,1,1,0.03,57,1.7,-1.425739965507221,-0.925886359525546,71119
2026-04-01 13:19:33,-112.8713,53.458,7.1,32698.0,-51.3,-86.9,-82.1,1,1,0.03,58,1.8,-1.5264865730815667,-0.9538546756197689,71119
2026-04-01 13:19:35,-112.8713,53.4578,7.1,32707.0,-51.2,-86.9,-82.1,1,1,0.03,59,2.0,-1.7143346014042247,-1.0300761498201083,71119
2026-04-01 13:19:37,-112.8713,53.4577,7.1,32716.0,-51.1,-86.9,-82.1,1,1,0.03,60,2.3,-1.9918584287042087,-1.1500000000000001,71119
2026-04-01 13:19:38,-112.8714,53.4577,7.1,32728.0,-51.0,-86.8,-82.0,1,1,0.03,62,2.5,-2.207368982147317,-1.173678906964727,71119
2026-04-01 13:19:41,-112.8717,53.4578,7.1,32733.0,-51.0,-86.8,-82.0,1,1,0.03,63,2.6,-2.3166169628897566,-1.1803752993228218,71119
2026-04-01 13:19:42,-112.8717,53.4579,7.1,32747.0,-50.8,-86.7,-81.9,1,1,0.03,66,2.9,-2.6492818271635423,-1.1795362649198207,71119
2026-04-01 13:19:44,-112.8718,53.4579,7.1,32752.0,-50.8,-86.7,-81.9,1,1,0.03,66,2.9,-2.6492818271635423,-1.1795362649198207,71119
2026-04-01 13:19:46,-112.8719,53.4578,7.1,32763.0,-50.8,-86.6,-81.9,1,1,0.03,67,3.1,-2.8535650457025654,-1.2112664983167485,71119
2026-04-01 13:19:48,-112.8719,53.4577,7.1,32772.0,-50.8,-86.6,-81.9,1,1,0.04,68,3.3,-3.0597067200703982,-1.2362017582725093,71119
2026-04-01 13:19:50,-112.872,53.4576,7.0,32782.0,-50.8,-86.6,-81.8,1,1,0.04,69,3.4,-3.174173450090486,-1.2184510284540213,71119
2026-04-01 13:19:52,-112.8721,53.4576,7.0,32792.0,-50.9,-86.6,-81.8,1,1,0.04,70,3.5,-3.2889241727506793,-1.1970705016398409,71119
2026-04-01 13:19:54,-112.8723,53.4577,7.0,32801.0,-50.9,-86.6,-81.8,1,1,0.04,71,3.5,-3.3093150145976087,-1.1394885406000486,71119
2026-04-01 13:19:55,-112.8724,53.4577,7.0,32811.0,-51.0,-86.6,-81.8,1,1,0.04,72,3.6,-3.4238034586625528,-1.112461179749811,71119
2026-04-01 13:19:57,-112.8725,53.4578,7.0,32818.0,-51.0,-86.6,-81.8,1,1,0.04,72,3.6,-3.4238034586625528,-1.112461179749811,71119
2026-04-01 13:19:58,-112.8726,53.4577,7.0,32830.0,-51.1,-86.6,-81.8,1,1,0.04,72,3.6,-3.4238034586625528,-1.112461179749811,71119
2026-04-01 13:20:01,-112.8726,53.4576,7.0,32835.0,-51.1,-86.6,-81.8,1,1,0.04,72,3.6,-3.4238034586625528,-1.112461179749811,71119
2026-04-01 13:20:03,-112.8727,53.4575,7.0,32848.0,-51.2,-86.6,-81.8,1,1,0.04,72,3.6,-3.4238034586625528,-1.112461179749811,71119
2026-04-01 13:20:04,-112.8727,53.4575,7.0,32858.0,-51.2,-86.6,-81.9,1,1,0.04,72,3.5,-3.3286978070330373,-1.081559480312316,71119
2026-04-01 13:20:06,-112.8729,53.4575,7.0,32863.0,-51.2,-86.6,-81.9,1,1,0.04,72,3.5,-3.3286978070330373,-1.081559480312316,71119
2026-04-01 13:20:08,-112.8731,53.4576,7.0,32874.0,-51.2,-86.6,-81.9,1,1,0.04,72,3.4,-3.233592155403522,-1.0506577808748212,71119
2026-04-01 13:20:09,-112.8731,53.4576,6.9,32886.0,-51.2,-86.6,-81.9,1,1,0.04,71,3.3,-3.120211299477745,-1.0743749097086173,71119
2026-04-01 13:20:11,-112.8733,53.4576,6.9,32892.0,-51.2,-86.6,-81.9,1,1,0.04,71,3.2,-3.0256594419178136,-1.0418180942629016,71119
2026-04-01 13:20:13,-112.8734,53.4575,6.9,32902.0,-51.1,-86.6,-81.9,1,1,0.04,70,3.0,-2.819077862357725,-1.0260604299770064,71119
2026-04-01 13:20:15,-112.8734,53.4573,6.9,32912.0,-51.1,-86.6,-81.9,1,1,0.04,69,2.8,-2.614025194192165,-1.003430258726841,71119
2026-04-01 13:20:17,-112.8735,53.4573,6.9,32922.0,-51.0,-86.6,-81.9,1,1,0.04,68,2.6,-2.410678021873647,-0.9739771428813712,71119
2026-04-01 13:20:19,-112.8735,53.4574,6.9,32932.0,-50.9,-86.6,-81.9,1,1,0.04,67,2.4,-2.209211648285857,-0.9377547083742569,71119
2026-04-01 13:20:21,-112.8735,53.4575,6.9,32941.0,-50.9,-86.7,-81.9,1,1,0.04,65,2.1,-1.903246352776965,-0.8874983496554688,71119
2026-04-01 13:20:22,-112.8736,53.4575,6.9,32952.0,-50.7,-86.7,-81.9,1,1,0.04,62,1.9,-1.677600426431961,-0.8919959692931926,71119
2026-04-01 13:20:24,-112.8736,53.4575,6.9,32957.0,-50.7,-86.6,-81.9,1,1,0.04,61,1.8,-1.5743154728509123,-0.8726573164434068,71119
2026-04-01 13:20:26,-112.8737,53.4574,6.8,32969.0,-50.6,-86.6,-81.9,1,1,0.04,56,1.5,-1.2435563588325627,-0.8387893552061202,71119
2026-04-01 13:20:28,-112.8737,53.4573,6.8,32979.0,-50.5,-86.6,-81.9,1,1,0.04,50,1.3,-0.9958577760546714,-0.8356238925925012,71119
2026-04-01 13:20:29,-112.8737,53.4573,6.8,32990.0,-50.4,-86.6,-81.9,1,1,0.04,43,1.1,-0.7501981960687484,-0.8044890717810875,71119
2026-04-01 13:20:31,-112.8737,53.4573,6.8,32995.0,-50.3,-86.6,-81.9,1,1,0.04,39,1.0,-0.6293203910498374,-0.7771459614569709,71119
2026-04-01 13:20:33,-112.8736,53.4574,6.8,33006.0,-50.2,-86.6,-81.9,1,1,0.04,29,0.9,-0.43632865822170336,-0.7871577364254562,71119
2026-04-01 13:20:35,-112.8736,53.4575,6.8,33016.0,-50.2,-86.6,-81.9,1,1,0.04,16,0.7,-0.19294614907189941,-0.6728831871568232,71119
2026-04-01 13:20:37,-112.8736,53.4574,6.8,33027.0,-50.1,-86.6,-81.9,1,1,0.04,360,0.6,1.4695761589768238e-16,-0.6,71119
2026-04-01 13:20:39,-112.8736,53.4573,6.8,33038.0,-50.0,-86.6,-81.9,1,1,0.04,340,0.6,0.20521208599540117,-0.563815572471545,71119
2026-04-01 13:20:40,-112.8736,53.4572,6.8,33048.0,-50.0,-86.7,-81.9,1,1,0.04,316,0.5,0.3473291852294988,-0.35966990016932543,71119
2026-04-01 13:20:42,-112.8736,53.4571,6.8,33053.0,-50.0,-86.7,-81.9,1,1,0.04,303,0.6,0.5032023407672546,-0.326783421009016,71119
2026-04-01 13:20:44,-112.8736,53.4571,6.8,33065.0,-49.9,-86.7,-81.9,1,1,0.04,280,0.7,0.6893654271085456,-0.12155372436685097,71119
2026-04-01 13:20:46,-112.8735,53.4573,6.7,33074.0,-49.9,-86.7,-82.0,1,1,0.04,261,0.8,0.7901506724761101,0.12514757203218482,71119
2026-04-01 13:20:49,-112.8735,53.4574,6.7,33082.0,-49.8,-86.7,-82.0,1,1,0.04,249,1.1,1.0269384691469217,0.39420474449983084,71119
2026-04-01 13:20:51,-112.8735,53.4573,6.7,33096.0,-49.6,-86.7,-81.9,1,1,0.04,239,1.5,1.2857509510531682,0.7725571123650816,71119
2026-04-01 13:20:53,-112.8735,53.4572,6.7,33104.0,-49.4,-86.6,-81.9,1,1,0.04,235,1.8,1.474473679720185,1.0324375854318835,71119
2026-04-01 13:20:55,-112.8734,53.4572,6.7,33113.0,-49.2,-86.6,-81.8,1,1,0.04,232,2.1,1.6548225825741165,1.292889098183882,71119
2026-04-01 13:20:57,-112.8733,53.4573,6.7,33124.0,-49.1,-86.6,-81.8,1,1,0.04,231,2.3,1.7874357113510322,1.447436899414627,71119
2026-04-01 13:20:59,-112.8732,53.4574,6.7,33133.0,-48.9,-86.5,-81.7,1,1,0.04,229,2.6,1.9622449085792073,1.705753475375319,71119
2026-04-01 13:21:01,-112.8732,53.4576,6.7,33142.0,-48.7,-86.4,-81.7,1,1,0.04,229,2.8,2.1131868246237615,1.8369652811734203,71119
2026-04-01 13:21:03,-112.8731,53.4577,6.7,33153.0,-48.5,-86.3,-81.6,1,1,0.04,229,3.0,2.264128740668316,1.9681770869715218,71119
2026-04-01 13:21:05,-112.873,53.4576,6.7,33165.0,-48.3,-86.2,-81.5,1,1,0.04,229,3.1,2.339599698690593,2.0337829898705726,71119
2026-04-01 13:21:07,-112.8729,53.4575,6.6,33174.0,-48.1,-86.1,-81.4,1,1,0.04,230,3.1,2.3747377736688318,1.9926415900282723,71119
2026-04-01 13:21:09,-112.8728,53.4575,6.6,33181.0,-48.0,-86.1,-81.3,1,1,0.04,230,3.2,2.4513422179807294,2.0569203509969265,71119
2026-04-01 13:21:11,-112.8727,53.4576,6.6,33191.0,-47.9,-86.0,-81.3,1,1,0.04,231,3.1,2.409152480516609,1.9508932122544973,71119
2026-04-01 13:21:13,-112.8727,53.4578,6.6,33201.0,-47.8,-86.0,-81.2,1,1,0.04,231,3.1,2.409152480516609,1.9508932122544973,71119
2026-04-01 13:21:15,-112.8726,53.4579,6.6,33212.0,-47.8,-85.9,-81.1,1,1,0.04,232,3.0,2.3640322608201663,1.846984425976974,71119
2026-04-01 13:21:16,-112.8725,53.4579,6.6,33224.0,-47.8,-85.8,-81.1,1,1,0.04,232,2.8,2.2064301100988217,1.7238521309118424,71119
2026-04-01 13:21:18,-112.8724,53.4578,6.6,33230.0,-47.8,-85.8,-81.0,1,1,0.04,233,2.8,2.2361794281324197,1.685082064825735,71119
2026-04-01 13:21:20,-112.8724,53.4577,6.6,33240.0,-47.7,-85.7,-81.0,1,1,0.04,233,2.6,2.0764523261229613,1.5647190601953256,71119
2026-04-01 13:21:22,-112.8723,53.4577,6.6,33250.0,-47.7,-85.7,-80.9,1,1,0.04,233,2.4,1.9167252241135027,1.4443560555649158,71119
2026-04-01 13:21:23,-112.8723,53.4577,6.5,33264.0,-47.7,-85.6,-80.9,1,1,0.04,233,2.3,1.8368616731087735,1.384174553249711,71119
2026-04-01 13:21:25,-112.8723,53.4578,6.5,33270.0,-47.7,-85.6,-80.9,1,1,0.04,233,2.2,1.7569981221040443,1.3239930509345064,71119
2026-04-01 13:21:28,-112.8723,53.458,6.5,33280.0,-47.7,-85.6,-80.8,1,1,0.05,233,2.1,1.677134571099315,1.2638115486193013,71119
2026-04-01 13:21:29,-112.8723,53.4581,6.5,33295.0,-47.7,-85.5,-80.8,1,1,0.05,234,2.0,1.6180339887498947,1.1755705045849465,71119
2026-04-01 13:21:31,-112.8722,53.458,6.5,33300.0,-47.7,-85.5,-80.7,1,1,0.05,234,1.9,1.5371322893124,1.116791979355699,71119
2026-04-01 13:21:33,-112.8722,53.4579,6.5,33311.0,-47.7,-85.5,-80.7,1,1,0.05,235,1.9,1.5563888841490838,1.0897952290669881,71119
2026-04-01 13:21:35,-112.8722,53.4578,6.5,33321.0,-47.7,-85.5,-80.7,1,1,0.05,236,1.8,1.4922676305990754,1.0065472262473438,71119
2026-04-01 13:21:37,-112.8722,53.4578,6.5,33332.0,-47.7,-85.5,-80.7,1,1,0.05,237,1.8,1.5096070223017635,0.9803502630270485,71119
2026-04-01 13:21:40,-112.8721,53.458,6.5,33342.0,-47.7,-85.5,-80.7,1,1,0.05,238,1.9,1.6112913826972093,1.0068466020430895,71119
2026-04-01 13:21:41,-112.872,53.4581,6.5,33356.0,-47.6,-85.5,-80.7,1,1,0.05,239,1.9,1.628617871334013,0.9785723423291033,71119
2026-04-01 13:21:43,-112.872,53.4582,6.5,33362.0,-47.6,-85.5,-80.7,1,1,0.05,240,1.9,1.645448267190433,0.9500000000000008,71119
2026-04-01 13:21:45,-112.8719,53.4581,6.4,33373.0,-47.6,-85.5,-80.7,1,1,0.05,240,1.9,1.645448267190433,0.9500000000000008,71119
2026-04-01 13:21:47,-112.8718,53.458,6.4,33383.0,-47.5,-85.5,-80.7,1,1,0.05,241,1.9,1.6617774435648522,0.92113827846804,71119
2026-04-01 13:21:49,-112.8718,53.4579,6.4,33392.0,-47.4,-85.5,-80.7,1,1,0.05,241,1.9,1.6617774435648522,0.92113827846804,71119
2026-04-01 13:21:51,-112.8717,53.4579,6.4,33403.0,-47.3,-85.5,-80.7,1,1,0.05,240,1.9,1.645448267190433,0.9500000000000008,71119
2026-04-01 13:21:53,-112.8716,53.4581,6.4,33414.0,-47.2,-85.5,-80.7,1,1,0.05,240,1.9,1.645448267190433,0.9500000000000008,71119
2026-04-01 13:21:55,-112.8715,53.4582,6.4,33424.0,-47.1,-85.5,-80.7,1,1,0.05,239,1.8,1.5429011412638018,0.9270685348380979,71119
2026-04-01 13:21:57,-112.8715,53.4583,6.4,33436.0,-47.0,-85.4,-80.7,1,1,0.05,239,1.8,1.5429011412638018,0.9270685348380979,71119
2026-04-01 13:22:00,-112.8715,53.4581,6.4,33445.0,-46.8,-85.4,-80.7,1,1,0.05,239,1.7,1.4571844111935905,0.8755647273470925,71119
2026-04-01 13:22:02,-112.8715,53.458,6.4,33456.0,-46.6,-85.4,-80.6,1,1,0.05,241,1.6,1.3993915314230336,0.775695392394139,71119
2026-04-01 13:22:04,-112.8715,53.458,6.3,33468.0,-46.5,-85.3,-80.5,1,1,0.05,243,1.6,1.4256104387013886,0.7263847995832752,71119
2026-04-01 13:22:06,-112.8715,53.4581,6.3,33479.0,-46.4,-85.2,-80.5,1,1,0.05,245,1.5,1.359461680554975,0.6339273926110487,71119
2026-04-01 13:22:08,-112.8714,53.4583,6.3,33488.0,-46.2,-85.2,-80.4,1,1,0.05,248,1.5,1.390775781850181,0.5619098901238684,71119
2026-04-01 13:22:10,-112.8713,53.4584,6.3,33497.0,-46.1,-85.2,-80.4,1,1,0.05,252,1.5,1.4265847744427302,0.46352549156242134,71119
2026-04-01 13:22:12,-112.8712,53.4583,6.3,33508.0,-46.1,-85.1,-80.4,1,1,0.05,256,1.6,1.5524731620415944,0.3870750329594685,71119
2026-04-01 13:22:14,-112.8713,53.4582,6.3,33519.0,-46.1,-85.1,-80.4,1,1,0.05,259,1.6,1.5706034935162625,0.3052943926024714,71119
2026-04-01 13:22:16,-112.8713,53.4581,6.3,33529.0,-46.0,-85.1,-80.3,1,1,0.05,262,1.7,1.6834557168606694,0.23659427163211189,71119
2026-04-01 13:22:18,-112.8712,53.4581,6.3,33541.0,-46.0,-85.1,-80.3,1,1,0.05,263,1.7,1.6873284577902474,0.20717788378875018,71119
2026-04-01 13:22:20,-112.8711,53.4582,6.3,33551.0,-46.0,-85.1,-80.3,1,1,0.05,264,1.8,1.7901394116628921,0.18815123388177604,71119
2026-04-01 13:22:22,-112.8709,53.4583,6.3,33560.0,-46.0,-85.0,-80.3,1,1,0.05,264,1.8,1.7901394116628921,0.18815123388177604,71119
2026-04-01 13:22:24,-112.8708,53.4583,6.2,33570.0,-45.9,-85.0,-80.2,1,1,0.05,264,1.8,1.7901394116628921,0.18815123388177604,71119
2026-04-01 13:22:27,-112.8708,53.4582,6.2,33581.0,-45.9,-85.0,-80.2,1,1,0.05,262,1.8,1.7824825237348265,0.2505115817281185,71119
2026-04-01 13:22:29,-112.8709,53.4581,6.2,33595.0,-45.8,-84.9,-80.1,1,1,0.05,259,1.8,1.7669289302057951,0.3434561916777803,71119
2026-04-01 13:22:30,-112.8709,53.4581,6.2,33607.0,-45.7,-84.8,-80.1,1,1,0.05,255,1.7,1.6420739046914161,0.43999237667428504,71119
2026-04-01 13:22:33,-112.8707,53.4582,6.2,33613.0,-45.7,-84.8,-80.1,1,1,0.05,253,1.7,1.62571808513716,0.49703189802865305,71119
2026-04-01 13:22:35,-112.8705,53.4583,6.2,33626.0,-45.7,-84.8,-80.0,1,1,0.05,244,1.7,1.5279498787085835,0.7452309495414321,71119
2026-04-01 13:22:37,-112.8704,53.4584,6.2,33636.0,-45.6,-84.7,-80.0,1,1,0.05,238,1.6,1.3568769538502816,0.8478708227731281,71119
2026-04-01 13:22:39,-112.8704,53.4584,6.2,33647.0,-45.5,-84.7,-79.9,1,1,0.06,231,1.6,1.243433538331153,1.0069126256797405,71119
2026-04-01 13:22:41,-112.8705,53.4583,6.2,33656.0,-45.5,-84.6,-79.9,1,1,0.06,224,1.6,1.111453392734396,1.1509436805418418,71119
2026-04-01 13:22:43,-112.8706,53.4582,6.2,33667.0,-45.5,-84.6,-79.8,1,1,0.06,217,1.7,1.0230855393584821,1.3576803670803979,71119
2026-04-01 13:22:45,-112.8706,53.4583,6.2,33680.0,-45.5,-84.6,-79.8,1,1,0.06,210,1.8,0.9000000000000002,1.5588457268119895,71119
2026-04-01 13:22:47,-112.8705,53.4584,6.1,33691.0,-45.5,-84.5,-79.8,1,1,0.06,205,1.9,0.8029746973073286,1.721984795369635,71119
2026-04-01 13:22:49,-112.8703,53.4585,6.1,33700.0,-45.5,-84.5,-79.8,1,1,0.06,201,2.0,0.7167358990906009,1.8671608529944033,71119
2026-04-01 13:22:51,-112.8703,53.4586,6.1,33710.0,-45.5,-84.5,-79.7,1,1,0.06,198,2.1,0.6489356881873893,1.9972186842198227,71119
2026-04-01 13:22:54,-112.8705,53.4585,6.1,33722.0,-45.5,-84.5,-79.7,1,1,0.06,196,2.3,0.6339659183790977,2.210901900658133,71119
2026-04-01 13:22:56,-112.8706,53.4585,6.1,33734.0,-45.5,-84.5,-79.7,1,1,0.06,194,2.5,0.6048047389991688,2.425739315689991,71119
2026-04-01 13:22:58,-112.8706,53.4585,6.1,33744.0,-45.5,-84.4,-79.7,1,1,0.06,193,2.7,0.6073678467284355,2.6307991749201354,71119
2026-04-01 13:23:00,-112.8704,53.4586,6.1,33756.0,-45.5,-84.4,-79.7,1,1,0.06,192,2.8,0.5821527342897266,2.7388132820546556,71119
2026-04-01 13:23:03,-112.8702,53.4589,6.1,33765.0,-45.6,-84.4,-79.7,1,1,0.06,192,3.0,0.6237350724532785,2.9344428022014166,71119
2026-04-01 13:23:04,-112.8701,53.4589,6.1,33781.0,-45.6,-84.4,-79.7,1,1,0.06,191,3.2,0.6105887852049432,3.141206987032525,71119
2026-04-01 13:23:06,-112.8702,53.459,6.0,33789.0,-45.6,-84.4,-79.6,1,1,0.06,191,3.2,0.6105887852049432,3.141206987032525,71119
2026-04-01 13:23:08,-112.8703,53.4589,6.0,33801.0,-45.6,-84.4,-79.6,1,1,0.06,191,3.3,0.6296696847425975,3.2393697053772907,71119
2026-04-01 13:23:11,-112.8704,53.4589,6.0,33808.0,-45.6,-84.4,-79.6,1,1,0.06,190,3.4,0.5904038040675635,3.348346360241507,71119
2026-04-01 13:23:13,-112.8703,53.459,6.0,33822.0,-45.7,-84.4,-79.6,1,1,0.06,189,3.5,0.5475206276408076,3.456909192082982,71119
2026-04-01 13:23:16,-112.8701,53.4593,6.0,33831.0,-45.7,-84.4,-79.6,1,1,0.06,189,3.6,0.5631640741448306,3.555678026142496,71119
2026-04-01 13:23:17,-112.87,53.4593,6.0,33847.0,-45.8,-84.4,-79.6,1,1,0.06,188,3.7,0.5149404735522425,3.66399185434381,71119
2026-04-01 13:23:20,-112.8701,53.4594,6.0,33853.0,-45.8,-84.4,-79.6,1,1,0.06,187,3.8,0.46310350493955976,3.771675376237024,71119
2026-04-01 13:23:22,-112.8703,53.4594,6.0,33868.0,-45.9,-84.4,-79.6,1,1,0.06,186,3.9,0.40766100674384864,3.8786353919362657,71119
2026-04-01 13:23:24,-112.8704,53.4594,6.0,33877.0,-46.0,-84.4,-79.6,1,1,0.06,186,3.9,0.40766100674384864,3.8786353919362657,71119
2026-04-01 13:23:26,-112.8703,53.4595,6.0,33888.0,-46.0,-84.4,-79.6,1,1,0.06,185,4.0,0.3486229709906318,3.984778792366982,71119
2026-04-01 13:23:28,-112.8702,53.4596,6.0,33900.0,-46.1,-84.4,-79.6,1,1,0.06,185,4.1,0.35733854526539754,4.0843982621761565,71119
2026-04-01 13:23:31,-112.8699,53.4599,5.9,33910.0,-46.2,-84.4,-79.7,1,1,0.06,185,4.1,0.35733854526539754,4.0843982621761565,71119
2026-04-01 13:23:33,-112.87,53.4599,5.9,33923.0,-46.3,-84.5,-79.7,1,1,0.06,185,4.2,0.36605411954016337,4.184017731985332,71119
2026-04-01 13:23:35,-112.8702,53.4599,5.9,33931.0,-46.3,-84.5,-79.7,1,1,0.06,186,4.3,0.44947239205091005,4.276444150083575,71119
2026-04-01 13:23:37,-112.8703,53.4599,5.9,33942.0,-46.4,-84.5,-79.7,1,1,0.06,186,4.3,0.44947239205091005,4.276444150083575,71119
2026-04-01 13:23:39,-112.8703,53.4599,5.9,33956.0,-46.5,-84.5,-79.7,1,1,0.06,187,4.4,0.5362251109826482,4.367203067221817,71119
2026-04-01 13:23:42,-112.8701,53.4602,5.9,33967.0,-46.5,-84.5,-79.7,1,1,0.06,188,4.5,0.6262789543202949,4.456206309337066,71119
2026-04-01 13:23:44,-112.8699,53.4603,5.9,33978.0,-46.6,-84.5,-79.8,1,1,0.06,189,4.6,0.7195985391850613,4.543366366737634,71119
2026-04-01 13:23:47,-112.87,53.4604,5.9,33987.0,-46.6,-84.5,-79.8,1,1,0.06,190,4.6,0.7987816172678801,4.530115663856156,71119
2026-04-01 13:23:49,-112.8701,53.4604,5.9,34002.0,-46.7,-84.5,-79.8,1,1,0.06,192,4.7,0.9771849468434697,4.597293723448886,71119
2026-04-01 13:23:51,-112.8702,53.4604,5.8,34012.0,-46.7,-84.5,-79.8,1,1,0.06,194,4.8,1.161225098878404,4.657419486124783,71119
2026-04-01 13:23:54,-112.8701,53.4605,5.8,34022.0,-46.8,-84.6,-79.8,1,1,0.06,196,4.9,1.350623043503295,4.710182310097763,71119
2026-04-01 13:23:57,-112.8698,53.4608,5.8,34034.0,-46.9,-84.6,-79.8,1,1,0.06,199,5.1,1.6603975877314994,4.822144735556515,71119
2026-04-01 13:23:59,-112.8697,53.4609,5.8,34049.0,-47.0,-84.7,-79.9,1,1,0.06,201,5.4,1.9351869275446225,5.041334303084889,71119
2026-04-01 13:24:01,-112.8697,53.461,5.8,34060.0,-47.1,-84.7,-79.9,1,1,0.06,203,5.6,2.188094319539932,5.154827179333666,71119
2026-04-01 13:24:04,-112.8698,53.4609,5.8,34068.0,-47.2,-84.7,-80.0,1,1,0.06,205,5.8,2.451185918096056,5.25658516481257,71119
2026-04-01 13:24:06,-112.8697,53.461,5.8,34082.0,-47.3,-84.8,-80.0,1,1,0.06,208,6.1,2.863776532993934,5.385980316439453,71119
2026-04-01 13:24:08,-112.8696,53.4612,5.8,34092.0,-47.3,-84.9,-80.1,1,1,0.06,210,6.4,3.200000000000001,5.542562584220407,71119
2026-04-01 13:24:11,-112.8692,53.4615,5.8,34102.0,-47.4,-84.9,-80.2,1,1,0.06,212,6.6,3.4974671439391516,5.597117434632412,71119
2026-04-01 13:24:13,-112.8691,53.4617,5.8,34117.0,-47.4,-85.0,-80.2,1,1,0.06,215,6.9,3.957677410822219,5.652149105594043,71119
2026-04-01 13:24:16,-112.8689,53.4617,5.8,34126.0,-47.4,-85.0,-80.2,1,1,0.06,217,7.1,4.272886664379543,5.670312121335779,71119
2026-04-01 13:24:18,-112.8688,53.4617,5.7,34137.0,-47.3,-85.0,-80.2,1,1,0.06,220,7.3,4.692349550711737,5.5921244347685395,71119
2026-04-01 13:24:21,-112.8686,53.4618,5.7,34147.0,-47.2,-85.0,-80.2,1,1,0.06,222,7.4,4.951566487055551,5.499271708532718,71119
2026-04-01 13:24:24,-112.8683,53.4622,5.7,34160.0,-47.1,-85.0,-80.2,1,1,0.06,225,7.5,5.303300858899106,5.3033008588991075,71119
2026-04-01 13:24:26,-112.8681,53.4623,5.7,34171.0,-47.0,-85.0,-80.2,1,1,0.06,228,7.5,5.573586191080458,5.018479547691436,71119
2026-04-01 13:24:28,-112.868,53.4624,5.7,34183.0,-46.9,-85.0,-80.2,1,1,0.06,231,7.6,5.906309307072976,4.782834971978767,71119
2026-04-01 13:24:31,-112.8677,53.4623,5.7,34193.0,-46.9,-85.0,-80.2,1,1,0.06,233,7.6,6.069629876359425,4.573794175955567,71119
2026-04-01 13:24:35,-112.8672,53.4624,5.7,34207.0,-46.8,-85.0,-80.3,1,1,0.06,237,7.6,6.373896316385223,4.139256666114205,71119
2026-04-01 13:24:37,-112.867,53.4626,5.7,34219.0,-46.7,-85.0,-80.3,1,1,0.06,242,7.6,6.710401705727845,3.5679838771727694,71119
2026-04-01 13:24:39,-112.8669,53.4627,5.7,34229.0,-46.7,-85.0,-80.2,1,1,0.06,244,7.6,6.830834751873668,3.3316207155969906,71119
2026-04-01 13:24:42,-112.8666,53.4628,5.7,34241.0,-46.6,-85.0,-80.3,1,1,0.06,246,7.6,6.942945478083767,3.0911984873760807,71119
2026-04-01 13:24:46,-112.8659,53.4627,5.6,34255.0,-46.6,-85.1,-80.3,1,1,0.06,249,7.5,7.001853198729012,2.6877596215897555,71119
2026-04-01 13:24:49,-112.8655,53.4627,5.6,34266.0,-46.6,-85.1,-80.3,1,1,0.06,251,7.4,6.996837459434945,2.4092043429829593,71119
2026-04-01 13:24:51,-112.8654,53.4628,5.6,34279.0,-46.5,-85.1,-80.3,1,1,0.06,253,7.3,6.981024718530158,2.1343134444759806,71119
2026-04-01 13:24:54,-112.8653,53.4629,5.6,34287.0,-46.4,-85.0,-80.3,1,1,0.06,253,7.2,6.885394242933854,2.1050762740037072,71119
2026-04-01 13:24:56,-112.8651,53.4629,5.6,34302.0,-46.3,-85.0,-80.3,1,1,0.06,254,7.0,6.728831871568233,1.9294614907189922,71119
2026-04-01 13:24:59,-112.8646,53.463,5.6,34311.0,-46.2,-85.0,-80.3,1,1,0.06,255,6.8,6.5682956187656645,1.7599695066971401,71119
2026-04-01 13:25:01,-112.8643,53.463,5.6,34324.0,-46.1,-85.1,-80.3,1,1,0.06,256,6.6,6.403951793421577,1.5966845109578074,71119
2026-04-01 13:25:04,-112.8641,53.4631,5.6,34335.0,-46.1,-85.1,-80.3,1,1,0.06,256,6.4,6.209892648166377,1.548300131837874,71119
2026-04-01 13:25:07,-112.8641,53.4631,5.6,34350.0,-45.9,-85.1,-80.3,1,1,0.06,258,6.2,6.064515124549595,1.2890524830701107,71119
2026-04-01 13:25:10,-112.8638,53.4631,5.5,34360.0,-45.7,-85.0,-80.2,1,1,0.06,261,6.0,5.926130043570826,0.9386067902413862,71119
2026-04-01 13:25:13,-112.8635,53.4632,5.5,34373.0,-45.4,-84.8,-80.1,1,1,0.06,264,5.8,5.768226993135985,0.6062650869523895,71119
2026-04-01 13:25:16,-112.8632,53.4633,5.5,34384.0,-45.1,-84.6,-79.9,1,1,0.06,268,5.7,5.696527714008846,0.19892713120425434,71119
2026-04-01 13:25:17,-112.8631,53.4633,5.5,34400.0,-44.9,-84.5,-79.7,1,1,0.06,272,5.7,5.696527714008846,-0.1989271312042573,71119
2026-04-01 13:25:20,-112.8629,53.4631,5.5,34407.0,-44.9,-84.5,-79.7,1,1,0.06,274,5.7,5.686115086480998,-0.3976119003415138,71119
2026-04-01 13:25:23,-112.8626,53.463,5.5,34422.0,-44.8,-84.5,-79.7,1,1,0.06,277,5.7,5.657513064355536,-0.6946552574093419,71119
2026-04-01 13:25:26,-112.8624,53.4629,5.5,34433.0,-44.8,-84.4,-79.7,1,1,0.06,281,5.8,5.69343766399645,-1.1066921731839616,71119
2026-04-01 13:25:29,-112.8622,53.463,5.5,34446.0,-44.7,-84.4,-79.6,1,1,0.07,283,5.9,5.748783382232888,-1.3272112206288031,71119
2026-04-01 13:25:31,-112.8621,53.463,5.5,34458.0,-44.7,-84.4,-79.6,1,1,0.07,285,6.0,5.79555495773441,-1.5529142706151218,71119
2026-04-01 13:25:34,-112.8617,53.4629,5.5,34468.0,-44.7,-84.4,-79.6,1,1,0.07,285,6.0,5.79555495773441,-1.5529142706151218,71119
2026-04-01 13:25:37,-112.8613,53.4628,5.5,34480.0,-44.8,-84.4,-79.6,1,1,0.07,286,6.1,5.863696345223744,-1.6813878704836962,71119
2026-04-01 13:25:41,-112.8609,53.4628,5.4,34492.0,-44.8,-84.3,-79.6,1,1,0.07,287,6.1,5.833459011374516,-1.7834673988086938,71119
2026-04-01 13:25:43,-112.8609,53.4628,5.4,34506.0,-44.9,-84.3,-79.5,1,1,0.07,288,6.1,5.801444749400437,-1.885003665687178,71119
2026-04-01 13:25:46,-112.8608,53.4627,5.4,34516.0,-45.0,-84.3,-79.5,1,1,0.07,289,6.1,5.767663311155833,-1.9859657421886534,71119
2026-04-01 13:25:49,-112.8605,53.4625,5.4,34531.0,-45.1,-84.2,-79.5,1,1,0.07,290,6.1,5.73212498679404,-2.086322874286581,71119
2026-04-01 13:25:53,-112.8598,53.4625,5.4,34543.0,-45.2,-84.2,-79.4,1,1,0.07,292,6.2,5.748539898314082,-2.322560879178654,71119
2026-04-01 13:25:55,-112.8597,53.4626,5.4,34556.0,-45.3,-84.2,-79.4,1,1,0.07,295,6.3,5.709739058330894,-2.6624950489664077,71119
2026-04-01 13:25:57,-112.8596,53.4626,5.4,34567.0,-45.4,-84.2,-79.4,1,1,0.07,297,6.4,5.702441754805555,-2.9055391983330985,71119
2026-04-01 13:25:59,-112.8596,53.4626,5.4,34580.0,-45.5,-84.2,-79.4,1,1,0.07,298,6.5,5.739159353583026,-3.051565158108288,71119
2026-04-01 13:26:02,-112.8594,53.4623,5.4,34592.0,-45.5,-84.2,-79.5,1,1,0.07,300,6.6,5.715767664977294,-3.3000000000000007,71119
2026-04-01 13:26:04,-112.859,53.4622,5.3,34607.0,-45.6,-84.2,-79.5,1,1,0.07,302,6.8,5.766727053863698,-3.6034509967857917,71119
2026-04-01 13:26:07,-112.8586,53.4621,5.3,34616.0,-45.7,-84.3,-79.5,1,1,0.07,303,7.0,5.87069397561797,-3.8124732451051866,71119
2026-04-01 13:26:10,-112.8584,53.4621,5.3,34630.0,-45.8,-84.3,-79.5,1,1,0.07,304,7.2,5.9690705223963,-4.026188904989379,71119
2026-04-01 13:26:13,-112.8585,53.462,5.3,34643.0,-45.9,-84.1,-79.4,1,1,0.07,305,7.3,5.97980992330964,-4.187107985362636,71119
2026-04-01 13:26:16,-112.8582,53.4617,5.3,34654.0,-46.0,-83.8,-79.0,1,1,0.08,306,7.4,5.986725758374612,-4.3496108669643,71119
2026-04-01 13:26:19,-112.8577,53.4616,5.3,34668.0,-46.0,-84.4,-79.7,1,1,0.07,307,7.5,5.989766325354699,-4.51361267364036,71119
