time,longitude,latitude,pressure,height,temperature,dewpoint,ice_point_temperature,relative_humidity,humidity_wrt_ice,mixing_ratio,direction,speed,u_wind,v_wind,station
2026-04-01 11:20:13,114.1726,22.3115,1004.5,66.0,24.3,19.2,19.2,73,73,14.04,0,0.0,-0.0,-0.0,45004
2026-04-01 11:20:15,114.1726,22.3116,1001.9,89.0,24.4,18.5,18.5,70,70,13.51,190,0.5,0.08682408883346523,0.492403876506104,45004
2026-04-01 11:20:16,114.1726,22.3116,1000.8,98.0,24.3,18.3,18.3,69,69,13.34,192,0.6,0.1247470144906557,0.5868885604402834,45004
2026-04-01 11:20:17,114.1726,22.3116,1000.0,105.0,24.3,18.3,18.3,69,69,13.32,192,0.6,0.1247470144906557,0.5868885604402834,45004
2026-04-01 11:20:19,114.1726,22.3116,999.5,110.0,24.2,18.2,18.2,69,69,13.3,194,0.6,0.1451531373598005,0.5821774357655979,45004
2026-04-01 11:20:21,114.1726,22.3116,998.1,121.0,24.2,18.2,18.2,69,69,13.28,196,0.7,0.19294614907189928,0.6728831871568232,45004
2026-04-01 11:20:23,114.1726,22.3117,996.8,133.0,24.0,18.3,18.3,71,71,13.39,198,0.7,0.2163118960624631,0.6657395614066075,45004
2026-04-01 11:20:25,114.1726,22.3116,995.6,144.0,23.9,18.2,18.2,71,71,13.34,200,0.7,0.23941410032796803,0.6577848345501358,45004
2026-04-01 11:20:27,114.1727,22.3116,994.6,153.0,23.8,18.0,18.0,70,70,13.19,201,0.7,0.2508575646817103,0.6535062985480411,45004
2026-04-01 11:20:29,114.1726,22.3117,993.6,162.0,23.8,18.1,18.1,71,71,13.26,202,0.8,0.2996852747327296,0.74174708365343,45004
2026-04-01 11:20:31,114.1726,22.3117,992.3,173.0,23.6,18.1,18.1,71,71,13.3,203,0.7,0.2735117899424915,0.6443533974167083,45004
2026-04-01 11:20:33,114.1727,22.3117,990.9,185.0,23.5,18.0,18.0,71,71,13.25,203,0.7,0.2735117899424915,0.6443533974167083,45004
2026-04-01 11:20:35,114.1727,22.3117,989.7,196.0,23.5,18.0,18.0,71,71,13.23,203,0.7,0.2735117899424915,0.6443533974167083,45004
2026-04-01 11:20:37,114.1727,22.3117,988.5,206.0,23.4,18.0,18.0,72,72,13.25,202,0.6,0.22476395604954721,0.5563103127400725,45004
2026-04-01 11:20:39,114.1727,22.3117,987.3,217.0,23.3,18.0,18.0,72,72,13.25,201,0.6,0.21502076972718026,0.560148255898321,45004
2026-04-01 11:20:41,114.1727,22.3118,986.0,229.0,23.1,18.0,18.0,73,73,13.3,200,0.5,0.17101007166283433,0.4698463103929542,45004
2026-04-01 11:20:43,114.1727,22.3117,984.5,242.0,23.0,18.0,18.0,73,73,13.26,199,0.5,0.16278407722857838,0.47275928779965837,45004
2026-04-01 11:20:45,114.1728,22.3117,983.3,253.0,22.9,17.9,17.9,74,74,13.24,198,0.4,0.12360679774997892,0.3804226065180615,45004
2026-04-01 11:20:47,114.1728,22.3117,982.6,258.0,22.8,17.9,17.9,74,74,13.27,199,0.4,0.1302272617828627,0.3782074302397267,45004
2026-04-01 11:20:49,114.1727,22.3118,981.9,265.0,22.7,17.9,17.9,75,75,13.28,202,0.3,0.11238197802477361,0.27815515637003624,45004
2026-04-01 11:20:51,114.1727,22.3117,980.2,280.0,22.6,17.9,17.9,75,75,13.27,206,0.3,0.13151134403672324,0.26963821388975007,45004
2026-04-01 11:20:53,114.1727,22.3118,978.8,292.0,22.5,17.9,17.9,75,75,13.27,211,0.3,0.15451142247301625,0.2571501902106337,45004
2026-04-01 11:20:55,114.1727,22.3118,977.6,303.0,22.4,17.9,17.9,75,75,13.27,217,0.3,0.1805445069456145,0.23959065301418783,45004
2026-04-01 11:20:57,114.1727,22.3118,976.4,314.0,22.3,17.8,17.8,76,76,13.26,221,0.4,0.2624236115962028,0.30188383208910885,45004
2026-04-01 11:20:59,114.1727,22.3118,975.3,324.0,22.3,17.8,17.8,76,76,13.26,223,0.4,0.27279934402499934,0.2925414806476682,45004
2026-04-01 11:21:01,114.1728,22.3118,974.2,334.0,22.1,18.0,18.0,78,78,13.46,224,0.5,0.3473291852294987,0.35966990016932554,45004
2026-04-01 11:21:03,114.1727,22.3118,973.1,343.0,22.0,17.9,17.9,78,78,13.4,223,0.5,0.3409991800312492,0.3656768508095853,45004
2026-04-01 11:21:05,114.1728,22.3118,972.0,353.0,22.0,17.9,17.9,78,78,13.4,222,0.6,0.40147836381531493,0.44588689528643655,45004
2026-04-01 11:21:07,114.1728,22.3118,970.8,364.0,21.9,17.9,17.9,78,78,13.4,219,0.6,0.37759223462990255,0.46628757687418243,45004
2026-04-01 11:21:09,114.1728,22.3118,969.6,375.0,21.8,17.8,17.8,78,78,13.31,217,0.7,0.42127051620643385,0.5590448570331049,45004
2026-04-01 11:21:11,114.1728,22.3118,968.5,385.0,21.8,17.3,17.3,76,76,12.95,215,0.7,0.40150350544573227,0.5734064310022943,45004
2026-04-01 11:21:13,114.1728,22.3119,967.4,395.0,21.7,17.2,17.2,75,75,12.83,215,0.7,0.40150350544573227,0.5734064310022943,45004
2026-04-01 11:21:15,114.1728,22.3119,966.3,405.0,21.6,17.3,17.3,76,76,12.94,215,0.7,0.40150350544573227,0.5734064310022943,45004
2026-04-01 11:21:17,114.1728,22.3119,965.1,415.0,21.5,17.2,17.2,76,76,12.87,217,0.7,0.42127051620643385,0.5590448570331049,45004
2026-04-01 11:21:19,114.1728,22.3119,964.0,425.0,21.5,17.2,17.2,77,77,12.94,222,0.6,0.40147836381531493,0.44588689528643655,45004
2026-04-01 11:21:21,114.1728,22.312,962.9,435.0,21.4,17.3,17.3,78,78,13.0,232,0.6,0.4728064521640333,0.3693968851953948,45004
2026-04-01 11:21:23,114.1728,22.3119,961.9,444.0,21.3,17.5,17.5,79,79,13.2,248,0.5,0.46359192728339366,0.18730329670795615,45004
2026-04-01 11:21:25,114.1728,22.3119,960.7,455.0,21.3,17.6,17.6,80,80,13.31,268,0.5,0.4996954135095479,0.01744974835125038,45004
2026-04-01 11:21:27,114.1729,22.312,959.7,464.0,21.3,17.6,17.6,80,80,13.29,289,0.6,0.5673111453595902,-0.19534089267429378,45004
2026-04-01 11:21:29,114.1729,22.312,958.6,474.0,21.4,17.7,17.7,80,80,13.41,305,0.7,0.5734064310022943,-0.4015035054457322,45004
2026-04-01 11:21:31,114.1729,22.312,957.5,484.0,21.3,17.7,17.7,80,80,13.39,315,0.9,0.636396103067893,-0.6363961030678926,45004
2026-04-01 11:21:33,114.1729,22.3119,956.2,496.0,21.1,17.6,17.6,80,80,13.34,322,1.1,0.677227622858224,-0.8668118289673944,45004
2026-04-01 11:21:35,114.1729,22.3119,955.1,506.0,21.0,17.6,17.6,81,81,13.34,328,1.2,0.635903117079846,-1.0176577153877109,45004
2026-04-01 11:21:37,114.1729,22.3119,954.0,516.0,20.9,17.6,17.6,81,81,13.34,332,1.4,0.6572601879002471,-1.2361266300024978,45004
2026-04-01 11:21:39,114.1729,22.3118,953.0,525.0,20.8,17.6,17.6,82,82,13.42,336,1.5,0.6101049646137002,-1.3703181864639014,45004
2026-04-01 11:21:41,114.173,22.3117,952.1,533.0,20.7,17.5,17.5,82,82,13.32,340,1.6,0.5472322293210697,-1.5035081932574537,45004
2026-04-01 11:21:43,114.1731,22.3116,951.4,540.0,20.7,17.2,17.2,80,80,13.07,345,1.7,0.43999237667428515,-1.6420739046914161,45004
2026-04-01 11:21:45,114.1731,22.3116,950.6,547.0,21.2,17.3,17.3,78,78,13.15,349,1.7,0.32437529214012595,-1.6687662118610287,45004
2026-04-01 11:21:47,114.1731,22.3116,949.6,556.0,21.4,17.2,17.2,77,77,13.06,354,1.8,0.18815123388177615,-1.790139411662892,45004
2026-04-01 11:21:49,114.173,22.3116,948.5,566.0,21.4,17.2,17.2,77,77,13.08,359,1.8,0.03141433158711041,-1.7997258512815044,45004
2026-04-01 11:21:51,114.173,22.3116,947.6,574.0,21.4,17.1,17.1,77,77,13.07,4,1.9,-0.13253730011383807,-1.895371695493666,45004
2026-04-01 11:21:53,114.173,22.3116,946.8,582.0,21.5,17.1,17.1,76,76,13.04,9,1.9,-0.29722548357643863,-1.8766078471307617,45004
2026-04-01 11:21:55,114.173,22.3116,945.8,591.0,21.4,17.1,17.1,77,77,13.1,14,2.0,-0.48384379119933546,-1.940591452551993,45004
2026-04-01 11:21:57,114.1729,22.3115,944.8,600.0,21.3,17.0,17.0,77,77,12.99,18,2.2,-0.6798373876248843,-2.0923243358493377,45004
2026-04-01 11:21:59,114.1729,22.3115,944.0,607.0,21.4,16.9,16.9,76,76,12.94,21,2.3,-0.8242462839541905,-2.147234980943564,45004
2026-04-01 11:22:01,114.1729,22.3114,943.1,616.0,21.3,16.9,16.9,76,76,12.94,24,2.5,-1.0168416076895006,-2.283863644106502,45004
2026-04-01 11:22:03,114.1729,22.3114,942.1,625.0,21.2,16.9,16.9,76,76,12.92,26,2.6,-1.1397649816516013,-2.3368645203778344,45004
2026-04-01 11:22:05,114.1729,22.3113,941.0,635.0,21.2,16.8,16.8,76,76,12.85,28,2.8,-1.3145203758004942,-2.4722532600049956,45004
2026-04-01 11:22:07,114.1729,22.3113,940.1,643.0,21.2,16.7,16.7,76,76,12.83,29,3.0,-1.4544288607390112,-2.623859121418187,45004
2026-04-01 11:22:09,114.1728,22.3112,939.0,653.0,21.2,16.6,16.6,75,75,12.74,30,3.2,-1.5999999999999999,-2.771281292110204,45004
2026-04-01 11:22:11,114.1728,22.3112,937.8,664.0,21.3,16.4,16.4,74,74,12.57,31,3.4,-1.751129454694184,-2.914368822387182,45004
2026-04-01 11:22:13,114.1728,22.3111,936.7,674.0,21.2,16.2,16.2,73,73,12.48,32,3.5,-1.8547174248162173,-2.9681683365474907,45004
2026-04-01 11:22:15,114.1727,22.3111,935.7,683.0,21.2,16.2,16.2,73,73,12.44,33,3.7,-2.0151644295556004,-3.103081101398069,45004
2026-04-01 11:22:17,114.1726,22.311,934.8,693.0,21.2,16.2,16.2,73,73,12.45,33,3.8,-2.069628333057103,-3.186948158192611,45004
2026-04-01 11:22:19,114.1726,22.3109,933.6,703.0,21.1,16.1,16.1,73,73,12.45,33,3.9,-2.1240922365586057,-3.2708152149871537,45004
2026-04-01 11:22:21,114.1725,22.3109,932.5,714.0,21.0,16.0,16.0,73,73,12.31,33,4.0,-2.1785561400601083,-3.354682271781696,45004
2026-04-01 11:22:23,114.1724,22.3108,931.5,723.0,20.9,15.9,15.9,73,73,12.25,33,4.1,-2.233020043561611,-3.4385493285762383,45004
2026-04-01 11:22:25,114.1724,22.3108,930.4,733.0,20.9,15.8,15.8,73,73,12.21,33,4.1,-2.233020043561611,-3.4385493285762383,45004
2026-04-01 11:22:27,114.1724,22.3107,929.3,743.0,20.8,15.6,15.6,72,72,12.07,33,4.2,-2.2874839470631136,-3.5224163853707813,45004
2026-04-01 11:22:29,114.1723,22.3106,928.2,753.0,20.8,15.5,15.5,72,72,11.97,33,4.2,-2.2874839470631136,-3.5224163853707813,45004
2026-04-01 11:22:31,114.1723,22.3106,927.1,764.0,20.7,15.2,15.2,71,71,11.82,33,4.2,-2.2874839470631136,-3.5224163853707813,45004
2026-04-01 11:22:33,114.1723,22.3105,926.1,774.0,20.7,15.0,15.0,70,70,11.66,32,4.1,-2.17266898335614,-3.476997194241346,45004
2026-04-01 11:22:33,114.1722,22.3105,925.1,783.0,20.7,15.0,15.0,70,70,11.66,32,4.1,-2.17266898335614,-3.476997194241346,45004
2026-04-01 11:22:35,114.1722,22.3104,925.0,784.0,20.6,15.0,15.0,70,70,11.68,32,4.1,-2.17266898335614,-3.476997194241346,45004
2026-04-01 11:22:37,114.1721,22.3103,924.1,792.0,20.6,15.2,15.2,71,71,11.79,32,4.1,-2.17266898335614,-3.476997194241346,45004
2026-04-01 11:22:39,114.1721,22.3103,923.0,802.0,20.5,15.3,15.3,72,72,11.9,33,4.0,-2.1785561400601083,-3.354682271781696,45004
2026-04-01 11:22:41,114.1721,22.3102,921.9,812.0,20.4,15.3,15.3,72,72,11.94,33,3.9,-2.1240922365586057,-3.2708152149871537,45004
2026-04-01 11:22:43,114.1721,22.3102,920.9,822.0,20.3,15.2,15.2,73,73,11.9,33,3.8,-2.069628333057103,-3.186948158192611,45004
2026-04-01 11:22:45,114.172,22.3101,919.9,832.0,20.3,15.1,15.1,72,72,11.82,33,3.7,-2.0151644295556004,-3.103081101398069,45004
2026-04-01 11:22:47,114.172,22.31,918.9,841.0,20.2,15.1,15.1,73,73,11.85,33,3.6,-1.9607005260540975,-3.0192140446035265,45004
2026-04-01 11:22:49,114.1719,22.31,917.7,852.0,20.1,15.1,15.1,73,73,11.85,33,3.5,-1.9062366225525949,-2.935346987808984,45004
2026-04-01 11:22:51,114.1719,22.31,916.6,863.0,20.1,15.1,15.1,73,73,11.87,32,3.3,-1.748733571969576,-2.7985587173162054,45004
2026-04-01 11:22:53,114.1718,22.3099,915.3,875.0,20.0,15.2,15.2,74,74,11.96,32,3.2,-1.6957416455462557,-2.7137539077005632,45004
2026-04-01 11:22:55,114.1717,22.3099,914.0,887.0,19.9,15.3,15.3,75,75,12.06,30,3.0,-1.4999999999999998,-2.598076211353316,45004
2026-04-01 11:22:57,114.1717,22.3099,912.7,899.0,19.8,15.4,15.4,76,76,12.14,29,2.9,-1.4059478987143774,-2.5363971507042478,45004
2026-04-01 11:22:59,114.1717,22.3098,911.7,909.0,19.8,15.5,15.5,76,76,12.23,26,2.7,-1.1836020963305092,-2.4267439250077514,45004
2026-04-01 11:23:01,114.1717,22.3098,910.8,918.0,19.7,15.7,15.7,78,78,12.37,24,2.6,-1.0575152719970806,-2.3752181898707625,45004
2026-04-01 11:23:03,114.1717,22.3097,909.8,927.0,19.6,16.0,16.0,80,80,12.66,21,2.4,-0.8600830789087206,-2.2405930235932843,45004
2026-04-01 11:23:05,114.1717,22.3097,908.9,936.0,19.6,16.0,16.0,80,80,12.67,18,2.3,-0.710739087062379,-2.1874299874788528,45004
2026-04-01 11:23:07,114.1717,22.3096,907.8,946.0,19.5,16.0,16.0,80,80,12.7,14,2.1,-0.5080359807593022,-2.0376210251795928,45004
2026-04-01 11:23:09,114.1717,22.3096,906.6,957.0,19.4,16.0,16.0,81,81,12.68,11,2.0,-0.3816179907530896,-1.963254366895328,45004
2026-04-01 11:23:11,114.1718,22.3096,905.4,968.0,19.3,15.9,15.9,81,81,12.65,7,1.9,-0.2315517524697802,-1.8858376881185117,45004
2026-04-01 11:23:13,114.1717,22.3096,904.4,979.0,19.2,15.9,15.9,82,82,12.69,3,1.8,-0.09420472123729891,-1.797533162558233,45004
2026-04-01 11:23:15,114.1717,22.3095,903.4,988.0,19.1,16.0,16.0,82,82,12.72,358,1.7,0.059329144394251396,-1.6989644059324627,45004
2026-04-01 11:23:17,114.1717,22.3095,902.4,998.0,19.0,16.0,16.0,83,83,12.81,354,1.6,0.16724554122824548,-1.5912350325892373,45004
2026-04-01 11:23:19,114.1717,22.3095,901.2,1009.0,18.9,16.1,16.1,84,84,12.91,348,1.5,0.3118675362266398,-1.4672214011007083,45004
2026-04-01 11:23:21,114.1717,22.3095,899.9,1021.0,18.8,16.3,16.3,86,86,13.06,342,1.5,0.4635254915624215,-1.4265847744427302,45004
2026-04-01 11:23:23,114.1717,22.3094,898.6,1033.0,18.7,16.3,16.3,86,86,13.05,336,1.5,0.6101049646137002,-1.3703181864639014,45004
2026-04-01 11:23:25,114.1718,22.3094,897.5,1044.0,18.5,16.2,16.2,86,86,12.97,329,1.5,0.7725571123650817,-1.2857509510531682,45004
2026-04-01 11:23:27,114.1718,22.3094,896.4,1054.0,18.5,16.2,16.2,87,87,13.0,321,1.6,1.0069126256797405,-1.243433538331153,45004
2026-04-01 11:23:29,114.1718,22.3094,895.3,1066.0,18.4,16.3,16.3,88,88,13.15,314,1.7,1.222877660575707,-1.1809192297802953,45004
2026-04-01 11:23:31,114.1718,22.3094,894.1,1077.0,18.3,16.4,16.4,89,89,13.27,306,1.8,1.4562305898749057,-1.0580134541264512,45004
2026-04-01 11:23:33,114.1718,22.3094,892.9,1088.0,18.2,16.6,16.6,91,91,13.44,300,1.9,1.6454482671904334,-0.9500000000000002,45004
2026-04-01 11:23:35,114.1719,22.3093,891.7,1100.0,18.1,16.7,16.7,92,92,13.56,294,2.1,1.9184454610494623,-0.8541469504591795,45004
2026-04-01 11:23:37,114.1719,22.3093,890.5,1112.0,18.0,17.1,17.1,95,95,13.93,288,2.3,2.187429987478853,-0.7107390870623785,45004
2026-04-01 11:23:39,114.172,22.3093,889.0,1126.0,17.9,17.2,17.2,96,96,14.06,284,2.5,2.4257393156899916,-0.6048047389991686,45004
2026-04-01 11:23:41,114.172,22.3093,887.5,1141.0,17.8,17.3,17.3,97,97,14.09,280,2.7,2.658980933132962,-0.46885007970071096,45004
2026-04-01 11:23:43,114.1721,22.3092,886.2,1154.0,17.7,17.4,17.4,98,98,14.23,276,2.9,2.8841134965679927,-0.30313254347619367,45004
2026-04-01 11:23:45,114.1722,22.3093,884.8,1167.0,17.9,17.5,17.5,98,98,14.37,273,3.1,3.0957515577391788,-0.16224146435312622,45004
2026-04-01 11:23:47,114.1723,22.3093,883.3,1181.0,17.9,17.3,17.3,96,96,14.19,271,3.3,3.299497394016091,-0.057592941243034323,45004
2026-04-01 11:23:49,114.1723,22.3093,882.1,1193.0,17.9,17.3,17.3,96,96,14.18,269,3.4,3.3994821635317303,0.05933818188676389,45004
2026-04-01 11:23:51,114.1724,22.3093,880.8,1206.0,17.9,17.4,17.4,97,97,14.29,267,3.5,3.4952033716410082,0.18317584685030508,45004
2026-04-01 11:23:53,114.1725,22.3093,879.5,1218.0,17.8,17.2,17.2,97,97,14.21,266,3.6,3.5912305809353673,0.2511233054788521,45004
2026-04-01 11:23:55,114.1726,22.3094,878.3,1230.0,17.7,17.1,17.1,96,96,14.1,265,3.6,3.586300913130284,0.3137606738915697,45004
2026-04-01 11:23:57,114.1726,22.3094,877.0,1243.0,17.6,17.1,17.1,97,97,14.12,264,3.6,3.5802788233257843,0.3763024677635521,45004
2026-04-01 11:23:59,114.1727,22.3094,875.6,1256.0,17.6,17.0,17.0,97,97,14.09,263,3.6,3.57316614590876,0.43872963625852984,45004
2026-04-01 11:24:01,114.1728,22.3094,874.4,1269.0,17.5,17.0,17.0,97,97,14.08,263,3.6,3.57316614590876,0.43872963625852984,45004
2026-04-01 11:24:03,114.1729,22.3094,873.1,1281.0,17.4,17.0,17.0,97,97,14.07,263,3.5,3.473911530744627,0.4265427019180151,45004
2026-04-01 11:24:05,114.1729,22.3093,871.8,1294.0,17.3,16.9,16.9,97,97,14.03,263,3.5,3.473911530744627,0.4265427019180151,45004
2026-04-01 11:24:07,114.173,22.3093,870.5,1307.0,17.2,16.9,16.9,98,98,14.03,263,3.5,3.473911530744627,0.4265427019180151,45004
2026-04-01 11:24:09,114.173,22.3094,869.1,1320.0,17.1,16.8,16.8,98,98,14.0,264,3.4,3.3813744442521294,0.35539677511002143,45004
2026-04-01 11:24:11,114.1731,22.3094,867.7,1334.0,17.0,16.8,16.8,99,99,14.01,265,3.4,3.3870619735119347,0.29632952534203805,45004
2026-04-01 11:24:13,114.1731,22.3094,866.7,1344.0,16.9,16.8,16.8,99,99,13.98,266,3.4,3.3917177708834023,0.23717201073002697,45004
2026-04-01 11:24:15,114.1732,22.3095,865.7,1354.0,16.8,16.8,16.8,100,100,14.05,268,3.5,3.497867894566835,0.12214823845875267,45004
2026-04-01 11:24:17,114.1732,22.3095,864.7,1363.0,16.8,16.8,16.8,100,100,14.04,269,3.5,3.4994669330473696,0.061083422530492246,45004
2026-04-01 11:24:19,114.1733,22.3095,863.7,1374.0,16.7,16.7,16.7,100,100,13.99,271,3.6,3.599451702563009,-0.06282866317421927,45004
2026-04-01 11:24:21,114.1734,22.3094,862.5,1385.0,16.7,16.7,16.7,100,100,13.98,272,3.7,3.6977460599706546,-0.12912813779925475,45004
2026-04-01 11:24:23,114.1735,22.3094,861.3,1397.0,16.6,16.6,16.6,100,100,13.93,273,3.8,3.7947922320673806,-0.19887663372318698,45004
2026-04-01 11:24:25,114.1736,22.3094,860.2,1408.0,16.6,16.3,16.3,98,98,13.64,275,3.9,3.8851593225578074,-0.3399073967158658,45004
2026-04-01 11:24:27,114.1737,22.3094,859.1,1419.0,16.6,15.9,15.9,95,95,13.3,276,4.0,3.9780875814730936,-0.41811385307061194,45004
2026-04-01 11:24:29,114.1737,22.3094,857.9,1432.0,16.7,15.7,15.7,94,94,13.22,277,4.1,4.06943922172942,-0.49966430796110545,45004
2026-04-01 11:24:31,114.1738,22.3094,856.5,1446.0,16.8,15.8,15.8,94,94,13.25,277,4.2,4.168693836893553,-0.5118512423016203,45004
2026-04-01 11:24:33,114.1739,22.3094,855.4,1457.0,16.8,15.7,15.7,94,94,13.25,278,4.2,4.159125888714596,-0.584527024032275,45004
2026-04-01 11:24:35,114.1741,22.3093,854.4,1466.0,16.8,15.8,15.8,94,94,13.35,278,4.2,4.159125888714596,-0.584527024032275,45004
2026-04-01 11:24:37,114.1742,22.3093,853.4,1477.0,16.7,15.7,15.7,94,94,13.29,278,4.2,4.159125888714596,-0.584527024032275,45004
2026-04-01 11:24:39,114.1742,22.3093,852.3,1487.0,16.7,15.6,15.6,93,93,13.18,278,4.2,4.159125888714596,-0.584527024032275,45004
2026-04-01 11:24:41,114.1742,22.3093,851.2,1498.0,16.6,15.6,15.6,94,94,13.24,277,4.1,4.06943922172942,-0.49966430796110545,45004
2026-04-01 11:24:43,114.1743,22.3093,850.0,1511.0,16.5,15.7,15.7,95,95,13.31,277,4.1,4.06943922172942,-0.49966430796110545,45004
2026-04-01 11:24:45,114.1744,22.3093,848.7,1523.0,16.4,15.6,15.6,95,95,13.25,276,4.1,4.077539771009921,-0.4285666993973772,45004
2026-04-01 11:24:47,114.1745,22.3093,847.6,1535.0,16.4,15.5,15.5,95,95,13.17,275,4.1,4.0843982621761565,-0.3573385452653973,45004
2026-04-01 11:24:49,114.1745,22.3093,846.5,1546.0,16.3,15.5,15.5,95,95,13.16,275,4.1,4.0843982621761565,-0.3573385452653973,45004
2026-04-01 11:24:51,114.1746,22.3093,845.5,1556.0,16.3,15.5,15.5,95,95,13.17,274,4.1,4.0900126060652795,-0.28600154235091335,45004
2026-04-01 11:24:53,114.1747,22.3093,844.6,1565.0,16.2,15.3,15.3,94,94,13.06,273,4.2,4.19424404596921,-0.21981101622036459,45004
2026-04-01 11:24:55,114.1748,22.3093,843.6,1575.0,16.2,15.2,15.2,94,94,12.95,272,4.2,4.197441473480202,-0.14657788615050538,45004
2026-04-01 11:24:57,114.1748,22.3093,842.5,1586.0,16.2,15.0,15.0,93,93,12.86,271,4.4,4.399329858688122,-0.07679058832404578,45004
2026-04-01 11:24:59,114.1749,22.3093,841.4,1597.0,16.2,15.0,15.0,93,93,12.87,271,4.5,4.499314628203761,-0.07853582896777409,45004
2026-04-01 11:25:01,114.175,22.3093,840.3,1608.0,16.2,14.8,14.8,92,92,12.7,270,4.7,4.7,8.63375993398884e-16,45004
2026-04-01 11:25:03,114.1751,22.3093,839.3,1619.0,16.1,14.8,14.8,92,92,12.68,270,4.9,4.9,9.001153973733046e-16,45004
2026-04-01 11:25:05,114.1752,22.3093,838.2,1630.0,16.1,14.7,14.7,91,91,12.61,269,5.1,5.099223245297595,0.08900727283014584,45004
2026-04-01 11:25:07,114.1754,22.3093,837.1,1641.0,16.0,14.5,14.5,91,91,12.49,269,5.3,5.2991927843288735,0.09249775411760254,45004
2026-04-01 11:25:09,114.1754,22.3093,836.0,1653.0,15.9,14.5,14.5,91,91,12.49,268,5.6,5.596588631306936,0.19543718153400425,45004
2026-04-01 11:25:11,114.1755,22.3093,834.9,1664.0,15.9,14.5,14.5,92,92,12.55,268,5.8,5.796466796710755,0.2024170808745044,45004
2026-04-01 11:25:13,114.1757,22.3093,833.9,1674.0,15.7,14.5,14.5,93,93,12.58,268,6.0,5.996344962114574,0.20939698021500458,45004
2026-04-01 11:25:15,114.1758,22.3093,832.9,1684.0,15.7,14.5,14.5,93,93,12.57,267,6.2,6.1915031154783575,0.3244829287062547,45004
2026-04-01 11:25:17,114.1759,22.3093,831.7,1696.0,15.7,14.6,14.6,93,93,12.63,267,6.4,6.391229022429273,0.3349501199548436,45004
2026-04-01 11:25:19,114.1761,22.3094,830.5,1708.0,15.6,14.5,14.5,93,93,12.58,266,6.5,6.484166326688857,0.4534170793368163,45004
2026-04-01 11:25:21,114.1762,22.3094,829.3,1721.0,15.5,14.5,14.5,94,94,12.6,266,6.7,6.683679136740822,0.4673683740856414,45004
2026-04-01 11:25:23,114.1764,22.3093,828.2,1733.0,15.4,14.5,14.5,94,94,12.62,265,6.8,6.774123947023869,0.5926590506840761,45004
2026-04-01 11:25:25,114.1765,22.3093,827.2,1742.0,15.3,14.4,14.4,94,94,12.54,265,7.0,6.973362886642219,0.6100901992336077,45004
2026-04-01 11:25:27,114.1767,22.3093,826.3,1752.0,15.3,14.4,14.4,94,94,12.61,264,7.1,7.061105457114741,0.7421520892003388,45004
2026-04-01 11:25:29,114.1768,22.3093,825.1,1764.0,15.2,14.5,14.5,95,95,12.65,264,7.2,7.160557646651569,0.7526049355271042,45004
2026-04-01 11:25:31,114.1769,22.3094,823.8,1777.0,15.1,14.4,14.4,96,96,12.64,263,7.4,7.344841522145784,0.9018331411980891,45004
2026-04-01 11:25:33,114.1771,22.3094,822.9,1787.0,15.0,14.3,14.3,96,96,12.56,263,7.5,7.4440961373099155,0.9140200755386038,45004
2026-04-01 11:25:35,114.1772,22.3095,822.0,1796.0,15.0,14.3,14.3,96,96,12.57,262,7.7,7.625064129310091,1.0716328773925068,45004
2026-04-01 11:25:37,114.1773,22.3095,820.9,1807.0,15.1,14.4,14.4,96,96,12.63,262,7.9,7.823117743058405,1.09946749758452,45004
2026-04-01 11:25:39,114.1775,22.3095,819.7,1819.0,15.0,14.3,14.3,96,96,12.62,262,8.1,8.021171356806718,1.1273021177765332,45004
2026-04-01 11:25:41,114.1776,22.3095,818.5,1832.0,14.9,14.3,14.3,96,96,12.64,262,8.3,8.219224970555034,1.1551367379685464,45004
2026-04-01 11:25:43,114.1778,22.3096,817.4,1844.0,14.8,14.3,14.3,97,97,12.62,262,8.5,8.417278584303347,1.1829713581605594,45004
2026-04-01 11:25:45,114.178,22.3096,816.3,1855.0,14.7,14.2,14.2,97,97,12.6,262,8.6,8.516305391177504,1.196888668256566,45004
2026-04-01 11:25:47,114.1782,22.3096,815.4,1865.0,14.6,14.3,14.3,98,98,12.64,263,8.8,8.734406134443635,1.0724502219652952,45004
2026-04-01 11:25:49,114.1784,22.3096,814.4,1875.0,14.5,14.2,14.2,98,98,12.63,263,9.0,8.9329153647719,1.0968240906463245,45004
2026-04-01 11:25:51,114.1786,22.3096,813.2,1887.0,14.4,14.2,14.2,99,99,12.59,263,9.1,9.03216997993603,1.1090110249868392,45004
2026-04-01 11:25:53,114.1788,22.3096,812.1,1899.0,14.3,14.1,14.1,99,99,12.57,263,9.2,9.131424595100162,1.1211979593273538,45004
2026-04-01 11:25:55,114.1789,22.3096,810.9,1911.0,14.2,14.0,14.0,99,99,12.52,263,9.3,9.230679210264297,1.1333848936678688,45004
2026-04-01 11:25:57,114.1791,22.3097,809.8,1922.0,14.1,14.0,14.0,99,99,12.49,263,9.3,9.230679210264297,1.1333848936678688,45004
2026-04-01 11:25:59,114.1793,22.3098,808.7,1934.0,14.0,14.0,14.0,100,100,12.5,263,9.3,9.230679210264297,1.1333848936678688,45004
2026-04-01 11:26:01,114.1795,22.3098,807.6,1946.0,14.0,14.0,14.0,100,100,12.52,263,9.3,9.230679210264297,1.1333848936678688,45004
2026-04-01 11:26:03,114.1797,22.3097,806.5,1957.0,13.9,13.9,13.9,100,100,12.51,262,9.2,9.110466232422446,1.2803925288326055,45004
2026-04-01 11:26:05,114.1799,22.3097,805.5,1968.0,13.9,13.9,13.9,100,100,12.49,261,9.1,8.987963899415753,1.4235536318661024,45004
2026-04-01 11:26:07,114.18,22.3097,804.6,1978.0,13.9,13.9,13.9,100,100,12.47,260,9.0,8.863269777109872,1.562833599002373,45004
2026-04-01 11:26:09,114.1802,22.3098,803.5,1989.0,13.8,13.8,13.8,100,100,12.43,259,8.8,8.638319214339443,1.6791191593135928,45004
2026-04-01 11:26:11,114.1804,22.3098,802.4,2001.0,13.7,13.7,13.7,100,100,12.41,258,8.6,8.412069366310728,1.788040541032734,45004
2026-04-01 11:26:13,114.1805,22.3098,801.4,2011.0,13.7,13.7,13.7,100,100,12.39,256,8.5,8.24751367334597,2.056336112597176,45004
2026-04-01 11:26:15,114.1806,22.3099,800.4,2022.0,13.6,13.6,13.6,100,100,12.33,255,8.3,8.017184358199268,2.1481980743509212,45004
2026-04-01 11:26:17,114.1808,22.31,799.5,2031.0,13.6,13.6,13.6,100,100,12.31,254,8.1,7.786219737100383,2.232662582117691,45004
2026-04-01 11:26:19,114.181,22.31,798.7,2040.0,13.5,13.5,13.5,100,100,12.27,252,7.9,7.513346478731713,2.441234255562086,45004
2026-04-01 11:26:21,114.1811,22.3102,797.9,2048.0,13.5,13.4,13.4,99,99,12.18,251,7.7,7.28049303211474,2.5068747893201064,45004
2026-04-01 11:26:23,114.1812,22.3102,797.1,2057.0,13.7,13.1,13.1,96,96,11.97,250,7.4,6.953725393815723,2.5309490606099474,45004
2026-04-01 11:26:25,114.1813,22.3103,796.1,2068.0,13.9,12.9,12.9,94,94,11.85,249,7.2,6.721779070779851,2.580249236726165,45004
2026-04-01 11:26:27,114.1814,22.3103,795.1,2078.0,13.9,12.8,12.8,93,93,11.78,248,7.0,6.490286981967511,2.622246153911386,45004
2026-04-01 11:26:29,114.1816,22.3103,794.1,2088.0,13.9,12.8,12.8,93,93,11.8,247,6.7,6.16738251813135,2.617898560878135,45004
2026-04-01 11:26:31,114.1817,22.3103,793.2,2098.0,13.8,12.8,12.8,93,93,11.76,247,6.4,5.891231062095618,2.5006792223313528,45004
2026-04-01 11:26:33,114.1818,22.3104,792.2,2108.0,13.8,12.8,12.8,94,94,11.82,247,6.2,5.70713009140513,2.422532996633498,45004
2026-04-01 11:26:35,114.1819,22.3104,791.3,2118.0,13.8,12.9,12.9,94,94,11.87,247,5.9,5.430978635369398,2.3053136580867157,45004
2026-04-01 11:26:37,114.182,22.3105,790.4,2128.0,13.8,12.8,12.8,94,94,11.84,247,5.6,5.154827179333665,2.188094319539933,45004
2026-04-01 11:26:39,114.1821,22.3105,789.4,2138.0,13.8,12.7,12.7,93,93,11.78,248,5.3,4.914074429203972,1.985414945104335,45004
2026-04-01 11:26:41,114.1822,22.3106,788.5,2149.0,13.8,12.6,12.6,93,93,11.72,249,5.1,4.761260175135727,1.8276765426810335,45004
2026-04-01 11:26:43,114.1823,22.3106,787.5,2159.0,13.7,12.6,12.6,93,93,11.74,251,4.8,4.53848916287672,1.5627271413943518,45004
2026-04-01 11:26:45,114.1824,22.3106,786.5,2170.0,13.7,12.6,12.6,93,93,11.76,253,4.6,4.399001877429962,1.3449098417245906,45004
2026-04-01 11:26:47,114.1824,22.3107,785.5,2181.0,13.6,12.5,12.5,93,93,11.71,255,4.5,4.346666218300808,1.1646857029613429,45004
2026-04-01 11:26:49,114.1825,22.3107,784.6,2190.0,13.6,12.3,12.3,92,92,11.57,258,4.3,4.206034683155364,0.894020270516367,45004
2026-04-01 11:26:51,114.1825,22.3107,783.9,2198.0,13.6,12.2,12.2,91,91,11.49,261,4.2,4.148291030499578,0.6570247531689704,45004
2026-04-01 11:26:53,114.1825,22.3107,783.2,2206.0,13.8,12.2,12.2,90,90,11.5,264,4.1,4.077539771009921,0.42856669939737874,45004
2026-04-01 11:26:55,114.1826,22.3107,782.4,2214.0,13.8,12.0,12.0,89,89,11.36,266,4.1,4.090012606065279,0.28600154235091485,45004
2026-04-01 11:26:57,114.1827,22.3106,781.6,2223.0,14.0,11.9,11.9,87,87,11.3,269,4.1,4.099375550141204,0.07155486639286233,45004
2026-04-01 11:26:59,114.1829,22.3106,780.6,2234.0,14.1,11.9,11.9,87,87,11.26,271,4.1,4.099375550141204,-0.07155486639286082,45004
2026-04-01 11:27:01,114.183,22.3106,779.5,2246.0,14.1,11.8,11.8,86,86,11.2,273,4.1,4.0943810924937525,-0.21457742059607016,45004
2026-04-01 11:27:03,114.1831,22.3106,778.4,2258.0,14.0,11.7,11.7,86,86,11.18,274,4.1,4.0900126060652795,-0.28600154235091335,45004
2026-04-01 11:27:05,114.1832,22.3106,777.4,2268.0,13.9,11.6,11.6,86,86,11.12,275,4.2,4.184017731985332,-0.36605411954016315,45004
2026-04-01 11:27:07,114.1832,22.3106,776.5,2278.0,13.9,11.6,11.6,86,86,11.12,275,4.2,4.184017731985332,-0.36605411954016315,45004
2026-04-01 11:27:09,114.1833,22.3105,775.7,2287.0,13.8,11.5,11.5,86,86,11.08,274,4.3,4.289525416117244,-0.2999528370997384,45004
2026-04-01 11:27:11,114.1833,22.3105,774.8,2296.0,13.8,11.4,11.4,85,85,10.96,274,4.3,4.289525416117244,-0.2999528370997384,45004
2026-04-01 11:27:13,114.1834,22.3105,774.0,2306.0,13.7,11.2,11.2,85,85,10.87,272,4.3,4.2973805561821115,-0.1500678358207555,45004
2026-04-01 11:27:15,114.1835,22.3106,773.0,2316.0,13.6,11.2,11.2,85,85,10.86,271,4.3,4.2993450891724825,-0.07504534768031745,45004
2026-04-01 11:27:17,114.1836,22.3106,772.1,2326.0,13.6,11.1,11.1,85,85,10.79,270,4.3,4.3,7.898971854500428e-16,45004
2026-04-01 11:27:19,114.1836,22.3106,771.2,2336.0,13.5,11.0,11.0,85,85,10.76,268,4.3,4.2973805561821115,0.15006783582075325,45004
2026-04-01 11:27:21,114.1838,22.3106,770.2,2347.0,13.4,11.0,11.0,85,85,10.75,267,4.3,4.294106999444668,0.2250446118446605,45004
2026-04-01 11:27:23,114.1839,22.3105,769.5,2355.0,13.3,11.0,11.0,86,86,10.75,266,4.3,4.289525416117244,0.29995283709973997,45004
2026-04-01 11:27:25,114.184,22.3106,768.7,2363.0,13.3,11.0,11.0,86,86,10.76,265,4.2,4.184017731985332,0.36605411954016465,45004
2026-04-01 11:27:27,114.1841,22.3106,767.6,2375.0,13.2,10.8,10.8,86,86,10.69,264,4.1,4.077539771009921,0.42856669939737874,45004
2026-04-01 11:27:29,114.1842,22.3106,766.4,2389.0,13.1,10.6,10.6,85,85,10.57,263,4.0,3.9701846065652884,0.4874773736205887,45004
2026-04-01 11:27:31,114.1842,22.3106,765.4,2400.0,13.0,10.5,10.5,85,85,10.48,262,3.9,3.862045468092124,0.5427750937442567,45004
2026-04-01 11:27:33,114.1843,22.3107,764.5,2409.0,13.0,10.5,10.5,85,85,10.49,262,3.7,3.66399185434381,0.5149404735522436,45004
2026-04-01 11:27:35,114.1844,22.3107,763.7,2419.0,12.9,10.5,10.5,85,85,10.5,261,3.6,3.5556780261424956,0.5631640741448317,45004
2026-04-01 11:27:37,114.1844,22.3107,762.8,2429.0,12.8,10.4,10.4,85,85,10.42,261,3.4,3.358140358023468,0.5318771811367855,45004
2026-04-01 11:27:39,114.1844,22.3107,762.0,2437.0,12.8,10.4,10.4,85,85,10.42,261,3.3,3.2593715239639542,0.5162337346327623,45004
2026-04-01 11:27:41,114.1845,22.3107,761.3,2445.0,12.7,10.4,10.4,86,86,10.45,262,3.2,3.168857819973025,0.44535392307221067,45004
2026-04-01 11:27:43,114.1845,22.3107,760.6,2453.0,12.6,10.3,10.3,86,86,10.43,262,3.1,3.069831013098868,0.43143661297620406,45004
2026-04-01 11:27:45,114.1846,22.3106,759.8,2462.0,12.6,10.3,10.3,86,86,10.44,264,3.1,3.0830178756416475,0.32403823612972543,45004
2026-04-01 11:27:47,114.1847,22.3107,758.8,2473.0,12.5,10.2,10.2,86,86,10.37,266,3.1,3.092448555805455,0.2162450686067893,45004
2026-04-01 11:27:49,114.1847,22.3107,757.8,2484.0,12.4,10.1,10.1,86,86,10.27,268,3.1,3.098111563759197,0.10818843977775236,45004
2026-04-01 11:27:51,114.1848,22.3107,756.9,2494.0,12.4,10.0,10.0,86,86,10.24,271,3.2,3.199512624500452,-0.05584770059930602,45004
2026-04-01 11:27:53,114.1848,22.3108,756.0,2504.0,12.3,9.9,9.9,85,85,10.19,273,3.2,3.1956145112146364,-0.16747505997742063,45004
2026-04-01 11:27:55,114.1849,22.3108,755.1,2514.0,12.3,9.7,9.7,84,84,10.07,276,3.3,3.281922254715302,-0.3449439287832548,45004
2026-04-01 11:27:57,114.185,22.3107,754.2,2524.0,12.3,9.4,9.4,82,82,9.85,280,3.5,3.4468271355427285,-0.6077686218342548,45004
2026-04-01 11:27:59,114.1851,22.3107,753.2,2534.0,12.4,9.1,9.1,80,80,9.67,283,3.6,3.507732233226847,-0.8098237956379137,45004
2026-04-01 11:28:01,114.1851,22.3107,752.3,2545.0,12.4,8.9,8.9,79,79,9.53,286,3.8,3.652794444565611,-1.0474219521045975,45004
2026-04-01 11:28:03,114.1852,22.3106,751.3,2557.0,12.3,8.6,8.6,78,78,9.37,289,3.9,3.6875224448373363,-1.2697158023829096,45004
2026-04-01 11:28:05,114.1853,22.3106,750.2,2569.0,12.3,8.3,8.3,77,77,9.22,292,4.1,3.801453803723828,-1.535887033005239,45004
2026-04-01 11:28:07,114.1853,22.3106,748.9,2583.0,12.2,8.1,8.1,76,76,9.11,294,4.2,3.8368909220989247,-1.708293900918359,45004
2026-04-01 11:28:09,114.1854,22.3105,747.7,2597.0,12.2,7.8,7.8,74,74,8.89,297,4.3,3.831328054009982,-1.9521591488800505,45004
2026-04-01 11:28:11,114.1855,22.3105,746.7,2608.0,12.2,7.3,7.3,72,72,8.62,299,4.4,3.8483267114133413,-2.133162329083884,45004
2026-04-01 11:28:13,114.1856,22.3104,745.8,2618.0,12.2,7.0,7.0,70,70,8.43,300,4.5,3.8971143170299736,-2.2500000000000004,45004
2026-04-01 11:28:15,114.1857,22.3104,744.9,2628.0,12.2,6.7,6.7,69,69,8.31,302,4.5,3.816216432703918,-2.384636689049421,45004
2026-04-01 11:28:17,114.1857,22.3103,744.0,2638.0,12.2,6.5,6.5,68,68,8.21,302,4.4,3.7314116230882757,-2.3316447626261008,45004
2026-04-01 11:28:19,114.1858,22.3103,743.2,2647.0,12.1,6.5,6.5,69,69,8.22,303,4.4,3.6901504989598672,-2.3964117540661176,45004
2026-04-01 11:28:21,114.1858,22.3102,742.4,2656.0,12.1,6.6,6.6,69,69,8.24,303,4.3,3.6062834421653243,-2.3419478505646145,45004
2026-04-01 11:28:23,114.1859,22.3101,741.6,2665.0,12.0,6.7,6.7,70,70,8.33,303,4.2,3.522416385370782,-2.287483947063112,45004
2026-04-01 11:28:25,114.1861,22.3101,740.8,2675.0,12.0,6.8,6.8,70,70,8.4,303,4.0,3.354682271781697,-2.1785561400601066,45004
2026-04-01 11:28:27,114.1861,22.3101,739.9,2685.0,12.0,6.9,6.9,71,71,8.45,302,3.9,3.307387575010062,-2.066685130509498,45004
2026-04-01 11:28:29,114.1862,22.3101,738.8,2697.0,11.9,6.9,6.9,71,71,8.46,301,3.8,3.2572357426680267,-1.9571446846582057,45004
2026-04-01 11:28:31,114.1862,22.31,737.7,2709.0,11.8,6.8,6.8,71,71,8.44,300,3.7,3.204293994002423,-1.8500000000000005,45004
2026-04-01 11:28:33,114.1863,22.31,736.9,2719.0,11.8,6.7,6.7,71,71,8.38,298,3.6,3.1786113342921376,-1.6900976260292055,45004
2026-04-01 11:28:35,114.1863,22.31,736.0,2729.0,11.7,6.8,6.8,72,72,8.43,297,3.6,3.2076234870781244,-1.634365799062368,45004
2026-04-01 11:28:37,114.1863,22.31,735.2,2738.0,11.6,6.8,6.8,72,72,8.45,295,3.6,3.2627080333319394,-1.5214257422665187,45004
2026-04-01 11:28:39,114.1863,22.31,734.3,2748.0,11.5,6.8,6.8,73,73,8.5,294,3.6,3.288763647513364,-1.4642519150728792,45004
2026-04-01 11:28:41,114.1864,22.31,733.3,2759.0,11.4,6.8,6.8,73,73,8.49,292,3.7,3.4305802618971137,-1.3860443956388744,45004
2026-04-01 11:28:43,114.1865,22.3099,732.4,2770.0,11.3,6.7,6.7,73,73,8.46,291,3.8,3.5476056206893665,-1.3617982082721414,45004
2026-04-01 11:28:45,114.1866,22.3099,731.6,2779.0,11.3,6.8,6.8,74,74,8.51,290,3.9,3.6648012210650425,-1.333878558970109,45004
2026-04-01 11:28:47,114.1867,22.3098,730.8,2788.0,11.2,6.8,6.8,74,74,8.53,289,4.1,3.8766261599571994,-1.3348294332743407,45004
2026-04-01 11:28:49,114.1868,22.3098,730.0,2797.0,11.1,6.8,6.8,75,75,8.55,288,4.2,3.9944373684396455,-1.2978713763747785,45004
2026-04-01 11:28:51,114.1869,22.3098,729.1,2807.0,11.0,6.8,6.8,75,75,8.53,287,4.4,4.207740926237356,-1.2864355007800417,45004
2026-04-01 11:28:53,114.1869,22.3098,728.2,2819.0,10.9,6.9,6.9,76,76,8.58,287,4.5,4.303371401833659,-1.3156726712523152,45004
2026-04-01 11:28:55,114.187,22.3098,727.2,2830.0,10.8,6.9,6.9,77,77,8.6,286,4.6,4.421803801316266,-1.267931836758197,45004
2026-04-01 11:28:57,114.1871,22.3098,726.4,2839.0,10.8,6.8,6.8,77,77,8.58,285,4.7,4.539851383558622,-1.2164495119818455,45004
2026-04-01 11:28:59,114.1872,22.3098,725.5,2849.0,10.7,6.9,6.9,77,77,8.63,285,4.8,4.636443966187528,-1.2423314164920973,45004
2026-04-01 11:29:01,114.1873,22.3097,724.5,2860.0,10.6,6.9,6.9,78,78,8.62,284,4.8,4.657419486124783,-1.1612250988784036,45004
2026-04-01 11:29:03,114.1874,22.3097,723.5,2872.0,10.5,6.8,6.8,78,78,8.6,283,4.7,4.579539304490606,-1.057269955416165,45004
2026-04-01 11:29:05,114.1875,22.3096,722.5,2884.0,10.4,6.8,6.8,79,79,8.63,282,4.7,4.597293723448886,-0.9771849468434695,45004
2026-04-01 11:29:07,114.1876,22.3096,721.4,2896.0,10.3,6.7,6.7,79,79,8.58,281,4.6,4.515485043859253,-0.8777213787321074,45004
2026-04-01 11:29:09,114.1877,22.3096,720.6,2906.0,10.2,6.7,6.7,79,79,8.58,280,4.5,4.431634888554937,-0.7814167995011849,45004
2026-04-01 11:29:11,114.1878,22.3096,719.8,2915.0,10.1,6.9,6.9,80,80,8.7,279,4.4,4.3458286986186065,-0.688311646177015,45004
2026-04-01 11:29:13,114.1879,22.3096,718.9,2925.0,10.0,6.9,6.9,81,81,8.73,278,4.2,4.159125888714596,-0.584527024032275,45004
2026-04-01 11:29:15,114.188,22.3096,718.0,2935.0,9.9,6.8,6.8,81,81,8.69,276,4.1,4.077539771009921,-0.4285666993973772,45004
2026-04-01 11:29:17,114.188,22.3096,717.2,2944.0,9.8,6.8,6.8,81,81,8.69,275,3.9,3.8851593225578074,-0.3399073967158658,45004
2026-04-01 11:29:19,114.188,22.3096,716.5,2953.0,9.8,6.9,6.9,82,82,8.76,273,3.8,3.7947922320673806,-0.19887663372318698,45004
2026-04-01 11:29:21,114.1881,22.3096,715.7,2962.0,9.7,6.9,6.9,83,83,8.76,272,3.7,3.6977460599706546,-0.12912813779925475,45004
2026-04-01 11:29:23,114.1882,22.3096,714.9,2972.0,9.6,6.8,6.8,83,83,8.69,271,3.6,3.599451702563009,-0.06282866317421927,45004
2026-04-01 11:29:25,114.1883,22.3096,714.2,2980.0,9.5,6.7,6.7,82,82,8.63,269,3.5,3.4994669330473696,0.061083422530492246,45004
2026-04-01 11:29:27,114.1883,22.3096,713.5,2988.0,9.5,6.7,6.7,83,83,8.64,268,3.5,3.497867894566835,0.12214823845875267,45004
2026-04-01 11:29:29,114.1884,22.3096,712.8,2997.0,9.4,6.7,6.7,83,83,8.66,267,3.5,3.4952033716410082,0.18317584685030508,45004
2026-04-01 11:29:31,114.1885,22.3096,711.9,3007.0,9.4,6.6,6.6,83,83,8.63,267,3.5,3.4952033716410082,0.18317584685030508,45004
2026-04-01 11:29:33,114.1885,22.3096,711.0,3018.0,9.3,6.5,6.5,83,83,8.6,266,3.5,3.4914741759093846,0.24414765810443953,45004
2026-04-01 11:29:35,114.1886,22.3096,710.2,3027.0,9.2,6.5,6.5,83,83,8.59,265,3.6,3.586300913130284,0.3137606738915697,45004
2026-04-01 11:29:37,114.1886,22.3097,709.5,3035.0,9.1,6.6,6.6,84,84,8.63,265,3.7,3.6859203829394587,0.3224762481663355,45004
2026-04-01 11:29:39,114.1887,22.3096,708.7,3044.0,9.0,6.6,6.6,85,85,8.64,264,3.8,3.7791832023994387,0.39720816041708273,45004
2026-04-01 11:29:41,114.1887,22.3096,707.8,3054.0,8.9,6.5,6.5,85,85,8.62,264,3.8,3.7791832023994387,0.39720816041708273,45004
2026-04-01 11:29:43,114.1888,22.3096,706.9,3066.0,8.8,6.4,6.4,85,85,8.57,263,3.9,3.870929991401156,0.475290439280074,45004
2026-04-01 11:29:45,114.1889,22.3096,705.9,3076.0,8.7,6.3,6.3,84,84,8.5,262,4.0,3.961072274966281,0.5566924038402633,45004
2026-04-01 11:29:47,114.189,22.3097,705.3,3085.0,8.7,6.2,6.2,84,84,8.47,261,4.1,4.049522196440064,0.6413813066649472,45004
2026-04-01 11:29:49,114.1891,22.3097,704.6,3093.0,8.6,6.2,6.2,85,85,8.5,261,4.2,4.148291030499578,0.6570247531689704,45004
2026-04-01 11:29:51,114.1892,22.3097,703.6,3104.0,8.6,6.2,6.2,85,85,8.51,261,4.3,4.247059864559092,0.6726681996729934,45004
2026-04-01 11:29:53,114.1893,22.3097,702.6,3116.0,8.5,6.1,6.1,85,85,8.45,260,4.3,4.234673337952494,0.7466871639678004,45004
2026-04-01 11:29:55,114.1894,22.3098,701.7,3126.0,8.4,6.1,6.1,85,85,8.44,260,4.4,4.333154113253715,0.7640519817344935,45004
2026-04-01 11:29:57,114.1895,22.3098,700.8,3137.0,8.3,6.0,6.0,86,86,8.4,261,4.4,4.345828698618606,0.6883116461770166,45004
2026-04-01 11:29:57,114.1895,22.3098,700.0,3147.0,8.2,5.9,5.9,85,85,8.33,261,4.4,4.345828698618606,0.6883116461770166,45004
2026-04-01 11:29:59,114.1896,22.3098,699.8,3149.0,8.2,5.8,5.8,85,85,8.31,261,4.5,4.444597532678119,0.7039550926810396,45004
2026-04-01 11:30:01,114.1896,22.3098,698.9,3159.0,8.2,5.6,5.6,84,84,8.22,262,4.5,4.456206309337066,0.6262789543202962,45004
2026-04-01 11:30:03,114.1897,22.3098,698.1,3170.0,8.1,5.6,5.6,84,84,8.21,262,4.6,4.555233116211223,0.6401962644163027,45004
2026-04-01 11:30:05,114.1897,22.3098,697.3,3179.0,8.1,5.6,5.6,84,84,8.2,262,4.7,4.65425992308538,0.6541135745123094,45004
2026-04-01 11:30:07,114.1898,22.3098,696.5,3188.0,8.0,5.5,5.5,84,84,8.17,263,4.8,4.7642215278783455,0.5849728483447064,45004
2026-04-01 11:30:09,114.1899,22.3098,695.6,3198.0,8.0,5.2,5.2,83,83,8.01,263,4.9,4.863476143042479,0.5971597826852212,45004
2026-04-01 11:30:11,114.19,22.3098,694.8,3208.0,8.0,4.8,4.8,81,81,7.81,262,5.1,5.050367150582008,0.7097828148963357,45004
2026-04-01 11:30:13,114.1901,22.3099,693.9,3219.0,7.9,4.8,4.8,81,81,7.8,261,5.2,5.135979371094716,0.8134592182092014,45004
2026-04-01 11:30:15,114.1902,22.3098,693.0,3230.0,7.9,4.7,4.7,80,80,7.77,260,5.3,5.2194810909647025,0.9203353416347307,45004
2026-04-01 11:30:17,114.1904,22.3098,692.0,3242.0,8.0,4.7,4.7,80,80,7.74,258,5.5,5.37981180403593,1.1435142994976788,45004
2026-04-01 11:30:19,114.1905,22.3098,691.2,3251.0,7.9,4.5,4.5,79,79,7.67,256,5.6,5.43365606714558,1.3547626153581396,45004
2026-04-01 11:30:21,114.1907,22.3099,690.5,3260.0,7.9,4.3,4.3,78,78,7.58,254,5.8,5.57531783644225,1.5986966637385935,45004
2026-04-01 11:30:23,114.1908,22.3099,689.8,3268.0,7.9,4.3,4.3,78,78,7.55,251,5.9,5.578559596035969,1.9208521112972243,45004
2026-04-01 11:30:25,114.1909,22.31,689.0,3278.0,7.8,4.1,4.1,77,77,7.47,248,6.0,5.563103127400724,2.2476395604954735,45004
2026-04-01 11:30:27,114.191,22.31,688.0,3289.0,7.8,3.8,3.8,76,76,7.31,246,6.1,5.572627291619866,2.4810935227623805,45004
2026-04-01 11:30:29,114.1911,22.3101,687.1,3301.0,7.7,3.5,3.5,75,75,7.21,243,6.2,5.5242404499678806,2.8147410983851913,45004
2026-04-01 11:30:31,114.1912,22.3102,686.2,3311.0,7.7,3.5,3.5,75,75,7.18,241,6.3,5.510104154978195,3.054300607551922,45004
2026-04-01 11:30:33,114.1913,22.3103,685.5,3319.0,7.6,3.4,3.4,75,75,7.17,239,6.4,5.485870724493518,3.2962436794243484,45004
2026-04-01 11:30:35,114.1914,22.3103,684.9,3326.0,7.6,3.5,3.5,75,75,7.2,237,6.4,5.367491634850715,3.485689824096173,45004
2026-04-01 11:30:37,114.1915,22.3104,684.2,3336.0,7.5,3.5,3.5,76,76,7.21,236,6.5,5.388744221607772,3.6347538725598527,45004
2026-04-01 11:30:39,114.1915,22.3105,683.2,3347.0,7.4,3.2,3.2,75,75,7.09,235,6.5,5.324488287878445,3.7282468362818015,45004
2026-04-01 11:30:41,114.1916,22.3106,682.3,3359.0,7.4,2.8,2.8,73,73,6.87,234,6.6,5.3395121628746525,3.8793826651303234,45004
2026-04-01 11:30:43,114.1918,22.3107,681.4,3369.0,7.4,2.5,2.5,71,71,6.72,234,6.6,5.3395121628746525,3.8793826651303234,45004
2026-04-01 11:30:45,114.1919,22.3108,680.7,3378.0,7.3,2.2,2.2,70,70,6.6,234,6.5,5.258610463437158,3.820604139901076,45004
2026-04-01 11:30:47,114.192,22.3108,680.0,3386.0,7.3,2.0,2.0,69,69,6.52,234,6.5,5.258610463437158,3.820604139901076,45004
2026-04-01 11:30:49,114.1921,22.3108,679.3,3394.0,7.3,2.0,2.0,69,69,6.51,234,6.5,5.258610463437158,3.820604139901076,45004
2026-04-01 11:30:51,114.1923,22.3109,678.5,3404.0,7.2,1.9,1.9,69,69,6.49,235,6.5,5.324488287878445,3.7282468362818015,45004
2026-04-01 11:30:53,114.1924,22.311,677.5,3416.0,7.2,1.6,1.6,67,67,6.35,235,6.4,5.242573083449546,3.670889192646697,45004
2026-04-01 11:30:55,114.1925,22.3111,676.5,3428.0,7.2,1.2,1.2,66,66,6.2,236,6.4,5.3058404643522685,3.578834582212778,45004
2026-04-01 11:30:57,114.1925,22.3111,675.6,3440.0,7.1,1.1,1.1,66,66,6.17,236,6.4,5.3058404643522685,3.578834582212778,45004
2026-04-01 11:30:59,114.1926,22.3112,674.9,3448.0,7.1,1.2,1.2,66,66,6.19,237,6.3,5.283624578056172,3.43122592059467,45004
2026-04-01 11:31:01,114.1927,22.3112,674.3,3456.0,7.0,1.4,1.4,68,68,6.31,237,6.4,5.367491634850715,3.485689824096173,45004
2026-04-01 11:31:03,114.1928,22.3113,673.5,3465.0,6.9,1.9,1.9,70,70,6.51,238,6.4,5.4275078154011265,3.3914832910925123,45004
2026-04-01 11:31:05,114.1929,22.3114,672.6,3477.0,6.8,1.9,1.9,71,71,6.53,238,6.4,5.4275078154011265,3.3914832910925123,45004
2026-04-01 11:31:07,114.193,22.3114,671.7,3487.0,6.8,1.9,1.9,71,71,6.53,239,6.5,5.571587454563729,3.3477474869153534,45004
2026-04-01 11:31:09,114.1932,22.3114,670.9,3497.0,6.7,1.9,1.9,71,71,6.55,239,6.6,5.65730418463394,3.399251294406359,45004
2026-04-01 11:31:11,114.1933,22.3115,670.1,3506.0,6.6,1.9,1.9,72,72,6.57,239,6.7,5.743020914704151,3.4507551018973643,45004
2026-04-01 11:31:13,114.1934,22.3115,669.3,3516.0,6.5,1.9,1.9,72,72,6.58,239,6.8,5.828737644774362,3.50225890938837,45004
2026-04-01 11:31:15,114.1935,22.3116,668.7,3524.0,6.4,1.8,1.8,72,72,6.54,240,6.9,5.975575286112625,3.4500000000000033,45004
2026-04-01 11:31:17,114.1936,22.3117,668.0,3532.0,6.4,1.8,1.8,73,73,6.55,240,7.0,6.062177826491069,3.500000000000003,45004
2026-04-01 11:31:19,114.1937,22.3118,667.2,3542.0,6.3,1.8,1.8,73,73,6.57,240,7.2,6.235382907247956,3.600000000000003,45004
2026-04-01 11:31:21,114.1938,22.3118,666.4,3552.0,6.2,1.9,1.9,74,74,6.59,241,7.3,6.384723862117591,3.539110227798259,45004
2026-04-01 11:31:23,114.1939,22.3119,665.6,3563.0,6.1,1.8,1.8,74,74,6.59,241,7.5,6.55964780354547,3.636072151847526,45004
2026-04-01 11:31:25,114.194,22.312,664.7,3573.0,6.0,1.7,1.7,74,74,6.54,242,7.6,6.710401705727845,3.5679838771727694,45004
2026-04-01 11:31:27,114.1942,22.3121,664.0,3582.0,6.0,1.7,1.7,74,74,6.51,243,7.7,6.860750236250432,3.495726847994512,45004
2026-04-01 11:31:29,114.1944,22.3122,663.3,3591.0,5.9,1.6,1.6,74,74,6.49,243,7.8,6.9498508886692685,3.5411258979684663,45004
2026-04-01 11:31:31,114.1945,22.3122,662.5,3600.0,5.8,1.5,1.5,74,74,6.44,244,7.9,7.1004729657634185,3.4631320596337143,45004
2026-04-01 11:31:33,114.1947,22.3123,661.7,3610.0,5.7,1.2,1.2,73,73,6.34,245,8.0,7.2504622962932,3.3809460939255933,45004
2026-04-01 11:31:35,114.1948,22.3123,660.7,3623.0,5.7,1.0,1.0,72,72,6.25,246,8.0,7.308363661140808,3.253893144606401,45004
2026-04-01 11:31:37,114.1949,22.3123,659.8,3634.0,5.6,0.8,0.8,71,71,6.15,247,8.0,7.364038827619522,3.1258490279141906,45004
2026-04-01 11:31:39,114.1951,22.3124,659.1,3642.0,5.5,0.7,0.7,71,71,6.1,248,8.1,7.510189221990977,3.0343134066688893,45004
2026-04-01 11:31:41,114.1953,22.3125,658.6,3648.0,5.5,0.7,0.7,71,71,6.13,249,8.1,7.562001454627332,2.9027803913169357,45004
2026-04-01 11:31:43,114.1954,22.3125,658.1,3656.0,5.4,0.8,0.8,72,72,6.18,249,8.1,7.562001454627332,2.9027803913169357,45004
2026-04-01 11:31:45,114.1956,22.3126,657.3,3665.0,5.3,0.8,0.8,73,73,6.18,250,8.1,7.611510228365858,2.770363160937915,45004
2026-04-01 11:31:47,114.1957,22.3126,656.4,3676.0,5.2,0.7,0.7,73,73,6.15,251,8.1,7.658700462354466,2.6371020511029686,45004
2026-04-01 11:31:49,114.1959,22.3127,655.5,3687.0,5.1,0.6,0.6,73,73,6.12,251,8.0,7.564148604794535,2.604545235657253,45004
2026-04-01 11:31:51,114.196,22.3127,654.7,3697.0,5.0,0.6,0.6,73,73,6.14,251,8.0,7.564148604794535,2.604545235657253,45004
2026-04-01 11:31:53,114.1961,22.3127,654.1,3704.0,5.0,0.6,0.6,73,73,6.11,252,8.0,7.608452130361228,2.4721359549995805,45004
2026-04-01 11:31:55,114.1962,22.3127,653.4,3713.0,4.9,0.2,0.2,71,71,5.96,252,8.0,7.608452130361228,2.4721359549995805,45004
2026-04-01 11:31:57,114.1964,22.3128,652.6,3724.0,4.8,-0.1,-0.1,70,70,5.82,252,7.9,7.513346478731713,2.441234255562086,45004
2026-04-01 11:31:59,114.1966,22.3128,651.6,3736.0,4.7,-0.4,-0.3,70,70,5.73,252,7.9,7.513346478731713,2.441234255562086,45004
2026-04-01 11:32:01,114.1967,22.3129,650.7,3747.0,4.7,-0.4,-0.4,69,69,5.7,252,7.9,7.513346478731713,2.441234255562086,45004
2026-04-01 11:32:03,114.1969,22.313,650.1,3755.0,4.6,-0.5,-0.4,70,70,5.69,252,7.8,7.418240827102197,2.4103325561245907,45004
2026-04-01 11:32:05,114.1971,22.3131,649.5,3762.0,4.5,-0.5,-0.5,70,70,5.68,253,7.8,7.4591770965116755,2.280499296837349,45004
2026-04-01 11:32:07,114.1972,22.3131,648.9,3770.0,4.5,-0.5,-0.5,70,70,5.69,253,7.8,7.4591770965116755,2.280499296837349,45004
2026-04-01 11:32:09,114.1974,22.3131,648.2,3779.0,4.4,-0.5,-0.5,70,70,5.68,253,7.7,7.363546620915372,2.251262126365076,45004
2026-04-01 11:32:11,114.1975,22.3131,647.4,3789.0,4.3,-0.7,-0.6,70,70,5.64,253,7.7,7.363546620915372,2.251262126365076,45004
2026-04-01 11:32:13,114.1976,22.3132,646.5,3800.0,4.2,-0.7,-0.7,70,70,5.62,253,7.7,7.363546620915372,2.251262126365076,45004
2026-04-01 11:32:15,114.1977,22.3132,645.7,3811.0,4.1,-0.8,-0.8,70,70,5.58,253,7.7,7.363546620915372,2.251262126365076,45004
2026-04-01 11:32:17,114.1978,22.3132,644.8,3822.0,4.0,-0.9,-0.8,70,70,5.55,254,7.7,7.401715058725056,2.1224076397908913,45004
2026-04-01 11:32:19,114.1979,22.3133,643.9,3833.0,3.9,-1.0,-0.9,70,70,5.55,254,7.7,7.401715058725056,2.1224076397908913,45004
2026-04-01 11:32:21,114.1981,22.3133,643.1,3843.0,3.8,-1.0,-0.9,71,71,5.53,254,7.7,7.401715058725056,2.1224076397908913,45004
2026-04-01 11:32:23,114.1983,22.3134,642.4,3852.0,3.7,-1.1,-1.0,70,70,5.49,254,7.8,7.497841228318888,2.149971375372591,45004
2026-04-01 11:32:25,114.1984,22.3134,641.8,3860.0,3.7,-1.2,-1.1,70,70,5.47,254,7.9,7.593967397912721,2.1775351109542913,45004
2026-04-01 11:32:27,114.1986,22.3134,641.2,3867.0,3.6,-1.2,-1.1,71,71,5.48,253,8.0,7.650438047704283,2.338973637781897,45004
2026-04-01 11:32:29,114.1988,22.3134,640.6,3875.0,3.5,-1.2,-1.1,71,71,5.47,253,8.1,7.746068523300586,2.3682108082541706,45004
2026-04-01 11:32:31,114.1989,22.3135,640.0,3883.0,3.5,-1.3,-1.1,71,71,5.45,253,8.2,7.841698998896889,2.397447978726444,45004
2026-04-01 11:32:33,114.1991,22.3135,639.4,3890.0,3.4,-1.3,-1.1,71,71,5.45,252,8.3,7.893769085249775,2.564841053312065,45004
2026-04-01 11:32:35,114.1992,22.3136,638.8,3898.0,3.4,-1.3,-1.2,71,71,5.45,252,8.4,7.98887473687929,2.5957427527495596,45004
2026-04-01 11:32:37,114.1994,22.3137,638.1,3907.0,3.3,-1.3,-1.1,72,72,5.47,251,8.5,8.036907892594193,2.7673293128858316,45004
2026-04-01 11:32:39,114.1995,22.3137,637.3,3916.0,3.2,-1.3,-1.2,72,72,5.46,251,8.6,8.131459750154125,2.799886128331547,45004
2026-04-01 11:32:41,114.1996,22.3138,636.6,3926.0,3.1,-1.5,-1.3,72,72,5.4,250,8.7,8.175325800837403,2.975575246933316,45004
2026-04-01 11:32:43,114.1998,22.3138,635.8,3936.0,3.1,-1.6,-1.4,72,72,5.36,249,8.8,8.215507753175373,3.1536379559986467,45004
2026-04-01 11:32:45,114.2,22.3139,635.2,3944.0,3.0,-1.6,-1.5,72,72,5.35,249,8.9,8.308865795825094,3.1894747509531767,45004
2026-04-01 11:32:47,114.2002,22.314,634.4,3953.0,2.9,-1.7,-1.5,72,72,5.33,249,9.0,8.402223838474814,3.225311545907706,45004
2026-04-01 11:32:49,114.2003,22.314,633.5,3965.0,2.8,-1.6,-1.4,72,72,5.37,248,9.0,8.344654691101086,3.3714593407432107,45004
2026-04-01 11:32:51,114.2005,22.314,632.6,3977.0,2.7,-1.8,-1.6,72,72,5.32,248,9.1,8.437373076557764,3.4089200000848017,45004
2026-04-01 11:32:53,114.2007,22.3141,632.0,3984.0,2.7,-2.0,-1.8,71,71,5.24,248,9.1,8.437373076557764,3.4089200000848017,45004
2026-04-01 11:32:55,114.2009,22.3142,631.5,3991.0,2.6,-1.9,-1.7,72,72,5.29,248,9.0,8.344654691101086,3.3714593407432107,45004
2026-04-01 11:32:57,114.201,22.3143,630.7,4001.0,2.6,-1.7,-1.5,74,74,5.37,248,9.0,8.344654691101086,3.3714593407432107,45004
2026-04-01 11:32:59,114.2012,22.3143,629.8,4012.0,2.4,-1.7,-1.5,74,74,5.38,248,8.9,8.251936305644408,3.3339986814016194,45004
2026-04-01 11:33:01,114.2013,22.3144,629.0,4023.0,2.3,-1.8,-1.6,74,74,5.34,249,8.8,8.215507753175373,3.1536379559986467,45004
2026-04-01 11:33:03,114.2015,22.3145,628.3,4032.0,2.2,-1.8,-1.6,75,75,5.36,249,8.7,8.122149710525653,3.117801161044116,45004
2026-04-01 11:33:05,114.2016,22.3146,627.4,4043.0,2.2,-1.9,-1.7,74,74,5.31,250,8.5,7.987387276680222,2.9071712182681826,45004
2026-04-01 11:33:07,114.2018,22.3146,626.5,4055.0,2.1,-2.1,-1.8,74,74,5.25,251,8.3,7.84780417747433,2.7022156819944003,45004
2026-04-01 11:33:09,114.202,22.3147,625.6,4067.0,2.0,-2.2,-1.9,74,74,5.23,252,8.1,7.703557781990743,2.503037654437075,45004
2026-04-01 11:33:11,114.2021,22.3147,624.7,4078.0,1.9,-2.3,-2.1,74,74,5.16,253,7.9,7.554807572107979,2.309736467309623,45004
2026-04-01 11:33:13,114.2022,22.3147,624.0,4088.0,1.8,-2.5,-2.2,73,73,5.1,254,7.6,7.305588889131224,2.0948439042091915,45004
2026-04-01 11:33:15,114.2024,22.3147,623.2,4097.0,1.7,-2.6,-2.3,73,73,5.07,254,7.4,7.113336549943561,2.039716433045792,45004
2026-04-01 11:33:17,114.2025,22.3147,622.4,4108.0,1.6,-2.7,-2.4,73,73,5.05,255,7.2,6.954665949281292,1.8634971247381487,45004
2026-04-01 11:33:19,114.2027,22.3148,621.7,4118.0,1.6,-3.0,-2.6,72,72,4.95,255,7.0,6.761480784023478,1.8117333157176443,45004
2026-04-01 11:33:21,114.2028,22.3148,620.9,4128.0,1.5,-3.0,-2.7,72,72,4.94,255,6.9,6.664888201394572,1.7858514112073924,45004
2026-04-01 11:33:23,114.2029,22.3148,620.0,4139.0,1.4,-3.1,-2.8,71,71,4.9,255,6.7,6.471703036136758,1.7340876021868883,45004
2026-04-01 11:33:25,114.203,22.3148,619.3,4148.0,1.4,-3.5,-3.1,70,70,4.78,254,6.6,6.344327193192905,1.8192065483921926,45004
2026-04-01 11:33:27,114.2031,22.3148,618.7,4156.0,1.4,-3.7,-3.3,69,69,4.71,253,6.5,6.215980913759729,1.9004160806977912,45004
2026-04-01 11:33:29,114.2032,22.3148,617.9,4166.0,1.4,-3.9,-3.5,68,68,4.63,252,6.5,6.181867355918498,2.0086104634371593,45004
2026-04-01 11:33:31,114.2033,22.3149,617.1,4177.0,1.3,-4.2,-3.7,67,67,4.56,251,6.5,6.1458707413955596,2.116193003971518,45004
2026-04-01 11:33:33,114.2034,22.315,616.5,4186.0,1.3,-4.5,-4.0,65,65,4.44,249,6.5,6.0682727722318095,2.3293916720444545,45004
2026-04-01 11:33:35,114.2035,22.3151,615.8,4194.0,1.3,-5.1,-4.5,62,62,4.25,248,6.6,6.119413440140796,2.472403516545021,45004
2026-04-01 11:33:37,114.2036,22.3152,614.9,4205.0,1.3,-5.7,-5.1,60,60,4.07,247,6.7,6.16738251813135,2.617898560878135,45004
2026-04-01 11:33:39,114.2038,22.3152,614.0,4218.0,1.3,-7.2,-6.4,53,53,3.62,246,6.8,6.212109111969687,2.7658091729154406,45004
2026-04-01 11:33:41,114.204,22.3152,613.2,4228.0,1.3,-8.7,-7.7,47,47,3.23,246,6.9,6.303463657733947,2.8064828372230206,45004
2026-04-01 11:33:43,114.2041,22.3152,612.5,4237.0,1.3,-9.2,-8.2,46,46,3.11,245,7.1,6.434785287960215,3.000589658358964,45004
2026-04-01 11:33:45,114.2041,22.3153,611.6,4249.0,1.2,-9.9,-8.8,43,43,2.95,245,7.3,6.616046845367546,3.085113310707104,45004
2026-04-01 11:33:47,114.2042,22.3154,610.7,4261.0,1.2,-10.8,-9.7,40,40,2.74,245,7.5,6.797308402774876,3.1696369630552437,45004
2026-04-01 11:33:49,114.2043,22.3154,609.9,4271.0,1.1,-11.3,-10.1,39,39,2.64,245,7.7,6.978569960182205,3.2541606154033835,45004
2026-04-01 11:33:51,114.2044,22.3155,609.2,4281.0,1.1,-11.7,-10.4,38,38,2.57,246,7.9,7.217009115376548,3.2132194802988208,45004
2026-04-01 11:33:53,114.2046,22.3156,608.5,4290.0,1.0,-12.0,-10.7,37,37,2.51,246,8.1,7.399718206905067,3.294566808913981,45004
2026-04-01 11:33:55,114.2048,22.3157,607.7,4301.0,1.0,-12.5,-11.2,36,36,2.41,247,8.3,7.640190283655254,3.243068366460973,45004
2026-04-01 11:33:57,114.205,22.3157,606.9,4311.0,0.9,-12.7,-11.3,35,35,2.37,248,8.6,7.97378114927437,3.2216167033768457,45004
2026-04-01 11:33:59,114.2052,22.3158,606.2,4321.0,0.8,-13.0,-11.6,35,35,2.33,249,8.7,8.122149710525653,3.117801161044116,45004
2026-04-01 11:34:01,114.2053,22.3159,605.4,4331.0,0.8,-13.6,-12.1,33,33,2.22,250,8.9,8.363264324994585,3.04397927559845,45004
2026-04-01 11:34:03,114.2054,22.3159,604.7,4340.0,0.8,-14.0,-12.5,32,32,2.15,251,9.1,8.604219037953783,2.9626702055601255,45004
2026-04-01 11:34:05,114.2056,22.3159,604.0,4349.0,0.9,-14.4,-12.9,31,31,2.08,252,9.2,8.749719949915411,2.8429563482495173,45004
2026-04-01 11:34:07,114.2058,22.316,603.4,4358.0,0.9,-14.6,-13.0,30,30,2.05,253,9.4,8.989264706052532,2.748294024393729,45004
2026-04-01 11:34:09,114.2061,22.3161,602.7,4367.0,0.8,-14.4,-12.8,31,31,2.09,254,9.5,9.131986111414031,2.6185548802614895,45004
2026-04-01 11:34:11,114.2063,22.3161,601.9,4378.0,0.7,-14.1,-12.6,32,32,2.14,256,9.6,9.314838972249566,2.322450197756811,45004
2026-04-01 11:34:13,114.2064,22.3162,601.1,4388.0,0.6,-13.9,-12.4,33,33,2.18,257,9.7,9.45138962841678,2.182025227135493,45004
2026-04-01 11:34:15,114.2066,22.3162,600.4,4397.0,0.6,-13.7,-12.2,34,34,2.22,258,9.8,9.585846487191295,2.037534570014046,45004
2026-04-01 11:34:17,114.2067,22.3162,599.7,4406.0,0.5,-13.4,-11.9,35,35,2.28,259,9.9,9.718109116131874,1.8890090542277918,45004
2026-04-01 11:34:19,114.2069,22.3162,599.1,4415.0,0.4,-12.8,-11.4,36,36,2.39,259,10.0,9.81627183447664,1.908089953765446,45004
2026-04-01 11:34:21,114.2071,22.3162,598.5,4423.0,0.4,-12.6,-11.2,37,37,2.43,260,10.1,9.9465583054233,1.7538465944359962,45004
2026-04-01 11:34:23,114.2073,22.3162,598.0,4430.0,0.3,-12.1,-10.8,39,39,2.53,260,10.2,10.045039080724521,1.7712114122026892,45004
2026-04-01 11:34:25,114.2076,22.3162,597.5,4436.0,0.3,-11.5,-10.2,41,41,2.66,261,10.2,10.074421074070404,1.5956315434103565,45004
2026-04-01 11:34:27,114.2078,22.3162,597.0,4443.0,0.2,-11.3,-10.1,42,42,2.71,261,10.3,10.173189908129919,1.6112749899143797,45004
2026-04-01 11:34:29,114.208,22.3163,596.4,4451.0,0.2,-10.1,-9.0,46,46,2.98,261,10.3,10.173189908129919,1.6112749899143797,45004
2026-04-01 11:34:31,114.2083,22.3164,595.7,4460.0,0.3,-7.8,-6.9,55,55,3.57,261,10.2,10.074421074070404,1.5956315434103565,45004
2026-04-01 11:34:33,114.2085,22.3164,595.0,4471.0,0.5,-6.2,-5.5,61,61,4.04,261,10.2,10.074421074070404,1.5956315434103565,45004
2026-04-01 11:34:35,114.2086,22.3165,594.1,4482.0,0.6,-6.7,-6.0,58,58,3.9,261,10.1,9.97565224001089,1.5799880969063334,45004
2026-04-01 11:34:37,114.2088,22.3165,593.3,4493.0,0.8,-7.6,-6.7,54,54,3.65,262,10.0,9.902680687415703,1.3917310096006583,45004
2026-04-01 11:34:39,114.2089,22.3165,592.7,4501.0,0.8,-8.3,-7.4,50,50,3.46,263,9.9,9.826206901249089,1.2065064997109571,45004
2026-04-01 11:34:41,114.2091,22.3165,592.2,4507.0,0.9,-8.6,-7.6,49,49,3.38,263,9.8,9.726952286084957,1.1943195653704424,45004
2026-04-01 11:34:43,114.2093,22.3165,591.7,4515.0,0.8,-8.9,-7.9,48,48,3.31,265,9.7,9.663088571489931,0.845410704652285,45004
2026-04-01 11:34:45,114.2095,22.3166,591.0,4524.0,0.8,-9.7,-8.6,45,45,3.1,266,9.6,9.576614882494312,0.6696621479436056,45004
2026-04-01 11:34:47,114.2097,22.3166,590.2,4535.0,0.8,-10.6,-9.4,42,42,2.9,267,9.6,9.586843533643908,0.5024251799322653,45004
2026-04-01 11:34:49,114.2099,22.3166,589.4,4546.0,0.8,-11.1,-9.9,41,41,2.79,268,9.5,9.49421285668141,0.33154521867375725,45004
2026-04-01 11:34:51,114.2101,22.3166,588.7,4556.0,0.7,-11.6,-10.3,39,39,2.68,269,9.5,9.498553103985717,0.16579786115419323,45004
2026-04-01 11:34:53,114.2102,22.3165,588.0,4565.0,0.6,-11.7,-10.4,39,39,2.66,270,9.5,9.5,1.7451216887849782e-15,45004
2026-04-01 11:34:55,114.2104,22.3165,587.3,4574.0,0.6,-11.8,-10.5,39,39,2.65,271,9.5,9.498553103985717,-0.16579786115418974,45004
2026-04-01 11:34:57,114.2106,22.3165,586.6,4584.0,0.5,-11.9,-10.6,39,39,2.62,272,9.6,9.59415193938332,-0.3350351683440123,45004
2026-04-01 11:34:59,114.2108,22.3165,586.0,4593.0,0.4,-12.0,-10.7,39,39,2.6,272,9.6,9.59415193938332,-0.3350351683440123,45004
2026-04-01 11:35:01,114.211,22.3164,585.3,4602.0,0.4,-12.3,-11.0,38,38,2.55,272,9.7,9.694091022085228,-0.3385251180142624,45004
2026-04-01 11:35:03,114.2112,22.3165,584.6,4612.0,0.3,-12.6,-11.2,37,37,2.49,272,9.7,9.694091022085228,-0.3385251180142624,45004
2026-04-01 11:35:05,114.2113,22.3165,583.9,4622.0,0.2,-12.7,-11.3,37,37,2.47,272,9.8,9.794030104787138,-0.34201506768451256,45004
2026-04-01 11:35:07,114.2115,22.3164,583.1,4632.0,0.1,-12.7,-11.3,37,37,2.47,271,9.9,9.898492182048274,-0.172778823729103,45004
2026-04-01 11:35:09,114.2117,22.3165,582.1,4646.0,-0.0,-12.6,-11.3,38,38,2.49,270,9.9,9.9,1.8186004967338196e-15,45004
2026-04-01 11:35:11,114.2119,22.3165,581.2,4658.0,-0.1,-12.2,-10.9,40,40,2.58,270,10.0,10.0,1.8369701987210296e-15,45004
2026-04-01 11:35:13,114.2122,22.3165,580.6,4667.0,-0.2,-11.5,-10.2,42,42,2.74,269,10.1,10.098461721079552,0.17626930501656332,45004
2026-04-01 11:35:15,114.2124,22.3164,580.0,4675.0,-0.3,-10.9,-9.7,45,45,2.88,268,10.2,10.193786435594776,0.35597486636550774,45004
2026-04-01 11:35:17,114.2126,22.3164,579.3,4685.0,-0.3,-9.9,-8.8,48,49,3.11,267,10.3,10.285884207972112,0.5390603493023264,45004
2026-04-01 11:35:19,114.2127,22.3165,578.6,4694.0,-0.4,-9.6,-8.5,50,50,3.2,267,10.4,10.385747161447568,0.5442939449266208,45004
2026-04-01 11:35:21,114.2129,22.3165,577.9,4704.0,-0.5,-9.0,-8.1,53,53,3.34,266,10.5,10.474422527728153,0.7324429743133186,45004
2026-04-01 11:35:23,114.2131,22.3166,577.2,4714.0,-0.7,-8.2,-7.3,56,57,3.56,265,10.6,10.559663799772503,0.9238508731251774,45004
2026-04-01 11:35:25,114.2133,22.3165,576.3,4726.0,-0.8,-7.8,-6.9,59,59,3.7,264,10.7,10.641384280440525,1.1184545569638908,45004
2026-04-01 11:35:27,114.2135,22.3165,575.5,4738.0,-0.9,-7.8,-7.0,59,60,3.69,264,10.8,10.740836469977353,1.1289074032906563,45004
2026-04-01 11:35:29,114.2137,22.3166,574.7,4749.0,-1.0,-7.8,-6.9,60,61,3.71,263,10.8,10.71949843772628,1.3161889087755896,45004
2026-04-01 11:35:31,114.214,22.3166,574.1,4757.0,-1.1,-6.8,-6.0,65,66,4.02,263,10.9,10.818753052890411,1.3283758431161041,45004
2026-04-01 11:35:33,114.2143,22.3167,573.5,4764.0,-1.1,-6.8,-6.0,65,66,4.02,262,11.0,10.892948756157272,1.5309041105607242,45004
2026-04-01 11:35:35,114.2145,22.3167,573.0,4772.0,-1.1,-7.0,-6.3,64,64,3.94,262,11.0,10.892948756157272,1.5309041105607242,45004
2026-04-01 11:35:37,114.2147,22.3168,572.4,4780.0,-1.0,-7.0,-6.2,64,64,3.95,262,11.0,10.892948756157272,1.5309041105607242,45004
2026-04-01 11:35:39,114.2149,22.3168,571.9,4788.0,-1.1,-6.9,-6.1,65,65,3.99,262,11.1,10.99197556303143,1.5448214206567306,45004
2026-04-01 11:35:41,114.2151,22.3168,571.3,4796.0,-1.2,-6.7,-5.9,66,67,4.06,262,11.1,10.99197556303143,1.5448214206567306,45004
2026-04-01 11:35:43,114.2153,22.3168,570.5,4807.0,-1.3,-6.7,-5.9,67,68,4.07,262,11.1,10.99197556303143,1.5448214206567306,45004
2026-04-01 11:35:45,114.2155,22.3169,569.6,4819.0,-1.4,-6.8,-6.1,67,67,4.03,262,11.2,11.091002369905587,1.5587387307527372,45004
2026-04-01 11:35:47,114.2157,22.3169,568.9,4830.0,-1.4,-7.0,-6.2,66,67,3.98,263,11.2,11.116516898382807,1.3649366461376482,45004
2026-04-01 11:35:49,114.2159,22.3169,568.2,4839.0,-1.5,-7.3,-6.5,64,65,3.88,263,11.3,11.21577151354694,1.3771235804781632,45004
2026-04-01 11:35:51,114.2161,22.317,567.6,4848.0,-1.4,-7.7,-6.8,62,63,3.78,264,11.4,11.337549607198318,1.1916244812512484,45004
2026-04-01 11:35:53,114.2163,22.317,566.8,4859.0,-1.4,-7.9,-7.0,61,62,3.72,265,11.5,11.456239028055073,1.00229104159807,45004
2026-04-01 11:35:55,114.2165,22.317,565.9,4872.0,-1.4,-8.0,-7.1,61,62,3.7,266,11.7,11.671499388039942,0.8161507428062692,45004
2026-04-01 11:35:57,114.2168,22.317,565.1,4883.0,-1.5,-7.2,-6.4,65,66,3.93,266,11.8,11.771255793065926,0.8231263901806819,45004
2026-04-01 11:35:59,114.217,22.317,564.3,4894.0,-1.6,-7.7,-6.9,63,64,3.8,267,12.0,11.983554417054886,0.6280314749153317,45004
2026-04-01 11:36:01,114.2173,22.317,563.4,4907.0,-1.7,-7.3,-6.5,66,67,3.93,267,12.2,12.1832803240058,0.6384986661639205,45004
2026-04-01 11:36:03,114.2176,22.317,562.5,4920.0,-1.8,-6.9,-6.1,68,70,4.06,268,12.4,12.392446255036788,0.43275375911100944,45004
2026-04-01 11:36:05,114.2178,22.317,561.7,4931.0,-1.9,-7.0,-6.2,68,69,4.04,268,12.6,12.592324420440606,0.4397336584515096,45004
2026-04-01 11:36:07,114.218,22.317,560.9,4942.0,-2.0,-6.0,-5.4,74,75,4.35,268,12.9,12.892141668546335,0.45020350746225984,45004
2026-04-01 11:36:09,114.2183,22.317,560.0,4955.0,-2.1,-5.6,-5.0,77,79,4.5,268,13.1,13.092019833950154,0.45718340680276,45004
2026-04-01 11:36:11,114.2186,22.317,559.2,4967.0,-2.2,-5.4,-4.8,79,80,4.57,268,13.4,13.391837082055883,0.4676532558135102,45004
2026-04-01 11:36:13,114.2188,22.317,558.3,4979.0,-2.3,-5.3,-4.7,80,82,4.62,268,13.6,13.591715247459701,0.47463315515401033,45004
2026-04-01 11:36:15,114.219,22.317,557.4,4992.0,-2.5,-4.2,-3.7,88,90,5.05,268,13.8,13.791593412863522,0.48161305449451053,45004
2026-04-01 11:36:17,114.2193,22.3171,556.4,5006.0,-2.6,-3.8,-3.4,92,94,5.2,268,14.1,14.09141066096925,0.49208290350526074,45004
2026-04-01 11:36:19,114.2196,22.3171,555.5,5020.0,-2.8,-4.0,-3.5,91,94,5.15,267,14.3,14.280402346990407,0.7484041742741037,45004
2026-04-01 11:36:21,114.2199,22.3171,554.5,5033.0,-2.9,-4.0,-3.6,92,94,5.12,267,14.4,14.380265300465863,0.753637769898398,45004
2026-04-01 11:36:23,114.2202,22.3171,553.7,5045.0,-2.9,-4.1,-3.6,92,95,5.12,266,14.5,14.464678728767451,1.0114688692898208,45004
2026-04-01 11:36:25,114.2206,22.3171,553.0,5054.0,-3.0,-4.1,-3.7,92,95,5.11,265,14.6,14.544442592139484,1.2724738441158103,45004
2026-04-01 11:36:27,114.2209,22.3171,552.3,5065.0,-3.1,-4.1,-3.6,93,96,5.13,264,14.6,14.520019672376792,1.526115563707739,45004
2026-04-01 11:36:29,114.2212,22.3172,551.4,5077.0,-3.1,-4.1,-3.6,93,96,5.14,263,14.6,14.491173813963302,1.7792924137151487,45004
2026-04-01 11:36:31,114.2215,22.3171,550.6,5090.0,-3.1,-4.1,-3.7,92,95,5.12,262,14.5,14.35888699675277,2.0180099639209543,45004
2026-04-01 11:36:33,114.2218,22.3171,549.9,5100.0,-3.1,-4.4,-3.9,90,93,5.02,260,14.4,14.181231643375796,2.500533758403797,45004
2026-04-01 11:36:35,114.222,22.3172,549.0,5112.0,-3.0,-4.8,-4.2,88,90,4.91,259,14.3,14.037268723301596,2.728568633884588,45004
2026-04-01 11:36:37,114.2223,22.3173,548.1,5125.0,-2.9,-5.2,-4.6,84,86,4.74,257,14.2,13.836054919950339,3.1943049716828864,45004
2026-04-01 11:36:39,114.2225,22.3174,547.4,5136.0,-2.6,-5.5,-4.9,80,82,4.63,255,14.1,13.619554150675864,3.6493485359455407,45004
2026-04-01 11:36:41,114.2227,22.3175,546.6,5147.0,-2.6,-5.7,-5.0,79,81,4.59,254,14.0,13.457663743136466,3.8589229814379844,45004
2026-04-01 11:36:43,114.2229,22.3177,545.9,5157.0,-2.5,-5.8,-5.1,78,80,4.56,252,13.9,13.219685576502634,4.295336221811771,45004
2026-04-01 11:36:45,114.2232,22.3178,545.3,5166.0,-2.6,-5.8,-5.2,78,80,4.55,251,13.9,13.142708200830505,4.5253973469544775,45004
2026-04-01 11:36:47,114.2234,22.3179,544.7,5175.0,-2.7,-5.9,-5.2,79,81,4.54,250,13.9,13.061727428924128,4.754079992226793,45004
2026-04-01 11:36:49,114.2236,22.3179,543.9,5187.0,-2.6,-6.0,-5.3,77,79,4.49,249,13.9,12.976767928311101,4.98131449867968,45004
2026-04-01 11:36:51,114.2239,22.318,543.0,5199.0,-2.6,-6.1,-5.4,77,79,4.46,248,14.0,12.980573963935022,5.244492307822772,45004
2026-04-01 11:36:53,114.2242,22.3181,542.2,5211.0,-2.7,-6.2,-5.5,76,78,4.44,248,14.2,13.16601073484838,5.319413626505955,45004
2026-04-01 11:36:55,114.2244,22.3182,541.6,5220.0,-2.7,-6.2,-5.5,76,78,4.43,248,14.3,13.258729120305059,5.356874285847546,45004
2026-04-01 11:36:57,114.2246,22.3183,541.1,5227.0,-2.7,-6.2,-5.5,77,79,4.45,248,14.5,13.444165891218416,5.431795604530728,45004
2026-04-01 11:36:59,114.2249,22.3185,540.6,5235.0,-2.8,-6.2,-5.5,77,79,4.45,248,14.6,13.536884276675094,5.469256263872319,45004
2026-04-01 11:37:01,114.2252,22.3186,540.0,5244.0,-2.7,-6.3,-5.6,76,78,4.41,249,14.8,13.816990312158584,5.303845653270451,45004
2026-04-01 11:37:03,114.2255,22.3187,539.4,5252.0,-2.7,-6.4,-5.7,75,77,4.39,249,15.0,14.003706397458023,5.375519243179511,45004
2026-04-01 11:37:05,114.2258,22.3188,538.8,5261.0,-2.8,-6.5,-5.8,75,77,4.36,250,15.2,14.283327835945807,5.198706178550162,45004
2026-04-01 11:37:07,114.226,22.3189,538.2,5270.0,-2.8,-6.8,-6.0,74,76,4.29,251,15.4,14.56098606422948,5.013749578640213,45004
2026-04-01 11:37:09,114.2263,22.319,537.6,5279.0,-2.7,-7.0,-6.2,72,74,4.21,252,15.5,14.74137600257488,4.789763412811687,45004
2026-04-01 11:37:11,114.2266,22.3191,537.0,5288.0,-2.7,-7.0,-6.3,72,74,4.21,252,15.7,14.93158730583391,4.851566811686676,45004
2026-04-01 11:37:13,114.2269,22.3191,536.3,5298.0,-2.7,-7.1,-6.3,72,74,4.2,253,15.8,15.109615144215958,4.619472934619246,45004
2026-04-01 11:37:15,114.2272,22.3192,535.6,5309.0,-2.8,-7.1,-6.3,72,74,4.2,254,15.9,15.284060965419272,4.382633957490282,45004
2026-04-01 11:37:17,114.2276,22.3193,535.0,5318.0,-2.8,-7.1,-6.3,72,74,4.19,254,16.0,15.380187135013104,4.410197693071982,45004
2026-04-01 11:37:19,114.2279,22.3193,534.4,5326.0,-2.9,-7.2,-6.4,72,74,4.17,255,16.0,15.454813220625093,4.14110472164033,45004
2026-04-01 11:37:21,114.2282,22.3194,533.8,5336.0,-2.9,-7.3,-6.5,72,74,4.14,255,16.1,15.551405803254001,4.166986626150583,45004
2026-04-01 11:37:23,114.2285,22.3194,533.0,5347.0,-2.9,-7.4,-6.6,71,73,4.11,255,16.1,15.551405803254001,4.166986626150583,45004
2026-04-01 11:37:25,114.2288,22.3194,532.4,5356.0,-3.1,-7.2,-6.4,73,75,4.18,255,16.1,15.551405803254001,4.166986626150583,45004
2026-04-01 11:37:27,114.2291,22.3195,531.9,5364.0,-3.2,-7.4,-6.6,73,75,4.14,255,16.0,15.454813220625093,4.14110472164033,45004
2026-04-01 11:37:29,114.2294,22.3195,531.2,5374.0,-3.1,-7.9,-7.0,70,72,3.99,254,16.0,15.380187135013104,4.410197693071982,45004
2026-04-01 11:37:31,114.2297,22.3197,530.5,5384.0,-3.1,-8.3,-7.3,68,70,3.87,254,15.9,15.284060965419272,4.382633957490282,45004
2026-04-01 11:37:33,114.23,22.3199,530.0,5392.0,-3.2,-8.3,-7.4,68,70,3.86,253,15.9,15.205245619812262,4.64871010509152,45004
2026-04-01 11:37:35,114.2302,22.32,529.3,5402.0,-3.3,-8.2,-7.3,69,71,3.9,253,15.8,15.109615144215958,4.619472934619246,45004
2026-04-01 11:37:37,114.2305,22.3201,528.5,5414.0,-3.3,-8.6,-7.7,67,69,3.78,252,15.7,14.93158730583391,4.851566811686676,45004
2026-04-01 11:37:39,114.2308,22.3202,527.6,5427.0,-3.3,-8.9,-7.9,65,67,3.7,251,15.6,14.750089779349343,5.078863209531644,45004
2026-04-01 11:37:41,114.2311,22.3202,527.0,5437.0,-3.3,-9.1,-8.1,65,67,3.66,251,15.5,14.655537921789412,5.046306394085928,45004
2026-04-01 11:37:43,114.2315,22.3203,526.4,5445.0,-3.4,-9.2,-8.2,64,66,3.62,250,15.3,14.3772970980244,5.232908192882729,45004
2026-04-01 11:37:45,114.2317,22.3204,525.9,5453.0,-3.4,-9.4,-8.4,63,65,3.57,250,15.2,14.283327835945807,5.198706178550162,45004
2026-04-01 11:37:47,114.232,22.3205,525.4,5461.0,-3.4,-9.6,-8.6,62,64,3.51,249,15.1,14.097064440107742,5.41135603813404,45004
2026-04-01 11:37:49,114.2322,22.3206,524.8,5470.0,-3.5,-9.4,-8.4,64,66,3.58,249,14.9,13.910348354808303,5.3396824482249805,45004
2026-04-01 11:37:51,114.2325,22.3207,524.2,5478.0,-3.6,-9.4,-8.4,64,66,3.58,249,14.8,13.816990312158584,5.303845653270451,45004
2026-04-01 11:37:53,114.2328,22.3208,523.6,5488.0,-3.7,-9.5,-8.5,64,66,3.56,249,14.7,13.723632269508862,5.268008858315921,45004
2026-04-01 11:37:55,114.233,22.3209,522.8,5500.0,-3.8,-9.8,-8.7,63,65,3.49,249,14.6,13.630274226859141,5.23217206336139,45004
2026-04-01 11:37:57,114.2332,22.321,522.0,5512.0,-3.8,-9.8,-8.7,64,66,3.5,249,14.5,13.536916184209423,5.196335268406861,45004
2026-04-01 11:37:59,114.2335,22.3211,521.3,5523.0,-3.9,-9.6,-8.6,65,67,3.54,249,14.4,13.443558141559702,5.16049847345233,45004
2026-04-01 11:38:01,114.2337,22.3212,520.6,5533.0,-4.0,-9.5,-8.5,65,68,3.56,249,14.4,13.443558141559702,5.16049847345233,45004
2026-04-01 11:38:03,114.2339,22.3213,519.9,5545.0,-4.0,-9.5,-8.5,66,68,3.58,249,14.3,13.350200098909982,5.124661678497801,45004
2026-04-01 11:38:05,114.2342,22.3214,519.2,5555.0,-4.1,-9.6,-8.6,65,68,3.55,249,14.3,13.350200098909982,5.124661678497801,45004
2026-04-01 11:38:07,114.2345,22.3214,518.7,5562.0,-4.2,-9.6,-8.6,66,68,3.56,250,14.3,13.43760447723849,4.89088804955706,45004
2026-04-01 11:38:09,114.2348,22.3215,518.2,5569.0,-4.3,-9.6,-8.5,67,69,3.58,250,14.4,13.531573739317082,4.925090063889627,45004
2026-04-01 11:38:11,114.2351,22.3215,517.7,5578.0,-4.3,-9.5,-8.5,67,70,3.6,250,14.4,13.531573739317082,4.925090063889627,45004
2026-04-01 11:38:13,114.2353,22.3217,517.0,5588.0,-4.4,-9.5,-8.5,67,70,3.6,251,14.4,13.615467488630163,4.688181424183056,45004
2026-04-01 11:38:15,114.2356,22.3218,516.4,5597.0,-4.5,-9.5,-8.5,68,71,3.59,251,14.4,13.615467488630163,4.688181424183056,45004
2026-04-01 11:38:17,114.2359,22.322,515.9,5606.0,-4.5,-9.5,-8.5,68,71,3.61,252,14.4,13.695213834650211,4.449844718999245,45004
2026-04-01 11:38:19,114.2361,22.322,515.1,5617.0,-4.6,-9.6,-8.5,68,71,3.6,252,14.3,13.600108183020696,4.41894301956175,45004
2026-04-01 11:38:21,114.2364,22.3221,514.4,5628.0,-4.7,-9.5,-8.5,69,72,3.62,253,14.3,13.675158010271407,4.180915377535141,45004
2026-04-01 11:38:23,114.2367,22.3221,513.8,5637.0,-4.8,-9.5,-8.5,69,73,3.62,254,14.2,13.649916082324129,3.914050452601384,45004
2026-04-01 11:38:25,114.237,22.3221,513.3,5645.0,-4.9,-9.4,-8.4,70,74,3.66,254,14.1,13.553789912730297,3.886486717019684,45004
2026-04-01 11:38:27,114.2372,22.3222,512.8,5653.0,-4.9,-9.2,-8.2,72,75,3.72,255,14.0,13.522961568046956,3.6234666314352886,45004
2026-04-01 11:38:29,114.2374,22.3223,512.2,5661.0,-4.9,-9.2,-8.2,72,76,3.73,256,13.9,13.487110595236352,3.3627143488353823,45004
2026-04-01 11:38:31,114.2377,22.3224,511.6,5672.0,-5.0,-9.2,-8.2,73,76,3.74,257,13.7,13.34886988755772,3.0818294445109538,45004
2026-04-01 11:38:33,114.238,22.3225,510.8,5683.0,-5.1,-9.2,-8.2,73,77,3.74,258,13.6,13.302807369979755,2.8275989951215332,45004
2026-04-01 11:38:35,114.2383,22.3225,510.1,5693.0,-5.2,-9.2,-8.2,74,77,3.74,259,13.4,13.153804258198697,2.556840538045698,45004
2026-04-01 11:38:37,114.2385,22.3225,509.5,5703.0,-5.3,-9.3,-8.3,73,77,3.7,260,13.2,12.999462339761145,2.29215594520348,45004
2026-04-01 11:38:39,114.2388,22.3225,508.9,5712.0,-5.3,-9.5,-8.5,72,76,3.66,261,13.1,12.938717261796302,2.0492914920270264,45004
2026-04-01 11:38:41,114.239,22.3225,508.3,5722.0,-5.3,-10.1,-9.0,69,73,3.48,261,13.0,12.83994842773679,2.0336480455230035,45004
2026-04-01 11:38:43,114.2392,22.3225,507.5,5734.0,-5.3,-13.3,-11.9,53,56,2.69,262,12.8,12.6754312798921,1.7814156922888427,45004
2026-04-01 11:38:45,114.2395,22.3225,506.8,5745.0,-5.3,-14.8,-13.2,47,50,2.39,262,12.7,12.576404473017941,1.7674983821928358,45004
2026-04-01 11:38:47,114.2397,22.3225,506.1,5755.0,-5.4,-14.1,-12.6,50,53,2.54,262,12.7,12.576404473017941,1.7674983821928358,45004
2026-04-01 11:38:49,114.24,22.3225,505.5,5765.0,-5.5,-15.7,-14.0,44,47,2.23,262,12.6,12.477377666143784,1.7535810720968295,45004
2026-04-01 11:38:51,114.2402,22.3226,504.9,5774.0,-5.5,-17.3,-15.5,39,41,1.95,262,12.6,12.477377666143784,1.7535810720968295,45004
2026-04-01 11:38:53,114.2404,22.3227,504.4,5782.0,-5.6,-16.5,-14.8,42,44,2.08,262,12.5,12.378350859269629,1.7396637620008228,45004
2026-04-01 11:38:55,114.2406,22.3228,504.0,5789.0,-5.6,-17.2,-15.4,40,42,1.97,262,12.5,12.378350859269629,1.7396637620008228,45004
2026-04-01 11:38:57,114.2409,22.3228,503.4,5797.0,-5.6,-19.9,-17.9,31,33,1.57,261,12.6,12.444873091498733,1.971074259506911,45004
2026-04-01 11:38:59,114.2411,22.3228,502.9,5806.0,-5.7,-21.1,-19.0,28,30,1.41,261,12.6,12.444873091498733,1.971074259506911,45004
2026-04-01 11:39:01,114.2413,22.3228,502.4,5813.0,-5.7,-21.0,-18.9,29,30,1.42,261,12.6,12.444873091498733,1.971074259506911,45004
2026-04-01 11:39:03,114.2416,22.3229,501.9,5821.0,-5.9,-20.3,-18.2,31,33,1.52,261,12.6,12.444873091498733,1.971074259506911,45004
2026-04-01 11:39:05,114.2419,22.3229,501.3,5831.0,-5.9,-22.3,-20.1,26,28,1.28,261,12.6,12.444873091498733,1.971074259506911,45004
2026-04-01 11:39:07,114.2421,22.3229,500.5,5842.0,-6.0,-23.3,-21.0,24,25,1.17,261,12.5,12.34610425743922,1.955430813002888,45004
2026-04-01 11:39:07,114.2421,22.323,500.0,5851.0,-6.1,-23.1,-20.8,25,26,1.2,261,12.5,12.34610425743922,1.955430813002888,45004
2026-04-01 11:39:09,114.2424,22.323,499.9,5852.0,-6.1,-23.0,-20.7,25,26,1.2,261,12.4,12.247335423379708,1.939787366498865,45004
2026-04-01 11:39:11,114.2426,22.3231,499.3,5862.0,-6.2,-22.7,-20.4,26,27,1.23,262,12.3,12.180297245521315,1.7118291418088099,45004
2026-04-01 11:39:13,114.2429,22.3231,498.7,5871.0,-6.3,-22.9,-20.6,25,27,1.22,262,12.2,12.081270438647156,1.697911831712803,45004
2026-04-01 11:39:15,114.2431,22.3231,498.2,5879.0,-6.3,-23.1,-20.8,25,27,1.2,262,12.0,11.883216824898843,1.6700772115207898,45004
2026-04-01 11:39:17,114.2434,22.3231,497.7,5887.0,-6.4,-23.1,-20.8,25,27,1.2,263,11.8,11.7120445893676,1.4380582521807368,45004
2026-04-01 11:39:19,114.2436,22.3231,497.2,5895.0,-6.5,-23.0,-20.7,26,27,1.21,263,11.6,11.513535359039336,1.413684383499707,45004
2026-04-01 11:39:21,114.2438,22.3231,496.5,5905.0,-6.6,-23.0,-20.7,26,28,1.21,263,11.4,11.315026128711072,1.3893105148186777,45004
2026-04-01 11:39:23,114.244,22.3232,495.9,5915.0,-6.7,-23.1,-20.8,26,27,1.2,263,11.2,11.116516898382807,1.3649366461376482,45004
2026-04-01 11:39:25,114.2442,22.3232,495.3,5924.0,-6.8,-23.1,-20.8,26,28,1.21,262,11.1,10.99197556303143,1.5448214206567306,45004
2026-04-01 11:39:27,114.2444,22.3232,494.6,5936.0,-6.9,-23.1,-20.8,26,28,1.2,261,11.0,10.864571746546515,1.7207791154425414,45004
2026-04-01 11:39:29,114.2445,22.3232,493.9,5947.0,-7.0,-23.4,-21.0,26,28,1.18,261,10.9,10.765802912487,1.7051356689385184,45004
2026-04-01 11:39:31,114.2447,22.3232,493.3,5957.0,-7.1,-23.4,-21.1,26,28,1.18,260,10.8,10.635923732531847,1.8754003188028476,45004
2026-04-01 11:39:33,114.2449,22.3233,492.8,5965.0,-7.2,-23.4,-21.1,26,28,1.18,259,10.8,10.601573581234772,2.060737150066682,45004
2026-04-01 11:39:35,114.245,22.3233,492.2,5973.0,-7.2,-23.1,-20.8,27,29,1.21,258,10.8,10.563994087925101,2.2454462608318058,45004
2026-04-01 11:39:37,114.2453,22.3234,491.7,5982.0,-7.3,-22.8,-20.5,28,30,1.24,257,10.8,10.52319669968054,2.429471386913745,45004
2026-04-01 11:39:39,114.2455,22.3234,491.2,5990.0,-7.4,-22.9,-20.6,28,30,1.24,256,10.9,10.576223416408363,2.636948662036379,45004
2026-04-01 11:39:41,114.2458,22.3235,490.6,6000.0,-7.5,-22.5,-20.2,29,31,1.28,256,11.0,10.67325298903596,2.6611408515963455,45004
2026-04-01 11:39:43,114.246,22.3236,489.9,6010.0,-7.6,-22.5,-20.2,29,31,1.28,256,11.0,10.67325298903596,2.6611408515963455,45004
2026-04-01 11:39:45,114.2462,22.3237,489.3,6019.0,-7.7,-22.7,-20.4,29,31,1.27,256,11.1,10.77028256166356,2.6853330411563126,45004
2026-04-01 11:39:47,114.2464,22.3238,488.8,6027.0,-7.8,-22.8,-20.5,29,31,1.25,256,11.1,10.77028256166356,2.6853330411563126,45004
2026-04-01 11:39:49,114.2466,22.3239,488.3,6036.0,-7.8,-22.9,-20.6,29,31,1.24,256,11.0,10.67325298903596,2.6611408515963455,45004
2026-04-01 11:39:51,114.2468,22.3239,487.7,6045.0,-7.9,-23.2,-20.8,28,31,1.22,256,11.0,10.67325298903596,2.6611408515963455,45004
2026-04-01 11:39:53,114.247,22.3239,487.2,6054.0,-8.0,-23.2,-20.9,28,31,1.21,257,10.9,10.620633706159063,2.4519664923481312,45004
2026-04-01 11:39:55,114.2472,22.3239,486.6,6062.0,-8.1,-23.1,-20.8,29,31,1.22,258,10.9,10.661808847998481,2.266237429913582,45004
2026-04-01 11:39:57,114.2475,22.3239,486.0,6071.0,-8.2,-23.2,-20.8,29,31,1.22,258,10.8,10.563994087925101,2.2454462608318058,45004
2026-04-01 11:39:59,114.2477,22.3239,485.3,6084.0,-8.3,-23.0,-20.7,29,32,1.24,258,10.7,10.46617932785172,2.2246550917500296,45004
2026-04-01 11:40:01,114.2478,22.3239,484.6,6094.0,-8.4,-22.6,-20.4,31,33,1.28,259,10.6,10.405248144545238,2.0225753509913726,45004
2026-04-01 11:40:03,114.248,22.324,484.1,6103.0,-8.5,-22.7,-20.4,31,33,1.28,259,10.5,10.307085426200471,2.0034944514537183,45004
2026-04-01 11:40:05,114.2482,22.3241,483.5,6112.0,-8.6,-22.7,-20.4,31,34,1.28,259,10.4,10.208922707855706,1.984413551916064,45004
2026-04-01 11:40:07,114.2485,22.3241,482.9,6122.0,-8.7,-22.6,-20.4,31,34,1.29,259,10.3,10.110759989510939,1.9653326523784096,45004
2026-04-01 11:40:09,114.2487,22.3241,482.2,6133.0,-8.8,-22.3,-20.1,33,36,1.33,259,10.3,10.110759989510939,1.9653326523784096,45004
2026-04-01 11:40:11,114.2488,22.3241,481.4,6147.0,-8.9,-22.1,-19.9,33,37,1.35,259,10.4,10.208922707855706,1.984413551916064,45004
2026-04-01 11:40:13,114.249,22.3242,480.7,6158.0,-9.0,-22.3,-20.1,33,36,1.33,259,10.4,10.208922707855706,1.984413551916064,45004
2026-04-01 11:40:15,114.2491,22.3242,480.2,6164.0,-9.1,-22.4,-20.2,33,36,1.32,259,10.6,10.405248144545238,2.0225753509913726,45004
2026-04-01 11:40:17,114.2493,22.3243,479.9,6171.0,-9.2,-22.4,-20.1,33,36,1.32,259,10.8,10.601573581234772,2.060737150066682,45004
2026-04-01 11:40:19,114.2495,22.3243,479.3,6179.0,-9.2,-22.3,-20.1,34,37,1.34,259,11.0,10.797899017924303,2.098898949141991,45004
2026-04-01 11:40:21,114.2497,22.3243,478.6,6190.0,-9.4,-22.0,-19.8,35,38,1.38,259,11.3,11.092387172958604,2.1561416477549544,45004
2026-04-01 11:40:23,114.25,22.3244,477.9,6202.0,-9.5,-21.8,-19.6,36,40,1.4,260,11.6,11.423769934941612,2.014318860936392,45004
2026-04-01 11:40:25,114.2502,22.3245,477.1,6215.0,-9.6,-21.5,-19.4,37,41,1.43,260,11.9,11.719212260845277,2.066413314236471,45004
2026-04-01 11:40:27,114.2504,22.3245,476.3,6229.0,-9.7,-19.8,-17.7,44,48,1.68,261,12.2,12.049797755260679,1.9085004734908184,45004
2026-04-01 11:40:29,114.2507,22.3246,475.5,6241.0,-9.8,-14.9,-13.4,66,72,2.52,261,12.5,12.34610425743922,1.955430813002888,45004
2026-04-01 11:40:31,114.2509,22.3246,474.9,6251.0,-9.8,-12.5,-11.2,80,89,3.08,262,12.8,12.6754312798921,1.7814156922888427,45004
2026-04-01 11:40:33,114.2512,22.3246,474.3,6260.0,-9.9,-12.7,-11.3,80,88,3.04,262,13.1,12.97251170051457,1.8231676225768623,45004
2026-04-01 11:40:35,114.2515,22.3246,473.8,6268.0,-10.0,-12.7,-11.3,81,89,3.05,262,13.3,13.170565314262886,1.8510022427688755,45004
2026-04-01 11:40:37,114.2518,22.3246,473.3,6277.0,-10.1,-12.5,-11.2,82,91,3.1,262,13.4,13.269592121137041,1.864919552864882,45004
2026-04-01 11:40:39,114.2521,22.3246,472.9,6284.0,-10.2,-12.2,-10.9,85,94,3.18,262,13.5,13.368618928011198,1.8788368629608887,45004
2026-04-01 11:40:41,114.2524,22.3246,472.5,6290.0,-10.3,-12.2,-10.8,86,95,3.19,261,13.5,13.333792598034359,2.111865278043119,45004
2026-04-01 11:40:43,114.2527,22.3246,472.0,6299.0,-10.3,-12.1,-10.8,87,96,3.21,261,13.5,13.333792598034359,2.111865278043119,45004
2026-04-01 11:40:45,114.2529,22.3247,471.3,6309.0,-10.5,-12.2,-10.9,87,96,3.18,260,13.3,13.097943115062368,2.3095207629701737,45004
2026-04-01 11:40:47,114.2532,22.3248,470.8,6319.0,-10.5,-12.4,-11.1,86,95,3.13,258,13.2,12.911548329686234,2.744434318794429,45004
2026-04-01 11:40:49,114.2534,22.3249,470.2,6327.0,-10.6,-12.6,-11.2,85,95,3.1,257,13.0,12.666810842208056,2.924363706470248,45004
2026-04-01 11:40:51,114.2536,22.3249,469.8,6334.0,-10.7,-12.7,-11.4,85,94,3.06,256,12.8,12.419785296332755,3.096600263675748,45004
2026-04-01 11:40:53,114.2539,22.3249,469.3,6342.0,-10.7,-12.8,-11.4,85,94,3.05,254,12.5,12.015771199228988,3.445466947712486,45004
2026-04-01 11:40:55,114.2542,22.325,468.7,6351.0,-10.8,-12.4,-11.1,88,98,3.15,253,12.4,11.858178973941639,3.62540913856194,45004
2026-04-01 11:40:57,114.2544,22.3251,468.1,6362.0,-11.1,-12.3,-10.9,91,101,3.19,252,12.2,11.602889498800872,3.77000733137436,45004
2026-04-01 11:40:59,114.2545,22.3252,467.5,6372.0,-11.0,-13.2,-11.8,84,93,2.96,251,12.1,11.440774764751733,3.9393746689315954,45004
2026-04-01 11:41:01,114.2547,22.3254,467.0,6379.0,-11.1,-12.8,-11.4,87,97,3.06,251,12.0,11.346222907191802,3.9068178534858795,45004
2026-04-01 11:41:03,114.2549,22.3255,466.6,6387.0,-11.2,-11.9,-10.6,94,105,3.3,250,11.9,11.18234218735231,4.070039705575456,45004
2026-04-01 11:41:05,114.255,22.3255,466.0,6396.0,-11.3,-11.5,-10.2,98,110,3.41,251,11.9,11.25167104963187,3.874261038040164,45004
2026-04-01 11:41:07,114.2552,22.3256,465.4,6406.0,-11.3,-11.6,-10.3,98,110,3.4,251,12.0,11.346222907191802,3.9068178534858795,45004
2026-04-01 11:41:09,114.2555,22.3256,464.8,6416.0,-11.5,-12.0,-10.7,96,107,3.29,252,12.0,11.412678195541842,3.7082039324993707,45004
2026-04-01 11:41:11,114.2557,22.3256,464.3,6424.0,-11.5,-11.8,-10.5,98,110,3.35,253,12.1,11.571287547152727,3.537697627145119,45004
2026-04-01 11:41:13,114.256,22.3257,463.8,6433.0,-11.6,-12.1,-10.8,96,108,3.27,253,12.2,11.66691802274903,3.5669347976173924,45004
2026-04-01 11:41:15,114.2562,22.3258,463.2,6443.0,-11.7,-12.1,-10.8,97,108,3.26,254,12.3,11.823518860041325,3.3903394765490864,45004
2026-04-01 11:41:17,114.2564,22.3259,462.5,6455.0,-11.7,-12.3,-11.0,95,107,3.22,255,12.5,12.074072828613353,3.235238063781508,45004
2026-04-01 11:41:19,114.2567,22.3259,461.9,6465.0,-11.8,-12.2,-10.9,97,108,3.24,255,12.6,12.170665411242261,3.26111996829176,45004
2026-04-01 11:41:21,114.257,22.3259,461.3,6475.0,-11.9,-12.0,-10.7,99,111,3.31,256,12.6,12.225726151077556,3.048215884555814,45004
2026-04-01 11:41:23,114.2573,22.326,460.7,6483.0,-12.0,-12.0,-10.7,100,112,3.31,256,12.7,12.322755723705155,3.072408074115781,45004
2026-04-01 11:41:25,114.2576,22.326,460.3,6490.0,-12.1,-12.2,-10.9,98,111,3.25,256,12.7,12.322755723705155,3.072408074115781,45004
2026-04-01 11:41:27,114.2578,22.326,459.9,6498.0,-12.1,-12.8,-11.4,94,106,3.1,256,12.7,12.322755723705155,3.072408074115781,45004
2026-04-01 11:41:29,114.2579,22.326,459.3,6508.0,-12.1,-13.1,-11.7,93,104,3.05,255,12.6,12.170665411242261,3.26111996829176,45004
2026-04-01 11:41:31,114.2581,22.3261,458.6,6520.0,-12.2,-12.8,-11.4,96,108,3.13,255,12.5,12.074072828613353,3.235238063781508,45004
2026-04-01 11:41:33,114.2584,22.3263,458.0,6530.0,-12.3,-12.4,-11.0,100,112,3.24,255,12.4,11.977480245984447,3.209356159271256,45004
2026-04-01 11:41:35,114.2587,22.3264,457.5,6537.0,-12.4,-12.7,-11.3,98,110,3.15,255,12.2,11.784295080726633,3.1575923502507517,45004
2026-04-01 11:41:37,114.2589,22.3265,457.1,6544.0,-12.5,-13.0,-11.6,95,108,3.07,255,12.0,11.59110991546882,3.1058285412302475,45004
2026-04-01 11:41:39,114.2591,22.3266,456.6,6552.0,-12.5,-12.6,-11.3,99,112,3.18,255,11.8,11.397924750211006,3.0540647322097434,45004
2026-04-01 11:41:41,114.2593,22.3266,456.0,6563.0,-12.6,-12.6,-11.2,100,113,3.19,256,11.5,11.15840085217396,2.7821017993961794,45004
2026-04-01 11:41:43,114.2596,22.3266,455.3,6575.0,-12.7,-12.8,-11.4,99,113,3.14,257,11.3,11.010381732073158,2.5419469140856776,45004
2026-04-01 11:41:45,114.2597,22.3266,454.7,6584.0,-12.8,-13.2,-11.8,97,110,3.05,258,11.1,10.857438368145242,2.3078197680771337,45004
2026-04-01 11:41:47,114.2599,22.3267,454.2,6592.0,-12.8,-13.8,-12.4,92,104,2.89,259,10.9,10.699736299579538,2.079818049604336,45004
2026-04-01 11:41:49,114.2601,22.3267,453.6,6602.0,-12.6,-14.3,-12.8,87,98,2.79,260,10.7,10.537442957230626,1.8580355010361544,45004
2026-04-01 11:41:51,114.2603,22.3267,453.0,6613.0,-12.7,-14.5,-12.9,86,98,2.76,261,10.6,10.469496410308459,1.658205329426449,45004
2026-04-01 11:41:53,114.2605,22.3267,452.5,6621.0,-12.7,-14.5,-13.0,86,98,2.75,262,10.6,10.496841528660644,1.4752348701766977,45004
2026-04-01 11:41:55,114.2607,22.3267,451.9,6631.0,-12.7,-14.5,-13.0,86,98,2.76,263,10.5,10.421734592233882,1.2796281057540453,45004
2026-04-01 11:41:57,114.2609,22.3267,451.4,6641.0,-12.7,-14.7,-13.1,85,97,2.72,264,10.6,10.541932090903698,1.1080017106371256,45004
2026-04-01 11:41:59,114.261,22.3268,450.8,6650.0,-12.7,-14.9,-13.3,84,95,2.67,265,10.6,10.559663799772503,0.9238508731251774,45004
2026-04-01 11:42:01,114.2612,22.3268,450.2,6660.0,-12.7,-15.1,-13.5,82,93,2.63,266,10.7,10.673935337780119,0.7463942690621437,45004
2026-04-01 11:42:03,114.2614,22.3268,449.6,6670.0,-12.7,-15.9,-14.3,76,86,2.46,267,10.9,10.885061928824856,0.570461923048093,45004
2026-04-01 11:42:05,114.2617,22.3267,449.0,6680.0,-12.4,-17.5,-15.7,66,74,2.16,268,11.0,10.993299097210054,0.38389446372750835,45004
2026-04-01 11:42:07,114.2619,22.3268,448.5,6690.0,-12.3,-18.3,-16.4,61,69,2.02,269,11.2,11.198294185751582,0.19546695209757517,45004
2026-04-01 11:42:09,114.2622,22.3268,447.9,6700.0,-12.4,-18.5,-16.6,60,68,1.99,270,11.4,11.4,2.094146026541974e-15,45004
2026-04-01 11:42:11,114.2624,22.3269,447.2,6712.0,-12.4,-19.1,-17.1,57,65,1.89,271,11.6,11.598233263814139,-0.2024479146724843,45004
2026-04-01 11:42:13,114.2627,22.3269,446.6,6722.0,-12.5,-19.2,-17.2,57,65,1.88,272,11.7,11.69287267612342,-0.40832411141926495,45004
2026-04-01 11:42:15,114.2628,22.3269,446.1,6730.0,-12.6,-19.3,-17.3,57,65,1.87,273,11.9,11.88369146357943,-0.6227978792910329,45004
2026-04-01 11:42:17,114.2631,22.3268,445.7,6738.0,-12.7,-19.1,-17.1,59,66,1.9,274,12.0,11.970768603117891,-0.8370776849295026,45004
2026-04-01 11:42:19,114.2633,22.3268,445.2,6746.0,-12.8,-19.0,-17.1,59,67,1.91,276,12.2,12.133167123492935,-1.2752472518653664,45004
2026-04-01 11:42:21,114.2636,22.3268,444.7,6755.0,-12.8,-19.6,-17.6,57,64,1.82,277,12.3,12.208317665188261,-1.4989929238833166,45004
2026-04-01 11:42:23,114.2639,22.3267,444.2,6763.0,-12.8,-19.9,-17.9,55,63,1.77,278,12.5,12.378350859269629,-1.7396637620008184,45004
2026-04-01 11:42:25,114.2641,22.3267,443.6,6773.0,-12.9,-20.0,-18.0,55,63,1.76,280,12.6,12.408577687953823,-2.1879670386033174,45004
2026-04-01 11:42:27,114.2643,22.3266,443.0,6784.0,-13.0,-20.2,-18.2,55,62,1.73,281,12.8,12.564827948130098,-2.4423551408197777,45004
2026-04-01 11:42:29,114.2645,22.3266,442.4,6794.0,-13.1,-20.4,-18.3,54,62,1.7,282,13.0,12.715918809539472,-2.702851980630873,45004
2026-04-01 11:42:31,114.2647,22.3265,441.9,6802.0,-13.2,-20.7,-18.6,53,61,1.67,283,13.2,12.861684855165105,-2.9693539173390167,45004
2026-04-01 11:42:33,114.265,22.3263,441.5,6809.0,-13.2,-21.1,-18.9,52,59,1.61,283,13.4,13.056558868122153,-3.01434412820779,45004
2026-04-01 11:42:35,114.2652,22.3263,441.1,6816.0,-13.3,-21.2,-19.0,51,58,1.6,284,13.7,13.293051449981153,-3.314329969715444,45004
2026-04-01 11:42:37,114.2655,22.3262,440.7,6824.0,-13.3,-21.5,-19.3,50,57,1.56,284,13.9,13.487110595236352,-3.3627143488353775,45004
2026-04-01 11:42:39,114.2658,22.3262,440.2,6832.0,-13.4,-21.6,-19.4,50,57,1.55,285,14.1,13.619554150675864,-3.649348535945536,45004
2026-04-01 11:42:41,114.2661,22.3262,439.6,6843.0,-13.5,-22.3,-20.1,47,54,1.45,285,14.3,13.81273931593368,-3.7011123449660404,45004
2026-04-01 11:42:43,114.2664,22.3261,438.9,6854.0,-13.3,-25.6,-23.1,35,40,1.08,285,14.5,14.005924481191492,-3.752876153986544,45004
2026-04-01 11:42:45,114.2667,22.326,438.3,6865.0,-13.3,-26.8,-24.2,31,36,0.98,285,14.7,14.199109646449305,-3.804639963007048,45004
2026-04-01 11:42:47,114.267,22.3259,437.7,6876.0,-13.4,-26.7,-24.1,32,36,0.99,285,14.8,14.295702229078213,-3.8305218675173007,45004
2026-04-01 11:42:49,114.2673,22.3259,437.1,6886.0,-13.5,-26.8,-24.2,32,36,0.97,285,14.9,14.392294811707119,-3.8564037720275524,45004
2026-04-01 11:42:51,114.2676,22.3258,436.5,6897.0,-13.6,-26.9,-24.3,32,36,0.97,285,15.0,14.488887394336027,-3.8822856765378044,45004
2026-04-01 11:42:53,114.2679,22.3257,435.9,6907.0,-13.6,-26.8,-24.2,32,37,0.98,284,15.0,14.55443589413995,-3.628828433995012,45004
2026-04-01 11:42:55,114.2681,22.3256,435.1,6920.0,-13.7,-26.0,-23.4,35,40,1.06,284,15.0,14.55443589413995,-3.628828433995012,45004
2026-04-01 11:42:57,114.2684,22.3255,434.4,6932.0,-13.7,-25.4,-22.9,37,42,1.11,284,15.0,14.55443589413995,-3.628828433995012,45004
2026-04-01 11:42:59,114.2687,22.3255,433.8,6943.0,-13.8,-25.1,-22.6,38,44,1.15,284,14.9,14.45740632151235,-3.6046362444350453,45004
2026-04-01 11:43:01,114.2689,22.3255,433.2,6953.0,-13.9,-24.7,-22.2,40,45,1.19,284,14.9,14.45740632151235,-3.6046362444350453,45004
2026-04-01 11:43:03,114.2692,22.3254,432.8,6961.0,-13.9,-24.6,-22.1,40,46,1.21,285,14.8,14.295702229078213,-3.8305218675173007,45004
2026-04-01 11:43:05,114.2694,22.3254,432.4,6968.0,-14.0,-24.4,-22.0,41,47,1.23,285,14.7,14.199109646449305,-3.804639963007048,45004
2026-04-01 11:43:07,114.2697,22.3253,431.9,6977.0,-14.0,-24.2,-21.8,42,48,1.25,285,14.6,14.102517063820398,-3.778758058496796,45004
2026-04-01 11:43:09,114.27,22.3252,431.4,6986.0,-14.0,-24.5,-22.1,41,47,1.22,285,14.5,14.005924481191492,-3.752876153986544,45004
2026-04-01 11:43:11,114.2703,22.3252,430.7,6997.0,-14.1,-24.9,-22.4,40,45,1.18,285,14.4,13.909331898562586,-3.7269942494762924,45004
2026-04-01 11:43:13,114.2706,22.3251,430.1,7008.0,-14.2,-25.2,-22.8,39,44,1.15,285,14.3,13.81273931593368,-3.7011123449660404,45004
2026-04-01 11:43:15,114.2709,22.325,429.5,7020.0,-14.2,-25.8,-23.3,37,42,1.09,285,14.2,13.716146733304772,-3.675230440455788,45004
2026-04-01 11:43:17,114.2712,22.3249,428.8,7032.0,-14.3,-26.3,-23.7,35,41,1.04,285,14.0,13.522961568046957,-3.623466631435284,45004
2026-04-01 11:43:19,114.2714,22.3248,428.1,7044.0,-14.3,-26.8,-24.2,34,39,1.0,285,13.9,13.426368985418051,-3.597584726925032,45004
2026-04-01 11:43:21,114.2716,22.3247,427.5,7055.0,-14.4,-27.2,-24.5,33,38,0.97,285,13.7,13.233183820160237,-3.545820917904528,45004
2026-04-01 11:43:23,114.2719,22.3247,426.9,7066.0,-14.4,-27.4,-24.8,32,37,0.95,284,13.6,13.196021877353553,-3.290137780155477,45004
2026-04-01 11:43:25,114.2721,22.3246,426.3,7076.0,-14.5,-27.5,-24.9,32,37,0.94,284,13.4,13.001962732098354,-3.241753401035544,45004
2026-04-01 11:43:27,114.2724,22.3246,425.8,7085.0,-14.6,-27.7,-25.0,32,37,0.93,284,13.2,12.807903586843155,-3.1933690219156103,45004
2026-04-01 11:43:29,114.2726,22.3245,425.3,7093.0,-14.6,-27.8,-25.1,32,37,0.92,283,13.1,12.764247848686582,-2.9468588119046304,45004
2026-04-01 11:43:31,114.2729,22.3245,424.8,7102.0,-14.7,-28.1,-25.4,31,36,0.89,283,12.9,12.569373835729534,-2.9018686010358574,45004
2026-04-01 11:43:33,114.2731,22.3245,424.2,7114.0,-14.7,-29.3,-26.5,28,32,0.8,282,12.8,12.520289289392712,-2.661269642467321,45004
2026-04-01 11:43:35,114.2734,22.3244,423.6,7124.0,-14.7,-31.2,-28.3,23,27,0.67,282,12.7,12.42247452931933,-2.640478473385545,45004
2026-04-01 11:43:37,114.2736,22.3244,423.0,7135.0,-14.6,-33.9,-30.8,18,20,0.52,281,12.6,12.368502511440564,-2.4041933417444685,45004
2026-04-01 11:43:39,114.2738,22.3243,422.4,7146.0,-14.6,-35.8,-32.5,15,17,0.43,281,12.5,12.270339793095799,-2.3851124422068137,45004
2026-04-01 11:43:41,114.274,22.3243,421.7,7157.0,-14.7,-36.3,-33.1,14,16,0.41,280,12.5,12.310096912652602,-2.1706022208366247,45004
2026-04-01 11:43:43,114.2743,22.3243,421.1,7169.0,-14.8,-36.7,-33.4,14,16,0.39,280,12.4,12.211616137351381,-2.1532374030699315,45004
2026-04-01 11:43:45,114.2745,22.3242,420.4,7180.0,-14.9,-36.9,-33.6,13,15,0.38,280,12.5,12.310096912652602,-2.1706022208366247,45004
2026-04-01 11:43:47,114.2747,22.3242,419.9,7190.0,-15.0,-37.0,-33.7,13,16,0.38,280,12.5,12.310096912652602,-2.1706022208366247,45004
2026-04-01 11:43:49,114.2749,22.3242,419.4,7200.0,-15.0,-37.1,-33.7,13,16,0.38,280,12.6,12.408577687953823,-2.1879670386033174,45004
2026-04-01 11:43:51,114.2752,22.3241,418.8,7210.0,-15.1,-37.2,-33.8,13,16,0.38,280,12.6,12.408577687953823,-2.1879670386033174,45004
2026-04-01 11:43:53,114.2755,22.3241,418.4,7218.0,-15.2,-37.7,-34.3,13,15,0.36,280,12.7,12.507058463255042,-2.2053318563700106,45004
2026-04-01 11:43:55,114.2757,22.3241,417.9,7227.0,-15.3,-37.8,-34.5,13,15,0.35,280,12.8,12.605539238556265,-2.222696674136704,45004
2026-04-01 11:43:57,114.276,22.3241,417.3,7237.0,-15.4,-37.6,-34.2,13,15,0.36,280,13.0,12.802500789158707,-2.2574263096700897,45004
2026-04-01 11:43:59,114.2762,22.324,416.8,7245.0,-15.5,-37.8,-34.4,13,15,0.36,280,13.1,12.900981564459926,-2.2747911274367825,45004
2026-04-01 11:44:01,114.2764,22.324,416.3,7255.0,-15.6,-38.0,-34.6,13,15,0.35,280,13.2,12.999462339761147,-2.2921559452034757,45004
2026-04-01 11:44:03,114.2767,22.3239,415.7,7267.0,-15.7,-38.1,-34.7,13,15,0.35,281,13.4,13.153804258198695,-2.5568405380457047,45004
2026-04-01 11:44:05,114.2769,22.3239,415.0,7280.0,-15.8,-38.3,-34.9,13,15,0.34,281,13.5,13.251966976543462,-2.575921437583359,45004
2026-04-01 11:44:07,114.2772,22.3238,414.3,7291.0,-15.9,-38.5,-35.1,12,15,0.33,281,13.6,13.350129694888228,-2.5950023371210134,45004
2026-04-01 11:44:09,114.2775,22.3237,413.8,7301.0,-16.0,-38.5,-35.1,13,15,0.33,282,13.8,13.498436890126518,-2.8691813332850806,45004
2026-04-01 11:44:11,114.2777,22.3237,413.2,7311.0,-16.1,-38.5,-35.1,13,15,0.33,282,13.9,13.596251650199898,-2.8899725023668563,45004
2026-04-01 11:44:13,114.278,22.3236,412.6,7323.0,-16.2,-38.4,-35.0,13,15,0.34,282,14.0,13.694066410273278,-2.9107636714486325,45004
2026-04-01 11:44:15,114.2782,22.3236,411.9,7336.0,-16.3,-38.6,-35.2,13,15,0.33,282,14.1,13.791881170346658,-2.931554840530408,45004
2026-04-01 11:44:17,114.2785,22.3236,411.2,7348.0,-16.4,-38.7,-35.3,13,15,0.33,283,14.2,13.83605491995034,-3.1943049716828815,45004
2026-04-01 11:44:19,114.2788,22.3235,410.6,7360.0,-16.3,-38.5,-35.1,13,15,0.34,283,14.2,13.83605491995034,-3.1943049716828815,45004
2026-04-01 11:44:21,114.2791,22.3235,410.0,7370.0,-16.3,-38.5,-35.1,13,15,0.34,283,14.3,13.933491926428864,-3.2168000771172687,45004
2026-04-01 11:44:23,114.2794,22.3234,409.3,7382.0,-16.4,-38.6,-35.2,13,15,0.33,283,14.4,14.030928932907388,-3.239295182551655,45004
2026-04-01 11:44:25,114.2797,22.3233,408.7,7393.0,-16.5,-38.7,-35.3,13,15,0.33,283,14.4,14.030928932907388,-3.239295182551655,45004
2026-04-01 11:44:27,114.2799,22.3233,408.2,7403.0,-16.5,-38.4,-35.0,13,15,0.34,283,14.4,14.030928932907388,-3.239295182551655,45004
2026-04-01 11:44:29,114.2801,22.3232,407.8,7411.0,-16.5,-38.1,-34.7,14,16,0.35,283,14.5,14.128365939385912,-3.261790287986041,45004
2026-04-01 11:44:31,114.2804,22.3231,407.3,7419.0,-16.6,-37.9,-34.5,14,16,0.36,283,14.5,14.128365939385912,-3.261790287986041,45004
2026-04-01 11:44:33,114.2807,22.3231,406.9,7427.0,-16.6,-37.9,-34.5,14,17,0.36,283,14.5,14.128365939385912,-3.261790287986041,45004
2026-04-01 11:44:35,114.281,22.323,406.4,7436.0,-16.7,-37.9,-34.5,14,17,0.36,283,14.5,14.128365939385912,-3.261790287986041,45004
2026-04-01 11:44:37,114.2813,22.3229,405.9,7446.0,-16.8,-37.8,-34.4,14,17,0.37,282,14.5,14.18314021064018,-3.0147195168575123,45004
2026-04-01 11:44:39,114.2816,22.3228,405.4,7456.0,-16.8,-37.8,-34.4,15,17,0.37,282,14.5,14.18314021064018,-3.0147195168575123,45004
2026-04-01 11:44:41,114.2818,22.3228,404.8,7466.0,-16.9,-37.8,-34.4,15,17,0.37,281,14.5,14.233594159991126,-2.7667304329599043,45004
2026-04-01 11:44:43,114.2821,22.3228,404.3,7476.0,-17.0,-37.6,-34.3,15,18,0.37,280,14.5,14.279712418677018,-2.5178985761704844,45004
2026-04-01 11:44:45,114.2824,22.3227,403.7,7487.0,-17.0,-37.4,-34.1,15,18,0.38,279,14.5,14.321480938629497,-2.268299743083345,45004
2026-04-01 11:44:47,114.2826,22.3227,403.0,7499.0,-17.1,-37.4,-34.1,15,18,0.38,278,14.5,14.358886996752771,-2.0180099639209494,45004
2026-04-01 11:44:49,114.2829,22.3226,402.3,7512.0,-17.2,-36.9,-33.6,16,19,0.4,276,14.6,14.520019672376792,-1.5261155637077335,45004
2026-04-01 11:44:51,114.2832,22.3225,401.6,7525.0,-17.3,-33.3,-30.2,24,28,0.57,275,14.6,14.544442592139484,-1.2724738441158052,45004
2026-04-01 11:44:53,114.2835,22.3226,401.0,7537.0,-17.5,-29.6,-26.8,34,40,0.82,274,14.6,14.564435133793435,-1.0184445166642282,45004
2026-04-01 11:44:55,114.2838,22.3226,400.5,7546.0,-17.5,-29.9,-27.1,33,39,0.8,273,14.6,14.579991207416777,-0.7641049611469816,45004
2026-04-01 11:44:57,114.2841,22.3227,400.0,7555.0,-17.6,-30.8,-27.9,31,37,0.74,273,14.6,14.579991207416777,-0.7641049611469816,45004
2026-04-01 11:44:59,114.2844,22.3227,399.4,7566.0,-17.7,-31.4,-28.4,29,35,0.7,271,14.6,14.597776349283313,-0.2548051339843337,45004
2026-04-01 11:45:01,114.2847,22.3227,398.8,7577.0,-17.8,-31.8,-28.8,29,34,0.67,270,14.6,14.6,2.6819764901327035e-15,45004
2026-04-01 11:45:03,114.285,22.3227,398.3,7587.0,-17.9,-31.4,-28.4,30,36,0.7,269,14.6,14.597776349283313,0.25480513398433907,45004
2026-04-01 11:45:05,114.2853,22.3227,397.7,7598.0,-18.0,-29.8,-27.0,35,42,0.81,269,14.6,14.597776349283313,0.25480513398433907,45004
2026-04-01 11:45:07,114.2856,22.3227,397.1,7609.0,-18.1,-29.1,-26.3,38,45,0.87,268,14.6,14.591106074478798,0.5095326518565111,45004
2026-04-01 11:45:09,114.2858,22.3227,396.7,7617.0,-18.2,-29.5,-26.7,37,44,0.84,268,14.7,14.691045157180707,0.5130226015267612,45004
2026-04-01 11:45:11,114.286,22.3228,396.3,7624.0,-18.3,-28.6,-25.9,40,48,0.91,268,14.7,14.691045157180707,0.5130226015267612,45004
2026-04-01 11:45:13,114.2863,22.3228,395.8,7634.0,-18.4,-27.7,-25.0,44,53,1.0,268,14.7,14.691045157180707,0.5130226015267612,45004
2026-04-01 11:45:15,114.2866,22.3227,395.1,7647.0,-18.6,-27.1,-24.5,47,56,1.05,268,14.7,14.691045157180707,0.5130226015267612,45004
2026-04-01 11:45:17,114.287,22.3227,394.4,7660.0,-18.7,-26.8,-24.2,49,59,1.09,269,14.7,14.697761118798951,0.2565503746280674,45004
2026-04-01 11:45:19,114.2873,22.3227,393.8,7671.0,-18.8,-26.8,-24.2,49,59,1.09,269,14.8,14.79774588831459,0.2582956152717958,45004
2026-04-01 11:45:21,114.2875,22.3228,393.3,7681.0,-18.9,-27.3,-24.6,47,57,1.04,269,14.8,14.79774588831459,0.2582956152717958,45004
2026-04-01 11:45:23,114.2878,22.3228,392.8,7691.0,-18.9,-27.4,-24.8,47,57,1.03,269,14.8,14.79774588831459,0.2582956152717958,45004
2026-04-01 11:45:25,114.288,22.3228,392.2,7703.0,-19.1,-28.0,-25.3,45,54,0.98,269,14.8,14.79774588831459,0.2582956152717958,45004
2026-04-01 11:45:27,114.2884,22.3228,391.7,7711.0,-19.2,-28.1,-25.4,45,54,0.97,269,14.8,14.79774588831459,0.2582956152717958,45004
2026-04-01 11:45:29,114.2887,22.3227,391.4,7718.0,-19.2,-27.8,-25.1,47,56,1.0,269,14.8,14.79774588831459,0.2582956152717958,45004
2026-04-01 11:45:31,114.289,22.3227,390.8,7728.0,-19.3,-27.2,-24.5,50,60,1.06,269,14.8,14.79774588831459,0.2582956152717958,45004
2026-04-01 11:45:33,114.2893,22.3227,390.1,7741.0,-19.4,-26.5,-24.0,53,64,1.12,269,14.8,14.79774588831459,0.2582956152717958,45004
2026-04-01 11:45:35,114.2896,22.3228,389.4,7755.0,-19.6,-24.9,-22.4,63,76,1.3,268,14.7,14.691045157180707,0.5130226015267612,45004
2026-04-01 11:45:37,114.2899,22.3228,388.7,7768.0,-19.7,-23.3,-21.0,73,88,1.5,268,14.7,14.691045157180707,0.5130226015267612,45004
2026-04-01 11:45:39,114.2901,22.3228,388.1,7780.0,-19.8,-23.2,-20.9,74,90,1.52,268,14.6,14.591106074478798,0.5095326518565111,45004
2026-04-01 11:45:41,114.2904,22.3228,387.6,7789.0,-19.9,-23.4,-21.1,74,89,1.5,267,14.5,14.48012825394132,0.7588713655226924,45004
2026-04-01 11:45:43,114.2906,22.3228,387.1,7799.0,-20.0,-23.1,-20.8,76,93,1.54,267,14.5,14.48012825394132,0.7588713655226924,45004
2026-04-01 11:45:45,114.291,22.3229,386.6,7810.0,-20.1,-22.7,-20.5,79,96,1.59,267,14.4,14.380265300465863,0.753637769898398,45004
2026-04-01 11:45:47,114.2912,22.3229,386.0,7821.0,-20.2,-22.5,-20.3,81,99,1.63,266,14.4,14.36492232374147,1.0044932219154084,45004
2026-04-01 11:45:49,114.2915,22.3229,385.5,7831.0,-20.2,-22.4,-20.2,83,101,1.65,266,14.4,14.36492232374147,1.0044932219154084,45004
2026-04-01 11:45:51,114.2918,22.3229,384.9,7841.0,-20.3,-22.5,-20.3,82,100,1.63,266,14.5,14.464678728767451,1.0114688692898208,45004
2026-04-01 11:45:53,114.292,22.323,384.3,7853.0,-20.4,-22.6,-20.4,82,100,1.62,265,14.5,14.44482312233031,1.2637582698410446,45004
2026-04-01 11:45:55,114.2923,22.323,383.8,7863.0,-20.4,-22.8,-20.5,81,99,1.6,265,14.6,14.544442592139484,1.2724738441158103,45004
2026-04-01 11:45:57,114.2925,22.323,383.2,7874.0,-20.5,-23.4,-21.1,78,95,1.52,265,14.7,14.64406206194866,1.281189418390576,45004
2026-04-01 11:45:59,114.2928,22.323,382.7,7884.0,-20.5,-23.2,-20.9,79,96,1.54,264,14.9,14.818376240987273,1.557474102688035,45004
2026-04-01 11:46:01,114.2932,22.323,382.1,7895.0,-20.6,-23.2,-20.9,79,97,1.55,264,15.0,14.917828430524102,1.5679269490148005,45004
2026-04-01 11:46:03,114.2935,22.323,381.5,7907.0,-20.7,-23.5,-21.2,78,95,1.5,264,15.2,15.116732809597755,1.588832641668331,45004
2026-04-01 11:46:05,114.2938,22.3231,380.8,7921.0,-20.7,-24.0,-21.6,75,91,1.44,264,15.3,15.216184999134583,1.5992854879950964,45004
2026-04-01 11:46:07,114.2941,22.3231,380.1,7935.0,-20.6,-24.6,-22.2,70,86,1.37,263,15.5,15.384465350440493,1.8889748227797811,45004
2026-04-01 11:46:09,114.2944,22.3232,379.5,7946.0,-20.6,-24.9,-22.4,69,84,1.34,263,15.7,15.582974580768756,1.9133486914608104,45004
2026-04-01 11:46:11,114.2947,22.3232,379.1,7955.0,-20.7,-24.9,-22.4,69,84,1.34,263,15.9,15.781483811097022,1.93772256014184,45004
2026-04-01 11:46:13,114.295,22.3233,378.7,7962.0,-20.7,-25.0,-22.6,68,84,1.32,263,16.0,15.880738426261154,1.9499094944823547,45004
2026-04-01 11:46:15,114.2953,22.3234,378.3,7970.0,-20.8,-25.0,-22.6,69,84,1.33,263,16.2,16.079247656589416,1.974283363163384,45004
2026-04-01 11:46:17,114.2956,22.3234,377.9,7978.0,-20.9,-25.0,-22.5,69,85,1.33,264,16.3,16.210706894502856,1.70381395126275,45004
2026-04-01 11:46:19,114.2959,22.3234,377.5,7986.0,-20.9,-25.5,-23.0,66,81,1.27,264,16.5,16.409611273576513,1.7247196439162804,45004
2026-04-01 11:46:21,114.2962,22.3234,377.1,7993.0,-20.8,-26.9,-24.2,59,72,1.13,264,16.6,16.50906346311334,1.7351724902430459,45004
2026-04-01 11:46:23,114.2966,22.3234,376.7,8001.0,-20.9,-27.5,-24.8,55,68,1.06,265,16.8,16.736070927941327,1.4642164781606586,45004
2026-04-01 11:46:25,114.297,22.3235,376.1,8013.0,-20.9,-28.0,-25.3,53,65,1.01,265,16.9,16.835690397750497,1.4729320524354244,45004
2026-04-01 11:46:27,114.2973,22.3235,375.6,8023.0,-20.9,-28.4,-25.6,51,63,0.98,266,17.1,17.058345259442994,1.1928357010245476,45004
2026-04-01 11:46:29,114.2976,22.3235,375.1,8033.0,-21.0,-28.4,-25.7,51,63,0.98,266,17.3,17.257858069494958,1.2067869957733726,45004
2026-04-01 11:46:31,114.2979,22.3235,374.6,8043.0,-21.1,-28.4,-25.7,52,64,0.98,266,17.4,17.35761447452094,1.213762643147785,45004
2026-04-01 11:46:33,114.2982,22.3235,374.0,8055.0,-21.2,-28.4,-25.7,52,64,0.98,267,17.6,17.5758798116805,0.9211128298758199,45004
2026-04-01 11:46:35,114.2986,22.3235,373.4,8066.0,-21.3,-28.5,-25.8,52,64,0.98,267,17.7,17.675742765155956,0.9263464255001141,45004
2026-04-01 11:46:37,114.2989,22.3235,372.8,8077.0,-21.4,-28.6,-25.9,52,64,0.97,267,17.9,17.87546867210687,0.936813616748703,45004
2026-04-01 11:46:39,114.2993,22.3235,372.2,8090.0,-21.5,-28.7,-26.0,52,64,0.96,267,18.1,18.075194579057786,0.947280807997292,45004
2026-04-01 11:46:41,114.2996,22.3235,371.6,8102.0,-21.6,-29.0,-26.2,51,63,0.94,267,18.2,18.17505753253324,0.9525144036215863,45004
2026-04-01 11:46:43,114.3,22.3236,370.9,8115.0,-21.7,-29.4,-26.6,50,62,0.91,267,18.4,18.37478343948416,0.9629815948701752,45004
2026-04-01 11:46:45,114.3004,22.3237,370.4,8125.0,-21.8,-29.6,-26.7,49,61,0.89,267,18.5,18.474646392959617,0.9682151904944697,45004
2026-04-01 11:46:47,114.3008,22.3237,370.1,8131.0,-21.9,-29.9,-27.1,48,59,0.86,268,18.7,18.68860846525709,0.6526205883367642,45004
2026-04-01 11:46:49,114.3012,22.3237,369.8,8137.0,-21.9,-30.1,-27.2,48,59,0.85,268,18.8,18.788547547959002,0.6561105380070144,45004
2026-04-01 11:46:51,114.3015,22.3237,369.4,8146.0,-22.0,-30.5,-27.7,46,57,0.82,268,19.0,18.98842571336282,0.6630904373475145,45004
2026-04-01 11:46:53,114.3019,22.3237,368.7,8158.0,-22.0,-31.5,-28.5,42,52,0.75,268,19.1,19.08836479606473,0.6665803870177646,45004
2026-04-01 11:46:55,114.3022,22.3237,368.1,8170.0,-22.1,-31.7,-28.7,42,52,0.73,269,19.2,19.19707574700271,0.3350862035958431,45004
2026-04-01 11:46:57,114.3026,22.3237,367.6,8181.0,-22.2,-31.8,-28.8,42,52,0.73,269,19.3,19.297060516518354,0.3368314442395715,45004
2026-04-01 11:46:59,114.303,22.3237,367.1,8191.0,-22.3,-32.0,-29.0,41,51,0.72,269,19.5,19.49703005554963,0.3403219255270282,45004
2026-04-01 11:47:01,114.3033,22.3238,366.6,8201.0,-22.4,-32.3,-29.3,40,50,0.69,270,19.6,19.6,3.600461589493218e-15,45004
2026-04-01 11:47:03,114.3037,22.3237,366.1,8212.0,-22.5,-32.7,-29.7,39,49,0.67,270,19.7,19.7,3.618831291480429e-15,45004
2026-04-01 11:47:05,114.3041,22.3237,365.6,8222.0,-22.5,-33.0,-29.9,38,47,0.65,270,19.8,19.8,3.637200993467639e-15,45004
2026-04-01 11:47:07,114.3045,22.3237,365.0,8234.0,-22.6,-33.2,-30.2,37,47,0.64,270,19.8,19.8,3.637200993467639e-15,45004
2026-04-01 11:47:09,114.3049,22.3236,364.4,8246.0,-22.7,-33.5,-30.4,37,46,0.62,270,19.9,19.9,3.655570695454849e-15,45004
2026-04-01 11:47:11,114.3053,22.3236,363.9,8256.0,-22.8,-33.8,-30.7,36,45,0.61,270,20.0,20.0,3.673940397442059e-15,45004
2026-04-01 11:47:13,114.3058,22.3236,363.5,8263.0,-22.8,-33.9,-30.8,36,44,0.6,269,20.0,19.996953903127825,0.3490481287456699,45004
2026-04-01 11:47:15,114.3062,22.3236,363.2,8270.0,-22.9,-33.8,-30.7,36,45,0.6,269,20.0,19.996953903127825,0.3490481287456699,45004
2026-04-01 11:47:17,114.3065,22.3237,362.8,8277.0,-22.9,-33.8,-30.7,36,46,0.61,269,20.0,19.996953903127825,0.3490481287456699,45004
2026-04-01 11:47:19,114.3069,22.3237,362.5,8284.0,-23.0,-33.7,-30.6,37,46,0.61,268,19.9,19.887877457680005,0.6944999843797651,45004
2026-04-01 11:47:21,114.3072,22.3237,362.0,8293.0,-23.1,-33.7,-30.6,37,47,0.62,268,19.9,19.887877457680005,0.6944999843797651,45004
2026-04-01 11:47:23,114.3076,22.3238,361.5,8304.0,-23.2,-33.8,-30.7,37,47,0.61,268,19.8,19.787938374978097,0.691010034709515,45004
2026-04-01 11:47:25,114.308,22.3238,361.0,8314.0,-23.3,-33.8,-30.7,38,47,0.61,267,19.8,19.772864788140563,1.0362519336102973,45004
2026-04-01 11:47:27,114.3084,22.3238,360.6,8323.0,-23.3,-33.6,-30.5,39,48,0.62,267,19.7,19.673001834665104,1.0310183379860027,45004
2026-04-01 11:47:29,114.3088,22.3238,360.1,8332.0,-23.4,-33.1,-30.1,41,51,0.65,267,19.6,19.57313888118965,1.0257847423617086,45004
2026-04-01 11:47:31,114.3092,22.3238,359.6,8342.0,-23.5,-32.4,-29.4,44,55,0.7,267,19.6,19.57313888118965,1.0257847423617086,45004
2026-04-01 11:47:33,114.3096,22.3238,359.1,8352.0,-23.6,-31.9,-28.9,47,59,0.74,267,19.6,19.57313888118965,1.0257847423617086,45004
2026-04-01 11:47:35,114.3099,22.3239,358.6,8362.0,-23.7,-31.3,-28.3,50,63,0.78,267,19.6,19.57313888118965,1.0257847423617086,45004
2026-04-01 11:47:37,114.3103,22.3239,358.1,8373.0,-23.8,-30.6,-27.7,54,68,0.84,267,19.6,19.57313888118965,1.0257847423617086,45004
2026-04-01 11:47:39,114.3106,22.3239,357.6,8383.0,-23.9,-30.3,-27.5,55,70,0.86,268,19.6,19.588060209574277,0.6840301353690149,45004
2026-04-01 11:47:41,114.311,22.324,357.1,8394.0,-24.0,-30.3,-27.5,56,71,0.86,268,19.7,19.687999292276185,0.687520085039265,45004
2026-04-01 11:47:43,114.3114,22.324,356.5,8406.0,-24.1,-30.4,-27.5,56,71,0.86,268,19.8,19.787938374978097,0.691010034709515,45004
2026-04-01 11:47:45,114.3118,22.324,355.9,8418.0,-24.2,-30.5,-27.6,56,71,0.85,269,20.0,19.996953903127825,0.3490481287456699,45004
2026-04-01 11:47:47,114.3122,22.324,355.4,8428.0,-24.3,-30.2,-27.3,58,73,0.88,269,20.2,20.196923442159104,0.35253861003312664,45004
2026-04-01 11:47:49,114.3125,22.324,354.9,8438.0,-24.3,-30.9,-28.0,54,68,0.82,270,20.3,20.3,3.7290495034036905e-15,45004
2026-04-01 11:47:51,114.3129,22.324,354.4,8449.0,-24.1,-33.2,-30.1,43,55,0.66,270,20.5,20.5,3.7657889073781105e-15,45004
2026-04-01 11:47:53,114.3133,22.3239,353.9,8459.0,-24.1,-33.7,-30.6,41,52,0.63,270,20.7,20.7,3.8025283113525314e-15,45004
2026-04-01 11:47:55,114.3138,22.3239,353.5,8468.0,-24.1,-33.7,-30.6,41,51,0.63,270,20.8,20.8,3.820898013339742e-15,45004
2026-04-01 11:47:57,114.3142,22.3239,352.9,8479.0,-24.1,-33.2,-30.1,43,54,0.66,271,20.9,20.896816828768575,-0.3647552945392174,45004
2026-04-01 11:47:59,114.3147,22.3239,352.4,8490.0,-24.1,-33.5,-30.4,42,53,0.64,271,21.0,20.996801598284218,-0.36650053518294573,45004
2026-04-01 11:48:01,114.3151,22.3239,351.9,8501.0,-24.0,-35.2,-32.0,35,44,0.55,271,21.1,21.096786367799858,-0.36824577582667406,45004
2026-04-01 11:48:03,114.3155,22.3239,351.4,8511.0,-24.0,-36.4,-33.2,31,39,0.48,271,21.1,21.096786367799858,-0.36824577582667406,45004
2026-04-01 11:48:05,114.3159,22.3239,351.0,8520.0,-24.0,-36.7,-33.4,30,38,0.47,271,21.1,21.096786367799858,-0.36824577582667406,45004
2026-04-01 11:48:07,114.3163,22.3239,350.5,8528.0,-24.0,-36.7,-33.4,30,38,0.47,271,21.0,20.996801598284218,-0.36650053518294573,45004
2026-04-01 11:48:09,114.3167,22.3239,350.1,8537.0,-24.1,-36.8,-33.5,30,38,0.47,271,21.0,20.996801598284218,-0.36650053518294573,45004
2026-04-01 11:48:11,114.3171,22.3239,349.6,8547.0,-24.2,-36.8,-33.5,30,38,0.47,271,20.9,20.896816828768575,-0.3647552945392174,45004
2026-04-01 11:48:13,114.3175,22.3239,349.2,8557.0,-24.3,-36.8,-33.5,30,39,0.47,271,20.8,20.79683205925294,-0.3630100538954891,45004
2026-04-01 11:48:15,114.3179,22.3239,348.6,8569.0,-24.4,-36.8,-33.5,31,39,0.47,271,20.7,20.6968472897373,-0.3612648132517608,45004
2026-04-01 11:48:17,114.3183,22.3238,348.0,8581.0,-24.5,-36.8,-33.5,31,40,0.47,271,20.6,20.596862520221663,-0.3595195726080325,45004
2026-04-01 11:48:19,114.3187,22.3238,347.4,8594.0,-24.6,-36.7,-33.4,32,40,0.48,271,20.5,20.49687775070602,-0.3577743319643042,45004
2026-04-01 11:48:21,114.3191,22.3238,346.8,8606.0,-24.7,-36.7,-33.4,32,41,0.48,271,20.4,20.39689298119038,-0.3560290913205758,45004
2026-04-01 11:48:23,114.3195,22.3238,346.3,8616.0,-24.8,-36.8,-33.5,32,41,0.47,271,20.3,20.296908211674744,-0.35428385067684753,45004
2026-04-01 11:48:25,114.3199,22.3238,345.9,8626.0,-24.9,-36.9,-33.6,32,40,0.47,271,20.2,20.196923442159104,-0.3525386100331192,45004
2026-04-01 11:48:27,114.3203,22.3238,345.5,8635.0,-24.9,-37.0,-33.7,32,41,0.47,271,20.1,20.096938672643464,-0.35079336938939093,45004
2026-04-01 11:48:29,114.3207,22.3238,345.0,8645.0,-25.0,-36.9,-33.6,32,41,0.47,271,20.0,19.996953903127825,-0.3490481287456626,45004
2026-04-01 11:48:31,114.3211,22.3238,344.5,8656.0,-25.1,-36.9,-33.6,33,42,0.47,271,19.9,19.896969133612185,-0.34730288810193427,45004
2026-04-01 11:48:33,114.3215,22.3238,343.9,8668.0,-25.3,-36.9,-33.6,33,42,0.47,272,19.8,19.787938374978097,-0.6910100347095254,45004
2026-04-01 11:48:35,114.3218,22.3238,343.4,8678.0,-25.4,-37.0,-33.7,33,42,0.47,272,19.7,19.687999292276185,-0.6875200850392752,45004
2026-04-01 11:48:37,114.3222,22.3237,343.0,8687.0,-25.4,-37.0,-33.7,33,42,0.47,272,19.6,19.588060209574277,-0.6840301353690251,45004
2026-04-01 11:48:39,114.3226,22.3237,342.5,8697.0,-25.5,-37.1,-33.7,33,43,0.47,272,19.5,19.488121126872368,-0.680540185698775,45004
2026-04-01 11:48:41,114.3229,22.3238,342.0,8707.0,-25.6,-37.1,-33.8,33,43,0.47,272,19.4,19.388182044170456,-0.6770502360285248,45004
2026-04-01 11:48:43,114.3233,22.3238,341.5,8718.0,-25.7,-37.0,-33.7,34,44,0.47,273,19.3,19.273550020763274,-1.0100839554888181,45004
2026-04-01 11:48:45,114.3237,22.3237,341.0,8729.0,-25.8,-37.0,-33.7,34,44,0.47,273,19.3,19.273550020763274,-1.0100839554888181,45004
2026-04-01 11:48:47,114.324,22.3237,340.5,8741.0,-25.9,-37.0,-33.7,35,45,0.47,273,19.2,19.173687067287815,-1.0048503598645238,45004
2026-04-01 11:48:49,114.3244,22.3237,340.0,8750.0,-26.0,-37.1,-33.8,35,45,0.47,274,19.2,19.153229764988627,-1.3393242958872043,45004
2026-04-01 11:48:51,114.3247,22.3236,339.6,8759.0,-26.1,-37.0,-33.7,35,45,0.47,274,19.2,19.153229764988627,-1.3393242958872043,45004
2026-04-01 11:48:53,114.3251,22.3236,339.2,8768.0,-26.2,-36.9,-33.6,36,46,0.48,275,19.2,19.126938203361515,-1.6733902607550315,45004
2026-04-01 11:48:55,114.3255,22.3236,338.8,8776.0,-26.2,-37.1,-33.8,35,46,0.47,275,19.2,19.126938203361515,-1.6733902607550315,45004
2026-04-01 11:48:57,114.3259,22.3236,338.4,8783.0,-26.3,-37.0,-33.7,36,46,0.47,276,19.2,19.094820391070847,-2.006946494738937,45004
2026-04-01 11:48:59,114.3263,22.3236,338.1,8791.0,-26.4,-36.9,-33.6,36,47,0.48,276,19.3,19.194272580607677,-2.0173993410657025,45004
2026-04-01 11:49:01,114.3267,22.3235,337.7,8799.0,-26.4,-36.8,-33.5,37,48,0.48,277,19.3,19.156140726677513,-2.3520783277193504,45004
2026-04-01 11:49:03,114.327,22.3234,337.3,8809.0,-26.5,-36.8,-33.5,37,48,0.49,277,19.4,19.255395341841645,-2.364265262059865,45004
2026-04-01 11:49:05,114.3274,22.3234,336.9,8817.0,-26.5,-36.9,-33.6,37,48,0.48,277,19.5,19.35464995700578,-2.37645219640038,45004
2026-04-01 11:49:07,114.3278,22.3233,336.4,8826.0,-26.5,-37.2,-33.8,36,47,0.47,278,19.5,19.31022734046062,-2.7138754687212767,45004
2026-04-01 11:49:09,114.3281,22.3233,335.9,8838.0,-26.5,-37.5,-34.2,35,45,0.45,278,19.6,19.40925414733478,-2.727792778817283,45004
2026-04-01 11:49:11,114.3285,22.3232,335.4,8848.0,-26.6,-38.0,-34.6,33,43,0.43,278,19.7,19.508280954208935,-2.7417100889132895,45004
2026-04-01 11:49:13,114.3288,22.3232,335.0,8858.0,-26.7,-38.0,-34.6,34,44,0.43,278,19.8,19.607307761083092,-2.7556273990092963,45004
2026-04-01 11:49:15,114.3292,22.3231,334.6,8866.0,-26.7,-37.9,-34.6,34,44,0.44,278,19.8,19.607307761083092,-2.7556273990092963,45004
2026-04-01 11:49:17,114.3296,22.323,334.2,8875.0,-26.8,-37.9,-34.6,34,44,0.44,278,19.9,19.70633456795725,-2.7695447091053027,45004
2026-04-01 11:49:19,114.33,22.323,333.8,8884.0,-26.9,-38.1,-34.7,34,44,0.43,278,19.9,19.70633456795725,-2.7695447091053027,45004
2026-04-01 11:49:21,114.3304,22.323,333.3,8894.0,-27.0,-38.3,-34.9,33,43,0.42,278,20.0,19.805361374831406,-2.783462019201309,45004
2026-04-01 11:49:23,114.3308,22.3229,332.8,8905.0,-27.0,-38.7,-35.3,32,42,0.41,279,20.0,19.753766811902757,-3.1286893008046137,45004
2026-04-01 11:49:25,114.3312,22.3229,332.2,8917.0,-27.1,-39.1,-35.6,31,41,0.39,279,20.0,19.753766811902757,-3.1286893008046137,45004
2026-04-01 11:49:27,114.3316,22.3228,331.8,8927.0,-27.2,-39.5,-36.0,30,39,0.38,279,20.0,19.753766811902757,-3.1286893008046137,45004
2026-04-01 11:49:29,114.332,22.3228,331.3,8938.0,-27.2,-39.8,-36.3,29,38,0.36,279,19.9,19.65499797784324,-3.1130458543005903,45004
2026-04-01 11:49:31,114.3324,22.3228,330.7,8950.0,-27.3,-40.3,-36.7,28,37,0.35,280,19.9,19.59767428494294,-3.455598735571906,45004
2026-04-01 11:49:33,114.3328,22.3227,330.2,8962.0,-27.4,-40.9,-37.4,27,35,0.33,280,19.9,19.59767428494294,-3.455598735571906,45004
2026-04-01 11:49:35,114.3331,22.3226,329.7,8972.0,-27.4,-41.3,-37.7,26,34,0.31,281,19.8,19.436218232263744,-3.7780181084555933,45004
2026-04-01 11:49:37,114.3335,22.3225,329.4,8979.0,-27.5,-41.5,-37.9,25,33,0.31,281,19.8,19.436218232263744,-3.7780181084555933,45004
2026-04-01 11:49:39,114.3338,22.3224,329.0,8988.0,-27.5,-41.5,-37.9,25,33,0.31,281,19.8,19.436218232263744,-3.7780181084555933,45004
2026-04-01 11:49:41,114.3342,22.3223,328.5,8999.0,-27.6,-41.7,-38.1,25,33,0.3,282,19.8,19.36732249452935,-4.1166514781916375,45004
2026-04-01 11:49:43,114.3346,22.3222,328.0,9010.0,-27.7,-42.0,-38.4,24,32,0.29,282,19.8,19.36732249452935,-4.1166514781916375,45004
2026-04-01 11:49:45,114.335,22.3221,327.5,9020.0,-27.8,-42.0,-38.4,25,32,0.29,282,19.8,19.36732249452935,-4.1166514781916375,45004
2026-04-01 11:49:47,114.3353,22.322,327.0,9031.0,-27.9,-41.9,-38.3,25,33,0.3,282,19.8,19.36732249452935,-4.1166514781916375,45004
2026-04-01 11:49:49,114.3357,22.322,326.5,9042.0,-28.0,-42.1,-38.5,25,33,0.29,282,19.9,19.46513725460273,-4.137442647273413,45004
2026-04-01 11:49:51,114.3361,22.3219,326.0,9053.0,-28.1,-42.6,-38.9,24,31,0.28,282,20.0,19.56295201467611,-4.158233816355189,45004
2026-04-01 11:49:53,114.3364,22.3219,325.5,9064.0,-28.2,-42.7,-39.1,24,31,0.27,281,20.0,19.63254366895328,-3.816179907530902,45004
2026-04-01 11:49:55,114.3368,22.3218,325.0,9075.0,-28.3,-42.8,-39.1,24,31,0.27,281,20.1,19.730706387298046,-3.8352608070685568,45004
2026-04-01 11:49:57,114.3372,22.3217,324.6,9085.0,-28.4,-42.9,-39.2,24,31,0.27,281,20.1,19.730706387298046,-3.8352608070685568,45004
2026-04-01 11:49:59,114.3376,22.3217,324.1,9096.0,-28.5,-42.9,-39.3,24,31,0.27,281,20.2,19.82886910564281,-3.854341706606211,45004
2026-04-01 11:50:01,114.3381,22.3216,323.5,9109.0,-28.6,-42.9,-39.2,24,32,0.27,280,20.2,19.893116610846604,-3.5076931888719853,45004
2026-04-01 11:50:03,114.3385,22.3216,323.0,9120.0,-28.7,-42.9,-39.2,24,32,0.27,280,20.2,19.893116610846604,-3.5076931888719853,45004
2026-04-01 11:50:05,114.3388,22.3215,322.5,9131.0,-28.8,-43.0,-39.3,24,32,0.27,280,20.3,19.991597386147827,-3.5250580066386785,45004
2026-04-01 11:50:07,114.3392,22.3214,322.1,9140.0,-28.9,-43.1,-39.4,24,32,0.26,280,20.3,19.991597386147827,-3.5250580066386785,45004
2026-04-01 11:50:09,114.3395,22.3213,321.6,9150.0,-29.0,-43.1,-39.4,25,33,0.27,279,20.3,20.0500733140813,-3.175619640316683,45004
2026-04-01 11:50:11,114.3399,22.3213,321.1,9161.0,-29.1,-43.1,-39.4,25,33,0.27,279,20.3,20.0500733140813,-3.175619640316683,45004
2026-04-01 11:50:13,114.3403,22.3213,320.7,9171.0,-29.2,-43.2,-39.5,25,33,0.26,279,20.4,20.148842148140808,-3.1912630868207055,45004
2026-04-01 11:50:15,114.3407,22.3212,320.2,9182.0,-29.3,-43.1,-39.4,25,34,0.27,279,20.4,20.148842148140808,-3.1912630868207055,45004
2026-04-01 11:50:17,114.3411,22.3212,319.6,9194.0,-29.4,-43.1,-39.4,25,34,0.27,279,20.5,20.247610982200325,-3.206906533324729,45004
2026-04-01 11:50:19,114.3415,22.3211,319.1,9206.0,-29.5,-43.2,-39.5,25,34,0.26,278,20.5,20.300495409202192,-2.853048569681342,45004
2026-04-01 11:50:21,114.3419,22.3211,318.6,9217.0,-29.6,-43.3,-39.6,26,34,0.26,278,20.6,20.399522216076353,-2.8669658797773487,45004
2026-04-01 11:50:23,114.3423,22.3211,318.2,9226.0,-29.7,-43.3,-39.6,26,34,0.26,278,20.7,20.498549022950506,-2.880883189873355,45004
2026-04-01 11:50:25,114.3427,22.321,317.8,9236.0,-29.8,-43.3,-39.6,26,35,0.26,278,20.7,20.498549022950506,-2.880883189873355,45004
2026-04-01 11:50:27,114.3431,22.321,317.4,9245.0,-29.9,-43.3,-39.6,26,35,0.26,278,20.8,20.597575829824663,-2.894800499969362,45004
2026-04-01 11:50:29,114.3435,22.3209,317.0,9254.0,-30.0,-43.4,-39.7,26,35,0.26,278,20.9,20.69660263669882,-2.908717810065368,45004
2026-04-01 11:50:31,114.3439,22.3208,316.5,9264.0,-30.1,-43.4,-39.7,26,35,0.26,278,20.9,20.69660263669882,-2.908717810065368,45004
2026-04-01 11:50:33,114.3444,22.3208,316.1,9274.0,-30.2,-43.3,-39.6,27,36,0.26,278,21.0,20.795629443572977,-2.9226351201613747,45004
2026-04-01 11:50:35,114.3448,22.3207,315.7,9284.0,-30.3,-43.3,-39.7,27,36,0.26,277,21.0,20.84346918446776,-2.5592562115081012,45004
2026-04-01 11:50:37,114.3452,22.3207,315.2,9293.0,-30.4,-43.5,-39.8,27,36,0.26,277,21.0,20.84346918446776,-2.5592562115081012,45004
2026-04-01 11:50:39,114.3456,22.3207,314.8,9303.0,-30.5,-43.5,-39.8,27,36,0.26,277,21.0,20.84346918446776,-2.5592562115081012,45004
2026-04-01 11:50:41,114.346,22.3206,314.4,9312.0,-30.5,-43.6,-39.9,27,36,0.26,277,21.0,20.84346918446776,-2.5592562115081012,45004
2026-04-01 11:50:43,114.3464,22.3205,314.1,9320.0,-30.6,-43.7,-40.0,27,36,0.26,276,20.9,20.785507613196913,-2.1846448822939473,45004
2026-04-01 11:50:45,114.3468,22.3205,313.7,9328.0,-30.7,-43.9,-40.1,27,36,0.25,276,20.9,20.785507613196913,-2.1846448822939473,45004
2026-04-01 11:50:47,114.3472,22.3205,313.3,9337.0,-30.7,-44.1,-40.4,26,35,0.24,276,20.9,20.785507613196913,-2.1846448822939473,45004
2026-04-01 11:50:49,114.3476,22.3204,312.8,9347.0,-30.8,-44.3,-40.5,26,35,0.24,275,20.9,20.820469190117482,-1.8215550234260498,45004
2026-04-01 11:50:51,114.348,22.3204,312.4,9358.0,-30.9,-44.3,-40.5,26,35,0.24,275,20.8,20.72084972030831,-1.812839449151284,45004
2026-04-01 11:50:53,114.3484,22.3204,311.8,9371.0,-31.1,-44.2,-40.5,26,36,0.24,274,20.8,20.749332245404347,-1.4509346538778045,45004
2026-04-01 11:50:55,114.3488,22.3203,311.2,9385.0,-31.2,-44.3,-40.5,27,36,0.24,274,20.8,20.749332245404347,-1.4509346538778045,45004
2026-04-01 11:50:57,114.3492,22.3203,310.6,9397.0,-31.3,-44.5,-40.7,26,36,0.24,273,20.8,20.771494322895137,-1.0885878898532342,45004
2026-04-01 11:50:59,114.3496,22.3204,310.2,9408.0,-31.4,-44.6,-40.9,26,35,0.23,273,20.8,20.771494322895137,-1.0885878898532342,45004
2026-04-01 11:51:01,114.35,22.3204,309.7,9418.0,-31.5,-44.8,-41.1,26,35,0.23,273,20.8,20.771494322895137,-1.0885878898532342,45004
2026-04-01 11:51:03,114.3504,22.3204,309.3,9429.0,-31.6,-44.9,-41.2,26,35,0.23,272,20.8,20.787329201997192,-0.7259095314120266,45004
2026-04-01 11:51:05,114.3508,22.3203,308.8,9440.0,-31.7,-45.0,-41.2,26,35,0.22,272,20.7,20.68739011929528,-0.7224195817417765,45004
2026-04-01 11:51:07,114.3513,22.3203,308.3,9452.0,-31.8,-45.1,-41.3,26,35,0.22,272,20.7,20.68739011929528,-0.7224195817417765,45004
2026-04-01 11:51:09,114.3517,22.3203,307.7,9464.0,-31.9,-45.3,-41.5,25,35,0.22,272,20.6,20.587451036593375,-0.7189296320715265,45004
2026-04-01 11:51:11,114.352,22.3203,307.2,9477.0,-32.0,-45.4,-41.6,25,35,0.22,271,20.6,20.596862520221663,-0.3595195726080325,45004
2026-04-01 11:51:13,114.3524,22.3203,306.6,9489.0,-32.1,-45.4,-41.6,25,35,0.22,271,20.5,20.49687775070602,-0.3577743319643042,45004
2026-04-01 11:51:15,114.3528,22.3202,306.1,9501.0,-32.2,-45.5,-41.7,26,35,0.22,271,20.5,20.49687775070602,-0.3577743319643042,45004
2026-04-01 11:51:17,114.3532,22.3202,305.6,9513.0,-32.3,-45.5,-41.7,26,35,0.22,271,20.5,20.49687775070602,-0.3577743319643042,45004
2026-04-01 11:51:19,114.3536,22.3202,305.1,9525.0,-32.4,-45.5,-41.7,26,36,0.21,270,20.6,20.6,3.784158609365322e-15,45004
2026-04-01 11:51:21,114.3539,22.3202,304.5,9537.0,-32.5,-45.7,-41.9,26,35,0.21,270,20.6,20.6,3.784158609365322e-15,45004
2026-04-01 11:51:23,114.3543,22.3202,304.1,9548.0,-32.6,-45.9,-42.1,25,35,0.21,270,20.8,20.8,3.820898013339742e-15,45004
2026-04-01 11:51:25,114.3547,22.3203,303.7,9557.0,-32.6,-45.9,-42.1,25,35,0.21,269,21.0,20.996801598284218,0.36650053518295345,45004
2026-04-01 11:51:27,114.3551,22.3203,303.3,9566.0,-32.7,-46.0,-42.2,26,35,0.21,269,21.2,21.196771137315494,0.36999101647041016,45004
2026-04-01 11:51:29,114.3555,22.3203,302.9,9576.0,-32.8,-46.2,-42.3,25,35,0.2,269,21.4,21.39674067634677,0.3734814977578668,45004
2026-04-01 11:51:31,114.356,22.3204,302.4,9587.0,-32.9,-46.3,-42.5,25,35,0.2,269,21.7,21.69669498489369,0.37871721968905186,45004
2026-04-01 11:51:33,114.3564,22.3204,301.9,9600.0,-33.0,-46.3,-42.5,25,35,0.2,269,22.0,21.99664929344061,0.38395294162023696,45004
2026-04-01 11:51:35,114.3568,22.3204,301.3,9612.0,-33.1,-46.5,-42.6,25,35,0.2,270,22.4,22.4,4.114813245135106e-15,45004
2026-04-01 11:51:37,114.3573,22.3203,300.9,9622.0,-33.2,-47.1,-43.2,24,33,0.18,270,22.7,22.7,4.169922351096738e-15,45004
2026-04-01 11:51:39,114.3578,22.3203,300.5,9632.0,-33.1,-47.9,-44.0,21,30,0.17,271,23.0,22.996496988597,-0.401405348057512,45004
2026-04-01 11:51:41,114.3582,22.3203,300.0,9643.0,-33.1,-48.6,-44.6,20,28,0.16,272,23.5,23.48568443494875,-0.8201381725087801,45004
2026-04-01 11:51:43,114.3587,22.3203,299.7,9651.0,-33.1,-48.8,-44.8,19,27,0.15,272,23.5,23.48568443494875,-0.8201381725087801,45004
2026-04-01 11:51:45,114.3592,22.3203,299.2,9662.0,-33.2,-48.8,-44.9,20,27,0.15,272,23.7,23.68556260035257,-0.8271180718492803,45004
2026-04-01 11:51:47,114.3596,22.3203,298.7,9674.0,-33.3,-48.9,-44.9,20,27,0.15,273,23.9,23.867245880634314,-1.2508293542063602,45004
2026-04-01 11:51:49,114.3601,22.3203,298.2,9686.0,-33.3,-49.0,-45.1,19,27,0.15,273,24.0,23.967108834109773,-1.2560629498306546,45004
2026-04-01 11:51:51,114.3606,22.3202,297.7,9697.0,-33.4,-49.3,-45.3,19,26,0.15,274,24.1,24.041293611261768,-1.681131017233418,45004
2026-04-01 11:51:53,114.3611,22.3201,297.2,9709.0,-33.5,-49.4,-45.4,19,26,0.14,274,24.2,24.141050016287746,-1.6881066646078302,45004
2026-04-01 11:51:55,114.3616,22.3201,296.7,9720.0,-33.5,-49.3,-45.3,19,26,0.15,274,24.2,24.141050016287746,-1.6881066646078302,45004
2026-04-01 11:51:57,114.3621,22.32,296.3,9731.0,-33.6,-49.3,-45.3,19,27,0.15,274,24.3,24.24080642131373,-1.695082311982243,45004
2026-04-01 11:51:59,114.3625,22.32,295.7,9743.0,-33.7,-49.4,-45.4,19,27,0.14,275,24.3,24.20753116362942,-2.1178845487680866,45004
2026-04-01 11:52:01,114.3629,22.32,295.3,9755.0,-33.8,-49.5,-45.5,19,27,0.14,275,24.3,24.20753116362942,-2.1178845487680866,45004
2026-04-01 11:52:03,114.3634,22.3199,294.8,9766.0,-33.9,-49.5,-45.6,19,27,0.14,275,24.3,24.20753116362942,-2.1178845487680866,45004
2026-04-01 11:52:05,114.3639,22.3199,294.3,9777.0,-34.0,-49.5,-45.5,20,27,0.14,275,24.3,24.20753116362942,-2.1178845487680866,45004
2026-04-01 11:52:07,114.3644,22.3199,293.9,9788.0,-34.1,-49.5,-45.5,20,28,0.14,275,24.4,24.30715063343859,-2.126600123042852,45004
2026-04-01 11:52:09,114.3649,22.3199,293.4,9798.0,-34.2,-49.6,-45.6,20,28,0.14,275,24.4,24.30715063343859,-2.126600123042852,45004
2026-04-01 11:52:11,114.3653,22.3199,293.0,9808.0,-34.3,-49.4,-45.5,20,28,0.14,275,24.5,24.406770103247766,-2.135315697317618,45004
2026-04-01 11:52:13,114.3657,22.3198,292.6,9819.0,-34.4,-49.1,-45.1,21,30,0.15,275,24.5,24.406770103247766,-2.135315697317618,45004
2026-04-01 11:52:15,114.3662,22.3197,292.1,9830.0,-34.5,-48.9,-44.9,22,31,0.15,275,24.6,24.506389573056943,-2.144031271592384,45004
2026-04-01 11:52:17,114.3667,22.3197,291.6,9842.0,-34.6,-48.9,-44.9,22,31,0.16,275,24.7,24.606009042866113,-2.1527468458671497,45004
2026-04-01 11:52:19,114.3672,22.3197,291.2,9853.0,-34.7,-48.9,-45.0,22,31,0.15,275,24.8,24.70562851267529,-2.1614624201419157,45004
2026-04-01 11:52:21,114.3677,22.3196,290.7,9863.0,-34.8,-49.0,-45.0,22,31,0.15,275,24.9,24.805247982484463,-2.1701779944166812,45004
2026-04-01 11:52:23,114.3682,22.3196,290.3,9873.0,-34.9,-48.7,-44.7,23,33,0.16,275,25.0,24.90486745229364,-2.1788935686914472,45004
2026-04-01 11:52:25,114.3687,22.3196,289.9,9883.0,-34.9,-48.4,-44.4,24,34,0.17,275,25.2,25.104106391911987,-2.1963247172409788,45004
2026-04-01 11:52:27,114.3692,22.3195,289.4,9894.0,-35.0,-48.2,-44.3,25,35,0.17,275,25.3,25.203725861721164,-2.2050402915157448,45004
2026-04-01 11:52:29,114.3697,22.3195,289.0,9905.0,-35.1,-48.0,-44.0,26,37,0.17,275,25.4,25.303345331530334,-2.2137558657905103,45004
2026-04-01 11:52:31,114.3702,22.3194,288.6,9915.0,-35.2,-47.7,-43.8,27,38,0.18,275,25.6,25.502584271148688,-2.231187014340042,45004
2026-04-01 11:52:33,114.3706,22.3194,288.2,9924.0,-35.3,-47.7,-43.8,27,38,0.18,275,25.7,25.60220374095786,-2.239902588614808,45004
2026-04-01 11:52:35,114.3711,22.3193,287.8,9934.0,-35.4,-47.7,-43.8,27,39,0.18,275,25.9,25.80144268057621,-2.2573337371643394,45004
2026-04-01 11:52:37,114.3716,22.3193,287.3,9945.0,-35.5,-47.6,-43.7,28,39,0.18,275,26.1,26.00068162019456,-2.274764885713871,45004
2026-04-01 11:52:39,114.3721,22.3193,286.9,9956.0,-35.6,-47.4,-43.6,29,41,0.19,274,26.2,26.136178116807397,-1.8276196120960806,45004
2026-04-01 11:52:41,114.3727,22.3193,286.4,9967.0,-35.7,-47.5,-43.6,29,41,0.18,274,26.4,26.33569092685936,-1.8415709068449058,45004
2026-04-01 11:52:43,114.3732,22.3192,286.0,9977.0,-35.7,-47.7,-43.8,29,40,0.18,274,26.5,26.435447331885346,-1.8485465542193182,45004
2026-04-01 11:52:45,114.3737,22.3192,285.5,9989.0,-35.8,-47.8,-43.9,28,40,0.18,274,26.7,26.63496014193731,-1.8624978489681434,45004
2026-04-01 11:52:47,114.3742,22.3192,285.0,10003.0,-35.8,-47.9,-44.0,28,40,0.18,273,26.8,26.76327153142258,-1.4026036273108977,45004
2026-04-01 11:52:49,114.3748,22.3191,284.4,10016.0,-35.9,-47.8,-43.9,29,41,0.18,273,26.9,26.863134484898033,-1.407837222935192,45004
2026-04-01 11:52:51,114.3753,22.3191,283.9,10027.0,-36.0,-47.7,-43.8,29,42,0.18,273,27.0,26.962997438373492,-1.4130708185594865,45004
2026-04-01 11:52:53,114.3759,22.319,283.5,10038.0,-36.1,-47.7,-43.8,30,42,0.18,272,27.0,26.983552329515586,-0.9422864109675346,45004
2026-04-01 11:52:55,114.3764,22.319,283.1,10049.0,-36.2,-47.7,-43.8,30,42,0.18,272,27.0,26.983552329515586,-0.9422864109675346,45004
2026-04-01 11:52:57,114.3769,22.319,282.6,10061.0,-36.3,-47.5,-43.6,31,44,0.19,271,27.0,26.995887769222563,-0.4712149738066445,45004
2026-04-01 11:52:59,114.3774,22.319,282.1,10073.0,-36.4,-47.5,-43.6,31,44,0.19,271,27.0,26.995887769222563,-0.4712149738066445,45004
2026-04-01 11:53:01,114.3779,22.3191,281.6,10084.0,-36.4,-47.6,-43.7,31,44,0.19,271,26.9,26.895902999706923,-0.4694697331629162,45004
2026-04-01 11:53:03,114.3785,22.3191,281.2,10094.0,-36.5,-47.7,-43.8,31,44,0.18,270,26.9,26.9,4.941449834559569e-15,45004
2026-04-01 11:53:05,114.379,22.3191,280.8,10104.0,-36.6,-48.0,-44.1,30,43,0.18,270,26.8,26.8,4.92308013257236e-15,45004
2026-04-01 11:53:07,114.3795,22.3191,280.4,10114.0,-36.7,-48.2,-44.3,29,42,0.17,270,26.8,26.8,4.92308013257236e-15,45004
2026-04-01 11:53:09,114.38,22.3191,280.0,10125.0,-36.7,-48.2,-44.3,30,42,0.17,270,26.8,26.8,4.92308013257236e-15,45004
2026-04-01 11:53:11,114.3805,22.3191,279.5,10136.0,-36.8,-48.3,-44.3,30,42,0.17,270,26.7,26.7,4.904710430585149e-15,45004
2026-04-01 11:53:13,114.381,22.3191,279.1,10147.0,-36.8,-48.4,-44.5,29,42,0.17,270,26.7,26.7,4.904710430585149e-15,45004
2026-04-01 11:53:15,114.3815,22.3192,278.6,10158.0,-36.9,-48.4,-44.5,30,43,0.17,270,26.7,26.7,4.904710430585149e-15,45004
2026-04-01 11:53:17,114.382,22.3191,278.2,10168.0,-37.0,-48.3,-44.3,30,44,0.17,270,26.7,26.7,4.904710430585149e-15,45004
2026-04-01 11:53:19,114.3826,22.3191,277.9,10177.0,-37.2,-48.2,-44.2,31,45,0.18,270,26.7,26.7,4.904710430585149e-15,45004
2026-04-01 11:53:21,114.3831,22.3191,277.4,10188.0,-37.3,-47.9,-44.0,32,46,0.18,270,26.7,26.7,4.904710430585149e-15,45004
2026-04-01 11:53:23,114.3836,22.3191,276.9,10200.0,-37.3,-47.6,-43.7,34,48,0.19,270,26.7,26.7,4.904710430585149e-15,45004
2026-04-01 11:53:25,114.3842,22.3191,276.4,10214.0,-37.5,-47.8,-43.9,33,48,0.18,270,26.7,26.7,4.904710430585149e-15,45004
2026-04-01 11:53:27,114.3847,22.3191,275.9,10227.0,-37.6,-48.2,-44.3,32,47,0.18,270,26.7,26.7,4.904710430585149e-15,45004
2026-04-01 11:53:29,114.3852,22.3192,275.5,10237.0,-37.7,-48.2,-44.3,33,47,0.18,270,26.7,26.7,4.904710430585149e-15,45004
2026-04-01 11:53:31,114.3858,22.3192,275.0,10248.0,-37.8,-48.1,-44.2,33,48,0.18,270,26.7,26.7,4.904710430585149e-15,45004
2026-04-01 11:53:33,114.3863,22.3191,274.6,10260.0,-37.9,-48.2,-44.3,34,49,0.18,270,26.7,26.7,4.904710430585149e-15,45004
2026-04-01 11:53:35,114.3868,22.3191,274.1,10271.0,-38.0,-48.3,-44.4,33,48,0.18,270,26.8,26.8,4.92308013257236e-15,45004
2026-04-01 11:53:37,114.3872,22.3191,273.7,10282.0,-38.1,-48.6,-44.6,33,48,0.17,271,26.8,26.795918230191287,-0.4677244925191879,45004
2026-04-01 11:53:39,114.3877,22.3191,273.2,10294.0,-38.2,-48.8,-44.9,32,47,0.17,271,26.8,26.795918230191287,-0.4677244925191879,45004
2026-04-01 11:53:41,114.3882,22.3191,272.7,10306.0,-38.4,-49.2,-45.3,31,45,0.16,271,26.9,26.895902999706923,-0.4694697331629162,45004
2026-04-01 11:53:43,114.3888,22.3191,272.3,10317.0,-38.4,-50.0,-46.0,29,42,0.15,271,26.9,26.895902999706923,-0.4694697331629162,45004
2026-04-01 11:53:45,114.3893,22.3191,271.9,10327.0,-38.5,-50.4,-46.4,28,40,0.14,271,26.9,26.895902999706923,-0.4694697331629162,45004
2026-04-01 11:53:47,114.3899,22.3191,271.4,10339.0,-38.6,-50.1,-46.0,29,42,0.15,271,27.0,26.995887769222563,-0.4712149738066445,45004
2026-04-01 11:53:49,114.3904,22.3191,270.9,10351.0,-38.7,-49.8,-45.8,30,44,0.15,271,27.0,26.995887769222563,-0.4712149738066445,45004
2026-04-01 11:53:51,114.3909,22.319,270.5,10362.0,-38.8,-49.6,-45.6,31,46,0.15,272,27.0,26.983552329515586,-0.9422864109675346,45004
2026-04-01 11:53:53,114.3915,22.319,270.0,10374.0,-38.9,-49.7,-45.7,31,46,0.15,272,27.0,26.983552329515586,-0.9422864109675346,45004
2026-04-01 11:53:55,114.392,22.319,269.6,10386.0,-39.0,-49.7,-45.7,31,46,0.15,272,27.0,26.983552329515586,-0.9422864109675346,45004
2026-04-01 11:53:57,114.3925,22.319,269.1,10398.0,-39.1,-49.8,-45.8,32,46,0.15,272,27.0,26.983552329515586,-0.9422864109675346,45004
2026-04-01 11:53:59,114.393,22.319,268.5,10412.0,-39.3,-50.2,-46.2,31,45,0.14,272,27.0,26.983552329515586,-0.9422864109675346,45004
2026-04-01 11:54:01,114.3936,22.3189,268.0,10425.0,-39.3,-51.2,-47.2,27,40,0.13,272,26.9,26.883613246813674,-0.9387964612972844,45004
2026-04-01 11:54:03,114.3941,22.3189,267.6,10437.0,-39.4,-51.9,-47.8,26,37,0.12,273,26.9,26.863134484898033,-1.407837222935192,45004
2026-04-01 11:54:05,114.3946,22.3189,267.1,10448.0,-39.5,-51.8,-47.7,26,38,0.12,273,26.8,26.76327153142258,-1.4026036273108977,45004
2026-04-01 11:54:07,114.3951,22.3189,266.7,10458.0,-39.6,-51.9,-47.8,26,38,0.12,273,26.8,26.76327153142258,-1.4026036273108977,45004
2026-04-01 11:54:09,114.3956,22.3189,266.3,10468.0,-39.7,-51.4,-47.3,28,41,0.13,273,26.7,26.66340857794712,-1.3973700316866033,45004
2026-04-01 11:54:11,114.3961,22.3188,265.9,10479.0,-39.8,-51.1,-47.1,29,43,0.13,274,26.7,26.63496014193731,-1.8624978489681434,45004
2026-04-01 11:54:13,114.3966,22.3188,265.4,10491.0,-39.9,-51.4,-47.4,28,42,0.13,274,26.6,26.535203736911328,-1.855522201593731,45004
2026-04-01 11:54:15,114.3972,22.3188,265.0,10503.0,-40.0,-51.8,-47.7,28,41,0.12,274,26.6,26.535203736911328,-1.855522201593731,45004
2026-04-01 11:54:17,114.3977,22.3187,264.5,10515.0,-40.1,-51.8,-47.7,28,41,0.12,274,26.6,26.535203736911328,-1.855522201593731,45004
2026-04-01 11:54:19,114.3982,22.3187,264.0,10528.0,-40.3,-51.7,-47.6,29,43,0.12,274,26.6,26.535203736911328,-1.855522201593731,45004
2026-04-01 11:54:21,114.3987,22.3186,263.5,10540.0,-40.4,-51.7,-47.6,29,43,0.12,275,26.6,26.498778969240433,-2.3183427570877,45004
2026-04-01 11:54:23,114.3992,22.3186,263.1,10552.0,-40.5,-52.1,-48.0,28,41,0.12,275,26.7,26.598398439049607,-2.3270583313624655,45004
2026-04-01 11:54:25,114.3997,22.3185,262.7,10563.0,-40.6,-52.9,-48.7,26,38,0.11,275,26.8,26.69801790885878,-2.3357739056372315,45004
2026-04-01 11:54:27,114.4002,22.3185,262.2,10575.0,-40.7,-53.3,-49.2,25,37,0.1,275,26.9,26.797637378667954,-2.344489479911997,45004
2026-04-01 11:54:29,114.4007,22.3184,261.7,10589.0,-40.8,-53.4,-49.2,25,37,0.1,275,27.0,26.89725684847713,-2.353205054186763,45004
2026-04-01 11:54:31,114.4012,22.3184,261.2,10602.0,-41.0,-53.5,-49.4,25,37,0.1,275,27.1,26.996876318286304,-2.361920628461529,45004
2026-04-01 11:54:33,114.4018,22.3184,260.7,10614.0,-41.1,-53.5,-49.4,25,37,0.1,275,27.3,27.196115257904655,-2.3793517770110606,45004
2026-04-01 11:54:35,114.4023,22.3183,260.2,10627.0,-41.2,-53.3,-49.1,26,39,0.1,275,27.4,27.29573472771383,-2.388067351285826,45004
2026-04-01 11:54:37,114.4028,22.3183,259.7,10640.0,-41.2,-53.0,-48.8,27,41,0.11,274,27.6,27.532767787171153,-1.9252786753378561,45004
2026-04-01 11:54:39,114.4034,22.3183,259.2,10653.0,-41.3,-52.9,-48.8,28,41,0.11,274,27.7,27.63252419219713,-1.9322543227122686,45004
2026-04-01 11:54:41,114.4039,22.3182,258.7,10666.0,-41.3,-53.0,-48.9,27,41,0.11,274,27.8,27.732280597223117,-1.939229970086681,45004
2026-04-01 11:54:43,114.4045,22.3182,258.3,10678.0,-41.3,-53.1,-49.0,27,40,0.11,274,28.0,27.93179340727508,-1.9531812648355062,45004
2026-04-01 11:54:45,114.4051,22.3182,257.9,10689.0,-41.3,-52.8,-48.7,28,42,0.11,274,28.1,28.031549812301066,-1.9601569122099187,45004
2026-04-01 11:54:47,114.4056,22.3181,257.4,10699.0,-41.2,-52.2,-48.1,30,45,0.12,273,28.1,28.061489926603524,-1.470640370426725,45004
2026-04-01 11:54:49,114.4062,22.318,257.0,10711.0,-41.1,-51.9,-47.8,31,46,0.12,273,28.2,28.161352880078983,-1.4758739660510192,45004
2026-04-01 11:54:51,114.4067,22.318,256.6,10722.0,-41.1,-52.2,-48.1,29,44,0.12,273,28.2,28.161352880078983,-1.4758739660510192,45004
2026-04-01 11:54:53,114.4072,22.318,256.2,10733.0,-41.2,-52.6,-48.5,28,42,0.12,273,28.3,28.26121583355444,-1.4811075616753138,45004
2026-04-01 11:54:55,114.4078,22.318,255.8,10744.0,-41.3,-52.7,-48.6,28,42,0.11,272,28.3,28.28276040464041,-0.9876557566807863,45004
2026-04-01 11:54:57,114.4083,22.318,255.3,10757.0,-41.4,-52.7,-48.6,29,43,0.11,272,28.3,28.28276040464041,-0.9876557566807863,45004
2026-04-01 11:54:59,114.4089,22.3179,254.7,10771.0,-41.5,-52.7,-48.5,29,44,0.12,271,28.4,28.395674542441512,-0.49564834281884085,45004
2026-04-01 11:55:01,114.4095,22.3179,254.2,10785.0,-41.7,-52.8,-48.7,29,44,0.11,271,28.5,28.49565931195715,-0.49739358346256923,45004
2026-04-01 11:55:03,114.41,22.3179,253.7,10798.0,-41.8,-53.3,-49.2,28,42,0.11,271,28.5,28.49565931195715,-0.49739358346256923,45004
2026-04-01 11:55:05,114.4105,22.3179,253.2,10811.0,-41.7,-54.0,-49.8,26,38,0.1,270,28.7,28.7,5.272104470329355e-15,45004
2026-04-01 11:55:07,114.411,22.3179,252.8,10822.0,-41.8,-54.7,-50.5,24,35,0.09,270,28.8,28.8,5.290474172316566e-15,45004
2026-04-01 11:55:09,114.4116,22.318,252.4,10834.0,-41.8,-55.4,-51.2,22,32,0.08,270,29.0,29.0,5.327213576290986e-15,45004
2026-04-01 11:55:11,114.4122,22.318,252.0,10844.0,-41.8,-55.9,-51.7,20,30,0.08,270,29.2,29.2,5.363952980265407e-15,45004
2026-04-01 11:55:13,114.4128,22.3181,251.6,10854.0,-41.8,-56.2,-51.9,20,30,0.08,270,29.5,29.5,5.4190620862270374e-15,45004
2026-04-01 11:55:15,114.4134,22.3181,251.3,10863.0,-41.8,-56.5,-52.2,19,28,0.07,270,29.7,29.7,5.455801490201458e-15,45004
2026-04-01 11:55:17,114.4139,22.3181,250.9,10874.0,-41.8,-56.9,-52.6,18,27,0.07,270,29.9,29.9,5.492540894175878e-15,45004
2026-04-01 11:55:19,114.4145,22.3181,250.5,10886.0,-41.9,-57.4,-53.1,17,26,0.07,270,30.1,30.1,5.5292802981503e-15,45004
2026-04-01 11:55:19,114.4146,22.3181,250.1,10896.0,-41.9,-58.3,-54.0,15,23,0.06,271,30.4,30.395369932754292,-0.5305531556934071,45004
2026-04-01 11:55:21,114.4151,22.318,250.0,10898.0,-41.9,-58.5,-54.1,15,23,0.06,271,30.5,30.495354702269935,-0.5322983963371355,45004
2026-04-01 11:55:23,114.4157,22.318,249.7,10908.0,-41.7,-59.1,-54.8,14,20,0.05,271,30.5,30.495354702269935,-0.5322983963371355,45004
2026-04-01 11:55:25,114.4163,22.318,249.2,10919.0,-41.7,-59.4,-55.0,13,20,0.05,271,30.7,30.69532424130121,-0.535788877624592,45004
2026-04-01 11:55:27,114.4169,22.318,248.8,10931.0,-41.7,-59.2,-54.9,13,20,0.05,272,30.8,30.78123747218815,-1.0749044984370395,45004
2026-04-01 11:55:29,114.4176,22.318,248.3,10944.0,-41.7,-59.2,-54.8,14,20,0.05,272,30.9,30.881176554890057,-1.0783944481072896,45004
2026-04-01 11:55:31,114.4182,22.3179,247.8,10958.0,-41.9,-59.0,-54.7,14,21,0.05,273,30.9,30.85765262391633,-1.617181047906968,45004
2026-04-01 11:55:33,114.4188,22.3179,247.4,10969.0,-42.0,-59.0,-54.6,14,21,0.06,273,30.9,30.85765262391633,-1.617181047906968,45004
2026-04-01 11:55:35,114.4195,22.3179,247.0,10980.0,-42.1,-59.0,-54.7,14,21,0.05,273,30.9,30.85765262391633,-1.617181047906968,45004
2026-04-01 11:55:37,114.4201,22.3178,246.5,10993.0,-42.2,-59.1,-54.7,14,22,0.05,274,30.8,30.72497274800259,-2.148499391319057,45004
2026-04-01 11:55:39,114.4207,22.3178,246.1,11006.0,-42.3,-59.1,-54.8,14,22,0.05,274,30.7,30.625216342976607,-2.1415237439446444,45004
2026-04-01 11:55:41,114.4212,22.3178,245.6,11018.0,-42.4,-59.2,-54.9,14,22,0.05,275,30.7,30.583177231416588,-2.675681302353097,45004
2026-04-01 11:55:43,114.4217,22.3177,245.2,11030.0,-42.5,-59.3,-54.9,14,22,0.05,275,30.6,30.483557761607415,-2.6669657280783317,45004
2026-04-01 11:55:45,114.4222,22.3176,244.7,11043.0,-42.6,-59.3,-54.9,15,22,0.05,275,30.6,30.483557761607415,-2.6669657280783317,45004
2026-04-01 11:55:47,114.4228,22.3176,244.2,11057.0,-42.7,-59.3,-55.0,15,22,0.05,276,30.5,30.33291780873234,-3.1881181296634162,45004
2026-04-01 11:55:49,114.4235,22.3175,243.7,11071.0,-42.9,-59.4,-55.1,15,22,0.05,276,30.5,30.33291780873234,-3.1881181296634162,45004
2026-04-01 11:55:51,114.4241,22.3175,243.3,11083.0,-43.0,-59.6,-55.2,15,22,0.05,277,30.5,30.27265762506032,-3.717014973857004,45004
2026-04-01 11:55:53,114.4247,22.3174,242.9,11093.0,-43.0,-59.7,-55.3,15,22,0.05,277,30.5,30.27265762506032,-3.717014973857004,45004
2026-04-01 11:55:55,114.4253,22.3174,242.6,11103.0,-43.1,-59.7,-55.4,15,22,0.05,278,30.5,30.203176096617895,-4.244779579281997,45004
2026-04-01 11:55:57,114.4259,22.3173,242.3,11110.0,-43.2,-59.7,-55.4,15,22,0.05,278,30.6,30.302202903492056,-4.258696889378004,45004
2026-04-01 11:55:59,114.4264,22.3171,241.9,11120.0,-43.3,-59.7,-55.3,15,23,0.05,279,30.6,30.223263222211216,-4.786894630231059,45004
2026-04-01 11:56:01,114.427,22.317,241.5,11132.0,-43.3,-59.7,-55.3,15,23,0.05,279,30.6,30.223263222211216,-4.786894630231059,45004
2026-04-01 11:56:03,114.4276,22.3169,241.0,11146.0,-43.4,-59.6,-55.2,15,24,0.05,280,30.7,30.23359801747479,-5.33099905437475,45004
2026-04-01 11:56:05,114.4282,22.3168,240.5,11159.0,-43.5,-59.6,-55.2,15,24,0.05,280,30.7,30.23359801747479,-5.33099905437475,45004
2026-04-01 11:56:07,114.4287,22.3167,240.2,11168.0,-43.6,-59.7,-55.3,15,24,0.05,281,30.7,30.13595453184328,-5.857836158059935,45004
2026-04-01 11:56:09,114.4293,22.3165,239.9,11177.0,-43.7,-59.8,-55.4,15,24,0.05,281,30.7,30.13595453184328,-5.857836158059935,45004
2026-04-01 11:56:11,114.4299,22.3164,239.5,11187.0,-43.8,-60.0,-55.6,15,23,0.05,281,30.8,30.23411725018805,-5.8769170575975895,45004
2026-04-01 11:56:13,114.4305,22.3163,239.1,11198.0,-43.9,-60.0,-55.6,15,23,0.05,281,30.8,30.23411725018805,-5.8769170575975895,45004
2026-04-01 11:56:15,114.4311,22.3163,238.7,11209.0,-44.0,-60.0,-55.7,15,24,0.05,282,30.8,30.126946102601213,-6.4036800771869915,45004
2026-04-01 11:56:17,114.4317,22.3162,238.4,11219.0,-44.1,-60.2,-55.8,15,24,0.05,282,30.8,30.126946102601213,-6.4036800771869915,45004
2026-04-01 11:56:19,114.4322,22.316,238.1,11228.0,-44.1,-60.3,-55.9,15,23,0.05,282,30.9,30.22476086267459,-6.424471246268767,45004
2026-04-01 11:56:21,114.4328,22.3159,237.7,11239.0,-44.2,-60.3,-55.9,15,24,0.05,282,30.9,30.22476086267459,-6.424471246268767,45004
2026-04-01 11:56:23,114.4334,22.3158,237.2,11253.0,-44.3,-60.3,-55.9,16,24,0.05,283,30.9,30.10803500186377,-6.950987579225425,45004
2026-04-01 11:56:25,114.4341,22.3157,236.7,11267.0,-44.5,-60.3,-55.9,16,24,0.05,283,31.0,30.205472008342294,-6.973482684659812,45004
2026-04-01 11:56:27,114.4347,22.3156,236.2,11281.0,-44.6,-60.3,-55.9,16,25,0.05,283,31.0,30.205472008342294,-6.973482684659812,45004
2026-04-01 11:56:29,114.4352,22.3154,235.8,11293.0,-44.7,-60.4,-56.0,16,25,0.05,283,31.1,30.302909014820816,-6.9959777900942,45004
2026-04-01 11:56:31,114.4357,22.3152,235.4,11303.0,-44.8,-60.5,-56.1,16,25,0.05,284,31.2,30.273226659811094,-7.547963142709625,45004
2026-04-01 11:56:33,114.4363,22.3151,235.0,11314.0,-44.9,-60.4,-56.0,16,25,0.05,284,31.3,30.370256232438695,-7.572155332269592,45004
2026-04-01 11:56:35,114.4369,22.315,234.6,11327.0,-45.0,-60.4,-56.0,16,26,0.05,284,31.4,30.46728580506629,-7.596347521829558,45004
2026-04-01 11:56:37,114.4376,22.3148,234.1,11340.0,-45.1,-60.5,-56.1,16,25,0.05,284,31.6,30.661344950321492,-7.644731900949492,45004
2026-04-01 11:56:39,114.4382,22.3147,233.8,11350.0,-45.2,-60.9,-56.5,16,25,0.05,284,31.7,30.75837452294909,-7.668924090509458,45004
2026-04-01 11:56:41,114.4387,22.3146,233.5,11357.0,-45.2,-61.5,-57.1,15,23,0.04,285,31.9,30.81303385862128,-8.256327538770398,45004
2026-04-01 11:56:43,114.4393,22.3145,233.2,11366.0,-45.3,-62.3,-57.8,13,21,0.04,285,32.0,30.90962644125019,-8.28220944328065,45004
2026-04-01 11:56:45,114.4399,22.3143,232.9,11375.0,-45.3,-62.8,-58.3,12,19,0.04,285,32.2,31.102811606508006,-8.333973252301154,45004
2026-04-01 11:56:47,114.4405,22.3141,232.6,11384.0,-45.3,-63.1,-58.7,12,19,0.03,285,32.4,31.295996771765815,-8.385737061321658,45004
2026-04-01 11:56:49,114.4412,22.3139,232.2,11394.0,-45.4,-63.4,-58.9,12,18,0.03,285,32.6,31.48918193702363,-8.437500870342163,45004
2026-04-01 11:56:51,114.4418,22.3138,231.9,11403.0,-45.5,-63.6,-59.1,11,18,0.03,285,32.7,31.58577451965254,-8.463382774852414,45004
2026-04-01 11:56:53,114.4424,22.3136,231.6,11412.0,-45.5,-63.9,-59.4,11,17,0.03,285,32.9,31.77895968491035,-8.515146583872918,45004
2026-04-01 11:56:55,114.443,22.3134,231.3,11421.0,-45.6,-64.0,-59.5,11,17,0.03,285,33.0,31.87555226753926,-8.54102848838317,45004
2026-04-01 11:56:57,114.4437,22.3133,230.9,11431.0,-45.7,-64.2,-59.7,11,17,0.03,285,33.2,32.06873743279707,-8.592792297403674,45004
2026-04-01 11:56:59,114.4443,22.3132,230.6,11441.0,-45.8,-64.3,-59.8,11,17,0.03,286,33.3,32.010014474746015,-9.178723948706079,45004
2026-04-01 11:57:01,114.4449,22.3131,230.3,11451.0,-45.9,-64.4,-59.9,11,17,0.03,286,33.4,32.106140644339845,-9.20628768428778,45004
2026-04-01 11:57:03,114.4456,22.3129,229.9,11462.0,-45.9,-64.5,-60.0,11,17,0.03,286,33.5,32.202266813933676,-9.23385141986948,45004
2026-04-01 11:57:05,114.4462,22.3127,229.5,11474.0,-46.0,-64.5,-60.0,11,17,0.03,286,33.6,32.29839298352751,-9.26141515545118,45004
2026-04-01 11:57:07,114.4468,22.3125,229.1,11484.0,-46.1,-64.5,-60.0,11,17,0.03,286,33.7,32.394519153121344,-9.28897889103288,45004
2026-04-01 11:57:09,114.4474,22.3123,228.8,11493.0,-46.2,-64.6,-60.1,11,17,0.03,287,33.7,32.227470275954296,-9.852926449156229,45004
2026-04-01 11:57:11,114.448,22.3121,228.5,11503.0,-46.3,-64.7,-60.2,11,17,0.03,287,33.8,32.3231007515506,-9.8821636196285,45004
2026-04-01 11:57:13,114.4487,22.312,228.2,11512.0,-46.4,-64.8,-60.3,11,17,0.03,287,33.8,32.3231007515506,-9.8821636196285,45004
2026-04-01 11:57:15,114.4494,22.3118,227.9,11520.0,-46.4,-64.9,-60.4,11,17,0.03,287,33.9,32.4187312271469,-9.911400790100775,45004
2026-04-01 11:57:17,114.45,22.3116,227.5,11529.0,-46.5,-64.9,-60.4,11,17,0.03,288,33.9,32.24081590240571,-10.47567610931071,45004
2026-04-01 11:57:19,114.4506,22.3114,227.2,11538.0,-46.6,-64.9,-60.4,11,17,0.03,288,33.9,32.24081590240571,-10.47567610931071,45004
2026-04-01 11:57:21,114.4512,22.3112,227.0,11546.0,-46.6,-65.0,-60.4,11,17,0.03,288,34.0,32.335921554035224,-10.506577808748206,45004
2026-04-01 11:57:23,114.4518,22.311,226.7,11555.0,-46.7,-65.0,-60.5,11,17,0.03,289,34.0,32.147631570376774,-11.069317251543314,45004
2026-04-01 11:57:25,114.4524,22.3108,226.4,11564.0,-46.7,-65.2,-60.7,11,17,0.03,289,34.0,32.147631570376774,-11.069317251543314,45004
2026-04-01 11:57:27,114.453,22.3106,226.1,11573.0,-46.8,-65.7,-61.1,10,16,0.03,289,34.0,32.147631570376774,-11.069317251543314,45004
2026-04-01 11:57:29,114.4537,22.3104,225.8,11581.0,-46.8,-66.1,-61.6,9,15,0.02,290,34.1,32.043518368799475,-11.662886887405312,45004
2026-04-01 11:57:31,114.4544,22.3102,225.5,11590.0,-46.9,-66.5,-61.9,9,14,0.02,290,34.1,32.043518368799475,-11.662886887405312,45004
2026-04-01 11:57:33,114.455,22.31,225.1,11601.0,-46.9,-66.6,-62.1,9,14,0.02,290,34.1,32.043518368799475,-11.662886887405312,45004
2026-04-01 11:57:35,114.4555,22.3098,224.8,11611.0,-47.0,-66.8,-62.2,9,14,0.02,291,34.2,31.928450586204303,-12.256183874449274,45004
2026-04-01 11:57:37,114.4561,22.3095,224.5,11620.0,-47.1,-66.9,-62.4,9,14,0.02,291,34.2,31.928450586204303,-12.256183874449274,45004
2026-04-01 11:57:39,114.4567,22.3093,224.1,11629.0,-47.1,-67.1,-62.5,9,14,0.02,291,34.3,32.02180862885402,-12.292020669403803,45004
2026-04-01 11:57:41,114.4573,22.3091,223.8,11639.0,-47.2,-67.2,-62.7,9,14,0.02,291,34.4,32.11516667150374,-12.327857464358333,45004
2026-04-01 11:57:43,114.458,22.3088,223.4,11650.0,-47.3,-67.3,-62.7,9,14,0.02,292,34.5,31.987842982554167,-12.923927472848963,45004
2026-04-01 11:57:45,114.4586,22.3086,223.1,11660.0,-47.3,-67.2,-62.7,9,14,0.02,292,34.5,31.987842982554167,-12.923927472848963,45004
2026-04-01 11:57:47,114.4592,22.3084,222.8,11670.0,-47.4,-67.0,-62.5,9,14,0.02,292,34.6,32.08056136801085,-12.961388132190555,45004
2026-04-01 11:57:49,114.4599,22.3081,222.4,11680.0,-47.5,-66.9,-62.3,9,15,0.02,292,34.7,32.173279753467526,-12.998848791532145,45004
2026-04-01 11:57:51,114.4605,22.3079,222.1,11690.0,-47.6,-66.7,-62.1,10,15,0.02,292,34.7,32.173279753467526,-12.998848791532145,45004
2026-04-01 11:57:53,114.4611,22.3077,221.7,11701.0,-47.7,-66.5,-62.0,10,16,0.02,292,34.8,32.265998138924196,-13.036309450873736,45004
2026-04-01 11:57:55,114.4618,22.3075,221.4,11710.0,-47.7,-66.4,-61.8,10,16,0.02,292,34.9,32.35871652438088,-13.073770110215326,45004
2026-04-01 11:57:57,114.4624,22.3072,221.1,11720.0,-47.8,-66.2,-61.6,11,17,0.02,293,34.9,32.12561938549017,-13.636516384275644,45004
2026-04-01 11:57:59,114.463,22.3069,220.7,11730.0,-47.9,-66.1,-61.5,11,17,0.02,293,34.9,32.12561938549017,-13.636516384275644,45004
2026-04-01 11:58:01,114.4636,22.3067,220.4,11740.0,-48.0,-66.0,-61.4,11,18,0.03,293,35.0,32.217669870835415,-13.675589497124573,45004
2026-04-01 11:58:03,114.4642,22.3064,220.1,11749.0,-48.1,-65.9,-61.4,11,18,0.03,293,35.0,32.217669870835415,-13.675589497124573,45004
2026-04-01 11:58:05,114.4649,22.3062,219.8,11759.0,-48.2,-65.9,-61.3,11,18,0.03,293,35.0,32.217669870835415,-13.675589497124573,45004
2026-04-01 11:58:07,114.4655,22.306,219.5,11769.0,-48.3,-65.8,-61.2,12,19,0.03,294,35.0,31.974091017491038,-14.235782507652992,45004
2026-04-01 11:58:09,114.4661,22.3057,219.1,11780.0,-48.4,-65.6,-61.1,12,19,0.03,294,35.1,32.0654455632553,-14.276456171960572,45004
2026-04-01 11:58:11,114.4668,22.3054,218.7,11792.0,-48.5,-65.6,-61.0,12,20,0.03,294,35.1,32.0654455632553,-14.276456171960572,45004
2026-04-01 11:58:13,114.4674,22.3052,218.4,11800.0,-48.6,-65.4,-60.8,13,21,0.03,294,35.2,32.156800109019564,-14.317129836268153,45004
2026-04-01 11:58:15,114.4679,22.3049,218.1,11809.0,-48.6,-65.1,-60.5,13,22,0.03,295,35.2,31.902034103690077,-14.876162813272627,45004
2026-04-01 11:58:17,114.4685,22.3047,217.8,11820.0,-48.7,-64.8,-60.2,14,23,0.03,295,35.3,31.992664882393736,-14.918424639446695,45004
2026-04-01 11:58:19,114.4691,22.3044,217.4,11831.0,-48.8,-64.5,-60.0,15,24,0.03,295,35.4,32.0832956610974,-14.960686465620766,45004
2026-04-01 11:58:21,114.4698,22.3041,217.1,11841.0,-48.9,-64.3,-59.8,15,25,0.03,295,35.5,32.17392643980107,-15.002948291794835,45004
2026-04-01 11:58:23,114.4704,22.3038,216.7,11851.0,-49.0,-64.3,-59.8,15,25,0.03,296,35.6,31.99706804825035,-15.606012825691156,45004
2026-04-01 11:58:25,114.4711,22.3035,216.4,11861.0,-49.1,-64.3,-59.8,16,25,0.03,296,35.8,32.17682685751018,-15.69368705504897,45004
2026-04-01 11:58:27,114.4717,22.3032,216.1,11871.0,-49.1,-64.4,-59.9,16,25,0.03,296,35.9,32.2667062621401,-15.737524169727878,45004
2026-04-01 11:58:29,114.4723,22.3029,215.7,11881.0,-49.2,-64.5,-60.0,15,25,0.03,296,36.0,32.356585666770016,-15.781361284406787,45004
2026-04-01 11:58:31,114.4729,22.3026,215.4,11891.0,-49.2,-64.9,-60.4,15,24,0.03,296,36.1,32.446465071399935,-15.825198399085695,45004
2026-04-01 11:58:33,114.4736,22.3023,215.1,11900.0,-49.3,-65.6,-61.1,13,22,0.03,296,36.2,32.536344476029846,-15.869035513764603,45004
2026-04-01 11:58:35,114.4742,22.3021,214.8,11909.0,-49.3,-66.8,-62.3,11,18,0.02,296,36.2,32.536344476029846,-15.869035513764603,45004
2026-04-01 11:58:37,114.4748,22.3018,214.6,11917.0,-49.2,-68.3,-63.8,9,15,0.02,296,36.3,32.62622388065976,-15.912872628443509,45004
2026-04-01 11:58:39,114.4755,22.3015,214.3,11926.0,-49.2,-69.9,-65.3,7,12,0.02,296,36.4,32.71610328528968,-15.956709743122417,45004
2026-04-01 11:58:41,114.4761,22.3011,214.0,11934.0,-49.2,-71.0,-66.3,6,10,0.01,296,36.4,32.71610328528968,-15.956709743122417,45004
2026-04-01 11:58:43,114.4767,22.3008,213.7,11943.0,-49.2,-71.2,-66.6,6,10,0.01,296,36.5,32.805982689919595,-16.000546857801325,45004
2026-04-01 11:58:45,114.4773,22.3006,213.4,11953.0,-49.3,-71.1,-66.5,6,10,0.01,296,36.6,32.895862094549514,-16.044383972480233,45004
2026-04-01 11:58:47,114.478,22.3003,213.1,11963.0,-49.4,-71.0,-66.4,6,10,0.01,296,36.6,32.895862094549514,-16.044383972480233,45004
2026-04-01 11:58:49,114.4786,22.3,212.7,11973.0,-49.5,-70.8,-66.2,7,11,0.01,296,36.7,32.98574149917943,-16.08822108715914,45004
2026-04-01 11:58:51,114.4793,22.2997,212.4,11983.0,-49.6,-70.7,-66.1,7,11,0.01,296,36.8,33.075620903809344,-16.132058201838046,45004
2026-04-01 11:58:53,114.4799,22.2994,212.0,11994.0,-49.7,-70.7,-66.1,7,11,0.01,296,36.9,33.16550030843926,-16.175895316516957,45004
2026-04-01 11:58:55,114.4806,22.2991,211.7,12005.0,-49.8,-70.6,-66.0,7,12,0.01,296,37.0,33.25537971306918,-16.219732431195865,45004
2026-04-01 11:58:57,114.4812,22.2988,211.3,12016.0,-49.9,-70.7,-66.1,7,12,0.01,296,37.1,33.3452591176991,-16.263569545874773,45004
2026-04-01 11:58:59,114.4819,22.2986,211.0,12026.0,-49.9,-70.8,-66.2,7,11,0.01,296,37.2,33.43513852232902,-16.30740666055368,45004
2026-04-01 11:59:01,114.4825,22.2983,210.7,12035.0,-50.0,-70.9,-66.3,7,11,0.01,296,37.3,33.52501792695893,-16.351243775232586,45004
2026-04-01 11:59:03,114.4832,22.298,210.4,12045.0,-50.1,-71.0,-66.4,7,11,0.01,297,37.4,33.32364400464496,-16.979244690259044,45004
2026-04-01 11:59:05,114.4838,22.2977,210.1,12056.0,-50.2,-70.8,-66.1,7,12,0.01,297,37.5,33.4127446570638,-17.024643740233,45004
2026-04-01 11:59:07,114.4845,22.2974,209.7,12067.0,-50.2,-70.4,-65.8,8,13,0.01,297,37.6,33.50184530948263,-17.070042790206955,45004
2026-04-01 11:59:09,114.4851,22.297,209.4,12077.0,-50.3,-70.1,-65.4,8,13,0.02,297,37.6,33.50184530948263,-17.070042790206955,45004
2026-04-01 11:59:11,114.4858,22.2967,209.1,12086.0,-50.3,-70.0,-65.3,8,14,0.02,297,37.7,33.590945961901475,-17.11544184018091,45004
2026-04-01 11:59:13,114.4864,22.2964,208.8,12095.0,-50.4,-70.1,-65.5,8,13,0.01,297,37.7,33.590945961901475,-17.11544184018091,45004
2026-04-01 11:59:15,114.4871,22.2961,208.5,12103.0,-50.5,-70.4,-65.8,8,13,0.01,298,37.7,33.28712425078155,-17.69907791702807,45004
2026-04-01 11:59:17,114.4877,22.2957,208.2,12113.0,-50.5,-70.7,-66.1,8,13,0.01,298,37.7,33.28712425078155,-17.69907791702807,45004
2026-04-01 11:59:19,114.4884,22.2954,207.9,12123.0,-50.5,-71.1,-66.5,7,12,0.01,298,37.6,33.19882949149566,-17.65213076074948,45004
2026-04-01 11:59:21,114.489,22.2951,207.6,12132.0,-50.6,-71.6,-66.9,7,11,0.01,298,37.6,33.19882949149566,-17.65213076074948,45004
2026-04-01 11:59:23,114.4897,22.2947,207.3,12142.0,-50.6,-71.9,-67.2,7,11,0.01,298,37.5,33.110534732209764,-17.60518360447089,45004
2026-04-01 11:59:25,114.4903,22.2944,207.0,12152.0,-50.7,-72.1,-67.4,6,11,0.01,298,37.4,33.02223997292387,-17.5582364481923,45004
2026-04-01 11:59:27,114.4909,22.2942,206.7,12161.0,-50.7,-72.1,-67.4,6,11,0.01,298,37.3,32.933945213637976,-17.511289291913712,45004
2026-04-01 11:59:29,114.4916,22.2939,206.4,12171.0,-50.8,-72.1,-67.4,7,11,0.01,297,37.1,33.05634204738845,-16.84304754033718,45004
2026-04-01 11:59:31,114.4922,22.2935,206.1,12180.0,-50.8,-72.1,-67.4,7,11,0.01,297,37.0,32.96724139496961,-16.797648490363226,45004
2026-04-01 11:59:33,114.4929,22.2932,205.8,12188.0,-50.9,-72.1,-67.4,7,11,0.01,297,36.9,32.87814074255078,-16.75224944038927,45004
2026-04-01 11:59:35,114.4935,22.2929,205.6,12196.0,-51.0,-72.1,-67.5,7,11,0.01,297,36.7,32.699939437713105,-16.661451340441364,45004
2026-04-01 11:59:37,114.4941,22.2927,205.3,12205.0,-51.0,-72.2,-67.5,7,11,0.01,297,36.6,32.61083878529427,-16.616052290467408,45004
2026-04-01 11:59:39,114.4948,22.2923,205.0,12214.0,-51.1,-72.2,-67.5,7,11,0.01,297,36.4,32.43263748045659,-16.525254190519497,45004
2026-04-01 11:59:41,114.4954,22.292,204.8,12222.0,-51.2,-72.2,-67.5,7,11,0.01,297,36.3,32.34353682803775,-16.479855140545542,45004
2026-04-01 11:59:43,114.496,22.2917,204.5,12230.0,-51.3,-72.1,-67.5,7,11,0.01,296,36.1,32.446465071399935,-15.825198399085695,45004
2026-04-01 11:59:45,114.4966,22.2915,204.2,12240.0,-51.3,-72.1,-67.5,7,11,0.01,296,36.0,32.356585666770016,-15.781361284406787,45004
2026-04-01 11:59:47,114.4972,22.2912,203.8,12251.0,-51.4,-72.2,-67.5,7,11,0.01,296,35.8,32.17682685751018,-15.69368705504897,45004
2026-04-01 11:59:49,114.4978,22.2909,203.6,12260.0,-51.5,-72.1,-67.5,7,12,0.01,296,35.7,32.08694745288027,-15.649849940370064,45004
2026-04-01 11:59:51,114.4985,22.2907,203.3,12269.0,-51.5,-72.2,-67.5,7,12,0.01,296,35.6,31.99706804825035,-15.606012825691156,45004
2026-04-01 11:59:53,114.4991,22.2904,203.0,12280.0,-51.6,-72.3,-67.7,7,11,0.01,296,35.5,31.90718864362043,-15.562175711012248,45004
2026-04-01 11:59:55,114.4997,22.2901,202.6,12290.0,-51.6,-72.4,-67.7,7,11,0.01,296,35.4,31.81730923899051,-15.51833859633334,45004
2026-04-01 11:59:57,114.5003,22.2898,202.4,12298.0,-51.7,-72.5,-67.8,7,11,0.01,296,35.3,31.727429834360596,-15.474501481654432,45004
2026-04-01 11:59:59,114.5009,22.2896,202.2,12305.0,-51.7,-72.6,-67.9,7,11,0.01,295,35.2,31.902034103690077,-14.876162813272627,45004
2026-04-01 12:00:01,114.5016,22.2893,201.9,12314.0,-51.7,-72.7,-68.1,7,11,0.01,295,35.1,31.81140332498641,-14.833900987098557,45004
2026-04-01 12:00:03,114.5022,22.289,201.6,12323.0,-51.8,-72.9,-68.2,7,11,0.01,295,35.0,31.720772546282745,-14.791639160924486,45004
2026-04-01 12:00:05,114.5028,22.2888,201.3,12331.0,-51.9,-72.9,-68.2,7,11,0.01,295,34.8,31.53951098887541,-14.707115508576345,45004
2026-04-01 12:00:07,114.5034,22.2885,201.1,12340.0,-51.9,-72.9,-68.2,7,11,0.01,295,34.7,31.44888021017175,-14.664853682402278,45004
2026-04-01 12:00:09,114.504,22.2882,200.8,12348.0,-52.0,-72.9,-68.2,7,11,0.01,295,34.6,31.358249431468085,-14.622591856228206,45004
2026-04-01 12:00:11,114.5046,22.288,200.5,12359.0,-52.0,-72.8,-68.2,7,11,0.01,295,34.5,31.26761865276442,-14.580330030054137,45004
2026-04-01 12:00:13,114.5052,22.2877,200.2,12367.0,-52.1,-72.8,-68.2,7,11,0.01,295,34.3,31.086357095357087,-14.495806377705996,45004
2026-04-01 12:00:15,114.5058,22.2874,200.0,12375.0,-52.2,-72.8,-68.1,7,12,0.01,295,34.3,31.086357095357087,-14.495806377705996,45004
2026-04-01 12:00:17,114.5064,22.2872,199.8,12382.0,-52.3,-72.7,-68.0,7,12,0.01,295,34.1,30.90509553794976,-14.411282725357857,45004
2026-04-01 12:00:19,114.507,22.2869,199.5,12391.0,-52.3,-72.6,-68.0,7,12,0.01,295,34.0,30.814464759246093,-14.369020899183786,45004
2026-04-01 12:00:21,114.5076,22.2867,199.2,12399.0,-52.4,-72.6,-67.9,7,12,0.01,295,33.9,30.723833980542427,-14.326759073009717,45004
2026-04-01 12:00:23,114.5081,22.2864,199.0,12407.0,-52.4,-72.5,-67.8,7,12,0.01,295,33.8,30.63320320183876,-14.284497246835645,45004
2026-04-01 12:00:25,114.5087,22.2861,198.8,12414.0,-52.5,-72.5,-67.8,7,12,0.01,295,33.7,30.542572423135102,-14.242235420661578,45004
2026-04-01 12:00:27,114.5093,22.2858,198.5,12422.0,-52.5,-72.5,-67.8,8,13,0.01,295,33.7,30.542572423135102,-14.242235420661578,45004
2026-04-01 12:00:29,114.5099,22.2856,198.3,12431.0,-52.6,-72.5,-67.9,7,13,0.01,295,33.6,30.451941644431436,-14.199973594487508,45004
2026-04-01 12:00:31,114.5105,22.2854,198.0,12438.0,-52.6,-72.6,-67.9,7,13,0.01,295,33.6,30.451941644431436,-14.199973594487508,45004
2026-04-01 12:00:33,114.5111,22.2852,197.8,12445.0,-52.6,-72.5,-67.8,8,13,0.01,294,33.6,30.695127376791397,-13.666351207346873,45004
2026-04-01 12:00:35,114.5117,22.2849,197.6,12451.0,-52.7,-72.4,-67.7,8,13,0.01,294,33.6,30.695127376791397,-13.666351207346873,45004
2026-04-01 12:00:37,114.5123,22.2847,197.4,12459.0,-52.7,-72.2,-67.5,8,13,0.01,294,33.6,30.695127376791397,-13.666351207346873,45004
2026-04-01 12:00:39,114.5129,22.2844,197.2,12466.0,-52.8,-71.9,-67.3,8,14,0.01,294,33.6,30.695127376791397,-13.666351207346873,45004
2026-04-01 12:00:41,114.5135,22.2842,197.0,12472.0,-52.9,-71.7,-67.1,9,15,0.01,294,33.6,30.695127376791397,-13.666351207346873,45004
2026-04-01 12:00:43,114.5141,22.2839,196.8,12479.0,-52.9,-71.6,-66.9,9,15,0.01,294,33.5,30.603772831027136,-13.625677543039291,45004
2026-04-01 12:00:45,114.5147,22.2837,196.6,12487.0,-53.0,-71.6,-67.0,9,15,0.01,294,33.5,30.603772831027136,-13.625677543039291,45004
2026-04-01 12:00:47,114.5153,22.2834,196.3,12496.0,-53.1,-71.8,-67.1,9,15,0.01,294,33.5,30.603772831027136,-13.625677543039291,45004
2026-04-01 12:00:49,114.5159,22.2832,196.1,12503.0,-53.1,-72.0,-67.4,9,14,0.01,294,33.4,30.512418285262875,-13.585003878731712,45004
2026-04-01 12:00:51,114.5164,22.2829,195.8,12510.0,-53.2,-72.3,-67.6,8,14,0.01,294,33.4,30.512418285262875,-13.585003878731712,45004
2026-04-01 12:00:53,114.517,22.2827,195.6,12518.0,-53.2,-72.6,-67.9,8,13,0.01,295,33.3,30.180049308320438,-14.073188115965296,45004
2026-04-01 12:00:55,114.5176,22.2824,195.3,12527.0,-53.3,-73.0,-68.3,8,13,0.01,295,33.3,30.180049308320438,-14.073188115965296,45004
2026-04-01 12:00:57,114.5182,22.2822,195.0,12537.0,-53.4,-73.2,-68.6,7,13,0.01,295,33.3,30.180049308320438,-14.073188115965296,45004
2026-04-01 12:00:59,114.5187,22.282,194.8,12545.0,-53.4,-73.4,-68.7,7,12,0.01,295,33.3,30.180049308320438,-14.073188115965296,45004
2026-04-01 12:01:01,114.5193,22.2817,194.5,12554.0,-53.5,-73.6,-68.9,7,12,0.01,295,33.3,30.180049308320438,-14.073188115965296,45004
2026-04-01 12:01:03,114.5199,22.2814,194.2,12564.0,-53.6,-73.7,-69.0,7,12,0.01,295,33.3,30.180049308320438,-14.073188115965296,45004
2026-04-01 12:01:05,114.5205,22.2812,193.9,12573.0,-53.7,-73.7,-69.0,7,12,0.01,295,33.3,30.180049308320438,-14.073188115965296,45004
2026-04-01 12:01:07,114.521,22.2809,193.7,12580.0,-53.7,-73.6,-69.0,7,12,0.01,295,33.3,30.180049308320438,-14.073188115965296,45004
2026-04-01 12:01:09,114.5216,22.2806,193.5,12588.0,-53.8,-73.5,-68.9,8,13,0.01,295,33.3,30.180049308320438,-14.073188115965296,45004
2026-04-01 12:01:11,114.5222,22.2804,193.2,12596.0,-53.9,-73.5,-68.8,8,13,0.01,295,33.2,30.089418529616776,-14.030926289791228,45004
2026-04-01 12:01:13,114.5228,22.2801,193.0,12604.0,-54.0,-73.5,-68.8,8,13,0.01,295,33.2,30.089418529616776,-14.030926289791228,45004
2026-04-01 12:01:15,114.5234,22.2799,192.8,12612.0,-54.0,-73.5,-68.8,8,13,0.01,295,33.2,30.089418529616776,-14.030926289791228,45004
2026-04-01 12:01:17,114.524,22.2796,192.5,12620.0,-54.1,-73.6,-68.9,8,13,0.01,295,33.1,29.99878775091311,-13.988664463617157,45004
2026-04-01 12:01:19,114.5246,22.2794,192.3,12627.0,-54.2,-73.6,-69.0,8,13,0.01,295,33.1,29.99878775091311,-13.988664463617157,45004
2026-04-01 12:01:21,114.5251,22.2791,192.1,12633.0,-54.2,-73.8,-69.1,8,13,0.01,295,33.0,29.908156972209444,-13.946402637443088,45004
2026-04-01 12:01:23,114.5257,22.2788,191.9,12641.0,-54.3,-73.9,-69.2,8,13,0.01,295,32.9,29.817526193505778,-13.904140811269016,45004
2026-04-01 12:01:25,114.5263,22.2786,191.6,12650.0,-54.3,-73.9,-69.2,8,13,0.01,295,32.7,29.636264636098453,-13.81961715892088,45004
2026-04-01 12:01:27,114.5268,22.2784,191.4,12657.0,-54.4,-73.9,-69.2,8,13,0.01,295,32.6,29.545633857394787,-13.777355332746808,45004
2026-04-01 12:01:29,114.5274,22.2781,191.2,12664.0,-54.4,-73.9,-69.2,8,13,0.01,295,32.5,29.45500307869112,-13.735093506572737,45004
2026-04-01 12:01:31,114.528,22.2779,191.0,12671.0,-54.5,-73.8,-69.1,8,13,0.01,295,32.4,29.364372299987455,-13.692831680398667,45004
2026-04-01 12:01:33,114.5286,22.2776,190.7,12680.0,-54.6,-73.8,-69.1,8,13,0.01,294,32.2,29.416163736091757,-13.096919907040753,45004
2026-04-01 12:01:35,114.5291,22.2773,190.5,12688.0,-54.6,-73.9,-69.2,8,13,0.01,294,32.1,29.324809190327496,-13.056246242733174,45004
2026-04-01 12:01:37,114.5297,22.2771,190.2,12697.0,-54.7,-74.0,-69.3,8,13,0.01,294,32.0,29.233454644563235,-13.015572578425592,45004
2026-04-01 12:01:39,114.5303,22.2769,190.0,12705.0,-54.7,-74.1,-69.4,8,13,0.01,294,31.9,29.142100098798974,-12.974898914118011,45004
2026-04-01 12:01:41,114.5308,22.2767,189.7,12714.0,-54.7,-74.2,-69.6,8,13,0.01,293,31.8,29.27205433978761,-12.425249885958898,45004
2026-04-01 12:01:43,114.5314,22.2765,189.5,12722.0,-54.8,-74.4,-69.7,8,13,0.01,293,31.7,29.18000385444236,-12.38617677310997,45004
2026-04-01 12:01:45,114.5319,22.2762,189.2,12731.0,-54.9,-74.4,-69.7,8,13,0.01,293,31.7,29.18000385444236,-12.38617677310997,45004
2026-04-01 12:01:47,114.5325,22.276,189.0,12739.0,-54.9,-74.4,-69.7,8,13,0.01,293,31.6,29.08795336909712,-12.347103660261043,45004
2026-04-01 12:01:49,114.5331,22.2758,188.8,12746.0,-55.0,-74.5,-69.8,8,13,0.01,292,31.5,29.206291418853805,-11.800107692601227,45004
2026-04-01 12:01:51,114.5337,22.2756,188.5,12755.0,-55.0,-74.5,-69.8,8,13,0.01,292,31.4,29.113573033397124,-11.762647033259634,45004
2026-04-01 12:01:53,114.5342,22.2754,188.3,12764.0,-55.1,-74.6,-69.9,8,13,0.01,292,31.3,29.020854647940446,-11.725186373918044,45004
2026-04-01 12:01:55,114.5348,22.2751,188.0,12772.0,-55.2,-74.6,-69.9,8,13,0.01,292,31.2,28.92813626248377,-11.687725714576453,45004
2026-04-01 12:01:57,114.5354,22.2749,187.8,12780.0,-55.2,-74.5,-69.9,8,13,0.01,291,31.1,29.034351264062977,-11.145243230858842,45004
2026-04-01 12:01:59,114.5359,22.2747,187.5,12788.0,-55.3,-74.5,-69.9,8,13,0.01,291,31.0,28.940993221413255,-11.109406435904312,45004
2026-04-01 12:02:01,114.5365,22.2746,187.2,12798.0,-55.4,-74.6,-69.9,8,13,0.01,291,30.9,28.847635178763532,-11.073569640949781,45004
2026-04-01 12:02:03,114.537,22.2744,186.9,12808.0,-55.4,-74.7,-70.0,8,13,0.01,290,30.8,28.94253272020598,-10.534220414430605,45004
2026-04-01 12:02:05,114.5376,22.2742,186.6,12819.0,-55.5,-74.7,-70.0,8,13,0.01,290,30.6,28.754594196048796,-10.465816385765471,45004
2026-04-01 12:02:07,114.5381,22.274,186.3,12830.0,-55.6,-74.8,-70.1,8,13,0.01,290,30.5,28.660624933970205,-10.431614371432904,45004
2026-04-01 12:02:09,114.5387,22.2738,186.0,12840.0,-55.6,-74.9,-70.2,8,13,0.01,289,30.4,28.743764698219234,-9.897271895497552,45004
2026-04-01 12:02:11,114.5393,22.2736,185.7,12849.0,-55.6,-74.9,-70.2,8,13,0.01,289,30.3,28.649212840659306,-9.864715080051836,45004
2026-04-01 12:02:13,114.5398,22.2735,185.5,12859.0,-55.7,-75.0,-70.3,8,13,0.01,288,30.2,28.72190679211364,-9.332313230123406,45004
2026-04-01 12:02:15,114.5403,22.2733,185.2,12869.0,-55.7,-75.1,-70.4,7,13,0.01,287,30.2,28.88040363008367,-8.829625482626648,45004
2026-04-01 12:02:17,114.5409,22.2731,184.9,12879.0,-55.8,-75.2,-70.5,7,13,0.01,287,30.1,28.784773154487368,-8.800388312154375,45004
2026-04-01 12:02:19,114.5415,22.273,184.6,12888.0,-55.9,-75.3,-70.6,7,13,0.01,286,30.1,28.933977047743397,-8.296684410091682,45004
2026-04-01 12:02:21,114.542,22.2728,184.3,12897.0,-55.9,-75.4,-70.7,7,13,0.01,286,30.2,29.030103217337228,-8.324248145673382,45004
2026-04-01 12:02:23,114.5426,22.2727,184.1,12906.0,-56.0,-75.5,-70.8,7,13,0.01,285,30.2,29.170959953929867,-7.816335162096113,45004
2026-04-01 12:02:25,114.5431,22.2726,183.8,12915.0,-56.0,-75.5,-70.8,7,13,0.01,284,30.3,29.399960506162696,-7.330233436669924,45004
2026-04-01 12:02:27,114.5437,22.2725,183.6,12923.0,-56.0,-75.6,-70.9,7,12,0.01,284,30.4,29.496990078790294,-7.35442562622989,45004
2026-04-01 12:02:29,114.5443,22.2724,183.3,12933.0,-56.1,-75.7,-70.9,7,12,0.01,283,30.5,29.718286975949674,-6.86100715748788,45004
2026-04-01 12:02:31,114.5449,22.2722,183.0,12944.0,-56.1,-75.7,-71.0,7,12,0.01,283,30.6,29.8157239824282,-6.883502262922267,45004
2026-04-01 12:02:33,114.5455,22.2721,182.7,12955.0,-56.2,-75.7,-71.0,7,12,0.01,282,30.8,30.126946102601213,-6.4036800771869915,45004
2026-04-01 12:02:35,114.5461,22.272,182.4,12964.0,-56.2,-75.8,-71.1,7,12,0.01,282,30.9,30.22476086267459,-6.424471246268767,45004
2026-04-01 12:02:37,114.5467,22.2719,182.1,12974.0,-56.3,-75.8,-71.1,7,13,0.01,281,31.0,30.43044268687758,-5.915078856672898,45004
2026-04-01 12:02:39,114.5473,22.2718,181.8,12985.0,-56.4,-75.9,-71.2,7,13,0.01,281,31.2,30.62676812356711,-5.953240655748207,45004
2026-04-01 12:02:41,114.5478,22.2717,181.5,12994.0,-56.5,-75.9,-71.2,7,13,0.01,281,31.3,30.72493084191188,-5.972321555285862,45004
2026-04-01 12:02:43,114.5484,22.2716,181.2,13005.0,-56.6,-76.0,-71.3,7,13,0.01,280,31.4,30.922963444583335,-5.452552778741601,45004
2026-04-01 12:02:45,114.549,22.2715,180.9,13016.0,-56.6,-76.0,-71.3,7,13,0.01,280,31.5,31.021444219884557,-5.469917596508294,45004
2026-04-01 12:02:47,114.5497,22.2714,180.7,13025.0,-56.7,-76.0,-71.3,7,13,0.01,280,31.7,31.218405770486996,-5.5046472320416795,45004
2026-04-01 12:02:49,114.5503,22.2713,180.4,13033.0,-56.7,-76.2,-71.5,7,12,0.01,279,31.8,31.408489230925383,-4.974615988279336,45004
2026-04-01 12:02:51,114.5509,22.2713,180.1,13044.0,-56.7,-76.4,-71.7,7,12,0.01,279,31.9,31.507258064984892,-4.990259434783359,45004
2026-04-01 12:02:53,114.5515,22.2712,179.8,13055.0,-56.8,-76.5,-71.8,7,12,0.01,279,32.0,31.60602689904441,-5.005902881287382,45004
2026-04-01 12:02:55,114.5521,22.2711,179.5,13066.0,-56.8,-76.6,-71.9,7,12,0.01,278,32.0,31.68857819973025,-4.453539230722095,45004
2026-04-01 12:02:57,114.5527,22.2711,179.2,13077.0,-56.9,-76.7,-72.0,7,12,0.01,278,32.1,31.78760500660441,-4.467456540818102,45004
2026-04-01 12:02:59,114.5534,22.271,178.9,13086.0,-56.9,-76.8,-72.0,7,12,0.01,278,32.2,31.88663181347857,-4.481373850914109,45004
2026-04-01 12:03:01,114.554,22.2709,178.6,13096.0,-56.9,-76.8,-72.1,7,12,0.01,278,32.2,31.88663181347857,-4.481373850914109,45004
2026-04-01 12:03:03,114.5546,22.2708,178.3,13107.0,-57.0,-76.9,-72.2,7,12,0.01,277,32.2,31.95998608285057,-3.924192857645756,45004
2026-04-01 12:03:05,114.5552,22.2707,178.0,13118.0,-57.1,-77.0,-72.2,7,12,0.01,277,32.3,32.0592406980147,-3.93637979198627,45004
2026-04-01 12:03:07,114.5558,22.2707,177.7,13130.0,-57.2,-77.0,-72.3,7,12,0.01,277,32.3,32.0592406980147,-3.93637979198627,45004
2026-04-01 12:03:09,114.5565,22.2706,177.4,13141.0,-57.3,-77.0,-72.3,7,12,0.01,277,32.3,32.0592406980147,-3.93637979198627,45004
2026-04-01 12:03:11,114.5571,22.2705,177.1,13151.0,-57.4,-77.0,-72.3,7,12,0.01,276,32.3,32.123057220395225,-3.376269363545191,45004
2026-04-01 12:03:13,114.5577,22.2704,176.9,13159.0,-57.5,-77.0,-72.3,7,12,0.01,276,32.4,32.22250940993206,-3.3867222098719565,45004
2026-04-01 12:03:15,114.5583,22.2704,176.6,13168.0,-57.5,-77.0,-72.3,7,12,0.01,276,32.4,32.22250940993206,-3.3867222098719565,45004
2026-04-01 12:03:17,114.5589,22.2703,176.4,13176.0,-57.6,-77.1,-72.3,7,12,0.01,276,32.4,32.22250940993206,-3.3867222098719565,45004
2026-04-01 12:03:19,114.5596,22.2703,176.1,13186.0,-57.7,-77.1,-72.4,7,12,0.01,276,32.5,32.321961599468885,-3.397175056198722,45004
2026-04-01 12:03:21,114.5602,22.2703,175.9,13196.0,-57.8,-77.1,-72.4,7,13,0.01,275,32.5,32.37632768798173,-2.8325616392988815,45004
2026-04-01 12:03:23,114.5608,22.2702,175.6,13207.0,-57.9,-77.1,-72.4,7,13,0.01,275,32.6,32.475947157790905,-2.8412772135736475,45004
2026-04-01 12:03:25,114.5615,22.2702,175.3,13217.0,-58.0,-77.1,-72.4,7,13,0.01,275,32.7,32.57556662760008,-2.849992787848413,45004
2026-04-01 12:03:27,114.5621,22.2702,175.0,13228.0,-58.1,-77.1,-72.4,7,13,0.01,275,32.8,32.67518609740925,-2.8587083621231786,45004
2026-04-01 12:03:29,114.5627,22.2701,174.7,13238.0,-58.2,-77.1,-72.4,8,13,0.01,275,32.9,32.77480556721843,-2.8674239363979446,45004
2026-04-01 12:03:31,114.5634,22.27,174.4,13247.0,-58.2,-77.1,-72.3,8,13,0.01,275,33.0,32.874425037027606,-2.87613951067271,45004
2026-04-01 12:03:33,114.564,22.27,174.2,13256.0,-58.3,-77.1,-72.4,8,13,0.01,276,33.1,32.91867473668985,-3.459892134159314,45004
2026-04-01 12:03:35,114.5647,22.27,173.9,13266.0,-58.3,-77.2,-72.5,8,13,0.01,276,33.2,33.01812692622668,-3.4703449804860793,45004
2026-04-01 12:03:37,114.5653,22.2699,173.7,13274.0,-58.3,-77.2,-72.5,7,13,0.01,276,33.3,33.117579115763505,-3.480797826812844,45004
2026-04-01 12:03:39,114.566,22.2698,173.5,13281.0,-58.3,-77.3,-72.5,7,13,0.01,277,33.4,33.15104146482015,-4.070436069731932,45004
2026-04-01 12:03:41,114.5666,22.2697,173.3,13290.0,-58.4,-77.3,-72.6,7,13,0.01,277,33.5,33.25029607998429,-4.082623004072447,45004
2026-04-01 12:03:43,114.5672,22.2696,173.0,13298.0,-58.4,-77.4,-72.6,7,13,0.01,277,33.6,33.34955069514842,-4.094809938412962,45004
2026-04-01 12:03:45,114.5679,22.2695,172.8,13308.0,-58.4,-77.4,-72.6,7,13,0.01,278,33.6,33.273007109716765,-4.6762161922582,45004
2026-04-01 12:03:47,114.5685,22.2695,172.5,13317.0,-58.5,-77.4,-72.7,7,13,0.01,278,33.7,33.37203391659092,-4.690133502354207,45004
2026-04-01 12:03:49,114.5692,22.2694,172.3,13326.0,-58.5,-77.4,-72.7,7,13,0.01,278,33.7,33.37203391659092,-4.690133502354207,45004
2026-04-01 12:03:51,114.5699,22.2693,172.1,13333.0,-58.6,-77.5,-72.7,7,13,0.01,278,33.7,33.37203391659092,-4.690133502354207,45004
2026-04-01 12:03:53,114.5705,22.2692,171.8,13341.0,-58.6,-77.5,-72.8,7,13,0.01,279,33.7,33.28509707805615,-5.271841471855774,45004
2026-04-01 12:03:55,114.5711,22.269,171.6,13350.0,-58.7,-77.5,-72.8,8,13,0.01,279,33.7,33.28509707805615,-5.271841471855774,45004
2026-04-01 12:03:57,114.5717,22.2689,171.4,13358.0,-58.7,-77.5,-72.8,8,13,0.01,279,33.7,33.28509707805615,-5.271841471855774,45004
2026-04-01 12:03:59,114.5724,22.2689,171.2,13366.0,-58.8,-77.5,-72.7,8,14,0.01,279,33.7,33.28509707805615,-5.271841471855774,45004
2026-04-01 12:04:01,114.573,22.2688,170.9,13375.0,-58.9,-77.4,-72.7,8,14,0.01,279,33.7,33.28509707805615,-5.271841471855774,45004
2026-04-01 12:04:03,114.5737,22.2687,170.7,13385.0,-58.9,-77.4,-72.6,8,14,0.01,279,33.7,33.28509707805615,-5.271841471855774,45004
2026-04-01 12:04:05,114.5744,22.2686,170.4,13394.0,-58.9,-77.3,-72.6,8,14,0.01,279,33.7,33.28509707805615,-5.271841471855774,45004
2026-04-01 12:04:07,114.575,22.2685,170.1,13403.0,-58.9,-77.2,-72.5,8,14,0.01,279,33.6,33.18632824399663,-5.256198025351751,45004
2026-04-01 12:04:09,114.5757,22.2684,169.9,13413.0,-59.0,-77.2,-72.5,8,14,0.01,279,33.6,33.18632824399663,-5.256198025351751,45004
2026-04-01 12:04:11,114.5763,22.2683,169.6,13422.0,-59.1,-77.2,-72.5,8,15,0.01,279,33.6,33.18632824399663,-5.256198025351751,45004
2026-04-01 12:04:13,114.5769,22.2682,169.4,13430.0,-59.1,-77.2,-72.5,8,15,0.01,279,33.5,33.087559409937114,-5.2405545788477275,45004
2026-04-01 12:04:15,114.5776,22.2681,169.2,13438.0,-59.2,-77.3,-72.5,8,15,0.01,279,33.5,33.087559409937114,-5.2405545788477275,45004
2026-04-01 12:04:17,114.5782,22.268,169.0,13446.0,-59.3,-77.3,-72.6,8,15,0.01,279,33.5,33.087559409937114,-5.2405545788477275,45004
2026-04-01 12:04:19,114.5788,22.2679,168.8,13454.0,-59.3,-77.3,-72.6,8,15,0.01,279,33.4,32.9887905758776,-5.2249111323437045,45004
2026-04-01 12:04:21,114.5795,22.2678,168.5,13463.0,-59.4,-77.3,-72.5,9,15,0.01,279,33.4,32.9887905758776,-5.2249111323437045,45004
2026-04-01 12:04:23,114.5801,22.2677,168.3,13472.0,-59.4,-77.3,-72.6,9,15,0.01,279,33.4,32.9887905758776,-5.2249111323437045,45004
2026-04-01 12:04:25,114.5808,22.2676,168.1,13480.0,-59.5,-77.3,-72.6,9,15,0.01,279,33.4,32.9887905758776,-5.2249111323437045,45004
2026-04-01 12:04:27,114.5814,22.2675,167.8,13489.0,-59.6,-77.3,-72.6,9,15,0.01,278,33.4,33.07495349596845,-4.648381572066186,45004
2026-04-01 12:04:29,114.5821,22.2674,167.6,13497.0,-59.6,-77.3,-72.6,9,15,0.01,278,33.3,32.97592668909429,-4.634464261970179,45004
2026-04-01 12:04:31,114.5827,22.2674,167.4,13506.0,-59.7,-77.4,-72.6,9,16,0.01,278,33.3,32.97592668909429,-4.634464261970179,45004
2026-04-01 12:04:33,114.5833,22.2673,167.1,13516.0,-59.7,-77.4,-72.7,9,16,0.01,278,33.3,32.97592668909429,-4.634464261970179,45004
2026-04-01 12:04:35,114.584,22.2672,166.9,13525.0,-59.8,-77.5,-72.7,9,16,0.01,278,33.3,32.97592668909429,-4.634464261970179,45004
2026-04-01 12:04:37,114.5846,22.2671,166.6,13534.0,-59.9,-77.5,-72.8,9,16,0.01,278,33.3,32.97592668909429,-4.634464261970179,45004
2026-04-01 12:04:39,114.5853,22.2671,166.3,13545.0,-59.9,-77.6,-72.8,9,16,0.01,278,33.2,32.87689988222014,-4.620546951874174,45004
2026-04-01 12:04:41,114.5859,22.267,166.1,13554.0,-60.0,-77.6,-72.9,9,16,0.01,278,33.2,32.87689988222014,-4.620546951874174,45004
2026-04-01 12:04:43,114.5865,22.2669,165.8,13563.0,-60.1,-77.6,-72.8,9,16,0.01,278,33.2,32.87689988222014,-4.620546951874174,45004
2026-04-01 12:04:45,114.5872,22.2668,165.6,13574.0,-60.1,-77.6,-72.8,9,16,0.01,278,33.2,32.87689988222014,-4.620546951874174,45004
2026-04-01 12:04:47,114.5878,22.2668,165.3,13584.0,-60.2,-77.6,-72.8,9,16,0.01,278,33.2,32.87689988222014,-4.620546951874174,45004
2026-04-01 12:04:49,114.5884,22.2667,165.0,13593.0,-60.3,-77.6,-72.8,9,16,0.01,278,33.2,32.87689988222014,-4.620546951874174,45004
2026-04-01 12:04:51,114.5891,22.2666,164.8,13604.0,-60.4,-77.5,-72.8,9,17,0.01,278,33.2,32.87689988222014,-4.620546951874174,45004
2026-04-01 12:04:53,114.5897,22.2665,164.5,13614.0,-60.5,-77.6,-72.8,9,17,0.01,278,33.2,32.87689988222014,-4.620546951874174,45004
2026-04-01 12:04:55,114.5904,22.2664,164.3,13623.0,-60.6,-77.5,-72.8,10,17,0.01,278,33.3,32.97592668909429,-4.634464261970179,45004
2026-04-01 12:04:57,114.591,22.2664,164.0,13633.0,-60.7,-77.6,-72.8,10,17,0.01,278,33.3,32.97592668909429,-4.634464261970179,45004
2026-04-01 12:04:59,114.5916,22.2663,163.7,13643.0,-60.8,-77.6,-72.9,10,17,0.01,278,33.3,32.97592668909429,-4.634464261970179,45004
2026-04-01 12:05:01,114.5922,22.2662,163.5,13653.0,-60.8,-77.6,-72.9,10,18,0.01,278,33.4,33.07495349596845,-4.648381572066186,45004
2026-04-01 12:05:03,114.5928,22.2661,163.2,13663.0,-60.9,-77.7,-72.9,10,18,0.01,278,33.4,33.07495349596845,-4.648381572066186,45004
2026-04-01 12:05:05,114.5935,22.266,163.0,13673.0,-61.0,-77.7,-73.0,10,18,0.01,278,33.4,33.07495349596845,-4.648381572066186,45004
2026-04-01 12:05:07,114.5942,22.2659,162.7,13682.0,-61.1,-77.8,-73.0,10,18,0.01,278,33.4,33.07495349596845,-4.648381572066186,45004
2026-04-01 12:05:09,114.5949,22.2658,162.5,13691.0,-61.2,-77.8,-73.1,10,18,0.01,278,33.4,33.07495349596845,-4.648381572066186,45004
2026-04-01 12:05:11,114.5955,22.2657,162.2,13701.0,-61.2,-77.8,-73.1,10,18,0.01,278,33.4,33.07495349596845,-4.648381572066186,45004
2026-04-01 12:05:13,114.5961,22.2656,161.9,13712.0,-61.3,-77.9,-73.1,10,18,0.01,278,33.3,32.97592668909429,-4.634464261970179,45004
2026-04-01 12:05:15,114.5968,22.2655,161.7,13722.0,-61.3,-77.9,-73.1,10,18,0.01,278,33.3,32.97592668909429,-4.634464261970179,45004
2026-04-01 12:05:17,114.5974,22.2654,161.4,13733.0,-61.4,-77.9,-73.2,10,18,0.01,279,33.2,32.791252907758576,-5.193624239335659,45004
2026-04-01 12:05:19,114.5981,22.2653,161.1,13743.0,-61.5,-78.0,-73.3,10,18,0.01,279,33.1,32.69248407369906,-5.177980792831636,45004
2026-04-01 12:05:21,114.5987,22.2653,160.9,13753.0,-61.6,-78.1,-73.3,10,18,0.01,279,33.0,32.59371523963954,-5.162337346327612,45004
2026-04-01 12:05:23,114.5993,22.2652,160.6,13762.0,-61.6,-78.1,-73.4,10,18,0.01,279,32.9,32.49494640558003,-5.146693899823589,45004
2026-04-01 12:05:25,114.5999,22.2651,160.4,13770.0,-61.6,-78.2,-73.5,10,18,0.01,279,32.8,32.39617757152052,-5.131050453319566,45004
2026-04-01 12:05:27,114.6005,22.265,160.2,13778.0,-61.7,-78.3,-73.5,10,18,0.01,279,32.7,32.297408737461005,-5.115407006815544,45004
2026-04-01 12:05:29,114.6012,22.2649,160.0,13787.0,-61.7,-78.3,-73.6,10,18,0.01,279,32.5,32.09987106934198,-5.084120113807497,45004
2026-04-01 12:05:31,114.6018,22.2648,159.8,13796.0,-61.8,-78.3,-73.6,10,18,0.01,279,32.4,32.00110223528246,-5.068476667303473,45004
2026-04-01 12:05:33,114.6024,22.2647,159.5,13805.0,-61.8,-78.4,-73.7,10,18,0.01,279,32.3,31.902333401222947,-5.05283322079945,45004
2026-04-01 12:05:35,114.603,22.2646,159.3,13814.0,-61.9,-78.5,-73.7,10,18,0.01,279,32.3,31.902333401222947,-5.05283322079945,45004
2026-04-01 12:05:37,114.6036,22.2646,159.0,13824.0,-62.0,-78.6,-73.8,10,18,0.01,279,32.2,31.803564567163438,-5.037189774295428,45004
2026-04-01 12:05:39,114.6043,22.2645,158.8,13833.0,-62.1,-78.6,-73.9,10,18,0.01,279,32.1,31.704795733103925,-5.0215463277914045,45004
2026-04-01 12:05:41,114.6048,22.2644,158.6,13840.0,-62.1,-78.7,-74.0,10,18,0.01,279,32.1,31.704795733103925,-5.0215463277914045,45004
2026-04-01 12:05:43,114.6055,22.2643,158.4,13848.0,-62.2,-78.8,-74.0,10,18,0.01,279,32.0,31.60602689904441,-5.005902881287382,45004
2026-04-01 12:05:45,114.6061,22.2642,158.2,13857.0,-62.2,-78.8,-74.0,10,18,0.01,280,32.0,31.51384809639066,-5.556741685341759,45004
2026-04-01 12:05:47,114.6066,22.2641,157.9,13866.0,-62.3,-78.8,-74.0,10,18,0.01,280,31.9,31.415367321089438,-5.539376867575066,45004
2026-04-01 12:05:49,114.6073,22.264,157.7,13875.0,-62.4,-78.8,-74.1,10,18,0.01,280,31.9,31.415367321089438,-5.539376867575066,45004
2026-04-01 12:05:51,114.6079,22.2639,157.5,13884.0,-62.4,-78.9,-74.2,10,18,0.01,280,31.8,31.31688654578822,-5.522012049808374,45004
2026-04-01 12:05:53,114.6085,22.2638,157.3,13893.0,-62.5,-79.0,-74.2,10,18,0.01,280,31.8,31.31688654578822,-5.522012049808374,45004
2026-04-01 12:05:55,114.6091,22.2637,157.1,13901.0,-62.5,-79.0,-74.2,10,18,0.01,280,31.8,31.31688654578822,-5.522012049808374,45004
2026-04-01 12:05:57,114.6097,22.2636,156.8,13910.0,-62.6,-79.0,-74.3,10,18,0.01,280,31.7,31.218405770486996,-5.5046472320416795,45004
2026-04-01 12:05:59,114.6103,22.2635,156.6,13919.0,-62.6,-79.0,-74.3,10,18,0.01,280,31.7,31.218405770486996,-5.5046472320416795,45004
2026-04-01 12:06:01,114.6109,22.2634,156.4,13928.0,-62.7,-79.1,-74.3,10,18,0.01,280,31.6,31.119924995185777,-5.487282414274987,45004
2026-04-01 12:06:03,114.6115,22.2633,156.2,13936.0,-62.8,-79.1,-74.4,10,18,0.01,280,31.6,31.119924995185777,-5.487282414274987,45004
2026-04-01 12:06:05,114.6121,22.2632,155.9,13944.0,-62.8,-79.1,-74.4,10,18,0.01,280,31.5,31.021444219884557,-5.469917596508294,45004
2026-04-01 12:06:07,114.6128,22.2631,155.7,13954.0,-62.9,-79.2,-74.5,10,18,0.01,280,31.5,31.021444219884557,-5.469917596508294,45004
2026-04-01 12:06:09,114.6133,22.263,155.5,13963.0,-63.0,-79.2,-74.5,10,18,0.01,280,31.4,30.922963444583335,-5.452552778741601,45004
2026-04-01 12:06:11,114.6139,22.2629,155.3,13972.0,-63.0,-79.3,-74.5,10,18,0.01,281,31.4,30.823093560256645,-5.9914024548235165,45004
2026-04-01 12:06:13,114.6145,22.2628,155.0,13981.0,-63.1,-79.3,-74.5,10,19,0.01,281,31.4,30.823093560256645,-5.9914024548235165,45004
2026-04-01 12:06:15,114.6151,22.2627,154.8,13989.0,-63.2,-79.3,-74.5,10,19,0.01,281,31.3,30.72493084191188,-5.972321555285862,45004
2026-04-01 12:06:17,114.6157,22.2626,154.6,13998.0,-63.2,-79.3,-74.6,10,19,0.01,281,31.3,30.72493084191188,-5.972321555285862,45004
2026-04-01 12:06:19,114.6163,22.2624,154.4,14008.0,-63.3,-79.4,-74.6,10,19,0.01,281,31.2,30.62676812356711,-5.953240655748207,45004
2026-04-01 12:06:21,114.6169,22.2623,154.1,14016.0,-63.4,-79.3,-74.6,10,19,0.01,281,31.2,30.62676812356711,-5.953240655748207,45004
2026-04-01 12:06:23,114.6175,22.2622,153.9,14024.0,-63.4,-79.3,-74.6,10,19,0.01,281,31.1,30.528605405222347,-5.934159756210553,45004
2026-04-01 12:06:25,114.6181,22.2621,153.7,14033.0,-63.5,-79.3,-74.6,11,19,0.01,281,31.1,30.528605405222347,-5.934159756210553,45004
2026-04-01 12:06:27,114.6187,22.262,153.5,14042.0,-63.6,-79.3,-74.6,11,20,0.01,281,31.0,30.43044268687758,-5.915078856672898,45004
2026-04-01 12:06:29,114.6193,22.2619,153.3,14052.0,-63.6,-79.3,-74.6,11,20,0.01,281,31.0,30.43044268687758,-5.915078856672898,45004
2026-04-01 12:06:31,114.6199,22.2618,153.0,14061.0,-63.7,-79.4,-74.6,11,20,0.01,281,30.9,30.332279968532813,-5.895997957135243,45004
2026-04-01 12:06:33,114.6204,22.2616,152.8,14070.0,-63.8,-79.4,-74.7,11,20,0.01,281,30.9,30.332279968532813,-5.895997957135243,45004
2026-04-01 12:06:35,114.621,22.2616,152.6,14078.0,-63.9,-79.4,-74.7,11,20,0.01,281,30.8,30.23411725018805,-5.8769170575975895,45004
2026-04-01 12:06:37,114.6216,22.2615,152.4,14087.0,-63.9,-79.5,-74.7,11,20,0.01,281,30.7,30.13595453184328,-5.857836158059935,45004
2026-04-01 12:06:39,114.6222,22.2614,152.1,14097.0,-64.0,-79.5,-74.7,11,20,0.01,281,30.7,30.13595453184328,-5.857836158059935,45004
2026-04-01 12:06:41,114.6228,22.2613,151.9,14106.0,-64.0,-79.5,-74.7,11,20,0.01,280,30.6,30.13511724217357,-5.313634236608057,45004
2026-04-01 12:06:43,114.6233,22.2612,151.7,14115.0,-64.1,-79.5,-74.7,11,21,0.01,280,30.6,30.13511724217357,-5.313634236608057,45004
2026-04-01 12:06:45,114.6239,22.2611,151.4,14125.0,-64.2,-79.5,-74.8,11,21,0.01,280,30.5,30.03663646687235,-5.296269418841364,45004
2026-04-01 12:06:47,114.6245,22.261,151.2,14135.0,-64.3,-79.5,-74.8,11,21,0.01,280,30.5,30.03663646687235,-5.296269418841364,45004
2026-04-01 12:06:49,114.6251,22.2609,150.9,14145.0,-64.4,-79.6,-74.8,11,21,0.01,280,30.4,29.938155691571126,-5.278904601074671,45004
2026-04-01 12:06:51,114.6257,22.2608,150.7,14155.0,-64.4,-79.6,-74.9,11,21,0.01,280,30.4,29.938155691571126,-5.278904601074671,45004
2026-04-01 12:06:53,114.6263,22.2607,150.4,14165.0,-64.5,-79.6,-74.9,11,21,0.01,280,30.3,29.839674916269907,-5.2615397833079784,45004
2026-04-01 12:06:54,114.6266,22.2606,150.2,14176.0,-64.6,-79.7,-74.9,12,22,0.01,280,30.3,29.839674916269907,-5.2615397833079784,45004
2026-04-01 12:06:55,114.6268,22.2606,150.0,14183.0,-64.7,-79.7,-74.9,12,22,0.01,280,30.3,29.839674916269907,-5.2615397833079784,45004
2026-04-01 12:06:57,114.6274,22.2605,149.9,14187.0,-64.7,-79.7,-74.9,12,22,0.01,280,30.2,29.741194140968684,-5.244174965541285,45004
2026-04-01 12:06:59,114.628,22.2605,149.6,14198.0,-64.8,-79.8,-75.0,12,22,0.01,280,30.1,29.642713365667465,-5.226810147774592,45004
2026-04-01 12:07:01,114.6286,22.2604,149.3,14210.0,-64.9,-79.8,-75.1,12,22,0.01,280,30.1,29.642713365667465,-5.226810147774592,45004
2026-04-01 12:07:03,114.6291,22.2603,149.1,14221.0,-65.0,-79.8,-75.1,12,22,0.0,280,30.0,29.544232590366242,-5.209445330007899,45004
2026-04-01 12:07:05,114.6297,22.2602,148.8,14232.0,-65.1,-79.9,-75.1,12,22,0.0,280,29.9,29.445751815065023,-5.192080512241206,45004
2026-04-01 12:07:07,114.6302,22.2601,148.5,14243.0,-65.2,-79.9,-75.1,12,23,0.0,281,29.9,29.35065278508515,-5.705188961758698,45004
2026-04-01 12:07:09,114.6308,22.2599,148.3,14253.0,-65.2,-79.9,-75.1,12,23,0.0,281,29.8,29.252490066740386,-5.686108062221044,45004
2026-04-01 12:07:11,114.6314,22.2598,148.0,14263.0,-65.3,-79.9,-75.1,12,23,0.0,281,29.8,29.252490066740386,-5.686108062221044,45004
2026-04-01 12:07:13,114.6319,22.2597,147.8,14273.0,-65.4,-79.9,-75.2,12,23,0.0,281,29.7,29.154327348395615,-5.6670271626833895,45004
2026-04-01 12:07:15,114.6325,22.2596,147.5,14284.0,-65.5,-80.0,-75.3,12,23,0.0,281,29.7,29.154327348395615,-5.6670271626833895,45004
2026-04-01 12:07:17,114.633,22.2595,147.3,14295.0,-65.6,-80.1,-75.4,12,23,0.0,281,29.7,29.154327348395615,-5.6670271626833895,45004
2026-04-01 12:07:19,114.6336,22.2594,147.0,14306.0,-65.7,-80.2,-75.4,12,23,0.0,281,29.7,29.154327348395615,-5.6670271626833895,45004
2026-04-01 12:07:21,114.6342,22.2593,146.8,14315.0,-65.7,-80.2,-75.4,12,23,0.0,281,29.7,29.154327348395615,-5.6670271626833895,45004
2026-04-01 12:07:23,114.6348,22.2592,146.5,14325.0,-65.8,-80.2,-75.5,12,23,0.0,281,29.7,29.154327348395615,-5.6670271626833895,45004
2026-04-01 12:07:25,114.6353,22.2591,146.3,14334.0,-65.9,-80.2,-75.5,13,24,0.0,281,29.7,29.154327348395615,-5.6670271626833895,45004
2026-04-01 12:07:27,114.6359,22.2591,146.1,14344.0,-66.0,-80.2,-75.5,13,24,0.0,281,29.7,29.154327348395615,-5.6670271626833895,45004
2026-04-01 12:07:29,114.6364,22.259,145.9,14352.0,-66.0,-80.2,-75.5,13,24,0.0,281,29.7,29.154327348395615,-5.6670271626833895,45004
2026-04-01 12:07:31,114.6369,22.2589,145.7,14360.0,-66.1,-80.2,-75.5,13,24,0.0,281,29.7,29.154327348395615,-5.6670271626833895,45004
2026-04-01 12:07:33,114.6375,22.2588,145.5,14370.0,-66.2,-80.3,-75.5,13,25,0.0,281,29.7,29.154327348395615,-5.6670271626833895,45004
2026-04-01 12:07:35,114.6381,22.2586,145.3,14378.0,-66.3,-80.3,-75.5,13,25,0.0,281,29.7,29.154327348395615,-5.6670271626833895,45004
2026-04-01 12:07:37,114.6387,22.2585,145.1,14386.0,-66.3,-80.3,-75.5,13,25,0.0,281,29.7,29.154327348395615,-5.6670271626833895,45004
2026-04-01 12:07:39,114.6393,22.2584,144.8,14395.0,-66.3,-80.3,-75.5,13,25,0.0,281,29.7,29.154327348395615,-5.6670271626833895,45004
2026-04-01 12:07:41,114.6399,22.2584,144.6,14405.0,-66.4,-80.3,-75.5,13,25,0.0,281,29.6,29.05616463005085,-5.647946263145736,45004
2026-04-01 12:07:43,114.6404,22.2583,144.4,14415.0,-66.5,-80.3,-75.5,13,25,0.0,281,29.5,28.958001911706084,-5.628865363608081,45004
2026-04-01 12:07:45,114.641,22.2582,144.2,14424.0,-66.5,-80.3,-75.5,14,26,0.0,281,29.5,28.958001911706084,-5.628865363608081,45004
2026-04-01 12:07:47,114.6415,22.2581,143.9,14434.0,-66.6,-80.3,-75.6,14,26,0.0,281,29.4,28.859839193361317,-5.609784464070426,45004
2026-04-01 12:07:49,114.6421,22.258,143.7,14443.0,-66.7,-80.3,-75.6,14,26,0.0,281,29.2,28.663513756671783,-5.571622664995117,45004
2026-04-01 12:07:51,114.6426,22.2579,143.5,14453.0,-66.8,-80.3,-75.6,14,26,0.0,281,29.1,28.56535103832702,-5.552541765457463,45004
2026-04-01 12:07:53,114.6432,22.2578,143.2,14463.0,-66.9,-80.4,-75.6,14,27,0.0,281,29.0,28.467188319982252,-5.533460865919809,45004
2026-04-01 12:07:55,114.6438,22.2577,143.0,14472.0,-66.9,-80.4,-75.7,14,27,0.0,282,28.8,28.1706509011336,-5.987856695551472,45004
2026-04-01 12:07:57,114.6443,22.2576,142.8,14482.0,-67.0,-80.5,-75.8,14,27,0.0,282,28.7,28.07283614106022,-5.967065526469696,45004
2026-04-01 12:07:59,114.6448,22.2574,142.5,14492.0,-67.1,-80.6,-75.9,14,26,0.0,282,28.6,27.975021380986842,-5.946274357387921,45004
2026-04-01 12:08:01,114.6453,22.2573,142.3,14502.0,-67.1,-80.7,-75.9,14,26,0.0,282,28.5,27.87720662091346,-5.925483188306145,45004
2026-04-01 12:08:03,114.6458,22.2573,142.1,14511.0,-67.2,-80.7,-76.0,14,26,0.0,282,28.4,27.77939186084008,-5.904692019224369,45004
2026-04-01 12:08:05,114.6464,22.2572,141.9,14521.0,-67.2,-80.8,-76.0,14,26,0.0,282,28.3,27.6815771007667,-5.8839008501425925,45004
2026-04-01 12:08:07,114.6469,22.2571,141.6,14532.0,-67.3,-80.8,-76.0,14,26,0.0,282,28.2,27.583762340693315,-5.863109681060816,45004
2026-04-01 12:08:09,114.6474,22.2569,141.3,14543.0,-67.4,-80.9,-76.1,14,27,0.0,282,28.1,27.48594758061994,-5.842318511979041,45004
2026-04-01 12:08:11,114.648,22.2568,141.1,14553.0,-67.4,-80.9,-76.2,14,26,0.0,282,28.0,27.388132820546556,-5.821527342897265,45004
2026-04-01 12:08:13,114.6485,22.2567,140.9,14563.0,-67.5,-81.1,-76.3,14,26,0.0,282,28.0,27.388132820546556,-5.821527342897265,45004
2026-04-01 12:08:15,114.649,22.2566,140.6,14573.0,-67.6,-81.1,-76.4,14,26,0.0,282,27.9,27.290318060473176,-5.800736173815489,45004
2026-04-01 12:08:17,114.6496,22.2565,140.4,14583.0,-67.6,-81.3,-76.5,13,26,0.0,282,27.7,27.094688540326413,-5.7591538356519365,45004
2026-04-01 12:08:19,114.6501,22.2564,140.2,14592.0,-67.7,-81.4,-76.6,13,26,0.0,281,27.6,27.092910263155524,-5.266328272392645,45004
2026-04-01 12:08:21,114.6507,22.2563,139.9,14604.0,-67.8,-81.5,-76.8,13,25,0.0,281,27.5,26.994747544810757,-5.24724737285499,45004
2026-04-01 12:08:23,114.6512,22.2562,139.7,14615.0,-67.9,-81.7,-76.9,13,25,0.0,280,27.3,26.885251657233283,-4.740595250307188,45004
2026-04-01 12:08:25,114.6517,22.256,139.4,14628.0,-67.9,-81.8,-77.0,13,25,0.0,280,27.1,26.68829010663084,-4.705865614773803,45004
2026-04-01 12:08:27,114.6522,22.256,139.1,14641.0,-67.9,-81.8,-77.0,13,25,0.0,279,26.9,26.568816362009205,-4.2080871095822046,45004
2026-04-01 12:08:29,114.6527,22.2559,138.7,14655.0,-67.7,-81.7,-76.9,13,25,0.0,278,26.7,26.44015743539993,-3.715921795633748,45004
2026-04-01 12:08:31,114.6532,22.2558,138.4,14669.0,-67.8,-81.8,-77.0,13,25,0.0,278,26.5,26.242103821651614,-3.688087175441735,45004
2026-04-01 12:08:33,114.6536,22.2558,138.1,14685.0,-67.9,-81.8,-77.0,13,25,0.0,277,26.2,26.004709173002635,-3.192976797214869,45004
2026-04-01 12:08:35,114.6542,22.2557,137.7,14701.0,-67.9,-81.8,-77.0,13,25,0.0,276,26.0,25.85756927957511,-2.7177400449589775,45004
2026-04-01 12:08:37,114.6547,22.2557,137.4,14715.0,-67.9,-81.8,-77.0,13,25,0.0,276,25.7,25.559212710964626,-2.6863815059786815,45004
2026-04-01 12:08:39,114.6553,22.2558,137.1,14728.0,-67.9,-81.8,-77.0,13,25,0.0,275,25.4,25.303345331530334,-2.2137558657905103,45004
2026-04-01 12:08:41,114.6558,22.2558,136.7,14743.0,-68.0,-81.9,-77.1,13,25,0.0,274,25.1,25.038857661521593,-1.7508874909775431,45004
2026-04-01 12:08:43,114.6562,22.2558,136.4,14758.0,-68.1,-81.9,-77.1,13,25,0.0,273,24.8,24.76601246191343,-1.2979317148250098,45004
2026-04-01 12:08:45,114.6566,22.2557,136.0,14774.0,-68.2,-81.9,-77.1,13,26,0.0,273,24.5,24.466423601487058,-1.2822309279521267,45004
2026-04-01 12:08:47,114.6571,22.2556,135.7,14789.0,-68.4,-81.9,-77.1,14,26,0.0,272,24.1,24.08531893116021,-0.8410778705302809,45004
2026-04-01 12:08:49,114.6576,22.2557,135.3,14805.0,-68.6,-81.9,-77.1,14,27,0.0,271,23.8,23.796375144722113,-0.4153672732073385,45004
2026-04-01 12:08:51,114.6581,22.2557,135.0,14818.0,-68.7,-81.9,-77.1,14,27,0.0,271,23.5,23.496420836175194,-0.4101315512761535,45004
2026-04-01 12:08:53,114.6585,22.2557,134.7,14831.0,-68.8,-81.9,-77.2,14,28,0.0,270,23.3,23.3,4.2801405630199994e-15,45004
2026-04-01 12:08:55,114.6589,22.2556,134.4,14846.0,-68.9,-82.0,-77.2,14,28,0.0,269,23.1,23.09648175811264,0.4031505887012488,45004
2026-04-01 12:08:57,114.6593,22.2555,134.1,14860.0,-69.0,-82.0,-77.3,14,28,0.0,268,22.9,22.88604993873729,0.7991984744872673,45004
2026-04-01 12:08:59,114.6597,22.2555,133.7,14875.0,-69.1,-82.1,-77.3,15,28,0.0,267,22.9,22.86861634587974,1.1984933979634245,45004
2026-04-01 12:09:01,114.66,22.2556,133.4,14890.0,-69.2,-82.1,-77.3,15,29,0.0,266,22.8,22.744460345923994,1.5904476013660633,45004
2026-04-01 12:09:03,114.6604,22.2557,133.1,14902.0,-69.3,-82.1,-77.3,15,29,0.0,265,22.9,22.812858586300973,1.9958665089213738,45004
2026-04-01 12:09:05,114.6609,22.2559,132.9,14911.0,-69.2,-82.0,-77.2,15,29,0.0,264,23.0,22.874003593470288,2.4041546551560273,45004
2026-04-01 12:09:07,114.6614,22.256,132.7,14920.0,-69.1,-81.8,-77.1,15,30,0.0,264,23.1,22.973455783007118,2.414607501482793,45004
2026-04-01 12:09:09,114.6619,22.256,132.5,14929.0,-69.2,-81.8,-77.0,15,30,0.0,263,23.3,23.126325333242807,2.839555701339929,45004
2026-04-01 12:09:11,114.6624,22.2561,132.3,14939.0,-69.2,-81.7,-77.0,15,30,0.0,263,23.4,23.225579948406935,2.8517426356804436,45004
2026-04-01 12:09:13,114.6629,22.2561,132.1,14950.0,-69.2,-81.7,-76.9,16,30,0.0,263,23.6,23.4240891787352,2.8761165043614736,45004
2026-04-01 12:09:15,114.6634,22.2562,131.9,14960.0,-69.3,-81.7,-77.0,16,31,0.0,262,23.7,23.469353229175216,3.29840249275356,45004
2026-04-01 12:09:17,114.6638,22.2563,131.6,14970.0,-69.4,-81.8,-77.1,16,31,0.0,262,23.8,23.568380036049373,3.312319802849567,45004
2026-04-01 12:09:19,114.6642,22.2563,131.4,14981.0,-69.5,-81.9,-77.1,16,31,0.0,262,23.9,23.667406842923526,3.3262371129455732,45004
2026-04-01 12:09:21,114.6647,22.2563,131.2,14991.0,-69.6,-81.9,-77.2,16,31,0.0,262,23.9,23.667406842923526,3.3262371129455732,45004
2026-04-01 12:09:23,114.6652,22.2563,131.0,15000.0,-69.7,-82.0,-77.2,16,31,0.0,262,24.0,23.766433649797687,3.3401544230415796,45004
2026-04-01 12:09:25,114.6656,22.2564,130.8,15009.0,-69.7,-82.0,-77.2,16,31,0.0,263,24.0,23.82110763939173,2.924864241723532,45004
2026-04-01 12:09:27,114.6661,22.2565,130.6,15019.0,-69.8,-82.0,-77.2,16,32,0.0,263,24.0,23.82110763939173,2.924864241723532,45004
2026-04-01 12:09:29,114.6666,22.2565,130.3,15028.0,-69.9,-82.0,-77.2,16,32,0.0,263,24.0,23.82110763939173,2.924864241723532,45004
2026-04-01 12:09:31,114.667,22.2566,130.1,15038.0,-70.0,-82.0,-77.2,17,33,0.0,263,24.1,23.920362254555865,2.937051176064047,45004
2026-04-01 12:09:33,114.6674,22.2566,129.9,15049.0,-70.1,-82.0,-77.3,17,33,0.0,263,24.1,23.920362254555865,2.937051176064047,45004
2026-04-01 12:09:35,114.6679,22.2567,129.6,15060.0,-70.2,-82.1,-77.3,17,33,0.0,263,24.2,24.019616869719993,2.9492381104045613,45004
2026-04-01 12:09:37,114.6683,22.2568,129.4,15072.0,-70.3,-82.1,-77.4,17,33,0.0,262,24.2,23.964487263546,3.367989043233593,45004
2026-04-01 12:09:39,114.6688,22.2569,129.1,15083.0,-70.4,-82.2,-77.4,17,34,0.0,262,24.3,24.063514070420158,3.3819063533295997,45004
2026-04-01 12:09:41,114.6693,22.257,128.9,15095.0,-70.5,-82.2,-77.5,17,34,0.0,262,24.4,24.16254087729431,3.395823663425606,45004
2026-04-01 12:09:43,114.6698,22.257,128.6,15107.0,-70.6,-82.3,-77.5,17,34,0.0,262,24.4,24.16254087729431,3.395823663425606,45004
2026-04-01 12:09:45,114.6703,22.257,128.4,15120.0,-70.7,-82.3,-77.6,17,34,0.0,262,24.5,24.261567684168472,3.409740973521613,45004
2026-04-01 12:09:47,114.6707,22.257,128.1,15132.0,-70.8,-82.4,-77.6,18,35,0.0,262,24.6,24.36059449104263,3.4236582836176197,45004
2026-04-01 12:09:49,114.6712,22.257,127.9,15142.0,-70.9,-82.4,-77.6,18,35,0.0,262,24.6,24.36059449104263,3.4236582836176197,45004
2026-04-01 12:09:51,114.6717,22.2571,127.6,15153.0,-71.0,-82.4,-77.7,18,35,0.0,261,24.7,24.3959020126999,3.8639312864937065,45004
2026-04-01 12:09:53,114.6722,22.2572,127.4,15162.0,-71.1,-82.5,-77.7,18,36,0.0,261,24.7,24.3959020126999,3.8639312864937065,45004
2026-04-01 12:09:55,114.6727,22.2573,127.2,15172.0,-71.2,-82.5,-77.7,18,36,0.0,261,24.8,24.494670846759416,3.87957473299773,45004
2026-04-01 12:09:57,114.6732,22.2574,127.0,15184.0,-71.3,-82.6,-77.8,18,36,0.0,261,24.8,24.494670846759416,3.87957473299773,45004
2026-04-01 12:09:59,114.6736,22.2575,126.7,15198.0,-71.4,-82.6,-77.9,18,36,0.0,260,24.9,24.521713050003978,4.323839623906565,45004
2026-04-01 12:10:01,114.6741,22.2576,126.4,15211.0,-71.5,-82.7,-78.0,18,36,0.0,260,24.9,24.521713050003978,4.323839623906565,45004
2026-04-01 12:10:03,114.6745,22.2577,126.2,15222.0,-71.6,-82.8,-78.0,18,36,0.0,260,25.0,24.6201938253052,4.341204441673258,45004
2026-04-01 12:10:05,114.6749,22.2578,126.0,15231.0,-71.7,-82.9,-78.1,18,36,0.0,260,25.1,24.718674600606423,4.358569259439951,45004
2026-04-01 12:10:07,114.6754,22.2579,125.7,15242.0,-71.8,-83.0,-78.2,18,36,0.0,259,25.2,24.73700502288113,4.808386683488924,45004
2026-04-01 12:10:09,114.6759,22.2579,125.5,15254.0,-71.9,-83.1,-78.3,18,37,0.0,259,25.3,24.8351677412259,4.8274675830265785,45004
2026-04-01 12:10:11,114.6765,22.258,125.2,15266.0,-72.0,-83.1,-78.3,19,37,0.0,259,25.4,24.933330459570662,4.846548482564232,45004
2026-04-01 12:10:13,114.677,22.2581,124.9,15279.0,-72.1,-83.1,-78.3,19,38,0.0,259,25.5,25.031493177915433,4.865629382101887,45004
2026-04-01 12:10:15,114.6774,22.2582,124.7,15290.0,-72.2,-83.1,-78.4,19,38,0.0,259,25.6,25.1296558962602,4.884710281639542,45004
2026-04-01 12:10:17,114.6779,22.2583,124.5,15302.0,-72.3,-83.1,-78.4,19,39,0.0,259,25.7,25.227818614604963,4.903791181177196,45004
2026-04-01 12:10:19,114.6784,22.2583,124.2,15312.0,-72.4,-83.1,-78.4,20,39,0.0,259,25.8,25.32598133294973,4.922872080714851,45004
2026-04-01 12:10:21,114.6789,22.2584,124.0,15322.0,-72.5,-83.2,-78.4,20,39,0.0,259,25.9,25.424144051294494,4.9419529802525055,45004
2026-04-01 12:10:23,114.6794,22.2585,123.8,15331.0,-72.6,-83.3,-78.5,19,39,0.0,259,26.0,25.522306769639265,4.961033879790159,45004
2026-04-01 12:10:25,114.6799,22.2586,123.6,15340.0,-72.7,-83.4,-78.6,19,39,0.0,260,26.1,25.703482353618632,4.5322174371068815,45004
2026-04-01 12:10:27,114.6804,22.2587,123.4,15350.0,-72.8,-83.5,-78.7,19,39,0.0,260,26.1,25.703482353618632,4.5322174371068815,45004
2026-04-01 12:10:29,114.6809,22.2588,123.2,15360.0,-72.8,-83.6,-78.8,19,39,0.0,260,26.1,25.703482353618632,4.5322174371068815,45004
2026-04-01 12:10:31,114.6814,22.2589,123.0,15370.0,-72.9,-83.6,-78.8,19,39,0.0,260,26.1,25.703482353618632,4.5322174371068815,45004
2026-04-01 12:10:33,114.6819,22.259,122.8,15380.0,-73.0,-83.6,-78.9,20,40,0.0,260,26.2,25.801963128919848,4.549582254873575,45004
2026-04-01 12:10:35,114.6824,22.259,122.5,15393.0,-73.1,-83.6,-78.9,20,40,0.0,260,26.2,25.801963128919848,4.549582254873575,45004
2026-04-01 12:10:37,114.683,22.2591,122.3,15406.0,-73.3,-83.7,-78.9,20,41,0.0,260,26.2,25.801963128919848,4.549582254873575,45004
2026-04-01 12:10:39,114.6834,22.2592,122.1,15416.0,-73.4,-83.7,-78.9,20,41,0.0,260,26.2,25.801963128919848,4.549582254873575,45004
2026-04-01 12:10:41,114.6838,22.2593,121.8,15426.0,-73.5,-83.7,-78.9,21,42,0.0,260,26.2,25.801963128919848,4.549582254873575,45004
2026-04-01 12:10:43,114.6843,22.2594,121.6,15437.0,-73.6,-83.8,-79.0,21,42,0.0,259,26.2,25.718632206328795,4.999195678865469,45004
2026-04-01 12:10:45,114.6848,22.2595,121.4,15448.0,-73.7,-83.8,-79.0,21,42,0.0,259,26.2,25.718632206328795,4.999195678865469,45004
2026-04-01 12:10:47,114.6854,22.2596,121.2,15459.0,-73.8,-83.9,-79.1,21,43,0.0,259,26.3,25.816794924673562,5.018276578403124,45004
2026-04-01 12:10:49,114.6859,22.2596,120.9,15469.0,-73.9,-84.0,-79.2,21,43,0.0,259,26.3,25.816794924673562,5.018276578403124,45004
2026-04-01 12:10:51,114.6864,22.2597,120.7,15479.0,-74.0,-84.1,-79.3,21,43,0.0,259,26.3,25.816794924673562,5.018276578403124,45004
2026-04-01 12:10:53,114.6869,22.2598,120.5,15490.0,-74.1,-84.2,-79.4,21,43,0.0,259,26.3,25.816794924673562,5.018276578403124,45004
2026-04-01 12:10:55,114.6874,22.2599,120.3,15501.0,-74.2,-84.3,-79.5,21,43,0.0,258,26.3,25.725281899299087,5.468077468507082,45004
2026-04-01 12:10:57,114.6879,22.26,120.1,15512.0,-74.3,-84.4,-79.6,21,43,0.0,258,26.3,25.725281899299087,5.468077468507082,45004
2026-04-01 12:10:59,114.6884,22.2601,119.9,15522.0,-74.4,-84.5,-79.7,21,42,0.0,258,26.2,25.627467139225704,5.447286299425306,45004
2026-04-01 12:11:01,114.6889,22.2602,119.6,15532.0,-74.5,-84.6,-79.8,21,42,0.0,257,26.1,25.431058690894638,5.871222518374884,45004
2026-04-01 12:11:03,114.6895,22.2603,119.4,15544.0,-74.6,-84.7,-80.0,21,42,0.0,257,25.9,25.23618467793759,5.8262323075061095,45004
2026-04-01 12:11:05,114.6899,22.2604,119.2,15554.0,-74.6,-84.8,-80.1,20,42,0.0,257,25.7,25.041310664980543,5.781242096637337,45004
2026-04-01 12:11:07,114.6904,22.2606,119.0,15564.0,-74.7,-84.9,-80.2,20,41,0.0,256,25.5,24.74254102003791,6.169008337791529,45004
2026-04-01 12:11:09,114.6909,22.2607,118.8,15575.0,-74.7,-85.0,-80.3,20,41,0.0,256,25.3,24.548481874782713,6.120623958671596,45004
2026-04-01 12:11:11,114.6913,22.2608,118.5,15589.0,-74.7,-85.1,-80.4,20,40,0.0,255,25.0,24.148145657226706,6.470476127563016,45004
2026-04-01 12:11:13,114.6918,22.2609,118.2,15601.0,-74.7,-85.2,-80.4,19,40,0.0,255,24.8,23.954960491968894,6.418712318542512,45004
2026-04-01 12:11:15,114.6922,22.261,118.1,15610.0,-74.6,-85.2,-80.5,19,39,0.0,254,24.5,23.550911550488816,6.753115217516473,45004
2026-04-01 12:11:17,114.6926,22.2612,117.9,15619.0,-74.5,-85.1,-80.4,19,39,0.0,254,24.3,23.358659211301152,6.697987746353073,45004
2026-04-01 12:11:19,114.693,22.2613,117.7,15627.0,-74.5,-85.2,-80.5,19,38,0.0,254,24.1,23.16640687211349,6.6428602751896735,45004
2026-04-01 12:11:21,114.6935,22.2614,117.5,15636.0,-74.5,-85.4,-80.6,18,37,0.0,254,23.9,22.974154532925823,6.587732804026273,45004
2026-04-01 12:11:23,114.6939,22.2615,117.3,15646.0,-74.3,-85.3,-80.5,18,37,0.0,254,23.7,22.78190219373816,6.5326053328628735,45004
2026-04-01 12:11:25,114.6944,22.2617,117.1,15656.0,-74.3,-85.4,-80.6,18,36,0.0,253,23.5,22.47316176513133,6.870735060984322,45004
2026-04-01 12:11:27,114.6948,22.2618,116.9,15665.0,-74.3,-85.5,-80.7,18,36,0.0,253,23.4,22.377531289535025,6.841497890512048,45004
2026-04-01 12:11:29,114.6952,22.2619,116.8,15671.0,-74.3,-85.6,-80.8,17,35,0.0,253,23.3,22.281900813938723,6.812260720039775,45004
2026-04-01 12:11:31,114.6957,22.262,116.7,15679.0,-74.4,-85.7,-80.9,17,35,0.0,253,23.2,22.186270338342418,6.783023549567501,45004
2026-04-01 12:11:33,114.6961,22.2621,116.5,15687.0,-74.4,-85.8,-81.0,17,35,0.0,254,23.1,22.205145176175172,6.367222919372675,45004
2026-04-01 12:11:35,114.6965,22.2623,116.3,15696.0,-74.5,-85.9,-81.1,17,35,0.0,254,23.0,22.109019006581338,6.339659183790975,45004
2026-04-01 12:11:37,114.697,22.2624,116.1,15706.0,-74.6,-85.9,-81.2,17,34,0.0,254,23.0,22.109019006581338,6.339659183790975,45004
2026-04-01 12:11:39,114.6974,22.2625,116.0,15714.0,-74.6,-86.0,-81.2,17,34,0.0,254,22.9,22.012892836987504,6.312095448209274,45004
2026-04-01 12:11:41,114.6978,22.2626,115.8,15723.0,-74.7,-86.0,-81.3,17,35,0.0,254,22.9,22.012892836987504,6.312095448209274,45004
2026-04-01 12:11:43,114.6982,22.2627,115.6,15731.0,-74.7,-86.1,-81.3,17,35,0.0,254,22.8,21.916766667393674,6.284531712627575,45004
2026-04-01 12:11:45,114.6986,22.2628,115.4,15742.0,-74.8,-86.1,-81.3,17,35,0.0,254,22.8,21.916766667393674,6.284531712627575,45004
2026-04-01 12:11:47,114.699,22.2629,115.2,15751.0,-74.9,-86.1,-81.4,17,35,0.0,255,22.8,22.02310883939076,5.90107422833747,45004
2026-04-01 12:11:49,114.6995,22.263,115.1,15759.0,-75.0,-86.2,-81.4,17,35,0.0,255,22.8,22.02310883939076,5.90107422833747,45004
2026-04-01 12:11:51,114.6999,22.2631,114.9,15767.0,-75.0,-86.2,-81.4,17,35,0.0,255,22.8,22.02310883939076,5.90107422833747,45004
2026-04-01 12:11:53,114.7003,22.2632,114.8,15774.0,-75.1,-86.2,-81.5,17,36,0.0,255,22.8,22.02310883939076,5.90107422833747,45004
2026-04-01 12:11:55,114.7007,22.2633,114.6,15782.0,-75.1,-86.2,-81.5,17,36,0.0,255,22.8,22.02310883939076,5.90107422833747,45004
2026-04-01 12:11:57,114.7012,22.2635,114.5,15790.0,-75.2,-86.3,-81.5,17,36,0.0,255,22.8,22.02310883939076,5.90107422833747,45004
2026-04-01 12:11:59,114.7016,22.2636,114.3,15799.0,-75.2,-86.3,-81.5,17,36,0.0,255,22.8,22.02310883939076,5.90107422833747,45004
2026-04-01 12:12:01,114.702,22.2637,114.1,15808.0,-75.2,-86.3,-81.5,17,36,0.0,255,22.8,22.02310883939076,5.90107422833747,45004
2026-04-01 12:12:03,114.7025,22.2637,113.9,15816.0,-75.2,-86.3,-81.6,17,36,0.0,255,22.8,22.02310883939076,5.90107422833747,45004
2026-04-01 12:12:05,114.7029,22.2639,113.8,15823.0,-75.3,-86.4,-81.6,17,36,0.0,256,22.8,22.12274255909272,5.515819219672426,45004
2026-04-01 12:12:07,114.7033,22.264,113.6,15832.0,-75.4,-86.4,-81.7,17,36,0.0,256,22.8,22.12274255909272,5.515819219672426,45004
2026-04-01 12:12:09,114.7037,22.2641,113.5,15841.0,-75.4,-86.4,-81.6,17,36,0.0,256,22.8,22.12274255909272,5.515819219672426,45004
2026-04-01 12:12:11,114.7042,22.2642,113.3,15849.0,-75.4,-86.4,-81.6,18,36,0.0,256,22.8,22.12274255909272,5.515819219672426,45004
2026-04-01 12:12:13,114.7046,22.2643,113.1,15859.0,-75.4,-86.4,-81.6,18,36,0.0,256,22.9,22.21977213172032,5.540011409232392,45004
2026-04-01 12:12:15,114.705,22.2643,112.9,15870.0,-75.5,-86.4,-81.7,18,37,0.0,256,22.9,22.21977213172032,5.540011409232392,45004
2026-04-01 12:12:17,114.7055,22.2644,112.7,15879.0,-75.5,-86.4,-81.6,18,37,0.0,256,23.0,22.31680170434792,5.564203598792359,45004
2026-04-01 12:12:19,114.7059,22.2645,112.6,15887.0,-75.5,-86.4,-81.6,18,37,0.0,256,23.0,22.31680170434792,5.564203598792359,45004
2026-04-01 12:12:21,114.7063,22.2646,112.4,15894.0,-75.5,-86.4,-81.6,18,37,0.0,256,23.1,22.413831276975518,5.588395788352326,45004
2026-04-01 12:12:23,114.7067,22.2647,112.3,15902.0,-75.6,-86.4,-81.7,18,37,0.0,257,23.2,22.605385503017455,5.218864460777674,45004
2026-04-01 12:12:25,114.7072,22.2648,112.1,15912.0,-75.6,-86.5,-81.7,18,37,0.0,257,23.3,22.70282250949598,5.2413595662120605,45004
2026-04-01 12:12:27,114.7076,22.2649,111.9,15922.0,-75.6,-86.5,-81.7,18,37,0.0,257,23.4,22.8002595159745,5.263854671646446,45004
2026-04-01 12:12:29,114.7081,22.265,111.7,15929.0,-75.7,-86.5,-81.7,18,37,0.0,257,23.6,22.99513352893155,5.308844882515221,45004
2026-04-01 12:12:31,114.7085,22.2651,111.6,15937.0,-75.7,-86.5,-81.7,18,37,0.0,257,23.7,23.092570535410072,5.331339987949606,45004
2026-04-01 12:12:33,114.709,22.2652,111.4,15946.0,-75.7,-86.5,-81.7,18,38,0.0,257,23.8,23.190007541888598,5.353835093383993,45004
2026-04-01 12:12:35,114.7094,22.2653,111.2,15955.0,-75.8,-86.5,-81.7,18,38,0.0,257,24.0,23.38488155484564,5.398825304252766,45004
2026-04-01 12:12:37,114.7099,22.2654,111.1,15963.0,-75.8,-86.5,-81.7,18,38,0.0,257,24.1,23.482318561324167,5.421320409687153,45004
2026-04-01 12:12:39,114.7104,22.2655,110.9,15973.0,-75.9,-86.5,-81.8,19,39,0.0,258,24.2,23.671171937758093,5.031462917789787,45004
2026-04-01 12:12:41,114.7108,22.2656,110.7,15984.0,-76.0,-86.5,-81.8,19,39,0.0,258,24.4,23.866801457904856,5.073045255953338,45004
2026-04-01 12:12:43,114.7113,22.2657,110.5,15993.0,-76.1,-86.6,-81.8,19,39,0.0,258,24.5,23.964616217978236,5.093836425035115,45004
2026-04-01 12:12:45,114.7117,22.2658,110.4,16000.0,-76.1,-86.6,-81.8,19,39,0.0,258,24.6,24.06243097805162,5.114627594116891,45004
2026-04-01 12:12:47,114.7122,22.2659,110.2,16009.0,-76.2,-86.6,-81.9,19,40,0.0,259,24.6,24.148028712812536,4.693901286262998,45004
2026-04-01 12:12:49,114.7127,22.266,110.0,16018.0,-76.3,-86.7,-81.9,19,40,0.0,259,24.7,24.2461914311573,4.7129821858006515,45004
2026-04-01 12:12:51,114.7132,22.266,109.8,16028.0,-76.3,-86.7,-82.0,19,40,0.0,260,24.7,24.324751499401536,4.289109988373179,45004
2026-04-01 12:12:53,114.7137,22.2661,109.7,16037.0,-76.4,-86.8,-82.0,19,40,0.0,260,24.7,24.324751499401536,4.289109988373179,45004
2026-04-01 12:12:55,114.7141,22.2662,109.5,16047.0,-76.4,-86.8,-82.0,19,40,0.0,261,24.7,24.3959020126999,3.8639312864937065,45004
2026-04-01 12:12:57,114.7146,22.2663,109.3,16056.0,-76.4,-86.8,-82.0,19,40,0.0,261,24.6,24.297133178640387,3.8482878399896836,45004
2026-04-01 12:12:59,114.7151,22.2664,109.1,16065.0,-76.4,-86.8,-82.1,19,40,0.0,262,24.6,24.36059449104263,3.4236582836176197,45004
2026-04-01 12:13:01,114.7155,22.2664,109.0,16074.0,-76.4,-86.9,-82.1,19,39,0.0,262,24.5,24.261567684168472,3.409740973521613,45004
2026-04-01 12:13:03,114.716,22.2665,108.8,16084.0,-76.4,-87.0,-82.2,19,39,0.0,262,24.4,24.16254087729431,3.395823663425606,45004
2026-04-01 12:13:05,114.7165,22.2665,108.6,16094.0,-76.3,-87.0,-82.2,18,38,0.0,263,24.2,24.019616869719993,2.9492381104045613,45004
2026-04-01 12:13:07,114.717,22.2665,108.4,16105.0,-76.3,-87.0,-82.3,18,38,0.0,263,24.1,23.920362254555865,2.937051176064047,45004
2026-04-01 12:13:09,114.7174,22.2666,108.2,16116.0,-76.3,-87.1,-82.3,18,37,0.0,264,23.9,23.769073299301734,2.498230272096915,45004
2026-04-01 12:13:11,114.7179,22.2666,108.0,16125.0,-76.3,-87.1,-82.4,18,37,0.0,264,23.7,23.570168920228078,2.4773245794433847,45004
2026-04-01 12:13:13,114.7183,22.2666,107.8,16134.0,-76.1,-87.0,-82.3,18,37,0.0,264,23.6,23.470716730691255,2.4668717331166192,45004
2026-04-01 12:13:15,114.7188,22.2667,107.6,16144.0,-76.1,-87.0,-82.3,18,37,0.0,264,23.4,23.271812351617598,2.4459660404630883,45004
2026-04-01 12:13:17,114.7192,22.2667,107.5,16154.0,-76.1,-87.0,-82.3,18,36,0.0,264,23.3,23.17236016208077,2.4355131941363233,45004
2026-04-01 12:13:19,114.7196,22.2668,107.3,16164.0,-76.0,-87.0,-82.2,17,36,0.0,264,23.1,22.973455783007118,2.414607501482793,45004
2026-04-01 12:13:21,114.7201,22.2668,107.1,16173.0,-76.0,-87.0,-82.2,17,36,0.0,264,23.0,22.874003593470288,2.4041546551560273,45004
2026-04-01 12:13:23,114.7205,22.2668,107.0,16181.0,-75.9,-86.9,-82.1,17,36,0.0,264,22.9,22.774551403933458,2.393701808829262,45004
2026-04-01 12:13:25,114.721,22.2669,106.8,16190.0,-75.9,-86.9,-82.2,17,36,0.0,263,22.9,22.729306872586275,2.79080796397787,45004
2026-04-01 12:13:27,114.7214,22.2669,106.6,16200.0,-76.0,-87.0,-82.3,17,36,0.0,263,22.8,22.630052257422143,2.7786210296373555,45004
2026-04-01 12:13:29,114.7218,22.267,106.4,16209.0,-76.0,-87.1,-82.4,17,35,0.0,263,22.8,22.630052257422143,2.7786210296373555,45004
2026-04-01 12:13:31,114.7223,22.267,106.3,16218.0,-76.1,-87.2,-82.4,17,35,0.0,262,22.8,22.5781119673078,3.1731467018895008,45004
2026-04-01 12:13:33,114.7227,22.2671,106.1,16228.0,-76.2,-87.2,-82.5,17,35,0.0,262,22.8,22.5781119673078,3.1731467018895008,45004
2026-04-01 12:13:35,114.7231,22.2672,105.9,16236.0,-76.2,-87.3,-82.5,17,36,0.0,261,22.9,22.618062999628652,3.5823492494212905,45004
2026-04-01 12:13:37,114.7236,22.2673,105.8,16245.0,-76.3,-87.3,-82.5,17,36,0.0,261,22.9,22.618062999628652,3.5823492494212905,45004
2026-04-01 12:13:39,114.724,22.2673,105.6,16254.0,-76.3,-87.3,-82.5,17,36,0.0,261,23.0,22.716831833688165,3.597992695925314,45004
2026-04-01 12:13:41,114.7244,22.2674,105.4,16264.0,-76.4,-87.3,-82.5,18,36,0.0,261,23.0,22.716831833688165,3.597992695925314,45004
2026-04-01 12:13:43,114.7249,22.2675,105.2,16274.0,-76.5,-87.3,-82.6,18,37,0.0,261,23.1,22.81560066774768,3.6136361424293373,45004
2026-04-01 12:13:45,114.7253,22.2675,105.1,16284.0,-76.5,-87.4,-82.6,18,37,0.0,261,23.1,22.81560066774768,3.6136361424293373,45004
2026-04-01 12:13:47,114.7257,22.2676,104.9,16294.0,-76.6,-87.5,-82.7,18,37,0.0,261,23.1,22.81560066774768,3.6136361424293373,45004
2026-04-01 12:13:49,114.7262,22.2677,104.7,16304.0,-76.7,-87.6,-82.8,18,37,0.0,261,23.1,22.81560066774768,3.6136361424293373,45004
2026-04-01 12:13:51,114.7267,22.2678,104.5,16314.0,-76.8,-87.7,-82.9,17,37,0.0,261,23.1,22.81560066774768,3.6136361424293373,45004
2026-04-01 12:13:53,114.7271,22.2679,104.3,16324.0,-76.9,-87.8,-83.0,17,36,0.0,262,23.1,22.875192387930273,3.214898632177521,45004
2026-04-01 12:13:55,114.7276,22.2679,104.2,16333.0,-77.0,-87.9,-83.1,17,36,0.0,262,23.0,22.776165581056116,3.200981322081514,45004
2026-04-01 12:13:57,114.728,22.2679,104.0,16343.0,-77.0,-87.9,-83.1,17,37,0.0,262,23.0,22.776165581056116,3.200981322081514,45004
2026-04-01 12:13:59,114.7285,22.2679,103.8,16352.0,-76.9,-87.8,-83.0,18,37,0.0,262,22.8,22.5781119673078,3.1731467018895008,45004
2026-04-01 12:14:01,114.7289,22.268,103.7,16360.0,-76.9,-87.7,-83.0,18,37,0.0,263,22.7,22.530797642258012,2.7664340952968405,45004
2026-04-01 12:14:03,114.7293,22.2681,103.5,16369.0,-77.0,-87.8,-83.0,18,37,0.0,263,22.5,22.332288411929746,2.7420602266158114,45004
2026-04-01 12:14:05,114.7298,22.2681,103.3,16379.0,-77.1,-87.9,-83.1,18,37,0.0,263,22.2,22.03452456643735,2.7054994235942673,45004
2026-04-01 12:14:07,114.7302,22.2682,103.2,16388.0,-77.1,-87.9,-83.2,18,37,0.0,263,21.9,21.736760720944954,2.668938620572723,45004
2026-04-01 12:14:09,114.7306,22.2682,103.0,16397.0,-77.2,-88.1,-83.3,17,36,0.0,263,21.6,21.43899687545256,2.632377817551179,45004
2026-04-01 12:14:11,114.7311,22.2683,102.9,16406.0,-77.2,-88.2,-83.4,17,36,0.0,263,21.2,21.041978414796027,2.58363008018912,45004
2026-04-01 12:14:13,114.7315,22.2683,102.7,16416.0,-77.2,-88.3,-83.5,17,35,0.0,263,20.8,20.6449599541395,2.534882342827061,45004
2026-04-01 12:14:15,114.7318,22.2683,102.5,16427.0,-77.2,-88.4,-83.6,16,34,0.0,263,20.3,20.148686878318838,2.4739476711244874,45004
2026-04-01 12:14:17,114.7322,22.2683,102.3,16438.0,-77.1,-88.5,-83.7,16,33,0.0,263,19.8,19.652413802498177,2.4130129994219143,45004
2026-04-01 12:14:19,114.7326,22.2684,102.1,16451.0,-76.8,-88.3,-83.5,16,33,0.0,263,19.3,19.156140726677517,2.3520783277193407,45004
2026-04-01 12:14:21,114.733,22.2685,101.8,16464.0,-76.4,-88.1,-83.3,16,32,0.0,263,18.8,18.659867650856857,2.291143656016767,45004
2026-04-01 12:14:23,114.7333,22.2685,101.6,16477.0,-76.3,-87.9,-83.2,15,32,0.0,262,18.3,18.121905657970736,2.5468677475692045,45004
2026-04-01 12:14:25,114.7336,22.2685,101.4,16489.0,-76.2,-87.9,-83.1,15,32,0.0,262,17.8,17.62677162359995,2.4772811970891717,45004
2026-04-01 12:14:27,114.7339,22.2686,101.2,16499.0,-76.1,-87.9,-83.1,15,32,0.0,262,17.3,17.131637589229165,2.407694646609139,45004
2026-04-01 12:14:29,114.7342,22.2686,101.0,16508.0,-76.1,-87.9,-83.1,15,32,0.0,262,16.8,16.636503554858383,2.338108096129106,45004
2026-04-01 12:14:31,114.7345,22.2687,100.9,16518.0,-76.1,-87.9,-83.1,15,31,0.0,261,16.3,16.099319951700746,2.549881780155766,45004
2026-04-01 12:14:33,114.7348,22.2687,100.7,16528.0,-76.0,-87.9,-83.2,15,31,0.0,261,15.9,15.70424461546269,2.4873079941396736,45004
2026-04-01 12:14:35,114.735,22.2688,100.5,16538.0,-75.9,-87.9,-83.1,15,31,0.0,261,15.6,15.407938113284148,2.440377654627604,45004
2026-04-01 12:14:37,114.7353,22.2688,100.3,16549.0,-75.9,-87.8,-83.1,15,31,0.0,261,15.3,15.111631611105606,2.393447315115535,45004
2026-04-01 12:14:38,114.7355,22.2688,100.1,16562.0,-75.9,-87.8,-83.1,15,31,0.0,261,15.0,14.815325108927064,2.3465169756034654,45004
2026-04-01 12:14:38,114.7355,22.2688,100.0,16568.0,-76.0,-87.8,-83.0,15,31,0.0,261,15.0,14.815325108927064,2.3465169756034654,45004
2026-04-01 12:14:39,114.7356,22.2688,100.0,16568.0,-76.0,-87.8,-83.0,15,31,0.0,261,15.0,14.815325108927064,2.3465169756034654,45004
2026-04-01 12:14:41,114.7359,22.2689,99.9,16574.0,-76.0,-87.8,-83.0,15,31,0.0,261,14.8,14.617787440808039,2.3152300825954195,45004
2026-04-01 12:14:43,114.7362,22.269,99.7,16586.0,-76.0,-87.8,-83.0,15,32,0.0,261,14.5,14.321480938629495,2.26829974308335,45004
2026-04-01 12:14:45,114.7365,22.269,99.5,16597.0,-76.1,-87.8,-83.1,15,32,0.0,261,14.4,14.222712104569982,2.252656296579327,45004
2026-04-01 12:14:47,114.7367,22.2691,99.3,16609.0,-76.2,-87.9,-83.1,16,32,0.0,261,14.2,14.025174436450953,2.2213694035712805,45004
2026-04-01 12:14:49,114.737,22.2691,99.1,16620.0,-76.3,-87.9,-83.1,16,32,0.0,260,14.1,13.885789317472133,2.4484393051037174,45004
2026-04-01 12:14:51,114.7372,22.269,98.9,16631.0,-76.4,-88.0,-83.2,16,32,0.0,260,13.9,13.688827766869691,2.4137096695703315,45004
2026-04-01 12:14:53,114.7375,22.2691,98.7,16642.0,-76.4,-88.0,-83.3,16,32,0.0,260,13.8,13.590346991568472,2.3963448518036388,45004
2026-04-01 12:14:55,114.7378,22.2691,98.5,16653.0,-76.5,-88.1,-83.3,16,33,0.0,260,13.7,13.49186621626725,2.3789800340369456,45004
2026-04-01 12:14:57,114.7381,22.2692,98.4,16663.0,-76.6,-88.1,-83.4,16,33,0.0,260,13.6,13.393385440966028,2.3616152162702524,45004
2026-04-01 12:14:59,114.7383,22.2693,98.2,16673.0,-76.7,-88.2,-83.4,16,33,0.0,259,13.5,13.251966976543464,2.5759214375833523,45004
2026-04-01 12:15:01,114.7385,22.2693,98.1,16682.0,-76.8,-88.2,-83.4,16,33,0.0,259,13.3,13.055641539853932,2.5377596385080436,45004
2026-04-01 12:15:03,114.7387,22.2694,97.9,16690.0,-76.8,-88.2,-83.5,16,33,0.0,259,13.2,12.957478821509163,2.518678738970389,45004
2026-04-01 12:15:05,114.739,22.2694,97.7,16700.0,-76.9,-88.3,-83.5,16,34,0.0,258,13.1,12.813733569612852,2.723643149712653,45004
2026-04-01 12:15:07,114.7392,22.2694,97.6,16710.0,-77.0,-88.3,-83.6,16,34,0.0,258,13.0,12.715918809539472,2.7028519806308773,45004
2026-04-01 12:15:09,114.7395,22.2695,97.4,16720.0,-77.1,-88.4,-83.6,16,34,0.0,257,12.9,12.569373835729534,2.901868601035862,45004
2026-04-01 12:15:11,114.7398,22.2695,97.3,16728.0,-77.2,-88.5,-83.7,16,34,0.0,256,12.8,12.419785296332755,3.096600263675748,45004
2026-04-01 12:15:13,114.7401,22.2696,97.1,16737.0,-77.3,-88.5,-83.8,16,34,0.0,255,12.7,12.267257993871167,3.2870018728020116,45004
2026-04-01 12:15:15,114.7403,22.2697,96.9,16747.0,-77.3,-88.6,-83.9,16,34,0.0,254,12.6,12.111897368822818,3.4730306832941857,45004
2026-04-01 12:15:17,114.7405,22.2698,96.8,16756.0,-77.4,-88.7,-83.9,16,34,0.0,253,12.5,11.95380944953794,3.654646309034214,45004
2026-04-01 12:15:19,114.7407,22.2698,96.6,16765.0,-77.5,-88.7,-84.0,16,34,0.0,252,12.5,11.888206453689419,3.8627124296868445,45004
2026-04-01 12:15:21,114.7409,22.2698,96.5,16774.0,-77.5,-88.7,-84.0,16,34,0.0,250,12.5,11.746157759823856,4.275251791570857,45004
2026-04-01 12:15:23,114.7411,22.2699,96.3,16784.0,-77.6,-88.7,-84.0,16,35,0.0,249,12.5,11.669755331215018,4.479599369316259,45004
2026-04-01 12:15:25,114.7413,22.27,96.2,16793.0,-77.7,-88.8,-84.0,17,35,0.0,247,12.5,11.506310668155503,4.8841391061159225,45004
2026-04-01 12:15:27,114.7416,22.2701,96.0,16803.0,-77.8,-88.8,-84.1,17,35,0.0,245,12.6,11.419478116661791,5.324990097932809,45004
2026-04-01 12:15:29,114.7418,22.2702,95.8,16813.0,-77.8,-88.8,-84.1,17,35,0.0,244,12.7,11.414684387999419,5.567313564221287,45004
2026-04-01 12:15:31,114.742,22.2704,95.7,16822.0,-77.9,-88.9,-84.1,17,35,0.0,242,12.8,11.301729188594265,6.009236003659402,45004
2026-04-01 12:15:33,114.7422,22.2705,95.5,16830.0,-77.9,-89.0,-84.2,17,35,0.0,241,12.9,11.282594222098208,6.254044101177746,45004
2026-04-01 12:15:35,114.7424,22.2706,95.4,16839.0,-78.0,-89.0,-84.3,17,35,0.0,239,13.0,11.143174909127458,6.695494973830707,45004
2026-04-01 12:15:37,114.7426,22.2708,95.2,16849.0,-77.9,-89.0,-84.2,17,35,0.0,238,13.2,11.194234869264822,6.994934287878306,45004
2026-04-01 12:15:39,114.7428,22.2709,95.1,16859.0,-77.8,-89.0,-84.2,16,35,0.0,237,13.3,11.154318553674141,7.2436991656998595,45004
2026-04-01 12:15:41,114.7431,22.271,94.9,16869.0,-77.8,-89.0,-84.2,16,34,0.0,236,13.5,11.192007229493065,7.549104196855079,45004
2026-04-01 12:15:43,114.7433,22.2712,94.7,16878.0,-77.8,-88.9,-84.2,16,34,0.0,235,13.6,11.140467802330285,7.8006395343742305,45004
2026-04-01 12:15:45,114.7435,22.2713,94.6,16889.0,-77.8,-88.9,-84.2,16,34,0.0,234,13.8,11.164434522374274,8.111436481636131,45004
2026-04-01 12:15:47,114.7437,22.2715,94.4,16899.0,-77.8,-88.9,-84.2,16,34,0.0,234,13.9,11.245336221811769,8.170215006865378,45004
2026-04-01 12:15:49,114.7439,22.2717,94.3,16908.0,-77.8,-89.0,-84.2,16,34,0.0,233,14.0,11.1808971406621,8.425410324128675,45004
2026-04-01 12:15:51,114.7442,22.2718,94.1,16917.0,-77.8,-89.0,-84.2,16,34,0.0,232,14.1,11.110951625854781,8.68082680209178,45004
2026-04-01 12:15:53,114.7444,22.272,93.9,16927.0,-77.9,-89.0,-84.2,16,35,0.0,232,14.2,11.189752701215454,8.742392949624344,45004
2026-04-01 12:15:55,114.7446,22.2721,93.8,16936.0,-77.9,-89.0,-84.2,16,35,0.0,231,14.3,11.113187248834679,8.999281592012682,45004
2026-04-01 12:15:57,114.7448,22.2723,93.6,16945.0,-77.9,-89.0,-84.2,17,35,0.0,231,14.4,11.190901844980376,9.062213631117665,45004
2026-04-01 12:15:59,114.745,22.2725,93.5,16954.0,-78.0,-89.0,-84.2,17,35,0.0,230,14.5,11.10764442522518,9.320420340454822,45004
2026-04-01 12:16:01,114.7452,22.2727,93.4,16963.0,-78.1,-89.0,-84.2,17,36,0.0,230,14.5,11.10764442522518,9.320420340454822,45004
2026-04-01 12:16:03,114.7455,22.2728,93.2,16972.0,-78.1,-89.0,-84.2,17,36,0.0,229,14.6,11.01875987125247,9.578461823261406,45004
2026-04-01 12:16:05,114.7457,22.273,93.1,16981.0,-78.2,-89.0,-84.3,17,36,0.0,229,14.7,11.094230829274748,9.644067726160456,45004
2026-04-01 12:16:07,114.7459,22.2731,92.9,16991.0,-78.2,-89.0,-84.3,17,36,0.0,228,14.8,10.998543417065436,9.9031329741111,45004
2026-04-01 12:16:09,114.7461,22.2733,92.8,17000.0,-78.3,-89.1,-84.3,17,37,0.0,228,14.9,11.072857899613176,9.970046034746986,45004
2026-04-01 12:16:11,114.7463,22.2735,92.6,17008.0,-78.4,-89.1,-84.3,17,37,0.0,227,15.0,10.970305524287555,10.229975400937478,45004
2026-04-01 12:16:13,114.7465,22.2737,92.5,17016.0,-78.4,-89.1,-84.4,17,37,0.0,227,15.2,11.116576264611389,10.366375072949978,45004
2026-04-01 12:16:15,114.7467,22.2739,92.3,17025.0,-78.4,-89.1,-84.3,17,37,0.0,227,15.3,11.189711634773307,10.434574908956229,45004
2026-04-01 12:16:17,114.7469,22.2741,92.2,17035.0,-78.1,-88.9,-84.2,17,37,0.0,226,15.5,11.149766905249093,10.767204742114458,45004
2026-04-01 12:16:19,114.7472,22.2743,92.0,17044.0,-78.1,-88.9,-84.1,17,36,0.0,226,15.6,11.221700885282958,10.836670579160357,45004
2026-04-01 12:16:21,114.7474,22.2745,91.9,17054.0,-78.0,-88.8,-84.1,17,36,0.0,226,15.8,11.365568845350689,10.975602253252157,45004
2026-04-01 12:16:23,114.7476,22.2747,91.7,17063.0,-78.0,-88.9,-84.1,17,36,0.0,226,15.9,11.437502825384554,11.045068090298056,45004
2026-04-01 12:16:25,114.7478,22.2749,91.6,17072.0,-78.1,-88.9,-84.1,17,36,0.0,226,16.1,11.581370785452286,11.183999764389856,45004
2026-04-01 12:16:27,114.748,22.2751,91.5,17080.0,-78.1,-88.9,-84.1,17,36,0.0,227,16.3,11.921065336392477,11.116573269018728,45004
2026-04-01 12:16:29,114.7482,22.2753,91.3,17090.0,-78.1,-88.8,-84.1,17,37,0.0,227,16.5,12.06733607671631,11.252972941031226,45004
2026-04-01 12:16:31,114.7484,22.2756,91.1,17101.0,-78.0,-88.8,-84.1,17,37,0.0,228,16.7,12.410518585472484,11.17448112619293,45004
2026-04-01 12:16:33,114.7487,22.2758,90.9,17112.0,-78.1,-88.9,-84.1,17,37,0.0,228,16.9,12.559147550567964,11.308307247464702,45004
2026-04-01 12:16:35,114.749,22.276,90.8,17122.0,-78.2,-88.9,-84.2,17,37,0.0,229,17.1,12.905533821809403,11.218609395737674,45004
2026-04-01 12:16:37,114.7493,22.2762,90.6,17131.0,-78.2,-88.9,-84.2,17,37,0.0,230,17.2,13.17596442164642,11.055946886608478,45004
2026-04-01 12:16:39,114.7496,22.2764,90.5,17139.0,-78.2,-88.9,-84.1,18,37,0.0,231,17.4,13.522339729351287,10.950174804267178,45004
2026-04-01 12:16:41,114.7498,22.2766,90.4,17149.0,-78.2,-88.8,-84.0,18,38,0.0,232,17.6,13.86898926347831,10.835641965731583,45004
2026-04-01 12:16:43,114.7501,22.2768,90.2,17160.0,-78.1,-88.7,-83.9,18,38,0.0,233,17.8,14.215712078841813,10.71230741210646,45004
2026-04-01 12:16:45,114.7503,22.277,90.0,17170.0,-78.2,-88.7,-83.9,18,38,0.0,234,17.9,14.481404199311557,10.52135601603527,45004
2026-04-01 12:16:47,114.7506,22.2772,89.9,17179.0,-78.2,-88.7,-84.0,18,39,0.0,235,18.1,14.826652001630748,10.38173349795394,45004
2026-04-01 12:16:49,114.7509,22.2773,89.8,17187.0,-78.3,-88.7,-84.0,18,39,0.0,235,18.2,14.908567206059645,10.439091141589044,45004
2026-04-01 12:16:51,114.7512,22.2775,89.6,17197.0,-78.3,-88.8,-84.0,18,39,0.0,236,18.4,15.254291335012768,10.289149423861737,45004
2026-04-01 12:16:53,114.7516,22.2777,89.4,17207.0,-78.4,-88.8,-84.1,18,39,0.0,237,18.5,15.515405506990348,10.075822147777998,45004
2026-04-01 12:16:55,114.7519,22.2779,89.3,17217.0,-78.4,-88.8,-84.1,18,39,0.0,237,18.6,15.59927256378489,10.130286051279503,45004
2026-04-01 12:16:57,114.7522,22.278,89.1,17227.0,-78.3,-88.8,-84.0,18,39,0.0,238,18.7,15.858499398125165,9.909490241160933,45004
2026-04-01 12:16:59,114.7525,22.2782,89.0,17236.0,-78.3,-88.8,-84.0,18,39,0.0,239,18.7,16.029028523129497,9.631212000818017,45004
2026-04-01 12:17:01,114.7528,22.2784,88.9,17245.0,-78.3,-88.8,-84.0,18,38,0.0,239,18.8,16.114745253199708,9.682715808309023,45004
2026-04-01 12:17:03,114.7532,22.2786,88.7,17253.0,-78.3,-88.8,-84.1,18,38,0.0,240,18.8,16.281277591147443,9.40000000000001,45004
2026-04-01 12:17:05,114.7535,22.2788,88.6,17263.0,-78.4,-88.9,-84.1,18,38,0.0,240,18.8,16.281277591147443,9.40000000000001,45004
2026-04-01 12:17:07,114.7538,22.279,88.4,17273.0,-78.4,-89.0,-84.2,18,38,0.0,240,18.7,16.194675050768996,9.350000000000009,45004
2026-04-01 12:17:09,114.7541,22.2791,88.3,17282.0,-78.4,-89.0,-84.3,18,38,0.0,241,18.7,16.355388523506704,9.065939898606498,45004
2026-04-01 12:17:11,114.7544,22.2793,88.2,17290.0,-78.4,-89.1,-84.3,18,37,0.0,241,18.6,16.267926552792765,9.017458936581866,45004
2026-04-01 12:17:13,114.7547,22.2794,88.0,17298.0,-78.4,-89.1,-84.3,18,37,0.0,242,18.6,16.422825227176045,8.73217106781757,45004
2026-04-01 12:17:15,114.755,22.2795,87.9,17308.0,-78.3,-89.0,-84.2,17,37,0.0,243,18.5,16.483620697484803,8.398824245181618,45004
2026-04-01 12:17:17,114.7554,22.2797,87.7,17318.0,-78.3,-89.0,-84.2,17,37,0.0,243,18.4,16.394520045065967,8.353425195207663,45004
2026-04-01 12:17:19,114.7557,22.2798,87.6,17327.0,-78.2,-89.0,-84.2,17,37,0.0,244,18.3,16.447931047274754,8.022191986240124,45004
2026-04-01 12:17:21,114.756,22.28,87.4,17336.0,-78.3,-89.0,-84.2,18,37,0.0,244,18.3,16.447931047274754,8.022191986240124,45004
2026-04-01 12:17:23,114.7563,22.2801,87.3,17345.0,-78.3,-89.0,-84.2,17,37,0.0,245,18.2,16.49480172406703,7.691652363680724,45004
2026-04-01 12:17:25,114.7566,22.2802,87.2,17355.0,-78.3,-89.0,-84.3,18,37,0.0,245,18.2,16.49480172406703,7.691652363680724,45004
2026-04-01 12:17:27,114.7569,22.2804,87.0,17365.0,-78.3,-89.0,-84.3,18,37,0.0,246,18.2,16.62652732909534,7.402606903979562,45004
2026-04-01 12:17:29,114.7573,22.2805,86.9,17374.0,-78.4,-89.1,-84.3,18,37,0.0,246,18.2,16.62652732909534,7.402606903979562,45004
2026-04-01 12:17:31,114.7576,22.2806,86.8,17381.0,-78.5,-89.1,-84.4,18,37,0.0,247,18.1,16.66113784748917,7.072233425655857,45004
2026-04-01 12:17:33,114.7579,22.2808,86.6,17390.0,-78.5,-89.2,-84.4,18,37,0.0,247,18.1,16.66113784748917,7.072233425655857,45004
2026-04-01 12:17:35,114.7583,22.2809,86.5,17399.0,-78.6,-89.2,-84.4,18,38,0.0,248,18.1,16.782027767658853,6.780379340828013,45004
2026-04-01 12:17:37,114.7586,22.281,86.4,17407.0,-78.7,-89.2,-84.5,18,38,0.0,248,18.1,16.782027767658853,6.780379340828013,45004
2026-04-01 12:17:39,114.7589,22.2811,86.2,17415.0,-78.7,-89.2,-84.5,18,38,0.0,248,18.1,16.782027767658853,6.780379340828013,45004
2026-04-01 12:17:41,114.7592,22.2812,86.1,17425.0,-78.8,-89.2,-84.5,18,39,0.0,249,18.1,16.897805719599347,6.486459886769944,45004
2026-04-01 12:17:43,114.7595,22.2813,85.9,17434.0,-78.9,-89.2,-84.5,18,39,0.0,249,18.1,16.897805719599347,6.486459886769944,45004
2026-04-01 12:17:45,114.7599,22.2814,85.8,17443.0,-79.0,-89.2,-84.4,19,40,0.0,249,18.1,16.897805719599347,6.486459886769944,45004
2026-04-01 12:17:47,114.7602,22.2816,85.7,17451.0,-79.0,-89.2,-84.5,19,40,0.0,249,18.1,16.897805719599347,6.486459886769944,45004
2026-04-01 12:17:49,114.7605,22.2817,85.6,17460.0,-79.1,-89.2,-84.5,19,41,0.0,249,18.2,16.991163762249066,6.522296681724472,45004
2026-04-01 12:17:51,114.7609,22.2818,85.4,17469.0,-79.2,-89.3,-84.5,19,41,0.0,249,18.2,16.991163762249066,6.522296681724472,45004
2026-04-01 12:17:53,114.7612,22.2819,85.3,17479.0,-79.2,-89.3,-84.5,19,41,0.0,249,18.2,16.991163762249066,6.522296681724472,45004
2026-04-01 12:17:55,114.7616,22.282,85.1,17487.0,-79.2,-89.3,-84.5,19,41,0.0,249,18.2,16.991163762249066,6.522296681724472,45004
2026-04-01 12:17:57,114.7619,22.2821,85.0,17498.0,-79.3,-89.3,-84.5,19,41,0.0,249,18.2,16.991163762249066,6.522296681724472,45004
2026-04-01 12:17:59,114.7622,22.2823,84.8,17508.0,-79.3,-89.3,-84.6,19,42,0.0,249,18.3,17.084521804898788,6.558133476679004,45004
2026-04-01 12:18:01,114.7625,22.2824,84.7,17517.0,-79.4,-89.3,-84.6,20,42,0.0,249,18.3,17.084521804898788,6.558133476679004,45004
2026-04-01 12:18:03,114.7629,22.2825,84.6,17526.0,-79.5,-89.3,-84.6,20,42,0.0,249,18.3,17.084521804898788,6.558133476679004,45004
2026-04-01 12:18:05,114.7632,22.2826,84.4,17535.0,-79.6,-89.3,-84.6,20,43,0.0,249,18.3,17.084521804898788,6.558133476679004,45004
2026-04-01 12:18:07,114.7635,22.2828,84.3,17545.0,-79.6,-89.3,-84.6,20,44,0.0,249,18.3,17.084521804898788,6.558133476679004,45004
2026-04-01 12:18:09,114.7639,22.2829,84.1,17555.0,-79.7,-89.3,-84.6,21,44,0.0,249,18.3,17.084521804898788,6.558133476679004,45004
2026-04-01 12:18:11,114.7642,22.283,84.0,17564.0,-79.8,-89.4,-84.6,21,45,0.0,249,18.2,16.991163762249066,6.522296681724472,45004
2026-04-01 12:18:13,114.7645,22.2831,83.9,17572.0,-79.9,-89.4,-84.6,21,45,0.0,249,18.2,16.991163762249066,6.522296681724472,45004
2026-04-01 12:18:15,114.7649,22.2832,83.7,17582.0,-79.9,-89.4,-84.6,21,45,0.0,249,18.1,16.897805719599347,6.486459886769944,45004
2026-04-01 12:18:17,114.7652,22.2834,83.6,17592.0,-80.0,-89.4,-84.6,21,46,0.0,250,18.1,17.008436436224944,6.190564594194601,45004
2026-04-01 12:18:19,114.7655,22.2835,83.5,17600.0,-80.1,-89.4,-84.6,21,46,0.0,250,18.0,16.914467174146353,6.156362579862034,45004
2026-04-01 12:18:21,114.7659,22.2836,83.3,17610.0,-80.1,-89.4,-84.7,22,47,0.0,250,17.9,16.820497912067758,6.122160565529467,45004
2026-04-01 12:18:23,114.7662,22.2837,83.2,17620.0,-80.2,-89.4,-84.7,22,47,0.0,251,17.8,16.83023064566784,5.795113149337388,45004
2026-04-01 12:18:25,114.7665,22.2838,83.0,17629.0,-80.3,-89.5,-84.7,22,47,0.0,251,17.8,16.83023064566784,5.795113149337388,45004
2026-04-01 12:18:27,114.7668,22.2839,82.9,17639.0,-80.4,-89.5,-84.8,22,47,0.0,252,17.7,16.833700338424215,5.469600800436572,45004
2026-04-01 12:18:29,114.7672,22.284,82.8,17649.0,-80.4,-89.6,-84.8,22,48,0.0,252,17.6,16.738594686794702,5.438699100999077,45004
2026-04-01 12:18:31,114.7675,22.2841,82.6,17660.0,-80.5,-89.6,-84.9,22,48,0.0,253,17.5,16.735333229353117,5.116504832647899,45004
2026-04-01 12:18:33,114.7678,22.2842,82.4,17670.0,-80.6,-89.6,-84.9,22,48,0.0,253,17.5,16.735333229353117,5.116504832647899,45004
2026-04-01 12:18:35,114.7681,22.2842,82.3,17679.0,-80.7,-89.7,-84.9,22,49,0.0,254,17.4,16.72595350932675,4.79608999121578,45004
2026-04-01 12:18:37,114.7684,22.2843,82.2,17688.0,-80.7,-89.7,-85.0,23,49,0.0,255,17.4,16.807109377429786,4.503451384783858,45004
2026-04-01 12:18:39,114.7687,22.2844,82.0,17698.0,-80.8,-89.7,-85.0,23,49,0.0,256,17.3,16.78611606457474,4.185248793874253,45004
2026-04-01 12:18:41,114.7691,22.2845,81.9,17707.0,-80.9,-89.8,-85.0,23,50,0.0,257,17.3,16.85660212078457,3.891653240148869,45004
2026-04-01 12:18:43,114.7694,22.2846,81.8,17717.0,-81.0,-89.8,-85.1,23,50,0.0,258,17.2,16.824138732621456,3.576081082065468,45004
2026-04-01 12:18:45,114.7698,22.2846,81.6,17727.0,-81.1,-89.9,-85.1,23,50,0.0,259,17.1,16.785824836955054,3.262833820938913,45004
2026-04-01 12:18:47,114.7701,22.2847,81.5,17736.0,-81.1,-89.9,-85.2,23,50,0.0,260,17.0,16.741731801207536,2.952019020337816,45004
2026-04-01 12:18:49,114.7704,22.2847,81.3,17746.0,-81.2,-90.0,-85.2,23,50,0.0,262,16.9,16.735530361732536,2.3520254062251125,45004
2026-04-01 12:18:51,114.7708,22.2847,81.2,17755.0,-81.2,-90.0,-85.3,23,50,0.0,263,16.7,16.575520732410077,2.0352180348659576,45004
2026-04-01 12:18:53,114.7711,22.2848,81.1,17766.0,-81.2,-90.0,-85.3,23,50,0.0,264,16.5,16.409611273576513,1.7247196439162804,45004
2026-04-01 12:18:55,114.7714,22.2848,80.9,17777.0,-81.1,-90.0,-85.3,23,49,0.0,265,16.2,16.138354109086276,1.4119230325120635,45004
2026-04-01 12:18:57,114.7717,22.2848,80.7,17787.0,-81.1,-90.1,-85.3,22,49,0.0,266,15.9,15.861268399131205,1.1091279325315968,45004
2026-04-01 12:18:59,114.772,22.2847,80.6,17796.0,-81.1,-90.1,-85.4,22,48,0.0,267,15.6,15.578620742171351,0.8164409173899312,45004
2026-04-01 12:19:01,114.7724,22.2847,80.5,17806.0,-81.1,-90.2,-85.4,22,48,0.0,268,15.2,15.190740570690254,0.5304723498780115,45004
2026-04-01 12:19:03,114.7727,22.2847,80.3,17816.0,-81.0,-90.2,-85.4,22,47,0.0,268,14.8,14.790984239882619,0.5165125511970113,45004
2026-04-01 12:19:05,114.7729,22.2847,80.2,17827.0,-80.9,-90.2,-85.4,21,46,0.0,269,14.4,14.397806810252035,0.25131465269688236,45004
2026-04-01 12:19:07,114.7732,22.2847,80.1,17835.0,-80.8,-90.1,-85.4,21,46,0.0,269,14.0,13.997867732189478,0.24433369012196898,45004
2026-04-01 12:19:09,114.7734,22.2847,79.9,17844.0,-80.6,-90.1,-85.3,21,45,0.0,269,13.6,13.597928654126921,0.23735272754705555,45004
2026-04-01 12:19:11,114.7736,22.2847,79.8,17853.0,-80.5,-90.0,-85.3,20,44,0.0,269,13.2,13.197989576064364,0.23037176497214215,45004
2026-04-01 12:19:13,114.7738,22.2847,79.7,17862.0,-80.4,-90.0,-85.3,20,43,0.0,268,12.8,12.792202585844427,0.4467135577920098,45004
2026-04-01 12:19:15,114.7741,22.2847,79.6,17871.0,-80.2,-89.9,-85.2,20,43,0.0,267,12.5,12.482869184432174,0.6541994530368038,45004
2026-04-01 12:19:17,114.7743,22.2848,79.4,17879.0,-79.9,-89.8,-85.0,20,42,0.0,267,12.2,12.1832803240058,0.6384986661639205,45004
2026-04-01 12:19:19,114.7745,22.2848,79.3,17887.0,-79.8,-89.7,-85.0,19,42,0.0,265,12.0,11.954336377100947,1.045868912971899,45004
2026-04-01 12:19:21,114.7747,22.2848,79.2,17896.0,-79.7,-89.7,-84.9,19,41,0.0,264,11.8,11.735358365345627,1.2334358665583096,45004
2026-04-01 12:19:23,114.7749,22.2848,79.1,17906.0,-79.6,-89.6,-84.9,19,41,0.0,263,11.7,11.612789974203467,1.4258713178402218,45004
2026-04-01 12:19:25,114.7752,22.2848,78.9,17915.0,-79.5,-89.6,-84.9,19,41,0.0,261,11.6,11.457184750903597,1.81463979446668,45004
2026-04-01 12:19:27,114.7754,22.2849,78.8,17923.0,-79.5,-89.6,-84.9,19,40,0.0,259,11.6,11.386875327992902,2.2133843463679175,45004
2026-04-01 12:19:29,114.7756,22.2849,78.7,17931.0,-79.5,-89.7,-84.9,19,40,0.0,257,11.6,11.302692751508728,2.609432230388837,45004
2026-04-01 12:19:31,114.7758,22.285,78.6,17940.0,-79.6,-89.7,-85.0,19,40,0.0,255,11.6,11.204739584953192,3.0023009231892392,45004
2026-04-01 12:19:33,114.776,22.285,78.5,17949.0,-79.6,-89.7,-85.0,19,40,0.0,253,11.7,11.188765644767512,3.420748945256024,45004
2026-04-01 12:19:35,114.7762,22.2851,78.3,17958.0,-79.6,-89.8,-85.0,19,40,0.0,251,11.9,11.25167104963187,3.874261038040164,45004
2026-04-01 12:19:37,114.7764,22.2852,78.2,17968.0,-79.6,-89.8,-85.0,19,40,0.0,249,12.0,11.202965117966418,4.3004153945436085,45004
2026-04-01 12:19:39,114.7766,22.2853,78.1,17977.0,-79.4,-89.7,-84.9,18,39,0.0,246,12.2,11.145254583239732,4.962187045524761,45004
2026-04-01 12:19:41,114.7769,22.2854,78.0,17985.0,-79.3,-89.6,-84.9,18,39,0.0,245,12.4,11.238216559254461,5.24046644558467,45004
2026-04-01 12:19:43,114.7771,22.2855,77.8,17994.0,-79.1,-89.5,-84.7,18,39,0.0,243,12.7,11.31578285719227,5.765679346692246,45004
2026-04-01 12:19:45,114.7773,22.2856,77.7,18003.0,-79.0,-89.5,-84.8,18,38,0.0,241,12.9,11.282594222098208,6.254044101177746,45004
2026-04-01 12:19:47,114.7775,22.2857,77.6,18012.0,-79.0,-89.6,-84.8,18,38,0.0,240,13.2,11.431535329954587,6.600000000000006,45004
2026-04-01 12:19:49,114.7777,22.2859,77.5,18020.0,-79.0,-89.6,-84.9,17,37,0.0,239,13.4,11.486041829408302,6.901510203794729,45004
2026-04-01 12:19:51,114.778,22.2861,77.4,18029.0,-78.9,-89.6,-84.8,17,37,0.0,238,13.6,11.533454107727392,7.206901993571588,45004
2026-04-01 12:19:53,114.7782,22.2863,77.2,18039.0,-78.7,-89.5,-84.7,17,36,0.0,237,13.9,11.657520894441395,7.570482586708875,45004
2026-04-01 12:19:55,114.7784,22.2864,77.1,18047.0,-78.5,-89.4,-84.6,17,36,0.0,236,14.1,11.68942977302609,7.884619938937527,45004
2026-04-01 12:19:57,114.7786,22.2866,77.0,18055.0,-78.4,-89.3,-84.6,17,35,0.0,236,14.3,11.855237287537099,7.996458519631676,45004
2026-04-01 12:19:59,114.7789,22.2867,76.9,18064.0,-78.3,-89.3,-84.5,17,35,0.0,235,14.5,11.877704642190379,8.316858327090172,45004
2026-04-01 12:20:01,114.7791,22.2868,76.8,18073.0,-78.3,-89.3,-84.5,17,35,0.0,235,14.8,12.123450255477076,8.488931257995487,45004
2026-04-01 12:20:03,114.7793,22.2869,76.6,18082.0,-78.3,-89.3,-84.5,17,35,0.0,235,15.0,12.287280664334874,8.603646545265695,45004
2026-04-01 12:20:05,114.7795,22.2871,76.5,18091.0,-78.3,-89.3,-84.6,17,35,0.0,235,15.2,12.45111107319267,8.718361832535905,45004
2026-04-01 12:20:07,114.7798,22.2873,76.4,18100.0,-78.3,-89.3,-84.5,17,35,0.0,235,15.4,12.61494148205047,8.833077119806115,45004
2026-04-01 12:20:09,114.7801,22.2874,76.3,18109.0,-78.4,-89.3,-84.6,17,36,0.0,234,15.7,12.701566811686673,9.22822846099183,45004
2026-04-01 12:20:11,114.7803,22.2876,76.2,18119.0,-78.5,-89.4,-84.6,17,36,0.0,234,15.9,12.863370210561664,9.345785511450325,45004
2026-04-01 12:20:13,114.7806,22.2878,76.0,18129.0,-78.5,-89.4,-84.7,17,36,0.0,234,16.2,13.106075308874146,9.522121087138066,45004
2026-04-01 12:20:15,114.7808,22.288,75.9,18138.0,-78.6,-89.4,-84.7,17,36,0.0,234,16.5,13.34878040718663,9.698456662825809,45004
2026-04-01 12:20:17,114.7811,22.2881,75.8,18148.0,-78.7,-89.5,-84.7,17,36,0.0,233,16.7,13.33721301778979,10.050310886639206,45004
2026-04-01 12:20:19,114.7814,22.2883,75.6,18157.0,-78.8,-89.5,-84.8,17,36,0.0,233,17.0,13.576803670803978,10.23085539358482,45004
2026-04-01 12:20:21,114.7816,22.2885,75.5,18166.0,-78.8,-89.6,-84.8,17,37,0.0,233,17.3,13.816394323818166,10.411399900530435,45004
2026-04-01 12:20:23,114.7819,22.2887,75.4,18175.0,-78.9,-89.6,-84.8,17,37,0.0,232,17.5,13.790188188117638,10.774075818199016,45004
2026-04-01 12:20:25,114.7822,22.2889,75.3,18185.0,-78.9,-89.6,-84.8,17,37,0.0,232,17.7,13.947790338838981,10.897208113264147,45004
2026-04-01 12:20:27,114.7825,22.2891,75.2,18194.0,-78.9,-89.6,-84.9,17,37,0.0,232,17.9,14.105392489560325,11.020340408329279,45004
2026-04-01 12:20:29,114.7828,22.2894,75.0,18204.0,-78.9,-89.7,-84.9,17,37,0.0,231,18.0,13.988627306225471,11.32776703889708,45004
2026-04-01 12:20:31,114.783,22.2896,74.9,18213.0,-79.0,-89.7,-85.0,17,36,0.0,231,18.1,14.066341902371168,11.390699078002065,45004
2026-04-01 12:20:33,114.7833,22.2898,74.8,18222.0,-79.0,-89.8,-85.0,17,36,0.0,231,18.2,14.144056498516864,11.453631117107047,45004
2026-04-01 12:20:35,114.7836,22.29,74.7,18231.0,-79.0,-89.8,-85.1,17,36,0.0,231,18.2,14.144056498516864,11.453631117107047,45004
2026-04-01 12:20:37,114.7839,22.2903,74.5,18241.0,-79.0,-89.8,-85.1,17,36,0.0,232,18.1,14.262994640281672,11.143472703394412,45004
2026-04-01 12:20:39,114.7841,22.2905,74.4,18251.0,-79.0,-89.9,-85.1,17,36,0.0,232,17.9,14.105392489560325,11.020340408329279,45004
2026-04-01 12:20:41,114.7844,22.2907,74.3,18260.0,-79.0,-89.9,-85.2,17,35,0.0,233,17.8,14.215712078841813,10.71230741210646,45004
2026-04-01 12:20:43,114.7847,22.2909,74.2,18269.0,-79.0,-90.0,-85.3,16,35,0.0,234,17.5,14.157797401561579,10.286241915118282,45004
2026-04-01 12:20:45,114.785,22.2911,74.1,18278.0,-79.1,-90.1,-85.4,16,34,0.0,235,17.2,14.089415161770654,9.865514705237997,45004
2026-04-01 12:20:47,114.7852,22.2912,73.9,18288.0,-79.1,-90.2,-85.5,16,34,0.0,236,16.9,14.010734976180206,9.450360068655616,45004
2026-04-01 12:20:49,114.7855,22.2914,73.8,18297.0,-79.0,-90.2,-85.4,16,33,0.0,238,16.6,14.077598396196672,8.796659786271205,45004
2026-04-01 12:20:51,114.7857,22.2915,73.7,18307.0,-78.8,-90.1,-85.4,16,33,0.0,239,16.2,13.886110271374216,8.34361681354288,45004
2026-04-01 12:20:53,114.786,22.2917,73.6,18316.0,-78.7,-90.1,-85.4,15,33,0.0,241,15.9,13.906453343516397,7.708472961916756,45004
2026-04-01 12:20:55,114.7863,22.2918,73.4,18326.0,-78.6,-90.1,-85.4,15,32,0.0,244,15.6,14.021187122267001,6.8385898899096125,45004
2026-04-01 12:20:57,114.7866,22.2919,73.3,18334.0,-78.6,-90.1,-85.4,15,32,0.0,246,15.3,13.977245501931796,6.223070639059742,45004
2026-04-01 12:20:59,114.7869,22.292,73.2,18343.0,-78.5,-90.2,-85.4,15,31,0.0,248,15.0,13.90775781850181,5.619098901238685,45004
2026-04-01 12:21:01,114.7871,22.292,73.1,18353.0,-78.5,-90.2,-85.5,15,31,0.0,250,14.7,13.813481525552854,5.027696106887327,45004
2026-04-01 12:21:03,114.7874,22.2921,72.9,18364.0,-78.4,-90.3,-85.5,14,30,0.0,253,14.5,13.866418961464012,4.239389718479688,45004
2026-04-01 12:21:05,114.7876,22.2921,72.8,18373.0,-78.1,-90.1,-85.3,14,30,0.0,255,14.3,13.812739315933678,3.7011123449660452,45004
2026-04-01 12:21:07,114.7879,22.2922,72.7,18382.0,-77.6,-89.7,-84.9,14,29,0.0,257,14.1,13.738617913471815,3.1718098662485,45004
2026-04-01 12:21:09,114.7881,22.2922,72.6,18392.0,-77.1,-89.3,-84.6,14,29,0.0,259,13.9,13.644617849922529,2.65224503573397,45004
2026-04-01 12:21:11,114.7884,22.2923,72.4,18404.0,-76.8,-89.1,-84.4,14,28,0.0,261,13.8,13.6300991002129,2.1587956175551883,45004
2026-04-01 12:21:13,114.7887,22.2923,72.3,18414.0,-76.7,-89.1,-84.4,13,28,0.0,263,13.6,13.49862766232198,1.6574230703100015,45004
2026-04-01 12:21:15,114.789,22.2923,72.2,18424.0,-76.7,-89.1,-84.4,13,28,0.0,265,13.5,13.448628424238565,1.1766025270933864,45004
2026-04-01 12:21:17,114.7892,22.2923,72.1,18434.0,-76.7,-89.1,-84.4,13,28,0.0,266,13.4,13.367358273481644,0.9347367481712828,45004
2026-04-01 12:21:19,114.7895,22.2923,71.9,18444.0,-76.7,-89.1,-84.4,13,28,0.0,268,13.3,13.291897999353974,0.4641633061432601,45004
2026-04-01 12:21:21,114.7897,22.2923,71.8,18452.0,-76.7,-89.1,-84.3,14,28,0.0,269,13.1,13.098004806548726,0.22862652432841382,45004
2026-04-01 12:21:23,114.79,22.2923,71.7,18462.0,-76.7,-89.0,-84.3,14,29,0.0,271,13.0,12.998020037033086,-0.2268812836846807,45004
2026-04-01 12:21:25,114.7902,22.2923,71.6,18474.0,-76.8,-89.0,-84.3,14,29,0.0,272,12.8,12.792202585844427,-0.44671355779201644,45004
2026-04-01 12:21:27,114.7905,22.2923,71.4,18484.0,-76.8,-89.0,-84.2,14,29,0.0,273,12.7,12.682595091383087,-0.664666644285388,45004
2026-04-01 12:21:29,114.7907,22.2922,71.3,18493.0,-76.9,-89.0,-84.3,14,29,0.0,274,12.5,12.469550628247804,-0.8719559218015652,45004
2026-04-01 12:21:31,114.791,22.2922,71.2,18502.0,-77.0,-89.0,-84.3,14,30,0.0,275,12.3,12.253194786528471,-1.072015635796192,45004
2026-04-01 12:21:33,114.7912,22.2921,71.1,18512.0,-77.0,-89.0,-84.3,14,30,0.0,276,12.0,11.93426274441928,-1.2543415592118359,45004
2026-04-01 12:21:35,114.7914,22.2921,71.0,18523.0,-77.1,-89.0,-84.3,14,30,0.0,277,11.8,11.7120445893676,-1.4380582521807428,45004
2026-04-01 12:21:37,114.7917,22.292,70.8,18533.0,-77.1,-89.1,-84.3,14,30,0.0,278,11.5,11.38808279052806,-1.6004906610407528,45004
2026-04-01 12:21:39,114.7919,22.292,70.7,18541.0,-77.2,-89.1,-84.4,14,30,0.0,279,11.1,10.96334058060603,-1.7364225619465605,45004
2026-04-01 12:21:41,114.7921,22.292,70.6,18552.0,-77.3,-89.2,-84.4,14,30,0.0,279,10.8,10.667034078427488,-1.6894922224344915,45004
2026-04-01 12:21:43,114.7923,22.292,70.4,18564.0,-77.3,-89.3,-84.5,14,30,0.0,280,10.4,10.242000631326965,-1.8059410477360718,45004
2026-04-01 12:21:45,114.7925,22.2919,70.3,18574.0,-77.4,-89.3,-84.5,14,30,0.0,281,10.0,9.81627183447664,-1.908089953765451,45004
2026-04-01 12:21:47,114.7926,22.2919,70.2,18584.0,-77.4,-89.3,-84.6,14,30,0.0,281,9.6,9.423620961097573,-1.831766355614833,45004
2026-04-01 12:21:48,114.7927,22.2919,70.1,18593.0,-77.5,-89.4,-84.6,14,30,0.0,281,9.2,9.030970087718506,-1.7554427574642149,45004
2026-04-01 12:21:51,114.793,22.2918,70.0,18600.0,-77.5,-89.4,-84.7,14,30,0.0,281,9.2,9.030970087718506,-1.7554427574642149,45004
2026-04-01 12:21:53,114.7931,22.2918,69.8,18614.0,-77.6,-89.5,-84.7,14,30,0.0,282,8.3,8.118625086090587,-1.7256670337874036,45004
2026-04-01 12:21:55,114.7933,22.2917,69.7,18624.0,-77.5,-89.4,-84.7,14,30,0.0,282,7.9,7.727366045797065,-1.6425023574602997,45004
2026-04-01 12:21:57,114.7934,22.2917,69.6,18634.0,-77.5,-89.4,-84.7,14,30,0.0,282,7.5,7.336107005503542,-1.5593376811331958,45004
2026-04-01 12:21:59,114.7935,22.2917,69.4,18646.0,-77.5,-89.4,-84.7,14,30,0.0,282,7.1,6.94484796521002,-1.4761730048060921,45004
2026-04-01 12:22:01,114.7936,22.2917,69.3,18656.0,-77.5,-89.4,-84.7,14,30,0.0,282,6.7,6.553588924916498,-1.3930083284789885,45004
2026-04-01 12:22:03,114.7937,22.2917,69.2,18665.0,-77.5,-89.5,-84.7,14,30,0.0,282,6.3,6.162329884622975,-1.3098436521518846,45004
2026-04-01 12:22:05,114.7938,22.2917,69.1,18675.0,-77.5,-89.4,-84.7,14,30,0.0,282,5.9,5.771070844329453,-1.226678975824781,45004
2026-04-01 12:22:07,114.7939,22.2916,69.0,18685.0,-77.4,-89.4,-84.6,14,30,0.0,282,5.6,5.477626564109311,-1.164305468579453,45004
2026-04-01 12:22:09,114.794,22.2916,68.9,18694.0,-77.4,-89.4,-84.6,14,30,0.0,282,5.2,5.086367523815789,-1.0811407922523493,45004
2026-04-01 12:22:11,114.7941,22.2916,68.7,18705.0,-77.3,-89.3,-84.6,14,30,0.0,281,4.9,4.8099731988935535,-0.9349640773450711,45004
2026-04-01 12:22:13,114.7942,22.2916,68.6,18716.0,-77.3,-89.3,-84.5,14,30,0.0,281,4.6,4.515485043859253,-0.8777213787321074,45004
2026-04-01 12:22:15,114.7943,22.2916,68.5,18726.0,-77.3,-89.3,-84.5,14,30,0.0,280,4.2,4.136192562651274,-0.7293223462011059,45004
2026-04-01 12:22:17,114.7944,22.2916,68.3,18739.0,-77.3,-89.3,-84.5,14,30,0.0,279,3.9,3.8519845283210374,-0.6100944136568996,45004
2026-04-01 12:22:19,114.7944,22.2916,68.2,18750.0,-77.3,-89.3,-84.6,14,30,0.0,277,3.6,3.5731661459087594,-0.4387296362585317,45004
2026-04-01 12:22:21,114.7945,22.2915,68.1,18758.0,-77.4,-89.3,-84.6,14,30,0.0,274,3.3,3.29196136585742,-0.23019636335561322,45004
2026-04-01 12:22:23,114.7945,22.2915,68.0,18770.0,-77.5,-89.4,-84.7,14,30,0.0,271,3.1,3.099527854984813,-0.054102459955577706,45004
2026-04-01 12:22:25,114.7946,22.2915,67.8,18781.0,-77.6,-89.5,-84.7,14,30,0.0,266,2.9,2.89293574575349,0.20229377385796418,45004
2026-04-01 12:22:27,114.7946,22.2915,67.7,18791.0,-77.7,-89.6,-84.8,14,30,0.0,260,2.8,2.757461708434182,0.48621489746740487,45004
2026-04-01 12:22:29,114.7947,22.2915,67.6,18801.0,-77.7,-89.7,-84.9,14,30,0.0,254,2.7,2.5954065790334613,0.744220860705897,45004
2026-04-01 12:22:31,114.7947,22.2915,67.5,18813.0,-77.8,-89.8,-85.0,14,30,0.0,247,2.7,2.4853631043215887,1.0549740469210394,45004
2026-04-01 12:22:33,114.7947,22.2915,67.3,18821.0,-77.8,-89.9,-85.1,14,30,0.0,241,2.9,2.536397150704248,1.4059478987143768,45004
2026-04-01 12:22:35,114.7947,22.2916,67.2,18830.0,-77.9,-90.0,-85.2,14,29,0.0,235,3.1,2.539371337295874,1.778086952688244,45004
2026-04-01 12:22:37,114.7947,22.2917,67.1,18838.0,-77.9,-90.1,-85.3,14,29,0.0,231,3.3,2.5645816728080026,2.0767572904644647,45004
2026-04-01 12:22:39,114.7947,22.2917,67.0,18848.0,-77.8,-90.1,-85.4,13,28,0.0,228,3.6,2.6753213717186197,2.4088701828918895,45004
2026-04-01 12:22:41,114.7948,22.2918,66.9,18858.0,-77.4,-89.9,-85.2,13,27,0.0,226,3.9,2.8054252213207396,2.709167644790089,45004
2026-04-01 12:22:43,114.7949,22.2919,66.8,18868.0,-77.0,-89.7,-84.9,13,27,0.0,225,4.3,3.040559159102154,3.040559159102155,45004
2026-04-01 12:22:45,114.795,22.2919,66.7,18877.0,-76.7,-89.6,-84.8,12,26,0.0,225,4.6,3.252691193458118,3.2526911934581193,45004
2026-04-01 12:22:47,114.7951,22.292,66.6,18886.0,-76.6,-89.7,-84.9,12,25,0.0,224,4.9,3.4038260152490873,3.5247650216593907,45004
2026-04-01 12:22:49,114.7952,22.292,66.5,18897.0,-76.6,-89.7,-85.0,12,25,0.0,224,5.3,3.6816893634326857,3.8125009417948506,45004
2026-04-01 12:22:51,114.7953,22.2921,66.4,18907.0,-76.6,-89.9,-85.1,12,24,0.0,224,5.6,3.890086874570385,4.028302881896446,45004
2026-04-01 12:22:53,114.7953,22.2922,66.3,18914.0,-76.5,-90.0,-85.2,11,23,0.0,225,5.9,4.17193000900063,4.171930009000632,45004
2026-04-01 12:22:55,114.7954,22.2923,66.2,18921.0,-76.4,-90.1,-85.3,11,23,0.0,225,6.2,4.384062043356594,4.384062043356596,45004
2026-04-01 12:22:57,114.7955,22.2924,66.1,18931.0,-76.1,-90.0,-85.2,11,22,0.0,226,6.4,4.603774722167368,4.445813570937583,45004
2026-04-01 12:22:59,114.7956,22.2925,66.0,18941.0,-75.8,-89.9,-85.1,10,21,0.0,226,6.7,4.819576662268963,4.654211082075282,45004
2026-04-01 12:23:01,114.7956,22.2926,65.8,18951.0,-75.5,-89.9,-85.1,10,21,0.0,227,6.9,5.046340541172276,4.705788684431241,45004
2026-04-01 12:23:03,114.7958,22.2927,65.7,18961.0,-75.2,-89.7,-85.0,10,20,0.0,228,7.1,5.2763282608895,4.750827305147893,45004
2026-04-01 12:23:05,114.7959,22.2927,65.6,18970.0,-74.8,-89.6,-84.9,9,19,0.0,229,7.4,5.584850893648513,4.8548368145297545,45004
2026-04-01 12:23:07,114.796,22.2928,65.5,18979.0,-74.5,-89.5,-84.8,9,19,0.0,230,7.6,5.821937767704232,4.8851858336177,45004
2026-04-01 12:23:09,114.7962,22.2929,65.4,18990.0,-73.9,-89.1,-84.4,9,18,0.0,231,7.8,6.06173849936437,4.908699050188735,45004
2026-04-01 12:23:11,114.7963,22.2931,65.3,18999.0,-73.6,-89.0,-84.3,9,18,0.0,232,8.0,6.304086028853777,4.925291802605265,45004
2026-04-01 12:23:13,114.7964,22.2932,65.2,19006.0,-73.5,-89.0,-84.3,9,17,0.0,233,8.1,6.468947631383072,4.874701687531591,45004
2026-04-01 12:23:15,114.7965,22.2932,65.1,19015.0,-73.4,-89.0,-84.3,8,17,0.0,235,8.3,6.798961967598631,4.760684421713686,45004
2026-04-01 12:23:17,114.7967,22.2933,65.0,19026.0,-73.4,-89.1,-84.3,8,17,0.0,236,8.5,7.046819366717855,4.753139679501346,45004
2026-04-01 12:23:19,114.7968,22.2934,64.9,19036.0,-73.4,-89.1,-84.4,8,17,0.0,237,8.6,7.212566884330648,4.683895701129232,45004
2026-04-01 12:23:21,114.797,22.2935,64.8,19045.0,-73.5,-89.2,-84.5,8,17,0.0,238,8.7,7.378018436560906,4.6102975988288835,45004
2026-04-01 12:23:23,114.7971,22.2935,64.7,19054.0,-73.5,-89.3,-84.6,8,16,0.0,239,8.9,7.628788976248798,4.583838866699484,45004
2026-04-01 12:23:25,114.7973,22.2936,64.6,19064.0,-73.5,-89.4,-84.6,8,16,0.0,240,9.0,7.794228634059945,4.5000000000000036,45004
2026-04-01 12:23:27,114.7975,22.2937,64.5,19074.0,-73.5,-89.5,-84.7,8,16,0.0,241,9.0,7.871577364254564,4.3632865822170315,45004
2026-04-01 12:23:29,114.7976,22.2938,64.4,19082.0,-73.5,-89.5,-84.8,8,16,0.0,242,9.1,8.034823095016236,4.272191221351606,45004
2026-04-01 12:23:31,114.7978,22.2938,64.3,19091.0,-73.5,-89.6,-84.8,8,16,0.0,242,9.2,8.123117854302128,4.319138377630194,45004
2026-04-01 12:23:33,114.7979,22.2939,64.2,19102.0,-73.4,-89.6,-84.9,8,15,0.0,243,9.2,8.197260022532983,4.1767125976038315,45004
2026-04-01 12:23:35,114.7981,22.294,64.0,19113.0,-73.2,-89.6,-84.9,7,15,0.0,243,9.3,8.28636067495182,4.222111647577787,45004
2026-04-01 12:23:37,114.7982,22.2941,63.9,19122.0,-73.2,-89.6,-84.9,7,15,0.0,243,9.3,8.28636067495182,4.222111647577787,45004
2026-04-01 12:23:41,114.7986,22.2942,63.8,19131.0,-73.0,-89.6,-84.9,7,14,0.0,244,9.3,8.358784630582251,4.076851665138423,45004
2026-04-01 12:23:43,114.7987,22.2943,63.7,19148.0,-72.9,-89.8,-85.0,7,14,0.0,244,9.3,8.358784630582251,4.076851665138423,45004
2026-04-01 12:23:45,114.7989,22.2944,63.6,19157.0,-72.9,-89.8,-85.1,7,14,0.0,244,9.2,8.268905225952334,4.033014550459515,45004
2026-04-01 12:23:47,114.7991,22.2944,63.5,19166.0,-72.9,-89.9,-85.1,7,13,0.0,244,9.2,8.268905225952334,4.033014550459515,45004
2026-04-01 12:23:49,114.7993,22.2945,63.4,19177.0,-72.9,-90.0,-85.2,7,13,0.0,243,9.1,8.108159370114146,4.131313547629877,45004
2026-04-01 12:23:51,114.7994,22.2946,63.3,19185.0,-72.9,-90.0,-85.3,7,13,0.0,243,9.0,8.01905871769531,4.0859144976559225,45004
2026-04-01 12:23:53,114.7996,22.2946,63.2,19193.0,-72.8,-90.1,-85.3,6,13,0.0,242,9.0,7.946528335730343,4.225244065073017,45004
2026-04-01 12:23:55,114.7997,22.2947,63.1,19201.0,-72.8,-90.1,-85.3,6,13,0.0,242,8.9,7.858233576444451,4.178296908794428,45004
2026-04-01 12:23:57,114.7999,22.2947,63.0,19211.0,-72.8,-90.1,-85.3,6,13,0.0,241,8.8,7.696653422826685,4.266324658167765,45004
2026-04-01 12:23:59,114.8,22.2948,62.9,19222.0,-72.8,-90.1,-85.4,6,13,0.0,240,8.7,7.534421012924613,4.350000000000003,45004
2026-04-01 12:24:01,114.8001,22.2949,62.8,19232.0,-72.7,-90.1,-85.4,6,13,0.0,240,8.6,7.44781847254617,4.300000000000003,45004
2026-04-01 12:24:03,114.8003,22.295,62.7,19241.0,-72.7,-90.1,-85.3,6,13,0.0,239,8.5,7.285922055967953,4.377823636735462,45004
2026-04-01 12:24:05,114.8004,22.2951,62.6,19250.0,-72.5,-90.0,-85.2,6,13,0.0,238,8.3,7.038799198098336,4.398329893135602,45004
2026-04-01 12:24:07,114.8005,22.2952,62.5,19260.0,-72.5,-90.0,-85.2,6,13,0.0,237,8.2,6.8770986571524775,4.466040087123221,45004
2026-04-01 12:24:09,114.8007,22.2953,62.4,19267.0,-72.5,-90.0,-85.2,6,12,0.0,236,8.1,6.715204337695838,4.529462518113047,45004
2026-04-01 12:24:11,114.8008,22.2954,62.3,19276.0,-72.5,-90.0,-85.3,6,12,0.0,235,8.0,6.553216354311933,4.588611490808371,45004
2026-04-01 12:24:13,114.8009,22.2955,62.2,19285.0,-72.5,-90.1,-85.3,6,12,0.0,234,7.8,6.310332556124589,4.584724967881291,45004
2026-04-01 12:24:15,114.801,22.2956,62.1,19295.0,-72.5,-90.2,-85.4,6,12,0.0,233,7.7,6.149493427364155,4.6339756782707715,45004
2026-04-01 12:24:17,114.8012,22.2956,62.0,19304.0,-72.5,-90.2,-85.5,6,12,0.0,232,7.5,5.910080652050416,4.617461064942436,45004
2026-04-01 12:24:19,114.8013,22.2957,61.9,19314.0,-72.6,-90.3,-85.5,6,12,0.0,230,7.4,5.668728879080437,4.756628311680393,45004
2026-04-01 12:24:21,114.8014,22.2957,61.8,19325.0,-72.5,-90.3,-85.6,6,12,0.0,228,7.2,5.3506427434372394,4.817740365783779,45004
2026-04-01 12:24:23,114.8015,22.2958,61.7,19334.0,-72.5,-90.4,-85.6,6,12,0.0,226,7.1,5.107312582404423,4.93207443025888,45004
2026-04-01 12:24:25,114.8016,22.2959,61.6,19341.0,-72.4,-90.4,-85.6,6,12,0.0,223,7.0,4.773988520437489,5.119475911334194,45004
2026-04-01 12:24:27,114.8016,22.2961,61.5,19348.0,-72.2,-90.3,-85.6,6,11,0.0,220,6.9,4.435234506837121,5.285706657520948,45004
2026-04-01 12:24:29,114.8017,22.2962,61.4,19357.0,-72.0,-90.2,-85.4,6,11,0.0,216,6.8,3.9969397155888164,5.501315561749642,45004
2026-04-01 12:24:31,114.8018,22.2962,61.3,19369.0,-72.0,-90.2,-85.4,6,11,0.0,212,6.8,3.6034509967857926,5.766727053863697,45004
2026-04-01 12:24:33,114.8019,22.2963,61.2,19379.0,-71.9,-90.2,-85.4,6,11,0.0,209,6.7,3.248224455650458,5.859952037833953,45004
2026-04-01 12:24:35,114.8019,22.2964,61.1,19388.0,-71.8,-90.1,-85.4,6,11,0.0,204,6.7,2.7251355086078615,6.120754566205426,45004
2026-04-01 12:24:37,114.802,22.2966,61.0,19398.0,-71.8,-90.2,-85.4,5,11,0.0,200,6.7,2.29153496028198,6.295940559265587,45004
2026-04-01 12:24:39,114.802,22.2967,60.9,19406.0,-71.8,-90.2,-85.5,5,11,0.0,196,6.7,1.8467702839738933,6.440453362786736,45004
2026-04-01 12:24:41,114.8021,22.2969,60.8,19414.0,-71.8,-90.3,-85.5,5,11,0.0,192,6.6,1.3722171593972128,6.455774164843117,45004
2026-04-01 12:24:43,114.8021,22.297,60.7,19424.0,-71.8,-90.3,-85.6,5,11,0.0,189,6.6,1.0324674692655227,6.518743047927909,45004
2026-04-01 12:24:45,114.8021,22.2972,60.6,19434.0,-71.7,-90.4,-85.7,5,10,0.0,185,6.6,0.5752279021345424,6.57488500740552,45004
2026-04-01 12:24:49,114.802,22.2974,60.5,19443.0,-71.8,-90.6,-85.8,5,10,0.0,182,6.5,0.22684672856625585,6.496040375624123,45004
2026-04-01 12:24:51,114.802,22.2975,60.3,19462.0,-71.7,-90.8,-86.0,5,10,0.0,177,6.3,-0.329716524330546,6.291366068953815,45004
2026-04-01 12:24:55,114.8019,22.2977,60.2,19472.0,-71.3,-90.7,-85.9,5,9,0.0,176,6.2,-0.43249013721357826,6.18489711161091,45004
2026-04-01 12:24:57,114.8018,22.2978,60.1,19490.0,-70.1,-90.0,-85.3,4,9,0.0,175,6.0,-0.5229344564859492,5.977168188550474,45004
2026-04-01 12:24:59,114.8017,22.2979,60.0,19500.0,-69.5,-89.7,-84.9,4,8,0.0,175,5.9,-0.5142188822111834,5.877548718741299,45004
2026-04-01 12:25:01,114.8017,22.298,59.9,19509.0,-69.1,-89.5,-84.7,4,8,0.0,176,5.8,-0.40458754771592803,5.78587149150698,45004
2026-04-01 12:25:03,114.8018,22.298,59.8,19519.0,-68.9,-89.5,-84.7,4,8,0.0,178,5.7,-0.1989271312042565,5.696527714008846,45004
2026-04-01 12:25:05,114.8018,22.2981,59.7,19529.0,-69.0,-89.5,-84.8,4,8,0.0,180,5.7,-6.980486755139913e-16,5.7,45004
2026-04-01 12:25:07,114.8018,22.2982,59.6,19537.0,-69.0,-89.6,-84.8,4,8,0.0,182,5.6,0.19543718153400502,5.596588631306936,45004
2026-04-01 12:25:09,114.8019,22.2984,59.5,19547.0,-69.0,-89.6,-84.9,4,8,0.0,185,5.6,0.4880721593868845,5.5786903093137745,45004
2026-04-01 12:25:11,114.8019,22.2985,59.4,19557.0,-69.0,-89.6,-84.8,4,8,0.0,187,5.6,0.6824683230688249,5.5582584491914035,45004
2026-04-01 12:25:13,114.8019,22.2986,59.3,19567.0,-69.0,-89.5,-84.8,4,8,0.0,189,5.6,0.8760330042252921,5.531054707332771,45004
2026-04-01 12:25:15,114.802,22.2987,59.2,19578.0,-69.0,-89.5,-84.8,4,8,0.0,191,5.6,1.0685303741086503,5.497112227306918,45004
2026-04-01 12:25:17,114.8019,22.2988,59.1,19589.0,-68.9,-89.5,-84.8,4,8,0.0,193,5.6,1.2597259043256437,5.456472362797317,45004
2026-04-01 12:25:19,114.802,22.2989,59.0,19596.0,-68.9,-89.5,-84.8,4,8,0.0,194,5.5,1.3305704257981712,5.33662649451798,45004
2026-04-01 12:25:21,114.802,22.299,58.9,19605.0,-68.9,-89.5,-84.8,4,8,0.0,195,5.5,1.4235047480638643,5.312592044589875,45004
2026-04-01 12:25:23,114.8021,22.2991,58.8,19616.0,-68.9,-89.6,-84.8,4,8,0.0,195,5.4,1.3976228435536124,5.215999461960969,45004
2026-04-01 12:25:25,114.8022,22.2992,58.7,19627.0,-68.9,-89.6,-84.9,4,8,0.0,196,5.3,1.4608779858300946,5.09468698847309,45004
2026-04-01 12:25:27,114.8022,22.2993,58.6,19639.0,-69.0,-89.7,-84.9,4,8,0.0,196,5.2,1.4333142502483949,4.998560818879258,45004
2026-04-01 12:25:29,114.8022,22.2994,58.5,19649.0,-69.0,-89.7,-85.0,4,8,0.0,196,5.1,1.4057505146666949,4.902434649285426,45004
2026-04-01 12:25:31,114.8022,22.2994,58.4,19659.0,-68.8,-89.7,-84.9,4,8,0.0,196,5.1,1.4057505146666949,4.902434649285426,45004
2026-04-01 12:25:33,114.8022,22.2995,58.3,19671.0,-68.7,-89.6,-84.9,4,8,0.0,196,5.0,1.378186779084995,4.8063084796915945,45004
2026-04-01 12:25:35,114.8022,22.2995,58.2,19681.0,-68.6,-89.6,-84.8,4,8,0.0,195,5.0,1.294095225512604,4.8296291314453415,45004
2026-04-01 12:25:37,114.8022,22.2996,58.1,19690.0,-68.6,-89.6,-84.8,4,7,0.0,195,5.1,1.319977130022856,4.926221714074248,45004
2026-04-01 12:25:39,114.8022,22.2997,58.0,19701.0,-68.6,-89.6,-84.8,4,7,0.0,195,5.2,1.3458590345331083,5.022814296703156,45004
2026-04-01 12:25:41,114.8023,22.2998,57.9,19712.0,-68.6,-89.6,-84.8,4,7,0.0,194,5.3,1.2821860466782378,5.142567349262781,45004
2026-04-01 12:25:43,114.8023,22.2999,57.8,19721.0,-68.5,-89.5,-84.8,4,7,0.0,194,5.4,1.3063782362382046,5.2395969218903815,45004
2026-04-01 12:25:45,114.8024,22.3,57.7,19729.0,-68.4,-89.4,-84.7,4,7,0.0,194,5.6,1.354762615358138,5.43365606714558,45004
2026-04-01 12:25:47,114.8024,22.3002,57.6,19739.0,-68.5,-89.5,-84.7,4,8,0.0,194,5.8,1.4031469944780715,5.627715212400779,45004
2026-04-01 12:25:49,114.8024,22.3003,57.5,19750.0,-68.5,-89.5,-84.7,4,8,0.0,194,6.0,1.451531373598005,5.821774357655979,45004
2026-04-01 12:25:51,114.8024,22.3004,57.4,19760.0,-68.6,-89.5,-84.8,4,8,0.0,194,6.2,1.4999157527179385,6.015833502911178,45004
2026-04-01 12:25:53,114.8025,22.3005,57.3,19771.0,-68.6,-89.5,-84.7,4,8,0.0,194,6.4,1.5483001318378722,6.209892648166377,45004
2026-04-01 12:25:55,114.8025,22.3006,57.2,19780.0,-68.6,-89.5,-84.7,4,8,0.0,194,6.6,1.5966845109578054,6.403951793421577,45004
2026-04-01 12:25:57,114.8025,22.3007,57.1,19791.0,-68.6,-89.5,-84.7,4,8,0.0,194,6.7,1.6208767005177724,6.500981366049176,45004
2026-04-01 12:25:59,114.8025,22.3009,57.0,19801.0,-68.7,-89.5,-84.8,4,8,0.0,194,6.8,1.645068890077739,6.598010938676776,45004
2026-04-01 12:26:01,114.8026,22.301,56.9,19811.0,-68.8,-89.6,-84.8,4,8,0.0,194,6.9,1.6692610796377059,6.695040511304376,45004
2026-04-01 12:26:03,114.8026,22.3012,56.8,19821.0,-68.8,-89.7,-84.9,4,8,0.0,194,7.0,1.6934532691976725,6.792070083931975,45004
2026-04-01 12:26:05,114.8026,22.3013,56.7,19830.0,-68.8,-89.7,-84.9,4,8,0.0,194,7.0,1.6934532691976725,6.792070083931975,45004
2026-04-01 12:26:07,114.8027,22.3014,56.6,19840.0,-68.9,-89.7,-85.0,4,8,0.0,194,7.0,1.6934532691976725,6.792070083931975,45004
2026-04-01 12:26:11,114.8028,22.3016,56.5,19851.0,-68.9,-89.8,-85.1,4,8,0.0,195,6.9,1.7858514112073935,6.664888201394572,45004
2026-04-01 12:26:13,114.8028,22.3017,56.4,19869.0,-68.9,-89.9,-85.1,4,7,0.0,195,6.8,1.7599695066971413,6.5682956187656645,45004
2026-04-01 12:26:15,114.8028,22.3018,56.3,19880.0,-68.7,-89.7,-85.0,4,7,0.0,195,6.7,1.7340876021868894,6.471703036136758,45004
2026-04-01 12:26:17,114.8028,22.3019,56.2,19890.0,-68.5,-89.7,-84.9,4,7,0.0,195,6.6,1.708205697676637,6.37511045350785,45004
2026-04-01 12:26:19,114.8029,22.302,56.1,19899.0,-68.5,-89.7,-85.0,4,7,0.0,195,6.5,1.6823237931663853,6.278517870878944,45004
2026-04-01 12:26:21,114.8029,22.3022,56.0,19909.0,-68.5,-89.8,-85.1,4,7,0.0,195,6.4,1.6564418886561332,6.181925288250038,45004
2026-04-01 12:26:23,114.803,22.3023,55.9,19918.0,-68.5,-89.9,-85.1,4,7,0.0,195,6.3,1.6305599841458809,6.085332705621131,45004
2026-04-01 12:26:25,114.803,22.3024,55.8,19927.0,-68.3,-89.8,-85.1,4,7,0.0,195,6.2,1.604678079635629,5.9887401229922235,45004
2026-04-01 12:26:27,114.803,22.3026,55.7,19938.0,-68.1,-89.8,-85.0,3,7,0.0,195,6.1,1.5787961751253767,5.892147540363316,45004
2026-04-01 12:26:29,114.8031,22.3026,55.6,19948.0,-68.0,-89.8,-85.0,3,7,0.0,195,6.0,1.5529142706151249,5.79555495773441,45004
2026-04-01 12:26:33,114.8031,22.3028,55.5,19958.0,-67.8,-89.8,-85.0,3,6,0.0,195,5.9,1.5270323661048728,5.698962375105503,45004
2026-04-01 12:26:35,114.8031,22.3029,55.4,19977.0,-67.5,-89.7,-85.0,3,6,0.0,195,5.8,1.5011504615946205,5.602369792476596,45004
2026-04-01 12:26:37,114.8032,22.303,55.3,19986.0,-67.1,-89.6,-84.8,3,6,0.0,195,5.8,1.5011504615946205,5.602369792476596,45004
2026-04-01 12:26:39,114.8032,22.3031,55.2,19995.0,-66.9,-89.5,-84.7,3,6,0.0,195,5.8,1.5011504615946205,5.602369792476596,45004
2026-04-01 12:26:41,114.8032,22.3032,55.1,20004.0,-66.7,-89.4,-84.7,3,6,0.0,195,5.8,1.5011504615946205,5.602369792476596,45004
2026-04-01 12:26:43,114.8033,22.3033,55.0,20015.0,-66.5,-89.4,-84.7,3,6,0.0,195,5.8,1.5011504615946205,5.602369792476596,45004
2026-04-01 12:26:45,114.8033,22.3034,54.9,20026.0,-66.5,-89.4,-84.7,3,6,0.0,195,5.9,1.5270323661048728,5.698962375105503,45004
2026-04-01 12:26:49,114.8034,22.3036,54.8,20036.0,-66.4,-89.4,-84.7,3,6,0.0,195,5.9,1.5270323661048728,5.698962375105503,45004
2026-04-01 12:26:51,114.8034,22.3037,54.7,20054.0,-66.1,-89.4,-84.6,3,5,0.0,196,6.0,1.653824134901994,5.767570175629913,45004
2026-04-01 12:26:53,114.8034,22.3038,54.6,20063.0,-66.0,-89.3,-84.6,3,5,0.0,197,6.1,1.7834673988086942,5.833459011374516,45004
2026-04-01 12:26:55,114.8034,22.3039,54.5,20073.0,-65.9,-89.3,-84.5,3,5,0.0,198,6.2,1.9159053651246731,5.896550401029953,45004
2026-04-01 12:26:57,114.8035,22.3041,54.4,20083.0,-65.8,-89.3,-84.6,3,5,0.0,198,6.3,1.9468070645621678,5.991656052659468,45004
2026-04-01 12:26:59,114.8035,22.3042,54.3,20093.0,-65.7,-89.3,-84.5,3,5,0.0,199,6.4,2.0836361885258032,6.051318883835627,45004
2026-04-01 12:27:01,114.8036,22.3043,54.2,20102.0,-65.5,-89.2,-84.5,3,5,0.0,200,6.5,2.223130931616846,6.108002035108405,45004
2026-04-01 12:27:05,114.8037,22.3044,54.1,20113.0,-65.3,-89.2,-84.4,3,5,0.0,200,6.5,2.223130931616846,6.108002035108405,45004
2026-04-01 12:27:07,114.8038,22.3045,54.0,20130.0,-65.0,-89.0,-84.3,3,5,0.0,201,6.7,2.401065261953513,6.254988857531251,45004
2026-04-01 12:27:09,114.8038,22.3046,53.9,20140.0,-65.0,-89.0,-84.2,3,5,0.0,202,6.7,2.5098641758866105,6.212131825597476,45004
2026-04-01 12:27:11,114.8039,22.3048,53.8,20151.0,-64.9,-89.0,-84.2,3,5,0.0,202,6.7,2.5098641758866105,6.212131825597476,45004
2026-04-01 12:27:13,114.8039,22.305,53.7,20161.0,-64.8,-89.0,-84.2,3,5,0.0,202,6.6,2.472403516545019,6.1194134401407965,45004
2026-04-01 12:27:17,114.804,22.3052,53.6,20171.0,-64.7,-88.9,-84.1,3,5,0.0,202,6.5,2.434942857203428,6.026695054684119,45004
2026-04-01 12:27:19,114.8041,22.3054,53.5,20188.0,-64.6,-88.9,-84.1,3,5,0.0,203,6.1,2.3834598837845684,5.6150796060598855,45004
2026-04-01 12:27:21,114.8041,22.3055,53.4,20197.0,-64.7,-88.9,-84.2,3,5,0.0,203,5.9,2.305313658086714,5.4309786353693985,45004
2026-04-01 12:27:23,114.8042,22.3056,53.3,20206.0,-64.6,-88.9,-84.1,3,5,0.0,203,5.5,2.1490212066910046,5.062776693988422,45004
2026-04-01 12:27:25,114.8042,22.3056,53.2,20216.0,-64.5,-88.8,-84.1,3,5,0.0,204,5.2,2.1150305439941612,4.750436379741525,45004
2026-04-01 12:27:27,114.8042,22.3057,53.1,20226.0,-64.4,-88.8,-84.0,3,5,0.0,204,4.7,1.9116622224562612,4.293663650920224,45004
2026-04-01 12:27:31,114.8043,22.3058,53.0,20237.0,-64.3,-88.7,-84.0,2,5,0.0,204,4.3,1.7489675652259409,3.9282454678631837,45004
2026-04-01 12:27:33,114.8043,22.3058,52.9,20257.0,-64.0,-88.6,-83.9,2,5,0.0,204,3.2,1.3015572578425607,2.923345464456323,45004
2026-04-01 12:27:35,114.8044,22.3059,52.8,20268.0,-64.0,-88.6,-83.9,2,5,0.0,203,2.7,1.0549740469210387,2.485363104321589,45004
2026-04-01 12:27:37,114.8044,22.3059,52.7,20278.0,-64.0,-88.7,-83.9,2,5,0.0,200,2.2,0.7524443153164712,2.067323765728999,45004
2026-04-01 12:27:39,114.8044,22.3059,52.6,20287.0,-64.0,-88.7,-83.9,2,5,0.0,195,1.8,0.46587428118453744,1.738666487320323,45004
2026-04-01 12:27:41,114.8044,22.3059,52.5,20298.0,-63.9,-88.6,-83.9,2,5,0.0,185,1.3,0.11330246557195534,1.2950531075192693,45004
2026-04-01 12:27:43,114.8044,22.3059,52.4,20310.0,-63.9,-88.6,-83.8,2,5,0.0,167,1.0,-0.2249510543438652,0.9743700647852351,45004
2026-04-01 12:27:45,114.8044,22.3059,52.3,20322.0,-63.8,-88.5,-83.8,2,5,0.0,140,0.9,-0.5785088487178855,0.6894399988070802,45004
2026-04-01 12:27:49,114.8043,22.3059,52.2,20332.0,-63.8,-88.5,-83.7,2,5,0.0,117,1.1,-0.9801071766072048,0.49938954971350147,45004
2026-04-01 12:27:51,114.8043,22.3059,52.1,20352.0,-63.7,-88.4,-83.7,2,5,0.0,97,1.8,-1.78658307295438,0.21936481812926525,45004
2026-04-01 12:27:53,114.8042,22.3059,52.0,20363.0,-63.7,-88.4,-83.7,2,5,0.0,94,2.2,-2.1946409105716134,0.15346424223707575,45004
2026-04-01 12:27:55,114.8042,22.3059,51.9,20373.0,-63.7,-88.4,-83.6,2,5,0.0,93,2.5,-2.4965738368864345,0.1308398906073596,45004
2026-04-01 12:27:57,114.8041,22.3059,51.8,20383.0,-63.7,-88.4,-83.6,2,5,0.0,93,2.8,-2.7961626973128064,0.14654067748024274,45004
2026-04-01 12:28:01,114.8039,22.3058,51.7,20391.0,-63.7,-88.4,-83.6,2,5,0.0,94,3.2,-3.192204960831438,0.22322071598120108,45004
2026-04-01 12:28:03,114.8039,22.3059,51.6,20412.0,-63.7,-88.3,-83.6,2,5,0.0,97,3.7,-3.672420761072892,0.4509165705990453,45004
2026-04-01 12:28:05,114.8038,22.3059,51.5,20424.0,-63.7,-88.3,-83.5,2,5,0.0,98,3.9,-3.8620454680921243,0.5427750937442549,45004
2026-04-01 12:28:07,114.8037,22.306,51.4,20435.0,-63.7,-88.2,-83.5,3,5,0.0,100,4.1,-4.0377117873500525,0.7119575284344142,45004
2026-04-01 12:28:09,114.8036,22.306,51.3,20444.0,-63.7,-88.3,-83.5,3,5,0.0,101,4.3,-4.2209968888249545,0.8204786801191426,45004
2026-04-01 12:28:11,114.8035,22.306,51.2,20453.0,-63.8,-88.3,-83.5,3,5,0.0,103,4.4,-4.287228285055035,0.9897846391130062,45004
2026-04-01 12:28:13,114.8034,22.3059,51.1,20463.0,-63.9,-88.3,-83.5,3,5,0.0,104,4.5,-4.366330768241984,1.088648530198505,45004
2026-04-01 12:28:17,114.8032,22.3061,51.0,20473.0,-64.0,-88.3,-83.5,3,5,0.0,104,4.6,-4.463360340869583,1.1128407197584718,45004
2026-04-01 12:28:19,114.8031,22.3062,50.9,20494.0,-64.1,-88.4,-83.6,3,5,0.0,104,4.6,-4.463360340869583,1.1128407197584718,45004
2026-04-01 12:28:21,114.803,22.3062,50.8,20503.0,-64.2,-88.4,-83.7,3,5,0.0,103,4.6,-4.482102298012082,1.034774849981779,45004
2026-04-01 12:28:23,114.803,22.3062,50.7,20514.0,-64.3,-88.5,-83.7,3,5,0.0,102,4.5,-4.401664203302126,0.9356026086799171,45004
2026-04-01 12:28:25,114.8029,22.3062,50.6,20525.0,-64.3,-88.6,-83.8,3,5,0.0,100,4.5,-4.431634888554936,0.7814167995011864,45004
2026-04-01 12:28:27,114.8029,22.3062,50.5,20536.0,-64.4,-88.6,-83.9,3,5,0.0,97,4.4,-4.367203067221817,0.5362251109826485,45004
2026-04-01 12:28:29,114.8027,22.3062,50.4,20547.0,-64.4,-88.7,-83.9,3,5,0.0,94,4.4,-4.389281821143227,0.3069284844741515,45004
2026-04-01 12:28:31,114.8026,22.3062,50.3,20557.0,-64.2,-88.5,-83.8,3,5,0.0,92,4.3,-4.2973805561821115,0.15006783582075411,45004
2026-04-01 12:28:35,114.8024,22.3061,50.2,20569.0,-64.0,-88.4,-83.6,3,5,0.0,89,4.3,-4.2993450891724825,-0.07504534768031947,45004
2026-04-01 12:28:37,114.8024,22.3061,50.1,20589.0,-63.9,-88.4,-83.7,3,5,0.0,83,4.3,-4.267948452057684,-0.5240381766421341,45004
2026-04-01 12:28:39,114.8023,22.3061,50.0,20600.0,-63.9,-88.4,-83.7,2,5,0.0,79,4.2,-4.122834170480189,-0.8013977805814887,45004
2026-04-01 12:28:41,114.8023,22.3061,49.9,20610.0,-63.8,-88.4,-83.7,2,5,0.0,79,4.2,-4.122834170480189,-0.8013977805814887,45004
2026-04-01 12:28:43,114.8022,22.3061,49.8,20621.0,-63.9,-88.5,-83.7,2,5,0.0,78,4.2,-4.108219923081983,-0.8732291014345898,45004
2026-04-01 12:28:47,114.802,22.306,49.7,20631.0,-63.9,-88.5,-83.7,2,5,0.0,77,4.2,-4.092354272097988,-0.9447944282442327,45004
2026-04-01 12:28:49,114.8019,22.306,49.6,20653.0,-63.8,-88.4,-83.7,2,5,0.0,78,4.1,-4.010405163008603,-0.8524379323528137,45004
2026-04-01 12:28:51,114.8018,22.306,49.5,20665.0,-63.7,-88.4,-83.6,2,5,0.0,78,4.0,-3.9125904029352223,-0.8316467632710378,45004
2026-04-01 12:28:53,114.8018,22.306,49.4,20677.0,-63.7,-88.3,-83.6,2,5,0.0,79,4.0,-3.926508733790656,-0.7632359815061797,45004
2026-04-01 12:28:55,114.8017,22.306,49.3,20686.0,-63.7,-88.3,-83.6,2,5,0.0,81,3.9,-3.8519845283210374,-0.6100944136569005,45004
2026-04-01 12:28:57,114.8017,22.306,49.2,20695.0,-63.7,-88.4,-83.6,2,5,0.0,83,3.9,-3.8709299914011557,-0.4752904392800752,45004
2026-04-01 12:28:59,114.8016,22.3059,49.1,20707.0,-63.8,-88.4,-83.6,2,5,0.0,85,3.8,-3.785539852748633,-0.3311918224411009,45004
2026-04-01 12:29:03,114.8014,22.3059,49.0,20719.0,-63.9,-88.4,-83.7,3,5,0.0,88,3.8,-3.7976851426725635,-0.1326180874695041,45004
2026-04-01 12:29:05,114.8014,22.3059,48.9,20739.0,-64.0,-88.4,-83.6,3,5,0.0,93,3.9,-3.8946551855428377,0.20411022934748096,45004
2026-04-01 12:29:07,114.8013,22.3059,48.8,20750.0,-63.9,-88.3,-83.5,3,5,0.0,96,3.9,-3.8786353919362657,0.40766100674384886,45004
2026-04-01 12:29:09,114.8012,22.306,48.7,20759.0,-63.9,-88.3,-83.5,3,5,0.0,99,4.0,-3.950753362380551,0.6257378601609233,45004
2026-04-01 12:29:11,114.8011,22.306,48.6,20769.0,-64.0,-88.3,-83.6,3,5,0.0,102,4.2,-4.108219923081984,0.8732291014345893,45004
2026-04-01 12:29:15,114.801,22.306,48.5,20780.0,-64.1,-88.4,-83.6,3,5,0.0,105,4.3,-4.153481053042993,1.1129218939408396,45004
2026-04-01 12:29:17,114.8009,22.306,48.4,20801.0,-64.2,-88.5,-83.7,3,5,0.0,111,4.7,-4.387828004536848,1.6843293628629112,45004
2026-04-01 12:29:19,114.8008,22.3061,48.3,20811.0,-64.3,-88.5,-83.7,3,5,0.0,113,4.9,-4.510473781916958,1.9145825295974417,45004
2026-04-01 12:29:21,114.8007,22.3061,48.2,20821.0,-64.3,-88.5,-83.7,3,5,0.0,115,5.2,-4.71280049259058,2.1976149610516367,45004
2026-04-01 12:29:25,114.8006,22.3063,48.1,20832.0,-64.3,-88.5,-83.7,3,5,0.0,117,5.4,-4.811435230617187,2.4515486985935526,45004
2026-04-01 12:29:27,114.8004,22.3063,48.0,20854.0,-64.2,-88.5,-83.7,3,5,0.0,120,5.9,-5.109549882328189,2.9499999999999993,45004
2026-04-01 12:29:29,114.8003,22.3064,47.9,20865.0,-64.2,-88.5,-83.7,3,5,0.0,121,6.2,-5.314437264353097,3.1932360644423365,45004
2026-04-01 12:29:31,114.8002,22.3065,47.8,20876.0,-64.3,-88.5,-83.8,3,5,0.0,122,6.4,-5.427507815401127,3.391483291092511,45004
2026-04-01 12:29:33,114.8001,22.3065,47.7,20886.0,-64.3,-88.6,-83.8,3,5,0.0,123,6.5,-5.4513586916452565,3.540153727597677,45004
2026-04-01 12:29:37,114.7999,22.3067,47.6,20896.0,-64.4,-88.6,-83.8,3,5,0.0,124,6.6,-5.471647978863275,3.690673162906928,45004
2026-04-01 12:29:39,114.7997,22.3068,47.5,20917.0,-64.4,-88.7,-83.9,3,5,0.0,124,6.7,-5.55455173611878,3.746592453254003,45004
2026-04-01 12:29:41,114.7996,22.3069,47.4,20927.0,-64.4,-88.7,-83.9,3,5,0.0,125,6.6,-5.406403492307345,3.7856044799169046,45004
2026-04-01 12:29:43,114.7995,22.307,47.3,20936.0,-64.4,-88.7,-83.9,3,5,0.0,125,6.5,-5.324488287878446,3.7282468362818,45004
2026-04-01 12:29:47,114.7993,22.3071,47.2,20947.0,-64.4,-88.7,-83.9,3,5,0.0,125,6.4,-5.242573083449547,3.6708891926466958,45004
2026-04-01 12:29:49,114.7993,22.3072,47.1,20969.0,-64.5,-88.8,-84.1,3,5,0.0,124,5.9,-4.891321678074746,3.2992381304774057,45004
2026-04-01 12:29:51,114.7992,22.3072,47.0,20980.0,-64.6,-88.9,-84.2,3,5,0.0,123,5.7,-4.780422237288917,3.104442499585655,45004
2026-04-01 12:29:53,114.7991,22.3072,46.9,20990.0,-64.5,-88.9,-84.2,2,5,0.0,122,5.4,-4.579459719244701,2.861564026859306,45004
2026-04-01 12:29:57,114.7989,22.3073,46.8,20998.0,-64.3,-88.8,-84.1,2,5,0.0,121,5.1,-4.371553233580773,2.6266941820412764,45004
2026-04-01 12:29:59,114.7988,22.3074,46.7,21019.0,-64.0,-88.7,-84.0,2,5,0.0,117,4.6,-4.098630011266492,2.088356298801915,45004
2026-04-01 12:30:01,114.7988,22.3075,46.6,21030.0,-64.0,-88.7,-84.0,2,4,0.0,114,4.3,-3.9282454678631837,1.748967565225941,45004
2026-04-01 12:30:03,114.7987,22.3075,46.5,21042.0,-64.0,-88.7,-84.0,2,4,0.0,111,4.1,-3.827679748638527,1.469308593135731,45004
2026-04-01 12:30:07,114.7986,22.3075,46.4,21052.0,-63.9,-88.8,-84.0,2,4,0.0,108,4.0,-3.8042260651806146,1.2360679774997894,45004
2026-04-01 12:30:09,114.7985,22.3075,46.3,21073.0,-63.8,-88.7,-83.9,2,4,0.0,100,3.8,-3.7422694614463903,0.6598630751343352,45004
2026-04-01 12:30:11,114.7984,22.3074,46.2,21083.0,-63.7,-88.7,-83.9,2,4,0.0,95,3.7,-3.6859203829394587,0.32247624816633547,45004
2026-04-01 12:30:15,114.7983,22.3075,46.1,21092.0,-63.7,-88.7,-83.9,2,4,0.0,91,3.7,-3.6994364720786477,0.06457390381794886,45004
2026-04-01 12:30:17,114.7982,22.3075,46.0,21112.0,-63.6,-88.7,-83.9,2,4,0.0,83,3.7,-3.6724207610728916,-0.4509165705990457,45004
2026-04-01 12:30:19,114.7982,22.3075,45.9,21121.0,-63.6,-88.7,-83.9,2,4,0.0,79,3.8,-3.730183297101123,-0.7250741824308706,45004
2026-04-01 12:30:23,114.798,22.3074,45.8,21131.0,-63.7,-88.7,-83.9,2,4,0.0,76,3.8,-3.6871237598487863,-0.9193032032787372,45004
2026-04-01 12:30:25,114.7979,22.3073,45.7,21151.0,-63.6,-88.7,-83.9,2,4,0.0,70,3.9,-3.6648012210650425,-1.3338785589701083,45004
2026-04-01 12:30:27,114.7979,22.3073,45.6,21161.0,-63.4,-88.6,-83.8,2,4,0.0,67,4.0,-3.6820194138097615,-1.5629245139570949,45004
2026-04-01 12:30:31,114.7977,22.3072,45.5,21171.0,-63.4,-88.6,-83.8,2,4,0.0,64,4.0,-3.5951761851966677,-1.7534845871563098,45004
2026-04-01 12:30:33,114.7976,22.3072,45.4,21191.0,-63.5,-88.6,-83.9,2,4,0.0,60,4.0,-3.4641016151377544,-2.0000000000000004,45004
2026-04-01 12:30:35,114.7976,22.3072,45.3,21203.0,-63.5,-88.6,-83.9,2,4,0.0,58,4.1,-3.476997194241346,-2.17266898335614,45004
2026-04-01 12:30:37,114.7975,22.3071,45.2,21217.0,-63.5,-88.7,-83.9,2,4,0.0,56,4.1,-3.399054047475671,-2.292690904230062,45004
2026-04-01 12:30:41,114.7974,22.307,45.1,21228.0,-63.5,-88.7,-83.9,2,4,0.0,55,4.1,-3.3585233815848663,-2.3516633890392886,45004
2026-04-01 12:30:43,114.7974,22.3069,45.0,21244.0,-63.5,-88.8,-84.0,2,4,0.0,54,4.1,-3.3169696769372843,-2.4099195343991395,45004
2026-04-01 12:30:47,114.7972,22.3069,44.9,21253.0,-63.5,-88.8,-84.1,2,4,0.0,55,4.1,-3.3585233815848663,-2.3516633890392886,45004
2026-04-01 12:30:49,114.7972,22.3068,44.8,21278.0,-63.4,-88.8,-84.1,2,4,0.0,57,4.1,-3.4385493285762383,-2.233020043561611,45004
2026-04-01 12:30:51,114.7971,22.3068,44.7,21287.0,-63.1,-88.7,-83.9,2,4,0.0,58,4.2,-3.561802003856989,-2.2256609097794606,45004
2026-04-01 12:30:53,114.7971,22.3068,44.6,21297.0,-62.8,-88.5,-83.8,2,4,0.0,61,4.2,-3.6734027699854623,-2.036200405034616,45004
2026-04-01 12:30:57,114.7969,22.3067,44.5,21309.0,-62.7,-88.4,-83.7,2,4,0.0,63,4.3,-3.831328054009982,-1.9521591488800514,45004
2026-04-01 12:30:59,114.7969,22.3067,44.4,21332.0,-62.5,-88.4,-83.6,2,4,0.0,69,4.5,-4.201111919237408,-1.6126557729538518,45004
2026-04-01 12:31:01,114.7968,22.3066,44.3,21344.0,-62.4,-88.4,-83.6,2,4,0.0,72,4.6,-4.3748599749577055,-1.4214781741247582,45004
2026-04-01 12:31:05,114.7966,22.3066,44.2,21353.0,-62.4,-88.4,-83.6,2,4,0.0,75,4.8,-4.636443966187528,-1.2423314164920995,45004
2026-04-01 12:31:07,114.7965,22.3066,44.1,21372.0,-62.5,-88.4,-83.6,2,4,0.0,82,5.0,-4.951340343707852,-0.6958655048003273,45004
2026-04-01 12:31:09,114.7964,22.3065,44.0,21384.0,-62.6,-88.4,-83.6,2,4,0.0,85,5.2,-5.180212430077077,-0.45320986228782234,45004
2026-04-01 12:31:11,114.7963,22.3065,43.9,21396.0,-62.5,-88.3,-83.6,2,4,0.0,89,5.3,-5.2991927843288735,-0.09249775411760307,45004
2026-04-01 12:31:15,114.796,22.3066,43.8,21406.0,-62.5,-88.3,-83.5,2,4,0.0,92,5.5,-5.496649548605027,0.19194723186375526,45004
2026-04-01 12:31:17,114.7959,22.3066,43.7,21427.0,-62.6,-88.2,-83.4,2,4,0.0,99,5.7,-5.629823541392286,0.8916764507293157,45004
2026-04-01 12:31:19,114.7958,22.3066,43.6,21438.0,-62.6,-88.2,-83.4,2,4,0.0,102,5.8,-5.673256084256073,1.205887806743004,45004
2026-04-01 12:31:23,114.7955,22.3067,43.5,21448.0,-62.7,-88.2,-83.4,2,4,0.0,105,5.9,-5.698962375105503,1.527032366104873,45004
2026-04-01 12:31:25,114.7954,22.3067,43.4,21469.0,-62.8,-88.2,-83.5,2,4,0.0,110,6.1,-5.732124986794041,2.086322874286579,45004
2026-04-01 12:31:29,114.7952,22.3069,43.3,21478.0,-62.8,-88.2,-83.5,2,4,0.0,113,6.1,-5.6150796060598855,2.3834598837845697,45004
2026-04-01 12:31:31,114.7951,22.307,43.2,21500.0,-62.8,-88.3,-83.5,2,4,0.0,117,6.2,-5.524240449967881,2.81474109838519,45004
2026-04-01 12:31:33,114.795,22.307,43.1,21512.0,-62.7,-88.2,-83.4,2,4,0.0,119,6.2,-5.422642184264254,3.0058196455272896,45004
2026-04-01 12:31:37,114.7949,22.3071,43.0,21520.0,-62.6,-88.1,-83.4,2,4,0.0,120,6.2,-5.36935750346352,3.099999999999999,45004
2026-04-01 12:31:39,114.7948,22.3072,42.9,21543.0,-62.6,-88.2,-83.5,2,4,0.0,122,6.1,-5.173093386554199,3.2325075118225493,45004
2026-04-01 12:31:41,114.7947,22.3073,42.8,21554.0,-62.7,-88.3,-83.5,2,4,0.0,123,6.1,-5.115890464467086,3.322298113591666,45004
2026-04-01 12:31:45,114.7944,22.3075,42.7,21565.0,-62.7,-88.3,-83.6,2,4,0.0,123,6.0,-5.032023407672544,3.267834210090163,45004
2026-04-01 12:31:47,114.7943,22.3075,42.6,21586.0,-62.7,-88.3,-83.6,2,4,0.0,123,5.8,-4.864289294083459,3.1589064030871574,45004
2026-04-01 12:31:49,114.7942,22.3076,42.5,21597.0,-62.6,-88.3,-83.5,2,4,0.0,122,5.8,-4.918678957707271,3.0735317325525875,45004
2026-04-01 12:31:51,114.7942,22.3076,42.4,21608.0,-62.5,-88.2,-83.5,2,4,0.0,121,5.7,-4.88585361400204,2.9357170269873096,45004
2026-04-01 12:31:55,114.794,22.3077,42.3,21620.0,-62.5,-88.2,-83.5,2,4,0.0,120,5.6,-4.849742261192857,2.799999999999999,45004
2026-04-01 12:31:57,114.7939,22.3077,42.2,21641.0,-62.5,-88.2,-83.4,2,4,0.0,118,5.4,-4.767917001438206,2.535146439043811,45004
2026-04-01 12:32:01,114.7937,22.3078,42.1,21651.0,-62.4,-88.1,-83.4,2,4,0.0,116,5.3,-4.763608445385585,2.3233670779821107,45004
2026-04-01 12:32:03,114.7936,22.3078,42.0,21671.0,-62.5,-88.2,-83.4,2,4,0.0,114,5.2,-4.750436379741525,2.1150305439941612,45004
2026-04-01 12:32:07,114.7934,22.3079,41.9,21681.0,-62.5,-88.2,-83.4,2,4,0.0,113,5.2,-4.7866252379526895,2.031801868144224,45004
2026-04-01 12:32:09,114.7933,22.3079,41.8,21703.0,-62.5,-88.1,-83.4,2,4,0.0,112,5.1,-4.728637658290616,1.9104936264211514,45004
2026-04-01 12:32:11,114.7932,22.308,41.7,21714.0,-62.6,-88.2,-83.4,2,4,0.0,112,5.1,-4.728637658290616,1.9104936264211514,45004
2026-04-01 12:32:15,114.793,22.308,41.6,21723.0,-62.7,-88.2,-83.5,2,4,0.0,113,5.1,-4.694574752607445,1.9927287552952961,45004
2026-04-01 12:32:17,114.793,22.308,41.5,21745.0,-62.8,-88.3,-83.5,2,4,0.0,116,5.1,-4.583849636125751,2.235692848624295,45004
2026-04-01 12:32:19,114.7929,22.308,41.4,21756.0,-62.7,-88.2,-83.4,2,4,0.0,118,5.2,-4.59132748286642,2.4412521264866327,45004
2026-04-01 12:32:23,114.7927,22.3081,41.3,21768.0,-62.7,-88.2,-83.4,2,4,0.0,121,5.2,-4.457269963650984,2.6781979895322823,45004
2026-04-01 12:32:25,114.7926,22.3082,41.2,21789.0,-62.8,-88.3,-83.6,2,4,0.0,126,5.4,-4.368691769624717,3.1740403623793547,45004
2026-04-01 12:32:27,114.7925,22.3083,41.1,21800.0,-62.9,-88.4,-83.6,2,4,0.0,129,5.4,-4.196588191867644,3.3983301116691216,45004
2026-04-01 12:32:31,114.7923,22.3085,41.0,21812.0,-62.9,-88.4,-83.7,2,4,0.0,131,5.5,-4.150902691225246,3.6083246594477894,45004
2026-04-01 12:32:33,114.7923,22.3086,40.9,21833.0,-62.6,-88.3,-83.6,2,4,0.0,136,5.7,-3.9595527116162836,4.100236861930313,45004
2026-04-01 12:32:37,114.7922,22.3087,40.8,21844.0,-62.5,-88.3,-83.6,2,4,0.0,138,5.8,-3.880957516881379,4.3102399877688855,45004
2026-04-01 12:32:39,114.7921,22.3088,40.7,21865.0,-62.3,-88.3,-83.5,2,4,0.0,141,5.8,-3.6500582680890568,4.507446576450431,45004
2026-04-01 12:32:41,114.7921,22.3089,40.6,21876.0,-62.3,-88.3,-83.5,2,4,0.0,141,5.8,-3.6500582680890568,4.507446576450431,45004
2026-04-01 12:32:45,114.7919,22.3091,40.5,21887.0,-62.2,-88.2,-83.5,2,4,0.0,142,5.7,-3.509270409356253,4.491661295558315,45004
2026-04-01 12:32:47,114.7918,22.3092,40.4,21909.0,-62.2,-88.3,-83.5,2,4,0.0,142,5.5,-3.3861381142911213,4.334059144836971,45004
2026-04-01 12:32:51,114.7917,22.3093,40.3,21921.0,-62.2,-88.3,-83.6,2,4,0.0,142,5.3,-3.2630058192259894,4.176456994115626,45004
2026-04-01 12:32:53,114.7917,22.3094,40.2,21942.0,-62.2,-88.3,-83.6,2,4,0.0,141,4.9,-3.0836699161442036,3.808015211139158,45004
2026-04-01 12:32:55,114.7916,22.3095,40.1,21952.0,-62.1,-88.2,-83.5,2,4,0.0,140,4.7,-3.0211017655267356,3.6004088826591962,45004
2026-04-01 12:32:59,114.7915,22.3096,40.0,21964.0,-62.0,-88.1,-83.4,2,4,0.0,139,4.4,-2.886659727558232,3.3207221529801974,45004
2026-04-01 12:33:03,114.7914,22.3097,39.9,21983.0,-62.1,-88.2,-83.4,2,4,0.0,135,3.9,-2.7577164466275357,2.7577164466275352,45004
2026-04-01 12:33:05,114.7914,22.3097,39.8,22004.0,-62.1,-88.2,-83.4,2,4,0.0,130,3.4,-2.604551106604525,2.185477872934234,45004
2026-04-01 12:33:07,114.7913,22.3098,39.7,22017.0,-62.2,-88.2,-83.4,2,4,0.0,127,3.2,-2.555633632151337,1.9258080740865549,45004
2026-04-01 12:33:09,114.7913,22.3098,39.6,22030.0,-62.2,-88.2,-83.5,2,4,0.0,124,3.0,-2.4871127176651253,1.6775787104122402,45004
2026-04-01 12:33:13,114.7912,22.3098,39.5,22041.0,-62.3,-88.2,-83.5,2,4,0.0,120,2.8,-2.4248711305964283,1.3999999999999995,45004
2026-04-01 12:33:15,114.7911,22.3098,39.4,22063.0,-62.3,-88.2,-83.4,2,4,0.0,110,2.5,-2.3492315519647713,0.8550503583141718,45004
2026-04-01 12:33:19,114.791,22.3098,39.3,22074.0,-62.3,-88.1,-83.4,2,4,0.0,105,2.4,-2.318221983093764,0.62116570824605,45004
2026-04-01 12:33:21,114.791,22.3098,39.2,22093.0,-62.2,-88.1,-83.3,2,4,0.0,94,2.2,-2.1946409105716134,0.15346424223707575,45004
2026-04-01 12:33:25,114.7909,22.3098,39.1,22104.0,-62.3,-88.1,-83.3,2,4,0.0,88,2.2,-2.198659819442011,-0.07677889274550238,45004
2026-04-01 12:33:27,114.7909,22.3098,39.0,22129.0,-62.4,-88.1,-83.3,2,4,0.0,78,2.2,-2.1519247216143724,-0.45740571979907085,45004
2026-04-01 12:33:31,114.7908,22.3098,38.9,22139.0,-62.4,-88.1,-83.4,2,4,0.0,73,2.3,-2.1995009387149813,-0.6724549208622945,45004
2026-04-01 12:33:33,114.7907,22.3098,38.8,22161.0,-62.6,-88.2,-83.5,2,4,0.0,65,2.4,-2.1751386888879596,-1.0142838281776787,45004
2026-04-01 12:33:35,114.7907,22.3097,38.7,22172.0,-62.6,-88.3,-83.5,2,4,0.0,62,2.5,-2.207368982147317,-1.173678906964727,45004
2026-04-01 12:33:39,114.7906,22.3096,38.6,22183.0,-62.6,-88.2,-83.5,2,4,0.0,60,2.6,-2.25166604983954,-1.3000000000000003,45004
2026-04-01 12:33:41,114.7906,22.3096,38.5,22205.0,-62.5,-88.2,-83.5,2,4,0.0,56,2.8,-2.321305203154117,-1.5657401297180908,45004
2026-04-01 12:33:45,114.7905,22.3095,38.4,22216.0,-62.5,-88.3,-83.5,2,4,0.0,56,2.9,-2.404208960409621,-1.6216594200651657,45004
2026-04-01 12:33:49,114.7904,22.3095,38.3,22234.0,-62.5,-88.4,-83.6,2,4,0.0,57,3.2,-2.6837458174253572,-1.7428449120480867,45004
2026-04-01 12:33:51,114.7904,22.3094,38.2,22258.0,-62.3,-88.4,-83.6,2,4,0.0,60,3.5,-3.031088913245535,-1.7500000000000004,45004
2026-04-01 12:33:53,114.7903,22.3094,38.1,22269.0,-62.3,-88.4,-83.6,2,4,0.0,62,3.6,-3.1786113342921367,-1.690097626029207,45004
2026-04-01 12:33:57,114.7901,22.3093,38.0,22281.0,-62.2,-88.3,-83.6,2,4,0.0,64,3.7,-3.3255379713069178,-1.6219732431195866,45004
2026-04-01 12:34:01,114.7899,22.3092,37.9,22298.0,-62.0,-88.3,-83.5,2,4,0.0,70,4.0,-3.7587704831436333,-1.3680805733026753,45004
2026-04-01 12:34:03,114.7899,22.3092,37.8,22320.0,-61.9,-88.3,-83.5,2,4,0.0,76,4.2,-4.0752420503591855,-1.0160719615186042,45004
2026-04-01 12:34:07,114.7897,22.3092,37.7,22329.0,-61.9,-88.2,-83.5,2,4,0.0,79,4.3,-4.2209968888249545,-0.8204786801191432,45004
2026-04-01 12:34:09,114.7896,22.3093,37.6,22353.0,-62.0,-88.2,-83.5,2,4,0.01,86,4.4,-4.389281821143227,-0.30692848447415105,45004
2026-04-01 12:34:13,114.7894,22.3092,37.5,22365.0,-61.9,-88.2,-83.4,2,4,0.01,89,4.5,-4.499314628203761,-0.0785358289677762,45004
2026-04-01 12:34:17,114.7893,22.3092,37.4,22380.0,-61.9,-88.1,-83.4,2,4,0.01,96,4.7,-4.674252908230884,0.49128377735797174,45004
2026-04-01 12:34:19,114.7892,22.3093,37.3,22401.0,-61.9,-88.1,-83.3,2,4,0.01,102,4.8,-4.695108483522267,0.9979761159252448,45004
2026-04-01 12:34:23,114.789,22.3094,37.2,22412.0,-61.9,-88.1,-83.3,2,4,0.01,104,4.9,-4.754449058752383,1.1854172884383722,45004
2026-04-01 12:34:25,114.7888,22.3094,37.1,22432.0,-62.0,-88.2,-83.4,2,4,0.01,108,5.0,-4.755282581475768,1.5450849718747368,45004
2026-04-01 12:34:29,114.7886,22.3095,37.0,22446.0,-62.1,-88.2,-83.4,2,4,0.01,109,5.0,-4.727592877996584,1.6278407722857833,45004
2026-04-01 12:34:33,114.7885,22.3096,36.9,22465.0,-62.1,-88.2,-83.4,2,4,0.01,111,5.0,-4.667902132486009,1.7918397477265013,45004
2026-04-01 12:34:35,114.7884,22.3096,36.8,22487.0,-62.1,-88.1,-83.4,2,4,0.01,111,4.8,-4.4811860471865685,1.7201661578174412,45004
2026-04-01 12:34:39,114.7882,22.3097,36.7,22498.0,-62.1,-88.1,-83.4,2,4,0.01,111,4.7,-4.387828004536848,1.6843293628629112,45004
2026-04-01 12:34:43,114.7881,22.3097,36.6,22518.0,-62.0,-88.0,-83.2,2,4,0.01,110,4.5,-4.228616793536588,1.5390906449655093,45004
2026-04-01 12:34:45,114.788,22.3097,36.5,22538.0,-62.1,-88.0,-83.3,2,4,0.01,108,4.3,-4.0895430200691605,1.3287730758122736,45004
2026-04-01 12:34:49,114.7878,22.3098,36.4,22550.0,-62.1,-88.1,-83.3,2,4,0.01,107,4.2,-4.016479975044749,1.227961159835494,45004
2026-04-01 12:34:51,114.7878,22.3098,36.3,22573.0,-62.3,-88.2,-83.4,2,4,0.01,105,4.1,-3.96029588778518,1.0611580849203355,45004
2026-04-01 12:34:55,114.7877,22.3098,36.2,22585.0,-62.3,-88.3,-83.5,2,4,0.01,105,4.1,-3.96029588778518,1.0611580849203355,45004
2026-04-01 12:34:57,114.7876,22.3098,36.1,22604.0,-62.4,-88.3,-83.6,2,4,0.01,104,4.2,-4.0752420503591855,1.0160719615186047,45004
2026-04-01 12:35:01,114.7875,22.3099,36.0,22615.0,-62.3,-88.4,-83.6,2,4,0.01,105,4.3,-4.153481053042993,1.1129218939408396,45004
2026-04-01 12:35:05,114.7873,22.3099,35.9,22634.0,-62.2,-88.3,-83.5,2,4,0.01,106,4.6,-4.421803801316266,1.2679318367581955,45004
2026-04-01 12:35:07,114.7872,22.3099,35.8,22656.0,-62.1,-88.4,-83.6,2,4,0.01,109,5.0,-4.727592877996584,1.6278407722857833,45004
2026-04-01 12:35:11,114.787,22.3099,35.7,22665.0,-62.0,-88.4,-83.6,2,4,0.01,111,5.3,-4.947976260435169,1.8993501325900914,45004
2026-04-01 12:35:15,114.7868,22.31,35.6,22687.0,-61.8,-88.3,-83.5,2,4,0.01,115,5.8,-5.25658516481257,2.4511859180960562,45004
2026-04-01 12:35:17,114.7867,22.3101,35.5,22709.0,-61.6,-88.3,-83.6,2,3,0.01,120,6.2,-5.36935750346352,3.099999999999999,45004
2026-04-01 12:35:21,114.7864,22.3102,35.4,22719.0,-61.5,-88.3,-83.6,2,3,0.01,123,6.4,-5.3674916348507145,3.4856898240961742,45004
2026-04-01 12:35:25,114.7861,22.3104,35.3,22740.0,-61.3,-88.3,-83.5,2,3,0.01,128,6.8,-5.35847312452571,4.186498032214477,45004
2026-04-01 12:35:27,114.786,22.3106,35.2,22762.0,-61.2,-88.3,-83.5,2,3,0.01,134,7.1,-5.107312582404423,4.932074430258881,45004
2026-04-01 12:35:31,114.7859,22.3107,35.1,22772.0,-61.2,-88.3,-83.6,2,3,0.01,136,7.2,-5.0015402673047795,5.17924656243829,45004
2026-04-01 12:35:35,114.7858,22.3109,35.0,22791.0,-61.0,-88.2,-83.5,2,3,0.01,141,7.5,-4.71990293287378,5.828594710927282,45004
2026-04-01 12:35:37,114.7857,22.3111,34.9,22813.0,-60.8,-88.1,-83.3,2,3,0.01,145,7.7,-4.416538559903054,6.307470741025238,45004
2026-04-01 12:35:41,114.7855,22.3114,34.8,22824.0,-60.7,-87.9,-83.2,2,3,0.01,147,7.8,-4.248184473117213,6.541630429974306,45004
2026-04-01 12:35:45,114.7854,22.3116,34.7,22844.0,-60.5,-87.8,-83.0,2,3,0.01,150,8.0,-3.9999999999999996,6.92820323027551,45004
2026-04-01 12:35:49,114.7852,22.3118,34.6,22864.0,-60.6,-87.7,-83.0,2,3,0.01,152,8.2,-3.849666814844303,7.2401702614432,45004
2026-04-01 12:35:51,114.7852,22.312,34.5,22885.0,-60.7,-87.7,-82.9,2,3,0.01,154,8.4,-3.682317633028249,7.549869988913003,45004
2026-04-01 12:35:55,114.785,22.3123,34.4,22895.0,-60.7,-87.7,-82.9,2,3,0.01,155,8.5,-3.5922552247959456,7.703616189811524,45004
2026-04-01 12:35:59,114.7849,22.3126,34.3,22917.0,-60.9,-87.7,-82.9,2,3,0.01,157,8.5,-3.321214592158827,7.824291254345743,45004
2026-04-01 12:36:03,114.7847,22.3129,34.2,22938.0,-61.0,-87.7,-83.0,2,4,0.01,158,8.6,-3.2216167033768452,7.97378114927437,45004
2026-04-01 12:36:05,114.7847,22.313,34.1,22959.0,-61.1,-87.8,-83.0,2,4,0.01,160,8.6,-2.9413732326007525,8.081356538758811,45004
2026-04-01 12:36:09,114.7846,22.3134,34.0,22971.0,-61.2,-87.8,-83.0,2,4,0.01,162,8.6,-2.6575461516245484,8.17908604013832,45004
2026-04-01 12:36:13,114.7845,22.3136,33.9,22992.0,-61.2,-87.8,-83.0,2,4,0.01,164,8.6,-2.3704812600261933,8.266850585069543,45004
2026-04-01 12:36:15,114.7845,22.3138,33.8,23014.0,-61.2,-87.9,-83.1,2,4,0.01,166,8.7,-2.104720491717109,8.441572818601168,45004
2026-04-01 12:36:19,114.7844,22.3141,33.7,23026.0,-61.0,-87.8,-83.0,2,4,0.01,167,8.7,-1.957074172791627,8.477019563631545,45004
2026-04-01 12:36:23,114.7844,22.3144,33.6,23048.0,-60.8,-87.6,-82.8,2,3,0.01,169,8.8,-1.679119159313596,8.638319214339443,45004
2026-04-01 12:36:25,114.7843,22.3146,33.5,23068.0,-60.8,-87.6,-82.8,2,3,0.01,171,9.0,-1.4079101853620788,8.889195065356239,45004
2026-04-01 12:36:29,114.7843,22.3149,33.4,23080.0,-60.8,-87.6,-82.8,2,3,0.01,171,9.2,-1.439197078370125,9.086732733475266,45004
2026-04-01 12:36:33,114.7843,22.3152,33.3,23103.0,-60.9,-87.6,-82.9,2,4,0.01,172,9.4,-1.308227149024614,9.308519846170762,45004
2026-04-01 12:36:35,114.7842,22.3154,33.2,23125.0,-61.1,-87.7,-82.9,2,4,0.01,173,9.7,-1.1821326310299312,9.627697670920822,45004
2026-04-01 12:36:39,114.7842,22.3158,33.1,23135.0,-61.2,-87.7,-82.9,2,4,0.01,173,9.8,-1.194319565370446,9.726952286084956,45004
2026-04-01 12:36:43,114.7841,22.3161,33.0,23156.0,-61.4,-87.8,-83.0,2,4,0.01,173,10.0,-1.2186934340514755,9.92546151641322,45004
2026-04-01 12:36:45,114.7841,22.3163,32.9,23181.0,-61.5,-87.8,-83.0,2,4,0.01,174,10.0,-1.0452846326765373,9.945218953682733,45004
2026-04-01 12:36:49,114.784,22.3167,32.8,23191.0,-61.5,-87.7,-83.0,2,4,0.01,174,9.9,-1.034831786349772,9.845766764145907,45004
2026-04-01 12:36:53,114.784,22.3171,32.7,23214.0,-61.5,-87.7,-82.9,2,4,0.01,175,9.7,-0.8454107046522844,9.663088571489931,45004
2026-04-01 12:36:57,114.784,22.3174,32.6,23236.0,-61.7,-87.8,-83.1,2,4,0.01,176,9.3,-0.6487352058203675,9.277345667416366,45004
2026-04-01 12:36:59,114.784,22.3176,32.5,23257.0,-61.9,-88.0,-83.2,2,4,0.01,177,8.8,-0.46055641493790556,8.78793990584025,45004
2026-04-01 12:37:03,114.784,22.3178,32.4,23268.0,-62.0,-88.1,-83.3,2,4,0.01,177,8.5,-0.4448556280650224,8.488351045413877,45004
2026-04-01 12:37:07,114.784,22.3181,32.3,23291.0,-62.0,-88.1,-83.4,2,4,0.01,178,7.9,-0.275706023949759,7.895187533450857,45004
2026-04-01 12:37:09,114.784,22.3182,32.2,23313.0,-61.6,-87.9,-83.2,2,4,0.01,178,7.4,-0.25825627559850844,7.395492119941309,45004
2026-04-01 12:37:13,114.784,22.3185,32.1,23324.0,-61.6,-88.0,-83.2,2,4,0.01,178,7.1,-0.2477864265877581,7.0956748718355795,45004
2026-04-01 12:37:17,114.784,22.3187,32.0,23348.0,-61.6,-88.2,-83.4,2,4,0.01,178,6.5,-0.22684672856625743,6.496040375624123,45004
2026-04-01 12:37:21,114.784,22.3189,31.9,23370.0,-61.6,-88.3,-83.5,2,3,0.01,177,6.0,-0.31401573745766287,5.991777208527443,45004
2026-04-01 12:37:23,114.784,22.319,31.8,23390.0,-61.6,-88.4,-83.6,2,3,0.01,176,5.5,-0.3836606055926904,5.486602276429033,45004
2026-04-01 12:37:27,114.784,22.3192,31.7,23401.0,-61.5,-88.5,-83.7,2,3,0.01,176,5.2,-0.36273366346945274,5.187333061351086,45004
2026-04-01 12:37:31,114.7839,22.3193,31.6,23424.0,-61.1,-88.3,-83.6,2,3,0.01,173,4.8,-0.5849728483447082,4.7642215278783455,45004
2026-04-01 12:37:35,114.7839,22.3194,31.5,23448.0,-60.6,-88.1,-83.3,2,3,0.01,170,4.6,-0.7987816172678792,4.530115663856156,45004
2026-04-01 12:37:37,114.7839,22.3195,31.4,23470.0,-60.5,-88.1,-83.3,2,3,0.01,167,4.5,-1.0122797445473934,4.384665291533558,45004
2026-04-01 12:37:41,114.7839,22.3196,31.3,23481.0,-60.5,-88.1,-83.4,2,3,0.01,165,4.5,-1.1646857029613447,4.346666218300807,45004
2026-04-01 12:37:45,114.7838,22.3198,31.2,23501.0,-60.5,-88.3,-83.5,2,3,0.01,163,4.7,-1.3741470121968622,4.494632353026267,45004
2026-04-01 12:37:49,114.7837,22.32,31.1,23524.0,-60.6,-88.4,-83.6,2,3,0.01,162,4.8,-1.483281572999748,4.565071278216736,45004
2026-04-01 12:37:53,114.7835,22.3203,31.0,23544.0,-59.9,-88.1,-83.3,2,3,0.01,164,4.9,-1.3506230435032962,4.710182310097763,45004
2026-04-01 12:37:57,114.7835,22.3204,30.9,23568.0,-59.7,-88.0,-83.3,2,3,0.01,167,4.9,-1.1022601662849396,4.774413317447652,45004
2026-04-01 12:38:01,114.7836,22.3206,30.8,23587.0,-59.4,-88.0,-83.2,2,3,0.01,172,4.7,-0.654113574512307,4.654259923085381,45004
2026-04-01 12:38:05,114.7836,22.3207,30.7,23608.0,-58.6,-87.5,-82.7,1,3,0.01,179,4.4,-0.07679058832404714,4.399329858688122,45004
2026-04-01 12:38:07,114.7835,22.3208,30.6,23631.0,-58.2,-87.3,-82.5,1,3,0.01,188,4.0,0.5566924038402621,3.961072274966281,45004
2026-04-01 12:38:11,114.7836,22.3209,30.5,23642.0,-58.2,-87.3,-82.5,1,3,0.01,193,3.8,0.8548140065066868,3.7026062461838936,45004
2026-04-01 12:38:15,114.7837,22.321,30.4,23662.0,-58.2,-87.2,-82.5,1,3,0.01,204,3.5,1.4235782507653008,3.197409101749103,45004
2026-04-01 12:38:19,114.7838,22.3212,30.3,23683.0,-58.2,-87.2,-82.4,1,3,0.01,216,3.3,1.9396913325651608,2.6697560814373262,45004
2026-04-01 12:38:23,114.7839,22.3212,30.2,23703.0,-58.2,-87.1,-82.3,2,3,0.01,227,3.2,2.3403318451813453,2.1823947521999956,45004
2026-04-01 12:38:29,114.7842,22.3212,30.1,23724.0,-58.2,-87.0,-82.3,2,3,0.01,236,3.0,2.4871127176651253,1.6775787104122397,45004
2026-04-01 12:38:31,114.7842,22.3212,30.0,23755.0,-57.9,-86.9,-82.1,2,3,0.01,242,2.8,2.4722532600049956,1.314520375800494,45004
2026-04-01 12:38:35,114.7843,22.3213,29.9,23768.0,-57.7,-86.7,-82.0,2,3,0.01,243,2.6,2.316616962889756,1.1803752993228223,45004
2026-04-01 12:38:39,114.7843,22.3212,29.8,23790.0,-57.2,-86.4,-81.7,2,3,0.01,241,2.3,2.0116253264206105,1.1150621265665746,45004
2026-04-01 12:38:45,114.7844,22.3214,29.7,23809.0,-57.0,-86.4,-81.6,1,3,0.01,236,2.1,1.740978902365588,1.1743050972885678,45004
2026-04-01 12:38:49,114.7844,22.3215,29.6,23836.0,-57.0,-86.4,-81.7,1,3,0.01,230,1.8,1.3788799976141604,1.157017697435771,45004
2026-04-01 12:38:53,114.7845,22.3216,29.5,23856.0,-57.0,-86.5,-81.8,1,3,0.01,234,1.6,1.2944271909999159,0.9404564036679572,45004
2026-04-01 12:38:57,114.7846,22.3216,29.4,23879.0,-56.8,-86.5,-81.8,1,2,0.01,250,1.4,1.3155696691002716,0.47882820065593595,45004
2026-04-01 12:39:01,114.7846,22.3215,29.3,23901.0,-56.4,-86.3,-81.6,1,2,0.01,282,1.3,1.2715918809539473,-0.2702851980630873,45004
2026-04-01 12:39:05,114.7846,22.3215,29.2,23920.0,-55.6,-85.9,-81.1,1,2,0.01,313,1.8,1.3164366629145066,-1.2275970481124976,45004
2026-04-01 12:39:09,114.7847,22.3214,29.1,23941.0,-55.3,-85.8,-81.0,1,2,0.01,330,2.6,1.3000000000000012,-2.2516660498395398,45004
2026-04-01 12:39:13,114.7848,22.3213,29.0,23963.0,-55.1,-85.7,-80.9,1,2,0.01,339,3.5,1.2542878234085526,-3.2675314927402055,45004
2026-04-01 12:39:17,114.7848,22.321,28.9,23985.0,-55.1,-85.7,-80.9,1,2,0.01,345,4.3,1.112921893940839,-4.153481053042993,45004
2026-04-01 12:39:23,114.7849,22.3207,28.8,24003.0,-55.0,-85.6,-80.9,1,2,0.01,348,5.0,1.0395584540887994,-4.890738003669028,45004
2026-04-01 12:39:27,114.7849,22.3205,28.7,24034.0,-54.8,-85.4,-80.7,1,2,0.01,352,5.8,0.8072039855683821,-5.7435547987011075,45004
2026-04-01 12:39:31,114.785,22.3203,28.6,24057.0,-54.2,-85.0,-80.2,1,2,0.01,354,6.1,0.6376236259326858,-6.066583561746467,45004
2026-04-01 12:39:35,114.785,22.32,28.5,24077.0,-53.9,-84.7,-80.0,1,2,0.01,356,6.3,0.4394657845879915,-6.284653516636892,45004
2026-04-01 12:39:39,114.7849,22.3197,28.4,24097.0,-53.9,-84.6,-79.9,1,2,0.01,358,6.3,0.21986682922575518,-6.296162210220303,45004
2026-04-01 12:39:43,114.7849,22.3195,28.3,24119.0,-54.1,-84.6,-79.8,1,2,0.01,360,6.2,1.518562030942718e-15,-6.2,45004
2026-04-01 12:39:49,114.7849,22.3192,28.2,24139.0,-54.2,-84.5,-79.8,1,2,0.01,2,5.9,-0.20590703054475573,-5.896405879412665,45004
2026-04-01 12:39:53,114.7848,22.319,28.1,24170.0,-54.3,-84.5,-79.7,1,3,0.01,5,5.4,-0.4706410108373541,-5.379451369695427,45004
2026-04-01 12:39:57,114.7848,22.3188,28.0,24192.0,-54.5,-84.5,-79.7,1,3,0.01,7,4.9,-0.5971597826852226,-4.863476143042478,45004
2026-04-01 12:40:01,114.7848,22.3187,27.9,24214.0,-54.6,-84.5,-79.7,2,3,0.01,9,4.4,-0.6883116461770159,-4.3458286986186065,45004
2026-04-01 12:40:05,114.7848,22.3186,27.8,24238.0,-54.7,-84.5,-79.8,2,3,0.01,12,3.9,-0.8108555941892615,-3.814775642861842,45004
2026-04-01 12:40:09,114.7847,22.3185,27.7,24260.0,-54.6,-84.5,-79.7,2,3,0.01,15,3.3,-0.8541028488383184,-3.187555226753925,45004
2026-04-01 12:40:13,114.7847,22.3184,27.6,24282.0,-54.6,-84.4,-79.6,2,3,0.01,20,2.8,-0.9576564013118724,-2.6311393382005432,45004
2026-04-01 12:40:19,114.7846,22.3183,27.5,24302.0,-54.6,-84.4,-79.7,2,3,0.01,25,2.3,-0.9720220020036087,-2.0845079101842945,45004
2026-04-01 12:40:21,114.7846,22.3183,27.4,24333.0,-54.8,-84.5,-79.7,2,3,0.01,31,1.6,-0.8240609198560866,-1.37146768112338,45004
2026-04-01 12:40:27,114.7845,22.3183,27.3,24345.0,-54.9,-84.5,-79.7,2,3,0.01,33,1.3,-0.7080307455195353,-1.0902717383290512,45004
2026-04-01 12:40:31,114.7846,22.3182,27.2,24379.0,-55.0,-84.5,-79.8,2,3,0.01,28,0.5,-0.2347357813929454,-0.4414737964294635,45004
2026-04-01 12:40:35,114.7846,22.3183,27.1,24401.0,-55.2,-84.6,-79.9,2,3,0.01,306,0.2,0.1618033988749895,-0.11755705045849459,45004
2026-04-01 12:40:39,114.7846,22.3184,27.0,24423.0,-55.3,-84.7,-79.9,2,3,0.01,263,0.6,0.5955276909847932,0.0731216060430883,45004
2026-04-01 12:40:43,114.7847,22.3184,26.9,24445.0,-55.3,-84.7,-80.0,2,3,0.01,263,1.1,1.0918007668054543,0.1340562777456619,45004
2026-04-01 12:40:47,114.7848,22.3183,26.8,24467.0,-55.4,-84.8,-80.1,2,3,0.01,269,1.5,1.499771542734587,0.026178609655925247,45004
2026-04-01 12:40:51,114.7849,22.3184,26.7,24489.0,-55.4,-84.9,-80.1,2,3,0.01,278,1.9,1.8815093306089836,-0.2644288918241244,45004
2026-04-01 12:40:57,114.785,22.3183,26.6,24511.0,-55.4,-85.0,-80.2,2,3,0.01,286,2.3,2.210901900658133,-0.6339659183790985,45004
2026-04-01 12:41:01,114.7852,22.3182,26.5,24546.0,-55.3,-84.9,-80.2,2,3,0.01,297,3.1,2.7621202249839407,-1.4073705491925945,45004
2026-04-01 12:41:05,114.7853,22.3182,26.4,24568.0,-55.1,-84.9,-80.1,2,3,0.01,302,3.6,3.052973146163134,-1.9077093512395369,45004
2026-04-01 12:41:09,114.7854,22.318,26.3,24591.0,-55.1,-84.9,-80.1,2,3,0.01,306,4.0,3.2360679774997902,-2.3511410091698917,45004
2026-04-01 12:41:13,114.7856,22.3179,26.2,24612.0,-55.1,-84.9,-80.1,2,3,0.01,310,4.4,3.370595549723504,-2.828265482620773,45004
2026-04-01 12:41:17,114.7858,22.3178,26.1,24632.0,-55.1,-84.8,-80.1,2,3,0.01,314,4.8,3.4528310416255255,-3.3343601782031866,45004
2026-04-01 12:41:21,114.7859,22.3178,26.0,24658.0,-55.3,-84.9,-80.1,2,3,0.01,318,5.1,3.4125660924301764,-3.7900386099347108,45004
2026-04-01 12:41:27,114.7861,22.3175,25.9,24681.0,-55.4,-84.9,-80.1,2,3,0.01,321,5.4,3.3983301116691247,-4.196588191867641,45004
2026-04-01 12:41:31,114.7862,22.3173,25.8,24714.0,-55.3,-84.8,-80.1,2,3,0.01,325,6.0,3.441458618106279,-4.91491226573395,45004
2026-04-01 12:41:35,114.7864,22.3171,25.7,24740.0,-55.4,-84.8,-80.1,2,3,0.01,327,6.5,3.5401537275976755,-5.4513586916452565,45004
2026-04-01 12:41:39,114.7865,22.3168,25.6,24764.0,-55.3,-84.8,-80.1,2,3,0.01,327,7.0,3.812473245105189,-5.870693975617968,45004
2026-04-01 12:41:43,114.7866,22.3167,25.5,24788.0,-55.4,-84.9,-80.1,2,3,0.01,328,7.5,3.9743944817490378,-6.360360721173194,45004
2026-04-01 12:41:47,114.7868,22.3164,25.4,24811.0,-55.4,-84.9,-80.2,2,3,0.01,329,8.1,4.171808406771441,-6.943055135687108,45004
2026-04-01 12:41:51,114.7871,22.3161,25.3,24832.0,-55.5,-85.0,-80.3,2,3,0.01,330,8.6,4.300000000000003,-7.44781847254617,45004
2026-04-01 12:41:57,114.7874,22.3156,25.2,24855.0,-55.5,-85.0,-80.3,2,3,0.01,332,9.1,4.272191221351606,-8.034823095016236,45004
2026-04-01 12:42:01,114.7874,22.3153,25.1,24890.0,-55.2,-84.9,-80.1,2,3,0.01,335,9.7,4.0993971388847825,-8.791185534255504,45004
2026-04-01 12:42:05,114.7876,22.315,25.0,24912.0,-55.0,-84.8,-80.1,2,3,0.01,338,10.0,3.7460659341591236,-9.271838545667872,45004
2026-04-01 12:42:11,114.7878,22.3143,24.9,24936.0,-55.0,-84.9,-80.1,1,3,0.01,341,10.2,3.3207951754629983,-9.644289471113032,45004
2026-04-01 12:42:15,114.7878,22.314,24.8,24968.0,-55.0,-84.9,-80.1,1,3,0.01,345,10.3,2.665836164555963,-9.949036010777405,45004
2026-04-01 12:42:19,114.788,22.3137,24.7,24988.0,-54.9,-84.7,-80.0,2,3,0.01,347,10.3,2.316995859741813,-10.036011667287923,45004
2026-04-01 12:42:23,114.7881,22.3133,24.6,25012.0,-55.0,-84.8,-80.0,2,3,0.01,348,10.2,2.1206992463411507,-9.977105527484817,45004
2026-04-01 12:42:29,114.788,22.3128,24.5,25035.0,-55.1,-84.9,-80.1,2,3,0.01,350,10.1,1.7538465944359969,-9.9465583054233,45004
2026-04-01 12:42:33,114.7881,22.3125,24.4,25068.0,-55.1,-84.9,-80.1,2,3,0.01,350,9.7,1.6843873233692246,-9.552635204218417,45004
2026-04-01 12:42:37,114.7883,22.3121,24.3,25088.0,-55.2,-84.9,-80.2,2,3,0.01,350,9.4,1.6322928700691457,-9.257192878314756,45004
2026-04-01 12:42:41,114.7883,22.3117,24.2,25115.0,-55.0,-84.8,-80.1,1,3,0.01,349,9.0,1.717280958388902,-8.834644651028976,45004
2026-04-01 12:42:47,114.7884,22.3113,24.1,25139.0,-54.8,-84.8,-80.0,1,3,0.01,348,8.7,1.8088317101145108,-8.509884126384108,45004
2026-04-01 12:42:51,114.7884,22.3111,24.0,25172.0,-54.7,-84.9,-80.1,1,2,0.01,345,8.2,2.1223161698406696,-7.92059177557036,45004
2026-04-01 12:42:57,114.7886,22.3107,23.9,25194.0,-54.6,-84.9,-80.1,1,2,0.01,342,8.0,2.4721359549995814,-7.608452130361228,45004
2026-04-01 12:43:01,114.7889,22.3104,23.8,25226.0,-54.2,-84.7,-80.0,1,2,0.01,339,7.9,2.831106801407876,-7.375285369327893,45004
2026-04-01 12:43:05,114.7889,22.3102,23.7,25252.0,-54.0,-84.6,-79.9,1,2,0.01,338,8.0,2.996852747327299,-7.4174708365342985,45004
2026-04-01 12:43:11,114.7891,22.3098,23.6,25275.0,-53.8,-84.5,-79.8,1,2,0.01,337,8.1,3.1649221407631183,-7.456089312964766,45004
2026-04-01 12:43:15,114.7893,22.3095,23.5,25309.0,-53.7,-84.4,-79.7,1,2,0.02,338,8.3,3.109234725352073,-7.695625992904335,45004
2026-04-01 12:43:19,114.7893,22.3092,23.4,25334.0,-53.6,-84.4,-79.7,1,2,0.02,339,8.4,3.0102907761805264,-7.842075582576493,45004
2026-04-01 12:43:25,114.7895,22.3088,23.3,25358.0,-53.5,-84.3,-79.5,1,2,0.02,340,8.4,2.8729692039356163,-7.8934180146016315,45004
2026-04-01 12:43:29,114.7897,22.3085,23.2,25390.0,-53.5,-84.2,-79.4,1,2,0.02,342,8.3,2.564841053312066,-7.893769085249775,45004
2026-04-01 12:43:33,114.7897,22.3082,23.1,25417.0,-53.5,-84.2,-79.4,1,2,0.02,343,8.2,2.3974479787264444,-7.841698998896889,45004
2026-04-01 12:43:39,114.7899,22.3078,23.0,25442.0,-53.5,-84.1,-79.4,1,2,0.02,345,7.9,2.0446704563099134,-7.63081402768364,45004
2026-04-01 12:43:43,114.79,22.3075,22.9,25478.0,-53.6,-84.1,-79.4,1,2,0.02,350,7.3,1.2676316969685917,-7.189096596989119,45004
2026-04-01 12:43:47,114.7899,22.3073,22.8,25504.0,-53.7,-84.2,-79.4,1,2,0.02,354,6.9,0.7212463965468086,-6.862201078041086,45004
2026-04-01 12:43:53,114.7899,22.307,22.7,25527.0,-53.6,-84.1,-79.4,1,2,0.02,360,6.6,1.6165337748745062e-15,-6.6,45004
2026-04-01 12:43:57,114.7899,22.3068,22.6,25562.0,-53.3,-84.0,-79.3,1,2,0.02,9,6.5,-1.0168240227615006,-6.419974213868396,45004
2026-04-01 12:44:01,114.7898,22.3066,22.5,25586.0,-53.3,-84.1,-79.3,1,2,0.02,15,6.6,-1.7082056976766369,-6.37511045350785,45004
2026-04-01 12:44:07,114.7896,22.3062,22.4,25608.0,-53.0,-83.8,-79.1,1,2,0.02,20,6.8,-2.3257369746145473,-6.389909821344177,45004
2026-04-01 12:44:11,114.7895,22.306,22.3,25645.0,-52.9,-83.7,-79.0,1,2,0.02,26,7.1,-3.11243514220245,-6.3814377287240855,45004
2026-04-01 12:44:17,114.7892,22.3056,22.2,25669.0,-52.9,-83.8,-79.0,1,2,0.02,29,7.1,-3.442148303748993,-6.20979992068971,45004
2026-04-01 12:44:21,114.789,22.3054,22.1,25704.0,-53.2,-83.9,-79.1,1,2,0.02,32,6.9,-3.656442923209114,-5.851531863479339,45004
2026-04-01 12:44:27,114.7888,22.3052,22.0,25728.0,-53.3,-84.0,-79.2,1,2,0.02,34,6.7,-3.7465924532540043,-5.55455173611878,45004
2026-04-01 12:44:31,114.7888,22.305,21.9,25763.0,-53.3,-84.0,-79.3,1,2,0.02,38,6.4,-3.9402334420842133,-5.043268823083021,45004
2026-04-01 12:44:35,114.7886,22.3048,21.8,25787.0,-52.7,-83.7,-79.0,1,2,0.02,42,6.3,-4.215522820060807,-4.681812400507583,45004
2026-04-01 12:44:41,114.7882,22.3046,21.7,25814.0,-52.6,-83.7,-79.0,1,2,0.02,45,6.3,-4.454772721475249,-4.4547727214752495,45004
2026-04-01 12:44:47,114.788,22.3045,21.6,25849.0,-52.1,-83.5,-78.8,1,2,0.02,50,6.6,-5.055893324585255,-4.2423982239311595,45004
2026-04-01 12:44:51,114.7877,22.3042,21.5,25881.0,-52.0,-83.5,-78.7,1,2,0.02,54,7.2,-5.824922359499622,-4.232053816505807,45004
2026-04-01 12:44:57,114.7873,22.304,21.4,25905.0,-52.0,-83.4,-78.6,1,2,0.02,55,7.7,-6.307470741025237,-4.416538559903055,45004
2026-04-01 12:45:01,114.7871,22.3039,21.3,25943.0,-52.2,-83.4,-78.6,1,2,0.02,55,8.4,-6.880877172027532,-4.818042065348787,45004
2026-04-01 12:45:07,114.7866,22.3035,21.2,25966.0,-52.4,-83.4,-78.7,1,2,0.02,55,8.9,-7.290453194172027,-5.1048302835243105,45004
2026-04-01 12:45:11,114.7863,22.3033,21.1,25998.0,-52.6,-83.5,-78.7,1,2,0.02,54,9.5,-7.685661446562001,-5.583959896778495,45004
2026-04-01 12:45:17,114.7858,22.303,21.0,26023.0,-52.3,-83.2,-78.5,1,2,0.02,54,9.8,-7.9283665448744856,-5.760295472466237,45004
2026-04-01 12:45:21,114.7855,22.3028,20.9,26061.0,-52.4,-83.3,-78.5,1,2,0.02,53,10.1,-8.066218651477657,-6.078331733835688,45004
2026-04-01 12:45:27,114.785,22.3025,20.8,26086.0,-52.4,-83.3,-78.5,1,2,0.02,52,10.2,-8.037709686788563,-6.279747048321714,45004
2026-04-01 12:45:33,114.7846,22.3021,20.7,26123.0,-52.4,-83.3,-78.5,1,2,0.02,51,10.2,-7.926888806861102,-6.419067988708341,45004
2026-04-01 12:45:37,114.7843,22.3018,20.6,26159.0,-52.6,-83.3,-78.6,1,2,0.02,51,10.2,-7.926888806861102,-6.419067988708341,45004
2026-04-01 12:45:43,114.7839,22.3016,20.5,26180.0,-52.8,-83.4,-78.6,1,2,0.02,51,10.2,-7.926888806861102,-6.419067988708341,45004
2026-04-01 12:45:47,114.7835,22.3013,20.4,26218.0,-53.0,-83.5,-78.7,1,2,0.02,52,10.1,-7.958908611427892,-6.218180900789148,45004
2026-04-01 12:46:05,,,20.3,26243.0,-53.2,-83.6,-78.9,1,2,0.02,52,10.1,-7.958908611427892,-6.218180900789148,45004
