time,longitude,latitude,pressure,height,temperature,dewpoint,ice_point_temperature,relative_humidity,humidity_wrt_ice,mixing_ratio,direction,speed,u_wind,v_wind,station
2026-04-01 12:00:42,13.2259,-8.8597,999.7,77.0,31.7,23.4,23.4,62,62,18.39,76,0.9,-0.8732661536483969,-0.2177297060397009,66160
2026-04-01 12:00:44,13.2258,-8.8597,998.8,85.0,30.3,22.2,22.2,62,62,17.13,79,0.8,-0.7853017467581312,-0.15264719630123594,66160
2026-04-01 12:00:46,13.2257,-8.8597,997.9,93.0,29.0,21.1,21.1,62,62,15.94,83,0.8,-0.7940369213130576,-0.097495474724118,66160
2026-04-01 12:00:48,13.2257,-8.8597,997.0,101.0,28.2,20.6,20.6,63,63,15.53,86,0.9,-0.8978076452338418,-0.06278082636971272,66160
2026-04-01 12:00:50,13.2256,-8.8597,996.1,109.0,28.3,20.8,20.8,64,64,15.69,88,0.9,-0.8994517443171862,-0.031409547032250976,66160
2026-04-01 12:00:52,13.2257,-8.8596,995.2,117.0,28.2,20.7,20.7,64,64,15.64,88,0.9,-0.8994517443171862,-0.031409547032250976,66160
2026-04-01 12:00:54,13.2257,-8.8597,994.6,123.0,28.2,20.8,20.8,64,64,15.68,86,1.0,-0.9975640502598242,-0.06975647374412523,66160
2026-04-01 12:00:56,13.2257,-8.8598,993.9,129.0,28.0,20.8,20.8,65,65,15.77,83,1.1,-1.0918007668054543,-0.13405627774566226,66160
2026-04-01 12:00:58,13.2257,-8.8598,993.0,137.0,27.9,20.9,20.9,66,66,15.84,81,1.1,-1.0864571746546516,-0.17207791154425403,66160
2026-04-01 12:01:00,13.2257,-8.8599,992.7,140.0,27.8,20.8,20.8,66,66,15.78,79,1.2,-1.1779526201371968,-0.2289707944518539,66160
2026-04-01 12:01:02,13.2257,-8.8598,991.8,148.0,27.8,20.7,20.7,65,65,15.7,77,1.2,-1.1692440777422823,-0.2699412652126379,66160
2026-04-01 12:01:04,13.2257,-8.8598,990.6,158.0,27.7,20.9,20.9,67,67,15.87,75,1.2,-1.159110991546882,-0.3105828541230249,66160
2026-04-01 12:01:06,13.2256,-8.8598,989.8,166.0,27.7,20.9,20.9,67,67,15.89,73,1.2,-1.1475657071556424,-0.3508460456672841,66160
2026-04-01 12:01:08,13.2256,-8.8598,988.9,173.0,27.6,20.7,20.7,66,66,15.67,70,1.3,-1.2216004070216808,-0.4446261863233695,66160
2026-04-01 12:01:10,13.2256,-8.8598,987.8,183.0,27.5,20.3,20.3,65,65,15.38,66,1.3,-1.1876090949353812,-0.5287576359985403,66160
2026-04-01 12:01:12,13.2256,-8.8597,986.8,193.0,27.5,20.2,20.2,64,64,15.24,64,1.4,-1.2583116648188337,-0.6137196055047084,66160
2026-04-01 12:01:14,13.2256,-8.8596,985.8,202.0,27.4,20.0,20.0,64,64,15.07,60,1.4,-1.212435565298214,-0.7000000000000001,66160
2026-04-01 12:01:16,13.2255,-8.8597,984.8,211.0,27.3,20.5,20.5,67,67,15.63,58,1.5,-1.272072144234639,-0.7948788963498074,66160
2026-04-01 12:01:18,13.2254,-8.8598,983.8,219.0,27.1,20.4,20.4,67,67,15.54,58,1.5,-1.272072144234639,-0.7948788963498074,66160
2026-04-01 12:01:20,13.2254,-8.8598,982.7,229.0,27.1,20.5,20.5,67,67,15.65,58,1.5,-1.272072144234639,-0.7948788963498074,66160
2026-04-01 12:01:22,13.2254,-8.8597,981.5,240.0,27.1,20.6,20.6,68,68,15.73,58,1.5,-1.272072144234639,-0.7948788963498074,66160
2026-04-01 12:01:24,13.2253,-8.8598,980.6,248.0,27.0,20.5,20.5,68,68,15.63,60,1.6,-1.3856406460551018,-0.8000000000000003,66160
2026-04-01 12:01:26,13.2253,-8.8598,979.9,254.0,26.9,20.5,20.5,68,68,15.64,62,1.6,-1.4127161485742832,-0.7511545004574254,66160
2026-04-01 12:01:28,13.2253,-8.8599,979.0,263.0,26.8,20.5,20.5,68,68,15.67,63,1.7,-1.5147110911202253,-0.7717838495572297,66160
2026-04-01 12:01:30,13.2253,-8.8599,978.2,270.0,26.7,20.5,20.5,69,69,15.7,62,1.8,-1.5893056671460684,-0.8450488130146036,66160
2026-04-01 12:01:32,13.2253,-8.86,977.5,277.0,26.5,20.8,20.8,71,71,15.99,61,1.9,-1.6617774435648518,-0.9211382784680405,66160
2026-04-01 12:01:34,13.2253,-8.86,976.4,286.0,26.4,20.9,20.9,72,72,16.11,60,2.0,-1.7320508075688772,-1.0000000000000002,66160
2026-04-01 12:01:36,13.2251,-8.8601,975.7,293.0,26.3,20.9,20.9,72,72,16.13,58,2.0,-1.696096192312852,-1.0598385284664098,66160
2026-04-01 12:01:38,13.225,-8.8601,974.9,300.0,26.3,20.1,20.1,69,69,15.33,56,2.1,-1.7409789023655877,-1.1743050972885682,66160
2026-04-01 12:01:40,13.225,-8.8601,974.1,307.0,26.3,20.2,20.2,69,69,15.45,54,2.1,-1.6989356881873898,-1.2343490298141937,66160
2026-04-01 12:01:42,13.2251,-8.8602,973.2,315.0,26.3,19.8,19.8,68,68,15.1,53,2.2,-1.7569981221040443,-1.3239930509345064,66160
2026-04-01 12:01:44,13.2251,-8.8602,972.4,322.0,26.2,20.1,20.1,69,69,15.37,51,2.2,-1.7097211152053362,-1.3845048603096424,66160
2026-04-01 12:01:46,13.2251,-8.8601,971.6,330.0,26.1,20.4,20.4,71,71,15.71,49,2.2,-1.6603610764900987,-1.443329863779116,66160
2026-04-01 12:01:48,13.2251,-8.8602,970.3,342.0,26.0,20.0,20.0,69,69,15.29,49,2.2,-1.6603610764900987,-1.443329863779116,66160
2026-04-01 12:01:50,13.225,-8.8602,969.3,351.0,25.9,20.1,20.1,70,70,15.41,49,2.2,-1.6603610764900987,-1.443329863779116,66160
2026-04-01 12:01:52,13.2249,-8.8602,968.7,357.0,25.8,20.2,20.2,71,71,15.51,51,2.2,-1.7097211152053362,-1.3845048603096424,66160
2026-04-01 12:01:54,13.2249,-8.8601,968.0,363.0,25.7,20.3,20.3,72,72,15.71,53,2.2,-1.7569981221040443,-1.3239930509345064,66160
2026-04-01 12:01:56,13.2249,-8.8602,967.0,372.0,25.7,19.8,19.8,70,70,15.15,56,2.2,-1.823882659621092,-1.2302243876356431,66160
2026-04-01 12:01:58,13.2248,-8.8602,966.0,381.0,25.6,20.3,20.3,72,72,15.68,58,2.2,-1.8657058115441372,-1.1658223813130508,66160
2026-04-01 12:02:00,13.2248,-8.8602,965.1,389.0,25.4,20.3,20.3,73,73,15.7,60,2.2,-1.905255888325765,-1.1000000000000003,66160
2026-04-01 12:02:02,13.2247,-8.8602,964.2,397.0,25.4,20.1,20.1,72,72,15.52,60,2.2,-1.905255888325765,-1.1000000000000003,66160
2026-04-01 12:02:04,13.2248,-8.8602,963.5,404.0,25.3,20.7,20.7,76,76,16.14,60,2.1,-1.818653347947321,-1.0500000000000003,66160
2026-04-01 12:02:06,13.2247,-8.8603,962.9,409.0,25.1,20.6,20.6,76,76,16.0,60,2.1,-1.818653347947321,-1.0500000000000003,66160
2026-04-01 12:02:08,13.2247,-8.8604,962.2,416.0,25.0,20.5,20.5,77,77,16.0,60,2.2,-1.905255888325765,-1.1000000000000003,66160
2026-04-01 12:02:10,13.2246,-8.8604,960.9,427.0,24.9,20.5,20.5,76,76,15.99,60,2.2,-1.905255888325765,-1.1000000000000003,66160
2026-04-01 12:02:12,13.2246,-8.8604,959.4,441.0,24.8,20.5,20.5,77,77,16.01,60,2.2,-1.905255888325765,-1.1000000000000003,66160
2026-04-01 12:02:14,13.2246,-8.8604,958.0,454.0,24.7,20.5,20.5,77,77,16.0,59,2.2,-1.8857680615446473,-1.1330837648021193,66160
2026-04-01 12:02:16,13.2245,-8.8604,957.1,463.0,24.7,20.5,20.5,78,78,16.08,60,2.2,-1.905255888325765,-1.1000000000000003,66160
2026-04-01 12:02:18,13.2244,-8.8604,956.2,470.0,24.6,20.5,20.5,78,78,16.03,61,2.1,-1.8367013849927312,-1.018100202517308,66160
2026-04-01 12:02:20,13.2244,-8.8605,955.9,473.0,24.6,20.3,20.3,77,77,15.83,62,2.0,-1.7658951857178538,-0.9389431255717817,66160
2026-04-01 12:02:22,13.2244,-8.8605,954.6,485.0,24.6,20.1,20.1,76,76,15.68,63,2.1,-1.8711137007955727,-0.9533800494530484,66160
2026-04-01 12:02:24,13.2244,-8.8605,953.5,495.0,24.7,19.6,19.6,73,73,15.19,65,2.1,-1.903246352776965,-0.8874983496554688,66160
2026-04-01 12:02:26,13.2243,-8.8605,952.5,504.0,24.6,19.9,19.9,75,75,15.57,68,2.1,-1.9470860945902537,-0.7866738461734152,66160
2026-04-01 12:02:28,13.2242,-8.8606,951.9,510.0,24.5,19.5,19.5,74,74,15.13,69,2.0,-1.8671608529944035,-0.7167358990906008,66160
2026-04-01 12:02:30,13.2242,-8.8606,951.3,516.0,24.6,19.3,19.3,73,73,15.0,71,1.9,-1.7964852936387017,-0.6185794934685978,66160
2026-04-01 12:02:32,13.2242,-8.8606,950.3,525.0,24.5,19.3,19.3,73,73,14.97,74,1.9,-1.8263972222828058,-0.5237109760522984,66160
2026-04-01 12:02:34,13.2242,-8.8606,949.2,535.0,24.5,19.2,19.2,72,72,14.9,77,1.7,-1.6564291101348998,-0.3824167923845704,66160
2026-04-01 12:02:36,13.2242,-8.8607,948.2,544.0,24.6,19.2,19.2,72,72,14.95,79,1.7,-1.6687662118610287,-0.32437529214012634,66160
2026-04-01 12:02:38,13.2242,-8.8607,947.4,552.0,24.5,19.2,19.2,72,72,14.91,80,1.6,-1.5756924048195329,-0.2778370842670887,66160
2026-04-01 12:02:40,13.2242,-8.8607,946.7,559.0,24.5,19.1,19.1,72,72,14.85,80,1.5,-1.477211629518312,-0.2604722665003956,66160
2026-04-01 12:02:42,13.2241,-8.8606,945.9,566.0,24.6,19.0,19.0,71,71,14.73,79,1.5,-1.472440775171496,-0.28621349306481736,66160
2026-04-01 12:02:44,13.2241,-8.8606,945.2,572.0,24.6,19.1,19.1,71,71,14.85,78,1.4,-1.3694066410273278,-0.29107636714486324,66160
2026-04-01 12:02:46,13.224,-8.8606,944.6,578.0,24.6,19.0,19.0,71,71,14.83,77,1.4,-1.3641180906993293,-0.31493147608141087,66160
2026-04-01 12:02:48,13.2239,-8.8606,944.0,584.0,24.6,19.0,19.0,71,71,14.79,78,1.3,-1.2715918809539473,-0.2702851980630873,66160
2026-04-01 12:02:50,13.2239,-8.8606,943.2,592.0,24.5,18.9,18.9,71,71,14.69,82,1.3,-1.2873484893640414,-0.18092503124808512,66160
2026-04-01 12:02:52,13.2239,-8.8606,942.1,601.0,24.4,18.8,18.8,71,71,14.6,89,1.2,-1.1998172341876694,-0.020942887724740317,66160
2026-04-01 12:02:54,13.2239,-8.8606,941.3,608.0,24.3,18.7,18.7,71,71,14.59,96,1.2,-1.193426274441928,0.12543415592118426,66160
2026-04-01 12:02:56,13.2239,-8.8606,940.5,616.0,24.2,18.7,18.7,72,72,14.57,101,1.2,-1.1779526201371968,0.22897079445185375,66160
2026-04-01 12:02:58,13.2239,-8.8606,939.1,629.0,24.1,18.7,18.7,72,72,14.6,105,1.2,-1.159110991546882,0.310582854123025,66160
2026-04-01 12:03:00,13.2238,-8.8605,938.3,637.0,24.0,18.7,18.7,73,73,14.64,107,1.2,-1.1475657071556427,0.350846045667284,66160
2026-04-01 12:03:02,13.2239,-8.8605,937.5,645.0,23.9,18.8,18.8,73,73,14.72,106,1.3,-1.2496402047198145,0.3583285625620988,66160
2026-04-01 12:03:04,13.2239,-8.8605,936.8,651.0,23.9,18.9,18.9,74,74,14.77,101,1.4,-1.3742780568267294,0.26713259352716273,66160
2026-04-01 12:03:06,13.2239,-8.8605,936.0,659.0,23.8,18.9,18.9,74,74,14.83,99,1.5,-1.4815325108927067,0.2346516975603462,66160
2026-04-01 12:03:08,13.2238,-8.8605,935.2,666.0,23.7,18.8,18.8,74,74,14.78,97,1.4,-1.3895646122978509,0.1706170807672063,66160
2026-04-01 12:03:10,13.2238,-8.8606,934.2,675.0,23.6,18.9,18.9,75,75,14.82,95,1.4,-1.3946725773284436,0.12201803984672152,66160
2026-04-01 12:03:12,13.2238,-8.8606,933.2,685.0,23.6,18.8,18.8,75,75,14.82,94,1.3,-1.2968332653377714,0.09068341586736293,66160
2026-04-01 12:03:14,13.2238,-8.8605,932.1,695.0,23.6,18.8,18.8,75,75,14.84,95,1.2,-1.1954336377100947,0.10458689129718989,66160
2026-04-01 12:03:16,13.2238,-8.8604,931.3,703.0,23.6,18.9,18.9,75,75,14.89,96,1.2,-1.193426274441928,0.12543415592118426,66160
2026-04-01 12:03:18,13.2237,-8.8604,930.6,709.0,23.6,18.8,18.8,75,75,14.84,96,1.2,-1.193426274441928,0.12543415592118426,66160
2026-04-01 12:03:20,13.2237,-8.8604,929.8,717.0,23.6,18.7,18.7,74,74,14.77,95,1.3,-1.2950531075192693,0.11330246557195571,66160
2026-04-01 12:03:22,13.2237,-8.8604,928.9,725.0,23.6,18.6,18.6,73,73,14.62,92,1.3,-1.2992080751248245,0.04536934571325124,66160
2026-04-01 12:03:24,13.2236,-8.8605,927.8,735.0,23.5,18.5,18.5,73,73,14.55,87,1.3,-1.298218395180946,-0.06803674311582716,66160
2026-04-01 12:03:26,13.2235,-8.8605,926.6,747.0,23.5,18.4,18.4,73,73,14.54,82,1.3,-1.2873484893640414,-0.18092503124808512,66160
2026-04-01 12:03:28,13.2234,-8.8605,925.9,753.0,23.5,18.5,18.5,74,74,14.61,78,1.3,-1.2715918809539473,-0.2702851980630873,66160
2026-04-01 12:03:30,13.2234,-8.8606,925.1,761.0,23.4,18.4,18.4,73,73,14.5,75,1.3,-1.255703574175789,-0.33646475863327696,66160
2026-04-01 12:03:32,13.2235,-8.8605,924.1,770.0,23.4,18.1,18.1,72,72,14.29,76,1.3,-1.2613844441587954,-0.314498464279568,66160
2026-04-01 12:03:34,13.2235,-8.8605,923.4,777.0,23.5,17.9,17.9,71,71,14.11,78,1.3,-1.2715918809539473,-0.2702851980630873,66160
2026-04-01 12:03:36,13.2235,-8.8605,922.6,785.0,23.6,17.8,17.8,70,70,14.0,81,1.3,-1.2839948427736791,-0.20336480455230022,66160
2026-04-01 12:03:38,13.2234,-8.8605,921.8,792.0,23.5,18.0,18.0,71,71,14.26,81,1.3,-1.2839948427736791,-0.20336480455230022,66160
2026-04-01 12:03:40,13.2234,-8.8605,920.9,801.0,23.5,17.9,17.9,71,71,14.16,81,1.4,-1.3827636768331928,-0.21900825105632327,66160
2026-04-01 12:03:42,13.2233,-8.8605,919.7,812.0,23.5,17.4,17.4,68,68,13.67,81,1.4,-1.3827636768331928,-0.21900825105632327,66160
2026-04-01 12:03:44,13.2233,-8.8605,918.5,824.0,23.6,17.0,17.0,67,67,13.39,81,1.4,-1.3827636768331928,-0.21900825105632327,66160
2026-04-01 12:03:46,13.2233,-8.8606,917.6,832.0,23.6,17.0,17.0,67,67,13.38,81,1.4,-1.3827636768331928,-0.21900825105632327,66160
2026-04-01 12:03:48,13.2233,-8.8607,916.7,840.0,23.5,16.8,16.8,66,66,13.26,83,1.4,-1.3895646122978507,-0.17061708076720647,66160
2026-04-01 12:03:50,13.2234,-8.8607,915.9,849.0,23.5,16.7,16.7,66,66,13.2,86,1.4,-1.3965896703637537,-0.09765906324177533,66160
2026-04-01 12:03:52,13.2234,-8.8607,915.3,854.0,23.5,16.7,16.7,66,66,13.21,88,1.3,-1.2992080751248245,-0.04536934571325141,66160
2026-04-01 12:03:54,13.2233,-8.8607,914.6,861.0,23.5,16.7,16.7,66,66,13.15,90,1.3,-1.3,-7.960204194457797e-17,66160
2026-04-01 12:03:56,13.2233,-8.8606,913.9,868.0,23.4,17.0,17.0,67,67,13.46,90,1.3,-1.3,-7.960204194457797e-17,66160
2026-04-01 12:03:58,13.2233,-8.8606,913.2,875.0,23.2,17.4,17.4,70,70,13.83,89,1.4,-1.3997867732189477,-0.024433369012197035,66160
2026-04-01 12:04:00,13.2232,-8.8606,912.5,881.0,23.1,17.7,17.7,71,71,14.06,88,1.5,-1.4990862405286436,-0.05234924505375162,66160
2026-04-01 12:04:02,13.2232,-8.8606,911.8,888.0,23.1,17.6,17.6,71,71,14.04,87,1.5,-1.4979443021318608,-0.07850393436441595,66160
2026-04-01 12:04:04,13.2232,-8.8606,911.1,895.0,23.1,17.6,17.6,71,71,13.98,86,1.6,-1.596102480415719,-0.11161035799060037,66160
2026-04-01 12:04:06,13.2232,-8.8605,910.5,900.0,23.0,17.5,17.5,71,71,13.95,86,1.6,-1.596102480415719,-0.11161035799060037,66160
2026-04-01 12:04:08,13.2231,-8.8605,909.8,907.0,23.1,17.2,17.2,70,70,13.68,86,1.6,-1.596102480415719,-0.11161035799060037,66160
2026-04-01 12:04:10,13.2231,-8.8605,909.0,914.0,23.1,17.1,17.1,69,69,13.62,87,1.5,-1.4979443021318608,-0.07850393436441595,66160
2026-04-01 12:04:12,13.2231,-8.8605,908.3,922.0,23.1,16.8,16.8,67,67,13.32,88,1.5,-1.4990862405286436,-0.05234924505375162,66160
2026-04-01 12:04:14,13.223,-8.8605,907.5,929.0,23.1,16.8,16.8,68,68,13.37,90,1.5,-1.5,-9.184850993605148e-17,66160
2026-04-01 12:04:16,13.223,-8.8605,906.8,936.0,23.1,16.7,16.7,67,67,13.28,92,1.5,-1.4990862405286436,0.052349245053751436,66160
2026-04-01 12:04:18,13.223,-8.8605,905.9,945.0,23.0,16.7,16.7,68,68,13.33,94,1.6,-1.596102480415719,0.11161035799060054,66160
2026-04-01 12:04:20,13.2229,-8.8605,905.0,953.0,22.9,16.5,16.5,67,67,13.17,95,1.6,-1.593911516946793,0.13944918839625317,66160
2026-04-01 12:04:22,13.2228,-8.8605,904.3,960.0,22.9,16.4,16.4,67,67,13.07,97,1.6,-1.5880738426261154,0.1949909494482358,66160
2026-04-01 12:04:24,13.2228,-8.8605,903.5,968.0,22.9,16.0,16.0,65,65,12.75,97,1.6,-1.5880738426261154,0.1949909494482358,66160
2026-04-01 12:04:26,13.2228,-8.8605,902.5,977.0,22.8,16.0,16.0,66,66,12.76,96,1.7,-1.6906872221260645,0.17769838755501105,66160
2026-04-01 12:04:28,13.2228,-8.8606,901.7,985.0,22.8,15.8,15.8,65,65,12.62,95,1.7,-1.6935309867559674,0.148164762671019,66160
2026-04-01 12:04:30,13.2227,-8.8606,901.1,991.0,22.7,15.8,15.8,65,65,12.58,94,1.7,-1.6958588854417012,0.11858600536501306,66160
2026-04-01 12:04:32,13.2227,-8.8606,900.3,998.0,22.7,15.7,15.7,65,65,12.58,94,1.6,-1.596102480415719,0.11161035799060054,66160
2026-04-01 12:04:34,13.2226,-8.8605,899.7,1004.0,22.7,15.6,15.6,64,64,12.46,94,1.6,-1.596102480415719,0.11161035799060054,66160
2026-04-01 12:04:36,13.2226,-8.8605,899.1,1010.0,22.7,16.0,16.0,66,66,12.85,94,1.5,-1.4963460753897362,0.104634710616188,66160
2026-04-01 12:04:38,13.2226,-8.8605,898.4,1017.0,22.6,16.4,16.4,68,68,13.2,94,1.4,-1.3965896703637537,0.09765906324177545,66160
2026-04-01 12:04:40,13.2226,-8.8605,897.9,1022.0,22.6,16.6,16.6,69,69,13.36,94,1.3,-1.2968332653377714,0.09068341586736293,66160
2026-04-01 12:04:42,13.2225,-8.8605,897.2,1028.0,22.9,14.8,14.8,60,60,11.85,96,1.2,-1.193426274441928,0.12543415592118426,66160
2026-04-01 12:04:44,13.2225,-8.8605,896.7,1034.0,23.0,14.6,14.6,59,59,11.72,96,1.2,-1.193426274441928,0.12543415592118426,66160
2026-04-01 12:04:46,13.2225,-8.8605,896.0,1040.0,23.0,14.6,14.6,59,59,11.73,96,1.1,-1.0939740849051007,0.11498130959441892,66160
2026-04-01 12:04:48,13.2225,-8.8605,895.3,1047.0,22.9,14.5,14.5,59,59,11.7,96,1.1,-1.0939740849051007,0.11498130959441892,66160
2026-04-01 12:04:50,13.2225,-8.8605,894.6,1054.0,22.9,14.6,14.6,59,59,11.73,97,1.0,-0.9925461516413221,0.12186934340514737,66160
2026-04-01 12:04:52,13.2224,-8.8606,894.0,1060.0,22.9,14.5,14.5,59,59,11.67,97,1.0,-0.9925461516413221,0.12186934340514737,66160
2026-04-01 12:04:54,13.2224,-8.8606,893.3,1066.0,22.9,14.5,14.5,59,59,11.7,97,1.0,-0.9925461516413221,0.12186934340514737,66160
2026-04-01 12:04:56,13.2224,-8.8605,892.6,1074.0,22.9,14.5,14.5,59,59,11.68,99,0.9,-0.888919506535624,0.14079101853620773,66160
2026-04-01 12:04:58,13.2224,-8.8605,891.9,1080.0,22.8,14.4,14.4,59,59,11.65,101,0.9,-0.8834644651028976,0.17172809583889032,66160
2026-04-01 12:05:00,13.2223,-8.8605,891.1,1088.0,22.7,14.3,14.3,59,59,11.58,101,0.8,-0.7853017467581312,0.15264719630123585,66160
2026-04-01 12:05:02,13.2223,-8.8605,890.1,1098.0,22.6,14.4,14.4,60,60,11.64,101,0.8,-0.7853017467581312,0.15264719630123585,66160
2026-04-01 12:05:04,13.2224,-8.8605,889.1,1108.0,22.6,14.4,14.4,60,60,11.66,102,0.7,-0.6847033205136639,0.14553818357243153,66160
2026-04-01 12:05:06,13.2224,-8.8605,888.5,1113.0,22.6,14.4,14.4,60,60,11.69,102,0.7,-0.6847033205136639,0.14553818357243153,66160
2026-04-01 12:05:08,13.2224,-8.8605,887.9,1120.0,22.6,14.7,14.7,61,61,11.94,100,0.7,-0.6893654271085455,0.1215537243668512,66160
2026-04-01 12:05:10,13.2224,-8.8605,887.2,1126.0,22.6,14.6,14.6,61,61,11.87,100,0.7,-0.6893654271085455,0.1215537243668512,66160
2026-04-01 12:05:12,13.2224,-8.8605,886.6,1132.0,22.6,14.8,14.8,61,61,12.03,100,0.7,-0.6893654271085455,0.1215537243668512,66160
2026-04-01 12:05:14,13.2223,-8.8605,886.0,1138.0,22.6,14.8,14.8,62,62,12.03,102,0.7,-0.6847033205136639,0.14553818357243153,66160
2026-04-01 12:05:16,13.2223,-8.8605,885.5,1143.0,22.5,14.8,14.8,62,62,12.02,104,0.8,-0.7762365810207972,0.19353751647973425,66160
2026-04-01 12:05:18,13.2223,-8.8605,884.9,1149.0,22.6,14.0,14.0,58,58,11.4,108,0.8,-0.760845213036123,0.2472135954999579,66160
2026-04-01 12:05:20,13.2223,-8.8604,884.3,1155.0,22.6,13.3,13.3,56,56,10.91,110,0.8,-0.7517540966287268,0.273616114660535,66160
2026-04-01 12:05:22,13.2223,-8.8605,883.7,1161.0,22.6,13.1,13.1,55,55,10.78,113,0.8,-0.7364038827619522,0.31258490279141904,66160
2026-04-01 12:05:24,13.2223,-8.8605,883.4,1163.0,22.6,13.0,13.0,55,55,10.71,115,0.8,-0.7250462296293201,0.3380946093925595,66160
2026-04-01 12:05:26,13.2222,-8.8605,882.5,1172.0,22.6,13.1,13.1,55,55,10.77,117,0.7,-0.6237045669318575,0.3177933498176827,66160
2026-04-01 12:05:28,13.2223,-8.8605,882.0,1178.0,22.5,13.1,13.1,55,55,10.79,116,0.7,-0.6291558324094169,0.30685980275235425,66160
2026-04-01 12:05:30,13.2223,-8.8605,881.5,1183.0,22.4,13.1,13.1,55,55,10.77,113,0.7,-0.6443533974167082,0.27351178994249165,66160
2026-04-01 12:05:32,13.2222,-8.8605,880.9,1189.0,22.4,13.1,13.1,56,56,10.79,109,0.7,-0.6618630029195217,0.22789770812000965,66160
2026-04-01 12:05:34,13.2222,-8.8605,880.2,1195.0,22.3,13.2,13.2,56,56,10.88,104,0.7,-0.6792070083931975,0.16934532691976745,66160
2026-04-01 12:05:36,13.2222,-8.8605,879.7,1201.0,22.3,13.2,13.2,56,56,10.9,99,0.7,-0.6913818384165964,0.10950412552816156,66160
2026-04-01 12:05:38,13.2221,-8.8604,879.1,1206.0,22.2,13.4,13.4,57,57,11.02,90,0.7,-0.7,-4.286263797015736e-17,66160
2026-04-01 12:05:40,13.2221,-8.8605,878.5,1213.0,22.2,13.4,13.4,58,58,11.05,83,0.7,-0.6947823061489253,-0.08530854038360323,66160
2026-04-01 12:05:42,13.2221,-8.8605,877.8,1220.0,22.1,13.3,13.3,57,57,10.99,77,0.7,-0.6820590453496647,-0.15746573804070543,66160
2026-04-01 12:05:44,13.2221,-8.8605,876.9,1228.0,22.0,13.4,13.4,58,58,11.07,71,0.7,-0.6618630029195217,-0.2278977081200097,66160
2026-04-01 12:05:46,13.2221,-8.8604,875.9,1238.0,22.0,13.3,13.3,58,58,11.04,67,0.7,-0.6443533974167083,-0.2735117899424916,66160
2026-04-01 12:05:48,13.222,-8.8604,875.2,1245.0,22.0,13.4,13.4,58,58,11.12,64,0.7,-0.6291558324094169,-0.3068598027523542,66160
2026-04-01 12:05:50,13.222,-8.8604,874.7,1250.0,22.0,13.4,13.4,58,58,11.14,64,0.7,-0.6291558324094169,-0.3068598027523542,66160
2026-04-01 12:05:52,13.222,-8.8604,873.9,1258.0,22.0,13.1,13.1,57,57,10.89,63,0.7,-0.6237045669318575,-0.31779334981768276,66160
2026-04-01 12:05:54,13.222,-8.8604,873.3,1264.0,22.0,13.1,13.1,57,57,10.92,65,0.7,-0.6344154509256549,-0.2958327832184896,66160
2026-04-01 12:05:56,13.222,-8.8604,872.3,1273.0,22.0,13.2,13.2,58,58,11.02,66,0.7,-0.6394818203498206,-0.2847156501530601,66160
2026-04-01 12:05:58,13.2219,-8.8604,871.1,1286.0,21.8,13.4,13.4,59,59,11.12,66,0.7,-0.6394818203498206,-0.2847156501530601,66160
2026-04-01 12:06:00,13.2219,-8.8605,870.2,1295.0,21.8,13.2,13.2,58,58,11.01,66,0.7,-0.6394818203498206,-0.2847156501530601,66160
2026-04-01 12:06:02,13.222,-8.8605,869.2,1304.0,21.7,13.2,13.2,59,59,11.04,67,0.7,-0.6443533974167083,-0.2735117899424916,66160
2026-04-01 12:06:04,13.222,-8.8606,868.5,1312.0,21.6,13.2,13.2,59,59,11.05,67,0.8,-0.7364038827619523,-0.312584902791419,66160
2026-04-01 12:06:06,13.222,-8.8606,867.9,1318.0,21.6,13.2,13.2,59,59,11.07,66,0.8,-0.7308363661140808,-0.3253893144606402,66160
2026-04-01 12:06:08,13.222,-8.8606,867.2,1324.0,21.5,13.1,13.1,59,59,10.97,66,0.8,-0.7308363661140808,-0.3253893144606402,66160
2026-04-01 12:06:10,13.2219,-8.8606,866.6,1331.0,21.5,13.0,13.0,59,59,10.92,65,0.8,-0.72504622962932,-0.3380946093925596,66160
2026-04-01 12:06:12,13.222,-8.8606,866.0,1337.0,21.4,12.8,12.8,58,58,10.8,64,0.8,-0.7190352370393336,-0.35069691743126197,66160
2026-04-01 12:06:14,13.222,-8.8606,865.4,1343.0,21.4,12.8,12.8,58,58,10.79,62,0.8,-0.7063580742871416,-0.3755772502287127,66160
2026-04-01 12:06:16,13.222,-8.8606,864.8,1349.0,21.4,12.8,12.8,58,58,10.8,60,0.8,-0.6928203230275509,-0.40000000000000013,66160
2026-04-01 12:06:18,13.2219,-8.8606,864.2,1355.0,21.3,12.9,12.9,59,59,10.88,60,0.9,-0.7794228634059948,-0.4500000000000001,66160
2026-04-01 12:06:20,13.2219,-8.8606,863.6,1360.0,21.3,12.8,12.8,58,58,10.84,58,0.9,-0.7632432865407833,-0.47692733780988444,66160
2026-04-01 12:06:22,13.2219,-8.8606,863.1,1366.0,21.3,12.7,12.7,58,58,10.75,56,1.0,-0.8290375725550417,-0.5591929034707468,66160
2026-04-01 12:06:24,13.2219,-8.8606,862.4,1373.0,21.3,12.6,12.6,58,58,10.7,55,1.0,-0.8191520442889918,-0.573576436351046,66160
2026-04-01 12:06:26,13.2219,-8.8606,861.8,1379.0,21.2,12.6,12.6,58,58,10.66,55,1.0,-0.8191520442889918,-0.573576436351046,66160
2026-04-01 12:06:28,13.2219,-8.8605,861.2,1385.0,21.2,12.7,12.7,58,58,10.74,55,1.0,-0.8191520442889918,-0.573576436351046,66160
2026-04-01 12:06:30,13.2218,-8.8606,860.6,1391.0,21.2,12.6,12.6,58,58,10.71,55,0.9,-0.7372368398600926,-0.5162187927159415,66160
2026-04-01 12:06:32,13.2218,-8.8606,860.0,1397.0,21.2,12.6,12.6,58,58,10.73,60,0.9,-0.7794228634059948,-0.4500000000000001,66160
2026-04-01 12:06:34,13.2218,-8.8606,859.3,1404.0,21.2,12.7,12.7,58,58,10.77,66,0.9,-0.8221909118783408,-0.3660629787682202,66160
2026-04-01 12:06:36,13.2218,-8.8605,858.7,1410.0,21.1,12.7,12.7,59,59,10.82,71,0.9,-0.8509667180393851,-0.2930113390114411,66160
2026-04-01 12:06:38,13.2218,-8.8606,858.0,1417.0,21.1,12.2,12.2,57,57,10.48,76,1.0,-0.9702957262759965,-0.24192189559966767,66160
2026-04-01 12:06:40,13.2217,-8.8606,857.2,1425.0,21.0,11.8,11.8,56,56,10.2,79,1.0,-0.981627183447664,-0.19080899537654492,66160
2026-04-01 12:06:42,13.2217,-8.8605,856.3,1434.0,21.0,11.6,11.6,55,55,10.08,79,1.1,-1.0797899017924304,-0.20988989491419943,66160
2026-04-01 12:06:44,13.2216,-8.8605,855.4,1444.0,20.9,11.5,11.5,55,55,10.01,78,1.2,-1.1737771208805667,-0.24949402898131134,66160
2026-04-01 12:06:46,13.2216,-8.8605,854.3,1454.0,20.8,11.5,11.5,55,55,10.01,76,1.2,-1.1643548715311958,-0.2903062747196012,66160
2026-04-01 12:06:48,13.2216,-8.8606,853.3,1465.0,20.7,11.3,11.3,55,55,9.88,75,1.3,-1.255703574175789,-0.33646475863327696,66160
2026-04-01 12:06:50,13.2216,-8.8607,852.6,1472.0,20.7,11.3,11.3,55,55,9.89,74,1.3,-1.2496402047198145,-0.35832856256209894,66160
2026-04-01 12:06:52,13.2216,-8.8607,852.1,1478.0,20.7,11.3,11.3,55,55,9.93,73,1.4,-1.3388266583482495,-0.40932038661183145,66160
2026-04-01 12:06:54,13.2216,-8.8606,851.4,1484.0,20.6,11.3,11.3,55,55,9.92,73,1.3,-1.2431961827519462,-0.3800832161395578,66160
2026-04-01 12:06:56,13.2215,-8.8606,850.8,1490.0,20.6,11.3,11.3,55,55,9.91,75,1.3,-1.255703574175789,-0.33646475863327696,66160
2026-04-01 12:06:58,13.2215,-8.8606,850.0,1498.0,20.5,11.3,11.3,55,55,9.92,75,1.3,-1.255703574175789,-0.33646475863327696,66160
2026-04-01 12:07:00,13.2215,-8.8606,849.6,1502.0,20.5,10.9,10.9,54,54,9.67,72,1.3,-1.2363734711836996,-0.4017220926874317,66160
2026-04-01 12:07:02,13.2215,-8.8606,848.9,1510.0,20.4,11.0,11.0,55,55,9.72,69,1.2,-1.1202965117966421,-0.43004153945436047,66160
2026-04-01 12:07:04,13.2215,-8.8607,848.1,1518.0,20.3,11.1,11.1,56,56,9.86,67,1.2,-1.1046058241429284,-0.46887735418712845,66160
2026-04-01 12:07:06,13.2214,-8.8606,847.2,1527.0,20.2,11.3,11.3,57,57,9.98,63,1.1,-0.9801071766072048,-0.4993895497135016,66160
2026-04-01 12:07:08,13.2214,-8.8606,846.1,1538.0,20.0,11.5,11.5,58,58,10.11,59,1.1,-0.9428840307723236,-0.5665418824010596,66160
2026-04-01 12:07:10,13.2214,-8.8607,845.0,1549.0,19.9,12.1,12.1,61,61,10.52,56,1.0,-0.8290375725550417,-0.5591929034707468,66160
2026-04-01 12:07:12,13.2213,-8.8608,844.1,1559.0,19.8,12.1,12.1,61,61,10.54,55,1.0,-0.8191520442889918,-0.573576436351046,66160
2026-04-01 12:07:14,13.2213,-8.8608,843.3,1567.0,19.8,12.1,12.1,61,61,10.55,54,0.9,-0.7281152949374528,-0.5290067270632258,66160
2026-04-01 12:07:16,13.2213,-8.8607,842.7,1573.0,19.7,12.3,12.3,62,62,10.73,54,0.9,-0.7281152949374528,-0.5290067270632258,66160
2026-04-01 12:07:18,13.2213,-8.8607,842.1,1579.0,19.7,12.2,12.2,62,62,10.69,54,0.9,-0.7281152949374528,-0.5290067270632258,66160
2026-04-01 12:07:20,13.2213,-8.8607,841.4,1586.0,19.6,12.3,12.3,62,62,10.72,56,0.9,-0.7461338152995376,-0.5032736131236721,66160
2026-04-01 12:07:22,13.2213,-8.8607,840.8,1592.0,19.6,12.2,12.2,62,62,10.67,60,0.8,-0.6928203230275509,-0.40000000000000013,66160
2026-04-01 12:07:24,13.2213,-8.8607,840.2,1599.0,19.5,11.9,11.9,62,62,10.49,64,0.8,-0.7190352370393336,-0.35069691743126197,66160
2026-04-01 12:07:26,13.2212,-8.8607,839.4,1607.0,19.5,11.8,11.8,61,61,10.39,67,0.8,-0.7364038827619523,-0.312584902791419,66160
2026-04-01 12:07:36,13.2211,-8.8609,838.7,1614.0,19.4,11.8,11.8,61,61,10.39,70,0.9,-0.8457233587073175,-0.30781812899310196,66160
2026-04-01 12:07:38,13.2211,-8.8609,837.9,1622.0,19.0,11.8,11.8,63,63,10.44,70,1.0,-0.9396926207859083,-0.3420201433256688,66160
2026-04-01 12:07:40,13.2211,-8.8608,836.9,1633.0,18.9,11.7,11.7,63,63,10.34,68,1.0,-0.9271838545667874,-0.37460659341591196,66160
2026-04-01 12:07:42,13.2211,-8.8608,836.0,1642.0,18.8,11.0,11.0,60,60,9.93,69,1.1,-1.026938469146922,-0.39420474449983045,66160
2026-04-01 12:07:44,13.2211,-8.8608,834.9,1653.0,18.8,11.5,11.5,63,63,10.27,69,1.1,-1.026938469146922,-0.39420474449983045,66160
2026-04-01 12:07:46,13.2211,-8.8609,833.9,1663.0,18.7,11.2,11.2,62,62,10.06,71,1.1,-1.0400704331592485,-0.35812496990287246,66160
2026-04-01 12:07:48,13.2211,-8.8609,832.9,1673.0,18.7,11.2,11.2,62,62,10.08,72,1.2,-1.141267819554184,-0.37082039324993693,66160
2026-04-01 12:07:50,13.221,-8.8608,831.9,1684.0,18.5,11.2,11.2,63,63,10.12,74,1.2,-1.1535140351259827,-0.330764826980399,66160
2026-04-01 12:07:52,13.221,-8.8607,830.8,1696.0,18.4,11.2,11.2,63,63,10.12,75,1.3,-1.255703574175789,-0.33646475863327696,66160
2026-04-01 12:07:54,13.2209,-8.8607,829.9,1704.0,18.4,11.2,11.2,63,63,10.13,78,1.4,-1.3694066410273278,-0.29107636714486324,66160
2026-04-01 12:07:56,13.2208,-8.8608,829.3,1711.0,18.4,11.1,11.1,63,63,10.07,82,1.5,-1.4854021031123557,-0.2087596514400982,66160
2026-04-01 12:07:58,13.2208,-8.8608,828.6,1718.0,18.4,11.1,11.1,62,62,10.04,85,1.7,-1.6935309867559674,-0.14816476267101883,66160
2026-04-01 12:08:00,13.2208,-8.8608,827.9,1725.0,18.4,10.9,10.9,62,62,9.91,88,1.8,-1.7989034886343724,-0.06281909406450195,66160
2026-04-01 12:08:02,13.2208,-8.8608,827.0,1734.0,18.3,10.7,10.7,61,61,9.81,88,2.0,-1.9987816540381915,-0.06979899340500216,66160
2026-04-01 12:08:04,13.2208,-8.8609,826.2,1742.0,18.3,10.6,10.6,61,61,9.77,88,2.2,-2.198659819442011,-0.07677889274550238,66160
2026-04-01 12:08:06,13.2207,-8.8609,825.5,1750.0,18.2,10.6,10.6,61,61,9.79,88,2.4,-2.39853798484583,-0.08375879208600259,66160
2026-04-01 12:08:08,13.2206,-8.8609,824.7,1758.0,18.2,10.7,10.7,62,62,9.87,88,2.5,-2.4984770675477392,-0.0872487417562527,66160
2026-04-01 12:08:10,13.2206,-8.8608,824.0,1766.0,18.2,10.8,10.8,62,62,9.9,88,2.6,-2.598416150249649,-0.09073869142650282,66160
2026-04-01 12:08:12,13.2206,-8.8608,823.3,1773.0,18.1,10.7,10.7,62,62,9.88,89,2.6,-2.5996040074066173,-0.045376256736937355,66160
2026-04-01 12:08:14,13.2205,-8.8608,822.6,1780.0,18.1,10.7,10.7,62,62,9.88,89,2.7,-2.6995887769222566,-0.04712149738066572,66160
2026-04-01 12:08:16,13.2205,-8.8608,821.9,1788.0,18.0,10.7,10.7,62,62,9.87,87,2.7,-2.6962997438373497,-0.14130708185594873,66160
2026-04-01 12:08:18,13.2204,-8.8609,821.2,1795.0,18.0,10.7,10.7,62,62,9.86,85,2.7,-2.6897256848477133,-0.235320505418677,66160
2026-04-01 12:08:20,13.2204,-8.8609,820.4,1803.0,17.9,10.6,10.6,62,62,9.83,83,2.8,-2.7791292245957013,-0.34123416153441294,66160
2026-04-01 12:08:22,13.2203,-8.8608,819.7,1811.0,17.8,10.6,10.6,62,62,9.81,82,2.8,-2.7727505924763967,-0.3896846826881833,66160
2026-04-01 12:08:24,13.2202,-8.8608,819.0,1818.0,17.8,10.6,10.6,63,63,9.82,82,2.8,-2.7727505924763967,-0.3896846826881833,66160
2026-04-01 12:08:26,13.2201,-8.8608,818.1,1828.0,17.7,10.6,10.6,63,63,9.85,83,2.8,-2.7791292245957013,-0.34123416153441294,66160
2026-04-01 12:08:28,13.22,-8.8609,817.0,1839.0,17.7,10.5,10.5,63,63,9.81,85,2.8,-2.7893451546568873,-0.24403607969344276,66160
2026-04-01 12:08:30,13.22,-8.8609,816.2,1847.0,17.7,10.5,10.5,63,63,9.82,86,2.8,-2.7931793407275074,-0.19531812648355065,66160
2026-04-01 12:08:32,13.2199,-8.8609,815.5,1855.0,17.7,10.3,10.3,62,62,9.71,86,2.7,-2.6934229357015256,-0.18834247910913815,66160
2026-04-01 12:08:34,13.2199,-8.8608,814.7,1863.0,17.6,10.3,10.3,62,62,9.71,86,2.7,-2.6934229357015256,-0.18834247910913815,66160
2026-04-01 12:08:36,13.2199,-8.8608,814.0,1870.0,17.6,10.5,10.5,63,63,9.83,85,2.6,-2.5901062150385386,-0.22660493114391117,66160
2026-04-01 12:08:38,13.2199,-8.8609,813.2,1878.0,17.5,10.4,10.4,63,63,9.81,84,2.5,-2.4863047384206833,-0.26132115816913365,66160
2026-04-01 12:08:40,13.2198,-8.8609,812.4,1887.0,17.5,10.6,10.6,64,64,9.91,83,2.5,-2.481365379103305,-0.3046733585128687,66160
2026-04-01 12:08:42,13.2197,-8.861,811.5,1896.0,17.4,10.5,10.5,64,64,9.9,81,2.4,-2.3704520174283306,-0.3754427160965542,66160
2026-04-01 12:08:44,13.2197,-8.861,810.6,1906.0,17.4,10.5,10.5,64,64,9.85,79,2.3,-2.257742521929627,-0.43886068936605327,66160
2026-04-01 12:08:46,13.2197,-8.861,809.6,1916.0,17.3,10.4,10.4,64,64,9.8,78,2.2,-2.1519247216143724,-0.45740571979907085,66160
2026-04-01 12:08:48,13.2196,-8.8609,808.6,1927.0,17.2,10.5,10.5,65,65,9.89,76,2.0,-1.940591452551993,-0.48384379119933535,66160
2026-04-01 12:08:50,13.2195,-8.8609,808.0,1933.0,17.2,10.6,10.6,65,65,9.97,74,1.9,-1.8263972222828058,-0.5237109760522984,66160
2026-04-01 12:08:52,13.2195,-8.8609,807.4,1940.0,17.1,10.6,10.6,66,66,10.0,72,1.7,-1.616796077701761,-0.5253288904374106,66160
2026-04-01 12:08:54,13.2195,-8.861,806.5,1949.0,17.1,10.8,10.8,67,67,10.15,70,1.6,-1.5035081932574534,-0.5472322293210702,66160
2026-04-01 12:08:56,13.2195,-8.861,805.8,1957.0,17.1,10.7,10.7,66,66,10.07,67,1.6,-1.4728077655239047,-0.625169805582838,66160
2026-04-01 12:08:58,13.2195,-8.861,805.2,1963.0,17.0,10.6,10.6,66,66,10.03,65,1.5,-1.3594616805549748,-0.6339273926110491,66160
2026-04-01 12:09:00,13.2195,-8.861,804.6,1970.0,17.0,10.6,10.6,66,66,10.0,62,1.5,-1.3244213892883903,-0.7042073441788363,66160
2026-04-01 12:09:02,13.2195,-8.861,804.0,1977.0,17.0,10.5,10.5,65,65,9.94,61,1.5,-1.3119295607090935,-0.7272144303695056,66160
2026-04-01 12:09:04,13.2194,-8.861,803.3,1984.0,17.0,10.3,10.3,65,65,9.85,60,1.5,-1.299038105676658,-0.7500000000000002,66160
2026-04-01 12:09:06,13.2194,-8.8611,802.6,1991.0,17.0,10.3,10.3,65,65,9.86,60,1.4,-1.212435565298214,-0.7000000000000001,66160
2026-04-01 12:09:08,13.2194,-8.8611,801.9,1999.0,17.0,10.2,10.2,64,64,9.81,60,1.3,-1.12583302491977,-0.6500000000000001,66160
2026-04-01 12:09:14,13.2194,-8.8611,801.2,2006.0,16.9,10.2,10.2,64,64,9.8,60,1.3,-1.12583302491977,-0.6500000000000001,66160
2026-04-01 12:09:16,13.2193,-8.8611,801.0,2008.0,16.8,10.0,10.0,64,64,9.66,58,1.3,-1.1024625250033537,-0.6888950435031664,66160
2026-04-01 12:09:18,13.2193,-8.8611,800.4,2014.0,16.7,9.9,9.9,64,64,9.61,57,1.3,-1.0902717383290512,-0.7080307455195353,66160
2026-04-01 12:09:20,13.2193,-8.8611,799.6,2023.0,16.7,9.8,9.8,64,64,9.58,53,1.3,-1.0382261630614806,-0.7823595300976628,66160
2026-04-01 12:09:22,13.2193,-8.8611,798.8,2031.0,16.6,9.7,9.7,64,64,9.53,49,1.3,-0.9811224542896037,-0.8528767376876595,66160
2026-04-01 12:09:24,13.2193,-8.8611,798.0,2040.0,16.6,9.6,9.6,63,63,9.46,46,1.3,-0.9351417404402464,-0.9030558815966965,66160
2026-04-01 12:09:26,13.2193,-8.8612,797.2,2049.0,16.5,9.6,9.6,63,63,9.43,43,1.4,-0.9547977040874978,-1.0238951822668385,66160
2026-04-01 12:09:28,13.2193,-8.8613,796.5,2056.0,16.5,9.5,9.5,63,63,9.42,42,1.4,-0.9367828489024015,-1.040402755668352,66160
2026-04-01 12:09:30,13.2193,-8.8613,795.8,2064.0,16.4,9.5,9.5,64,64,9.41,44,1.4,-0.9725217186425961,-1.0070757204741116,66160
2026-04-01 12:09:32,13.2192,-8.8613,795.0,2072.0,16.3,9.5,9.5,64,64,9.41,45,1.5,-1.0606601717798212,-1.0606601717798214,66160
2026-04-01 12:09:34,13.2192,-8.8612,794.3,2080.0,16.3,9.4,9.4,64,64,9.37,46,1.5,-1.0790097005079766,-1.0419875556884959,66160
2026-04-01 12:09:36,13.2192,-8.8613,793.3,2090.0,16.3,9.4,9.4,64,64,9.4,44,1.5,-1.0419875556884959,-1.0790097005079768,66160
2026-04-01 12:09:38,13.2192,-8.8613,792.4,2100.0,16.2,9.4,9.4,64,64,9.37,43,1.5,-1.0229975400937477,-1.0970305524287558,66160
2026-04-01 12:09:40,13.2191,-8.8613,791.8,2106.0,16.1,9.3,9.3,64,64,9.35,41,1.5,-0.9840885434857609,-1.132064370334158,66160
2026-04-01 12:09:42,13.2191,-8.8613,790.8,2117.0,16.0,9.3,9.3,65,65,9.34,39,1.5,-0.9439805865747561,-1.1657189421854564,66160
2026-04-01 12:09:44,13.2191,-8.8614,789.8,2128.0,15.9,9.3,9.3,65,65,9.32,37,1.6,-0.9629040370432773,-1.2778168160756687,66160
2026-04-01 12:09:46,13.2191,-8.8614,788.7,2140.0,15.8,9.3,9.3,65,65,9.34,36,1.6,-0.940456403667957,-1.294427190999916,66160
2026-04-01 12:09:48,13.2191,-8.8615,787.8,2150.0,15.7,9.3,9.3,66,66,9.35,37,1.6,-0.9629040370432773,-1.2778168160756687,66160
2026-04-01 12:09:50,13.219,-8.8615,787.0,2158.0,15.6,9.2,9.2,65,65,9.29,37,1.6,-0.9629040370432773,-1.2778168160756687,66160
2026-04-01 12:09:52,13.2189,-8.8615,786.1,2168.0,15.5,9.2,9.2,66,66,9.32,37,1.6,-0.9629040370432773,-1.2778168160756687,66160
2026-04-01 12:09:54,13.219,-8.8614,785.1,2179.0,15.5,9.2,9.2,66,66,9.33,39,1.6,-1.0069126256797398,-1.2434335383311534,66160
2026-04-01 12:09:56,13.219,-8.8615,784.3,2188.0,15.4,9.3,9.3,67,67,9.42,40,1.6,-1.0284601754984628,-1.225671108990365,66160
2026-04-01 12:09:58,13.219,-8.8616,783.5,2196.0,15.3,9.3,9.3,67,67,9.43,39,1.6,-1.0069126256797398,-1.2434335383311534,66160
2026-04-01 12:10:00,13.219,-8.8616,782.7,2205.0,15.2,9.3,9.3,68,68,9.45,37,1.5,-0.9027225347280724,-1.1979532650709392,66160
2026-04-01 12:10:02,13.2189,-8.8616,781.7,2215.0,15.1,9.3,9.3,68,68,9.47,37,1.4,-0.8425410324128675,-1.1180897140662098,66160
2026-04-01 12:10:04,13.2189,-8.8616,780.6,2227.0,15.0,9.3,9.3,69,69,9.49,38,1.2,-0.73879377039079,-0.9456129043280662,66160
2026-04-01 12:10:06,13.219,-8.8617,779.6,2238.0,15.0,9.3,9.3,69,69,9.49,36,1.1,-0.6465637775217205,-0.8899186938124423,66160
2026-04-01 12:10:08,13.219,-8.8617,778.7,2248.0,14.9,9.2,9.2,69,69,9.44,34,0.9,-0.5032736131236722,-0.7461338152995376,66160
2026-04-01 12:10:10,13.219,-8.8617,777.6,2260.0,14.9,9.3,9.3,69,69,9.48,33,0.8,-0.43571122801202167,-0.6709364543563393,66160
2026-04-01 12:10:12,13.2189,-8.8617,776.8,2268.0,14.8,9.2,9.2,69,69,9.46,29,0.7,-0.3393667341724359,-0.612233794997577,66160
2026-04-01 12:10:14,13.2188,-8.8618,776.1,2277.0,14.8,9.0,9.0,68,68,9.35,22,0.6,-0.22476395604954721,-0.5563103127400725,66160
2026-04-01 12:10:16,13.2188,-8.8617,775.3,2285.0,14.8,9.0,9.0,68,68,9.35,18,0.5,-0.1545084971874737,-0.47552825814757677,66160
2026-04-01 12:10:18,13.2188,-8.8618,774.6,2293.0,14.7,8.9,8.9,68,68,9.29,22,0.5,-0.187303296707956,-0.4635919272833937,66160
2026-04-01 12:10:20,13.2188,-8.8618,773.8,2302.0,14.6,8.9,8.9,68,68,9.27,25,0.5,-0.21130913087034972,-0.45315389351832497,66160
2026-04-01 12:10:22,13.2189,-8.8618,773.0,2311.0,14.6,8.9,8.9,69,69,9.27,24,0.4,-0.1626946572303201,-0.3654181830570404,66160
2026-04-01 12:10:24,13.2189,-8.8618,772.1,2320.0,14.5,8.8,8.8,69,69,9.27,22,0.3,-0.11238197802477361,-0.27815515637003624,66160
2026-04-01 12:10:26,13.2189,-8.8617,771.4,2328.0,14.5,8.9,8.9,69,69,9.29,23,0.2,-0.07814622569785476,-0.18410097069048809,66160
2026-04-01 12:10:28,13.2189,-8.8617,770.7,2335.0,14.5,8.9,8.9,69,69,9.34,0,0.0,-0.0,-0.0,66160
2026-04-01 12:10:30,13.2189,-8.8617,770.0,2343.0,14.4,8.8,8.8,69,69,9.26,219,0.1,0.06293203910498377,0.07771459614569709,66160
2026-04-01 12:10:32,13.2189,-8.8617,769.1,2353.0,14.4,8.6,8.6,68,68,9.19,217,0.2,0.12036300463040968,0.15972710200945858,66160
2026-04-01 12:10:34,13.2189,-8.8617,768.3,2362.0,14.4,8.8,8.8,69,69,9.29,217,0.4,0.24072600926081936,0.31945420401891716,66160
2026-04-01 12:10:36,13.2189,-8.8617,767.5,2371.0,14.3,8.7,8.7,69,69,9.22,220,0.5,0.3213938048432696,0.383022221559489,66160
2026-04-01 12:10:38,13.2189,-8.8617,766.5,2382.0,14.2,8.7,8.7,70,70,9.28,224,0.6,0.4167950222753984,0.4316038802031906,66160
2026-04-01 12:10:40,13.2189,-8.8617,765.6,2392.0,14.2,8.7,8.7,70,70,9.27,228,0.7,0.520201377834176,0.46839142445120063,66160
2026-04-01 12:10:42,13.2189,-8.8618,764.8,2400.0,14.2,8.7,8.7,70,70,9.3,230,0.8,0.6128355544951823,0.5142300877492316,66160
2026-04-01 12:10:44,13.2189,-8.8617,764.2,2408.0,14.2,8.8,8.8,70,70,9.36,230,0.8,0.6128355544951823,0.5142300877492316,66160
2026-04-01 12:10:46,13.2189,-8.8617,763.5,2415.0,14.2,8.8,8.8,70,70,9.36,231,0.8,0.6217167691655765,0.5034563128398702,66160
2026-04-01 12:10:56,13.219,-8.8617,763.0,2421.0,14.1,8.8,8.8,70,70,9.34,231,0.8,0.6217167691655765,0.5034563128398702,66160
2026-04-01 12:10:58,13.219,-8.8617,762.2,2429.0,13.9,8.5,8.5,70,70,9.2,239,0.8,0.6857338405616897,0.41203045992804355,66160
2026-04-01 12:11:00,13.219,-8.8616,761.5,2437.0,13.9,8.5,8.5,70,70,9.2,243,0.8,0.7128052193506943,0.3631923997916376,66160
2026-04-01 12:11:02,13.219,-8.8616,760.8,2445.0,13.8,8.5,8.5,70,70,9.17,245,0.7,0.634415450925655,0.2958327832184894,66160
2026-04-01 12:11:04,13.219,-8.8615,760.0,2454.0,13.7,8.4,8.4,70,70,9.15,247,0.7,0.6443533974167082,0.27351178994249165,66160
2026-04-01 12:11:06,13.2191,-8.8615,759.0,2465.0,13.6,8.4,8.4,71,71,9.15,249,0.8,0.7468643411977612,0.28669435963624057,66160
2026-04-01 12:11:08,13.2191,-8.8615,758.0,2476.0,13.5,8.4,8.4,71,71,9.14,249,0.8,0.7468643411977612,0.28669435963624057,66160
2026-04-01 12:11:10,13.2191,-8.8615,757.3,2484.0,13.5,8.4,8.4,71,71,9.16,247,0.8,0.7364038827619522,0.3125849027914191,66160
2026-04-01 12:11:12,13.2191,-8.8615,756.5,2493.0,13.4,8.4,8.4,72,72,9.18,246,0.8,0.7308363661140809,0.3253893144606401,66160
2026-04-01 12:11:14,13.2191,-8.8615,755.7,2502.0,13.4,8.4,8.4,72,72,9.19,248,0.8,0.7417470836534299,0.2996852747327298,66160
2026-04-01 12:11:16,13.2192,-8.8615,755.0,2510.0,13.3,8.4,8.4,72,72,9.19,247,0.8,0.7364038827619522,0.3125849027914191,66160
2026-04-01 12:11:18,13.2192,-8.8616,754.3,2518.0,13.3,8.3,8.3,72,72,9.16,247,0.8,0.7364038827619522,0.3125849027914191,66160
2026-04-01 12:11:20,13.2192,-8.8616,753.5,2526.0,13.2,8.3,8.3,72,72,9.13,249,0.8,0.7468643411977612,0.28669435963624057,66160
2026-04-01 12:11:22,13.2192,-8.8616,752.8,2534.0,13.2,8.2,8.2,72,72,9.11,255,0.7,0.6761480784023478,0.18117333157176443,66160
2026-04-01 12:11:24,13.2192,-8.8616,751.9,2544.0,13.1,8.1,8.1,71,71,9.02,263,0.6,0.5955276909847932,0.0731216060430883,66160
2026-04-01 12:11:26,13.2192,-8.8616,751.1,2553.0,13.1,7.8,7.8,70,70,8.9,267,0.5,0.4993147673772869,0.026167978121472153,66160
2026-04-01 12:11:28,13.2193,-8.8616,750.4,2561.0,13.1,7.7,7.7,70,70,8.81,275,0.4,0.39847787923669825,-0.034862297099063154,66160
2026-04-01 12:11:30,13.2193,-8.8616,749.6,2570.0,13.1,7.7,7.7,70,70,8.84,287,0.3,0.2868914267889106,-0.08771151141682101,66160
2026-04-01 12:11:32,13.2193,-8.8616,748.9,2578.0,13.1,7.7,7.7,70,70,8.81,296,0.2,0.17975880925983342,-0.08767422935781549,66160
2026-04-01 12:11:34,13.2193,-8.8616,748.2,2586.0,13.0,7.6,7.6,69,69,8.76,296,0.2,0.17975880925983342,-0.08767422935781549,66160
2026-04-01 12:11:36,13.2193,-8.8616,747.4,2595.0,13.0,7.5,7.5,69,69,8.74,293,0.1,0.09205048534524406,-0.03907311284892735,66160
2026-04-01 12:11:38,13.2193,-8.8616,746.4,2606.0,12.9,7.4,7.4,69,69,8.69,287,0.1,0.09563047559630355,-0.02923717047227367,66160
2026-04-01 12:11:40,13.2193,-8.8616,745.4,2617.0,12.8,7.3,7.3,69,69,8.63,0,0.0,-0.0,-0.0,66160
2026-04-01 12:11:42,13.2193,-8.8616,744.4,2629.0,12.7,7.2,7.2,69,69,8.61,159,0.1,-0.03583679495453002,0.09335804264972018,66160
2026-04-01 12:11:44,13.2193,-8.8616,743.4,2639.0,12.6,7.2,7.2,70,70,8.61,139,0.2,-0.13121180579810146,0.15094191604455443,66160
2026-04-01 12:11:46,13.2192,-8.8617,742.7,2648.0,12.6,7.2,7.2,69,69,8.6,131,0.2,-0.15094191604455443,0.13121180579810143,66160
2026-04-01 12:11:48,13.2192,-8.8617,742.0,2655.0,12.6,7.2,7.2,70,70,8.61,124,0.3,-0.2487112717665125,0.167757871041224,66160
2026-04-01 12:11:50,13.2192,-8.8616,741.3,2664.0,12.5,7.1,7.1,70,70,8.59,118,0.5,-0.44147379642946344,0.23473578139294546,66160
2026-04-01 12:11:52,13.2193,-8.8616,740.7,2670.0,12.4,7.1,7.1,70,70,8.6,116,0.7,-0.6291558324094169,0.30685980275235425,66160
2026-04-01 12:11:54,13.2192,-8.8616,740.0,2678.0,12.4,7.1,7.1,70,70,8.61,114,0.9,-0.8221909118783408,0.36606297876822025,66160
2026-04-01 12:11:56,13.2192,-8.8616,739.3,2686.0,12.4,7.2,7.2,71,71,8.67,112,1.0,-0.9271838545667874,0.37460659341591207,66160
2026-04-01 12:11:58,13.2192,-8.8616,738.6,2694.0,12.3,7.3,7.3,72,72,8.72,111,1.1,-1.026938469146922,0.39420474449983034,66160
2026-04-01 12:12:00,13.2192,-8.8616,737.8,2703.0,12.2,7.2,7.2,72,72,8.69,108,1.2,-1.1412678195541843,0.3708203932499368,66160
2026-04-01 12:12:02,13.2192,-8.8616,737.2,2710.0,12.1,7.3,7.3,72,72,8.73,106,1.3,-1.2496402047198145,0.3583285625620988,66160
2026-04-01 12:12:04,13.2192,-8.8616,736.4,2720.0,12.1,7.3,7.3,73,73,8.76,105,1.3,-1.255703574175789,0.33646475863327713,66160
2026-04-01 12:12:06,13.2193,-8.8615,735.8,2726.0,12.0,7.7,7.7,75,75,8.99,105,1.4,-1.3522961568046956,0.36234666314352915,66160
2026-04-01 12:12:08,13.2193,-8.8616,735.1,2735.0,11.9,7.7,7.7,76,76,9.01,105,1.5,-1.4488887394336025,0.3882285676537813,66160
2026-04-01 12:12:10,13.2192,-8.8616,734.3,2744.0,11.8,7.9,7.9,77,77,9.12,105,1.5,-1.4488887394336025,0.3882285676537813,66160
2026-04-01 12:12:12,13.2191,-8.8615,733.3,2755.0,11.7,8.1,8.1,79,79,9.3,104,1.5,-1.4554435894139948,0.36288284339950166,66160
2026-04-01 12:12:14,13.219,-8.8615,732.4,2766.0,11.7,8.2,8.2,79,79,9.38,103,1.6,-1.5589921036563765,0.35992168695018406,66160
2026-04-01 12:12:16,13.219,-8.8614,731.8,2772.0,11.6,8.4,8.4,80,80,9.48,104,1.6,-1.5524731620415944,0.3870750329594685,66160
2026-04-01 12:12:18,13.219,-8.8614,731.2,2779.0,11.6,8.4,8.4,81,81,9.54,105,1.7,-1.6420739046914161,0.4399923766742854,66160
2026-04-01 12:12:20,13.2189,-8.8615,730.5,2787.0,11.6,8.5,8.5,81,81,9.55,106,1.7,-1.6341448830951422,0.4685835048888984,66160
2026-04-01 12:12:22,13.2189,-8.8615,729.9,2794.0,11.6,8.5,8.5,81,81,9.57,107,1.7,-1.6257180851371604,0.49703189802865233,66160
2026-04-01 12:12:24,13.2188,-8.8615,729.2,2801.0,11.5,8.5,8.5,81,81,9.58,107,1.7,-1.6257180851371604,0.49703189802865233,66160
2026-04-01 12:12:32,13.2187,-8.8614,728.5,2809.0,11.5,8.5,8.5,82,82,9.59,107,1.8,-1.721348560733464,0.526269068500926,66160
2026-04-01 12:12:34,13.2187,-8.8614,728.0,2815.0,11.3,8.2,8.2,81,81,9.41,99,1.9,-1.8766078471307617,0.2972254835764385,66160
2026-04-01 12:12:36,13.2186,-8.8613,727.1,2826.0,11.3,8.2,8.2,81,81,9.41,98,1.9,-1.8815093306089836,0.26442889182412416,66160
2026-04-01 12:12:38,13.2186,-8.8613,726.3,2835.0,11.3,7.8,7.8,79,79,9.19,97,1.9,-1.885837688118512,0.23155175246978,66160
2026-04-01 12:12:40,13.2185,-8.8614,725.4,2846.0,11.3,7.7,7.7,78,78,9.15,95,1.9,-1.8927699263743165,0.16559591122055065,66160
2026-04-01 12:12:42,13.2185,-8.8614,724.5,2856.0,11.2,7.5,7.5,78,78,8.99,93,1.9,-1.8973961160336903,0.0994383168615933,66160
2026-04-01 12:12:44,13.2185,-8.8614,723.4,2868.0,11.3,7.3,7.3,76,76,8.92,91,1.8,-1.7997258512815044,0.03141433158711026,66160
2026-04-01 12:12:46,13.2185,-8.8613,722.7,2877.0,11.3,7.1,7.1,75,75,8.79,87,1.7,-1.6976702090827755,-0.08897112561300474,66160
2026-04-01 12:12:48,13.2185,-8.8613,721.9,2886.0,11.2,6.8,6.8,74,74,8.65,84,1.6,-1.5912350325892373,-0.16724554122824553,66160
2026-04-01 12:12:50,13.2185,-8.8613,720.9,2897.0,11.1,6.8,6.8,75,75,8.63,80,1.5,-1.477211629518312,-0.2604722665003956,66160
2026-04-01 12:12:52,13.2184,-8.8614,720.2,2906.0,11.1,6.7,6.7,74,74,8.59,78,1.5,-1.4672214011007083,-0.3118675362266392,66160
2026-04-01 12:12:54,13.2184,-8.8614,719.3,2916.0,11.0,6.6,6.6,74,74,8.52,74,1.4,-1.3457663743136463,-0.38589229814379883,66160
2026-04-01 12:12:56,13.2184,-8.8614,718.5,2925.0,11.0,6.5,6.5,74,74,8.49,70,1.4,-1.3155696691002716,-0.47882820065593634,66160
2026-04-01 12:12:58,13.2184,-8.8614,717.7,2935.0,11.0,6.3,6.3,73,73,8.4,67,1.4,-1.2887067948334165,-0.5470235798849832,66160
2026-04-01 12:13:00,13.2184,-8.8614,716.8,2946.0,10.9,6.3,6.3,73,73,8.39,64,1.4,-1.2583116648188337,-0.6137196055047084,66160
2026-04-01 12:13:02,13.2184,-8.8614,715.9,2956.0,10.9,6.2,6.2,73,73,8.36,59,1.5,-1.2857509510531684,-0.7725571123650812,66160
2026-04-01 12:13:04,13.2183,-8.8615,715.1,2965.0,10.8,6.1,6.1,73,73,8.32,55,1.6,-1.310643270862387,-0.9177222981616737,66160
2026-04-01 12:13:06,13.2183,-8.8615,714.2,2975.0,10.7,6.1,6.1,73,73,8.31,52,1.7,-1.3396182811314274,-1.0466245080536192,66160
2026-04-01 12:13:08,13.2183,-8.8615,713.4,2985.0,10.7,6.1,6.1,74,74,8.34,50,1.8,-1.3788799976141604,-1.1570176974357709,66160
2026-04-01 12:13:10,13.2184,-8.8616,712.6,2994.0,10.6,6.1,6.1,74,74,8.32,48,1.9,-1.411975168407049,-1.2713481520818306,66160
2026-04-01 12:13:12,13.2184,-8.8616,711.9,3003.0,10.5,6.1,6.1,74,74,8.31,47,1.9,-1.3895720330764239,-1.295796884118747,66160
2026-04-01 12:13:14,13.2183,-8.8616,711.1,3012.0,10.4,6.0,6.0,74,74,8.3,46,1.9,-1.366745620643437,-1.3198509038720947,66160
2026-04-01 12:13:16,13.2183,-8.8616,710.4,3020.0,10.4,6.0,6.0,74,74,8.3,45,1.8,-1.2727922061357855,-1.2727922061357857,66160
2026-04-01 12:13:18,13.2182,-8.8617,709.7,3028.0,10.3,6.0,6.0,74,74,8.27,45,1.8,-1.2727922061357855,-1.2727922061357857,66160
2026-04-01 12:13:20,13.2182,-8.8617,708.9,3037.0,10.2,5.9,5.9,75,75,8.27,45,1.8,-1.2727922061357855,-1.2727922061357857,66160
2026-04-01 12:13:22,13.2182,-8.8617,708.2,3046.0,10.2,5.9,5.9,75,75,8.24,45,1.8,-1.2727922061357855,-1.2727922061357857,66160
2026-04-01 12:13:24,13.2182,-8.8618,707.4,3056.0,10.1,5.8,5.8,74,74,8.2,44,1.9,-1.3198509038720947,-1.3667456206434372,66160
2026-04-01 12:13:26,13.2182,-8.8618,706.6,3065.0,10.1,5.7,5.7,74,74,8.17,44,2.0,-1.3893167409179945,-1.4386796006773024,66160
2026-04-01 12:13:28,13.2181,-8.8619,705.8,3074.0,10.1,5.6,5.6,74,74,8.11,44,2.0,-1.3893167409179945,-1.4386796006773024,66160
2026-04-01 12:13:30,13.218,-8.8619,705.1,3083.0,10.0,5.6,5.6,74,74,8.1,44,2.1,-1.4587825779638943,-1.5106135807111676,66160
2026-04-01 12:13:32,13.218,-8.8619,704.2,3093.0,9.9,5.5,5.5,74,74,8.09,43,2.2,-1.5003963921374968,-1.608978143562175,66160
2026-04-01 12:13:34,13.218,-8.8619,703.3,3104.0,9.9,5.5,5.5,74,74,8.08,42,2.2,-1.4720873339894882,-1.6349186160502676,66160
2026-04-01 12:13:36,13.2181,-8.8619,702.4,3114.0,9.8,5.5,5.5,75,75,8.1,42,2.3,-1.5390003946253739,-1.7092330985980067,66160
2026-04-01 12:13:38,13.2181,-8.8619,701.6,3124.0,9.7,5.6,5.6,75,75,8.14,43,2.3,-1.5685962281437464,-1.682113513724092,66160
2026-04-01 12:13:40,13.218,-8.862,700.6,3136.0,9.6,5.5,5.5,75,75,8.1,42,2.4,-1.6059134552612597,-1.7835475811457462,66160
2026-04-01 12:13:42,13.2179,-8.862,700.0,3143.0,9.6,5.6,5.6,77,77,8.2,41,2.3,-1.5089357666781666,-1.7358320345123754,66160
2026-04-01 12:13:44,13.2179,-8.862,699.2,3152.0,9.5,5.7,5.7,77,77,8.24,41,2.3,-1.5089357666781666,-1.7358320345123754,66160
2026-04-01 12:13:46,13.2179,-8.862,698.4,3162.0,9.5,5.8,5.8,78,78,8.29,41,2.3,-1.5089357666781666,-1.7358320345123754,66160
2026-04-01 12:13:48,13.2179,-8.8621,697.8,3170.0,9.4,5.6,5.6,77,77,8.22,40,2.3,-1.47841150227904,-1.7619022191736493,66160
2026-04-01 12:13:50,13.2179,-8.8622,697.0,3178.0,9.4,5.5,5.5,76,76,8.14,40,2.3,-1.47841150227904,-1.7619022191736493,66160
2026-04-01 12:13:52,13.2178,-8.8622,696.3,3187.0,9.4,5.3,5.3,76,76,8.08,41,2.3,-1.5089357666781666,-1.7358320345123754,66160
2026-04-01 12:13:54,13.2177,-8.8622,695.6,3196.0,9.3,5.3,5.3,76,76,8.05,42,2.3,-1.5390003946253739,-1.7092330985980067,66160
2026-04-01 12:13:56,13.2177,-8.8623,695.0,3203.0,9.3,5.3,5.3,76,76,8.05,44,2.3,-1.5977142520556935,-1.6544815407788975,66160
2026-04-01 12:13:58,13.2177,-8.8623,694.4,3210.0,9.3,5.3,5.3,76,76,8.06,46,2.3,-1.6544815407788973,-1.5977142520556935,66160
2026-04-01 12:14:00,13.2177,-8.8624,693.7,3218.0,9.3,5.1,5.1,75,75,7.95,48,2.4,-1.7835475811457462,-1.6059134552612597,66160
2026-04-01 12:14:02,13.2177,-8.8624,693.1,3226.0,9.4,4.8,4.8,73,73,7.83,50,2.4,-1.8385066634855471,-1.5426902632476944,66160
2026-04-01 12:14:04,13.2176,-8.8624,692.3,3235.0,9.4,4.9,4.9,74,74,7.86,51,2.4,-1.8651503074967302,-1.5103689385196097,66160
2026-04-01 12:14:06,13.2176,-8.8624,691.5,3244.0,9.2,4.8,4.8,74,74,7.83,52,2.5,-1.970026884016805,-1.5391536883141457,66160
2026-04-01 12:14:08,13.2176,-8.8625,690.6,3255.0,9.2,4.8,4.8,74,74,7.82,52,2.4,-1.8912258086561327,-1.47758754078158,66160
2026-04-01 12:14:10,13.2176,-8.8626,689.7,3266.0,9.1,4.6,4.6,73,73,7.76,53,2.4,-1.9167252241135027,-1.4443560555649158,66160
2026-04-01 12:14:12,13.2175,-8.8626,688.9,3275.0,9.2,4.9,4.9,74,74,7.89,54,2.4,-1.9416407864998737,-1.4106846055019355,66160
2026-04-01 12:14:14,13.2174,-8.8627,688.2,3284.0,9.1,4.9,4.9,75,75,7.91,55,2.4,-1.9659649062935802,-1.3765834472425105,66160
2026-04-01 12:14:16,13.2174,-8.8626,687.4,3293.0,9.1,4.9,4.9,75,75,7.93,57,2.3,-1.9289423062744753,-1.2526697805345621,66160
2026-04-01 12:14:18,13.2174,-8.8626,686.8,3302.0,9.0,4.8,4.8,75,75,7.88,61,2.3,-2.01162532642061,-1.1150621265665752,66160
2026-04-01 12:14:20,13.2173,-8.8626,686.1,3310.0,8.9,4.7,4.7,75,75,7.84,64,2.3,-2.0672263064880836,-1.008253637614878,66160
2026-04-01 12:14:22,13.2173,-8.8626,685.2,3320.0,8.8,4.6,4.6,75,75,7.81,66,2.3,-2.101154552577982,-0.9354942790743404,66160
2026-04-01 12:14:24,13.2173,-8.8626,684.5,3329.0,8.7,4.5,4.5,75,75,7.77,68,2.3,-2.132522865503611,-0.8615951648565975,66160
2026-04-01 12:14:26,13.2172,-8.8626,683.9,3337.0,8.7,4.5,4.5,75,75,7.74,71,2.3,-2.174692723878428,-0.7488067552514605,66160
2026-04-01 12:14:28,13.2171,-8.8626,683.3,3344.0,8.7,4.5,4.5,75,75,7.73,72,2.4,-2.282535639108368,-0.7416407864998739,66160
2026-04-01 12:14:30,13.2171,-8.8627,682.7,3351.0,8.6,4.4,4.4,75,75,7.7,73,2.4,-2.295131414311285,-0.7016920913345682,66160
2026-04-01 12:14:32,13.2171,-8.8627,682.2,3357.0,8.5,4.4,4.4,75,75,7.71,75,2.5,-2.4148145657226707,-0.6470476127563018,66160
2026-04-01 12:14:34,13.2171,-8.8627,681.6,3365.0,8.5,4.4,4.4,75,75,7.71,76,2.5,-2.425739315689991,-0.6048047389991692,66160
2026-04-01 12:14:36,13.217,-8.8627,681.0,3372.0,8.5,4.3,4.3,75,75,7.66,79,2.6,-2.5522306769639265,-0.4961033879790168,66160
2026-04-01 12:14:38,13.217,-8.8627,680.4,3378.0,8.4,4.2,4.2,75,75,7.61,80,2.6,-2.560500157831741,-0.4514852619340191,66160
2026-04-01 12:14:40,13.2169,-8.8627,679.9,3385.0,8.4,4.1,4.1,74,74,7.59,82,2.6,-2.574696978728083,-0.36185006249617024,66160
2026-04-01 12:14:42,13.2169,-8.8628,679.4,3391.0,8.4,4.1,4.1,74,74,7.56,82,2.6,-2.574696978728083,-0.36185006249617024,66160
2026-04-01 12:14:44,13.2168,-8.8628,678.9,3397.0,8.4,4.0,4.0,74,74,7.56,82,2.6,-2.574696978728083,-0.36185006249617024,66160
2026-04-01 12:14:52,13.2168,-8.8627,678.2,3406.0,8.4,4.1,4.1,74,74,7.57,81,2.6,-2.5679896855473583,-0.40672960910460043,66160
2026-04-01 12:14:54,13.2167,-8.8627,677.4,3415.0,8.1,4.0,4.0,75,75,7.53,82,2.7,-2.67372378560224,-0.3757673725921768,66160
2026-04-01 12:14:56,13.2166,-8.8627,676.8,3422.0,8.0,3.9,3.9,75,75,7.53,83,2.6,-2.5806199942674373,-0.31686029285338346,66160
2026-04-01 12:14:58,13.2165,-8.8628,676.1,3431.0,8.0,3.9,3.9,75,75,7.5,83,2.6,-2.5806199942674373,-0.31686029285338346,66160
2026-04-01 12:15:00,13.2164,-8.8628,675.3,3441.0,7.9,3.9,3.9,76,76,7.52,84,2.6,-2.5857569279575108,-0.271774004495899,66160
2026-04-01 12:15:02,13.2164,-8.8628,674.6,3449.0,7.9,3.9,3.9,76,76,7.52,85,2.6,-2.5901062150385386,-0.22660493114391117,66160
2026-04-01 12:15:04,13.2163,-8.8628,673.8,3459.0,7.8,3.9,3.9,76,76,7.53,85,2.6,-2.5901062150385386,-0.22660493114391117,66160
2026-04-01 12:15:06,13.2162,-8.8628,672.9,3470.0,7.8,3.9,3.9,76,76,7.52,86,2.7,-2.6934229357015256,-0.18834247910913815,66160
2026-04-01 12:15:08,13.2162,-8.8628,672.0,3482.0,7.6,3.7,3.7,76,76,7.47,87,2.7,-2.6962997438373497,-0.14130708185594873,66160
2026-04-01 12:15:10,13.2161,-8.8628,670.9,3495.0,7.6,3.7,3.7,77,77,7.48,88,2.8,-2.798294315653468,-0.09771859076700302,66160
2026-04-01 12:15:12,13.216,-8.8628,669.9,3507.0,7.6,3.7,3.7,77,77,7.5,88,2.8,-2.798294315653468,-0.09771859076700302,66160
2026-04-01 12:15:14,13.216,-8.8627,669.3,3514.0,7.6,3.8,3.8,77,77,7.51,88,2.8,-2.798294315653468,-0.09771859076700302,66160
2026-04-01 12:15:16,13.216,-8.8627,668.7,3522.0,7.5,3.8,3.8,77,77,7.52,88,2.7,-2.6983552329515588,-0.09422864109675293,66160
2026-04-01 12:15:18,13.216,-8.8627,668.1,3529.0,7.5,3.7,3.7,77,77,7.5,89,2.7,-2.6995887769222566,-0.04712149738066572,66160
2026-04-01 12:15:20,13.216,-8.8627,667.6,3536.0,7.4,3.7,3.7,77,77,7.48,89,2.6,-2.5996040074066173,-0.045376256736937355,66160
2026-04-01 12:15:22,13.2159,-8.8627,667.0,3543.0,7.3,3.6,3.6,77,77,7.46,90,2.5,-2.5,-1.5308084989341916e-16,66160
2026-04-01 12:15:24,13.2158,-8.8627,666.3,3551.0,7.2,3.5,3.5,77,77,7.42,91,2.4,-2.399634468375339,0.04188577544948034,66160
2026-04-01 12:15:26,13.2158,-8.8627,665.5,3562.0,7.2,3.5,3.5,77,77,7.42,92,2.4,-2.39853798484583,0.08375879208600229,66160
2026-04-01 12:15:28,13.2157,-8.8627,664.8,3570.0,7.1,3.5,3.5,78,78,7.42,93,2.4,-2.396710883410977,0.12560629498306522,66160
2026-04-01 12:15:30,13.2157,-8.8628,664.2,3578.0,7.1,3.5,3.5,78,78,7.45,94,2.3,-2.2943973155975956,0.16043988961148825,66160
2026-04-01 12:15:32,13.2156,-8.8627,663.6,3585.0,7.1,3.5,3.5,78,78,7.42,96,2.3,-2.2874003593470285,0.24041546551560317,66160
2026-04-01 12:15:34,13.2155,-8.8627,663.1,3591.0,7.0,3.4,3.4,78,78,7.42,97,2.3,-2.2828561487750405,0.28029948983183894,66160
2026-04-01 12:15:36,13.2155,-8.8627,662.4,3600.0,7.0,3.5,3.5,78,78,7.43,98,2.2,-2.178589751231455,0.3061808221121438,66160
2026-04-01 12:15:38,13.2155,-8.8627,661.7,3609.0,6.9,3.4,3.4,79,79,7.42,98,2.2,-2.178589751231455,0.3061808221121438,66160
2026-04-01 12:15:40,13.2155,-8.8627,661.0,3617.0,6.8,3.4,3.4,79,79,7.41,98,2.2,-2.178589751231455,0.3061808221121438,66160
2026-04-01 12:15:42,13.2154,-8.8627,660.4,3625.0,6.7,3.4,3.4,79,79,7.4,98,2.3,-2.2776165581056116,0.3200981322081503,66160
2026-04-01 12:15:44,13.2154,-8.8627,659.7,3633.0,6.7,3.3,3.3,79,79,7.39,98,2.3,-2.2776165581056116,0.3200981322081503,66160
2026-04-01 12:15:46,13.2154,-8.8627,659.1,3641.0,6.6,3.3,3.3,79,79,7.38,99,2.3,-2.271683183368817,0.35979926959253083,66160
2026-04-01 12:15:48,13.2153,-8.8627,658.4,3649.0,6.5,3.3,3.3,80,80,7.37,100,2.3,-2.265057831928078,0.39939080863393966,66160
2026-04-01 12:15:50,13.2153,-8.8627,657.7,3659.0,6.4,3.2,3.2,80,80,7.35,100,2.3,-2.265057831928078,0.39939080863393966,66160
2026-04-01 12:15:52,13.2152,-8.8626,656.9,3669.0,6.3,3.2,3.2,80,80,7.34,101,2.3,-2.257742521929627,0.438860689366053,66160
2026-04-01 12:15:54,13.2152,-8.8626,656.2,3677.0,6.3,3.2,3.2,80,80,7.34,102,2.3,-2.2497394816877527,0.47819688888084644,66160
2026-04-01 12:15:56,13.2152,-8.8626,655.5,3686.0,6.3,3.2,3.2,81,81,7.37,102,2.2,-2.151924721614373,0.4574057197990706,66160
2026-04-01 12:15:58,13.2152,-8.8625,655.1,3692.0,6.1,3.1,3.1,81,81,7.35,103,2.2,-2.1436141425275177,0.4948923195565031,66160
2026-04-01 12:16:00,13.2151,-8.8625,654.5,3699.0,6.1,3.1,3.1,81,81,7.33,104,2.2,-2.1346505978071924,0.5322281703192692,66160
2026-04-01 12:16:02,13.215,-8.8625,653.7,3708.0,6.0,3.1,3.1,82,82,7.34,106,2.2,-2.114775731064302,0.606402182797398,66160
2026-04-01 12:16:04,13.2149,-8.8625,653.3,3714.0,5.9,3.1,3.1,82,82,7.33,108,2.3,-2.187429987478853,0.7107390870623789,66160
2026-04-01 12:16:06,13.2149,-8.8624,652.6,3722.0,5.9,3.1,3.1,82,82,7.35,109,2.3,-2.1746927238784286,0.7488067552514602,66160
2026-04-01 12:16:08,13.2149,-8.8624,652.0,3730.0,5.8,3.1,3.1,83,83,7.37,110,2.4,-2.25526228988618,0.8208483439816049,66160
2026-04-01 12:16:10,13.2148,-8.8624,651.4,3737.0,5.8,3.2,3.2,83,83,7.4,110,2.5,-2.3492315519647713,0.8550503583141718,66160
2026-04-01 12:16:12,13.2148,-8.8624,650.9,3744.0,5.7,3.2,3.2,84,84,7.4,109,2.6,-2.4583482965582237,0.8464772015886073,66160
2026-04-01 12:16:14,13.2147,-8.8624,650.2,3753.0,5.6,3.1,3.1,84,84,7.39,109,2.6,-2.4583482965582237,0.8464772015886073,66160
2026-04-01 12:16:16,13.2147,-8.8624,649.6,3761.0,5.6,3.1,3.1,84,84,7.4,108,2.7,-2.567852593996915,0.8343458848123578,66160
2026-04-01 12:16:18,13.2146,-8.8624,649.0,3768.0,5.5,3.1,3.1,84,84,7.39,108,2.7,-2.567852593996915,0.8343458848123578,66160
2026-04-01 12:16:20,13.2146,-8.8624,648.4,3775.0,5.4,3.0,3.0,85,85,7.37,109,2.8,-2.647452011678087,0.9115908324800386,66160
2026-04-01 12:16:22,13.2145,-8.8624,647.7,3785.0,5.3,3.0,3.0,85,85,7.36,110,2.9,-2.7251086002791345,0.9918584156444392,66160
2026-04-01 12:16:24,13.2145,-8.8624,647.0,3793.0,5.2,3.0,3.0,85,85,7.36,111,3.0,-2.8007412794916053,1.0751038486359008,66160
2026-04-01 12:16:26,13.2145,-8.8623,646.2,3804.0,5.1,3.0,3.0,86,86,7.36,111,3.0,-2.8007412794916053,1.0751038486359008,66160
2026-04-01 12:16:28,13.2145,-8.8623,645.6,3811.0,5.1,3.0,3.0,86,86,7.38,112,3.0,-2.7815515637003623,1.1238197802477363,66160
2026-04-01 12:16:30,13.2144,-8.8622,644.9,3820.0,5.0,3.0,3.0,87,87,7.37,112,2.9,-2.6888331782436836,1.086359120906145,66160
2026-04-01 12:16:32,13.2143,-8.8622,644.3,3828.0,4.9,2.9,2.9,87,87,7.36,112,2.9,-2.6888331782436836,1.086359120906145,66160
2026-04-01 12:16:34,13.2142,-8.8622,643.7,3835.0,4.8,2.9,2.9,87,87,7.37,111,2.9,-2.707383236841885,1.0392670536813708,66160
2026-04-01 12:16:36,13.2141,-8.8622,643.0,3843.0,4.8,3.0,3.0,88,88,7.39,111,2.9,-2.707383236841885,1.0392670536813708,66160
2026-04-01 12:16:38,13.2141,-8.8622,642.4,3851.0,4.7,2.9,2.9,88,88,7.38,112,2.9,-2.6888331782436836,1.086359120906145,66160
2026-04-01 12:16:40,13.2141,-8.8622,641.7,3860.0,4.7,2.9,2.9,88,88,7.38,113,3.0,-2.7615145603573206,1.1721933854678213,66160
2026-04-01 12:16:42,13.2139,-8.8621,640.9,3870.0,4.6,2.9,2.9,89,89,7.37,115,3.0,-2.71892336110995,1.267854785222098,66160
2026-04-01 12:16:44,13.2138,-8.862,640.3,3878.0,4.6,2.9,2.9,89,89,7.4,116,3.0,-2.696382138897501,1.3151134403672327,66160
2026-04-01 12:16:46,13.2137,-8.862,639.8,3885.0,4.7,3.0,3.0,89,89,7.44,117,3.0,-2.673019572565104,1.3619714992186402,66160
2026-04-01 12:16:48,13.2137,-8.8619,639.1,3893.0,4.6,2.9,2.9,89,89,7.42,117,3.1,-2.7621202249839407,1.407370549192595,66160
2026-04-01 12:16:50,13.2137,-8.8619,638.4,3902.0,4.5,2.9,2.9,89,89,7.41,117,3.1,-2.7621202249839407,1.407370549192595,66160
2026-04-01 12:16:52,13.2137,-8.8619,637.8,3910.0,4.5,2.9,2.9,89,89,7.39,117,3.2,-2.8512208774027776,1.4527695991665497,66160
2026-04-01 12:16:54,13.2137,-8.8619,637.1,3919.0,4.4,2.8,2.8,89,89,7.38,117,3.2,-2.8512208774027776,1.4527695991665497,66160
2026-04-01 12:16:56,13.2136,-8.8619,636.5,3927.0,4.4,2.8,2.8,89,89,7.38,117,3.2,-2.8512208774027776,1.4527695991665497,66160
2026-04-01 12:16:58,13.2135,-8.8619,635.9,3935.0,4.3,2.7,2.7,90,90,7.36,118,3.2,-2.8254322971485664,1.502309000914851,66160
2026-04-01 12:17:00,13.2135,-8.8619,635.2,3944.0,4.2,2.7,2.7,90,90,7.34,118,3.2,-2.8254322971485664,1.502309000914851,66160
2026-04-01 12:17:02,13.2134,-8.8618,634.5,3952.0,4.2,2.7,2.7,90,90,7.33,118,3.2,-2.8254322971485664,1.502309000914851,66160
2026-04-01 12:17:04,13.2135,-8.8618,634.0,3959.0,4.1,2.6,2.6,90,90,7.32,118,3.2,-2.8254322971485664,1.502309000914851,66160
2026-04-01 12:17:06,13.2135,-8.8618,633.6,3964.0,4.1,2.6,2.6,90,90,7.33,119,3.2,-2.798783062846067,1.5513907847882784,66160
2026-04-01 12:17:08,13.2134,-8.8618,633.1,3970.0,4.0,2.6,2.6,91,91,7.33,119,3.1,-2.711321092132127,1.5029098227636448,66160
2026-04-01 12:17:10,13.2133,-8.8617,632.7,3976.0,4.0,2.6,2.6,91,91,7.32,120,3.1,-2.68467875173176,1.5499999999999996,66160
2026-04-01 12:17:12,13.2132,-8.8617,632.2,3982.0,4.0,2.6,2.6,91,91,7.32,120,3.0,-2.598076211353316,1.4999999999999996,66160
2026-04-01 12:17:14,13.2132,-8.8616,631.7,3988.0,4.0,2.6,2.6,91,91,7.33,120,2.9,-2.511473670974872,1.4499999999999995,66160
2026-04-01 12:17:16,13.2132,-8.8616,631.2,3994.0,4.0,2.6,2.6,90,90,7.32,120,2.9,-2.511473670974872,1.4499999999999995,66160
2026-04-01 12:17:18,13.2131,-8.8616,630.7,4001.0,4.0,2.5,2.5,90,90,7.3,119,2.9,-2.5363971507042478,1.4059478987143772,66160
2026-04-01 12:17:20,13.213,-8.8616,630.3,4007.0,4.0,2.5,2.5,90,90,7.31,119,2.9,-2.5363971507042478,1.4059478987143772,66160
2026-04-01 12:17:22,13.213,-8.8615,629.7,4015.0,4.0,2.5,2.5,90,90,7.29,119,2.9,-2.5363971507042478,1.4059478987143772,66160
2026-04-01 12:17:24,13.2129,-8.8615,629.2,4021.0,3.9,2.4,2.4,90,90,7.25,120,3.0,-2.598076211353316,1.4999999999999996,66160
2026-04-01 12:17:26,13.2129,-8.8614,628.6,4028.0,3.9,2.4,2.4,90,90,7.24,121,3.0,-2.571501902106337,1.5451142247301628,66160
2026-04-01 12:17:28,13.2128,-8.8614,628.1,4035.0,3.8,2.3,2.3,90,90,7.22,123,3.0,-2.516011703836272,1.6339171050450816,66160
2026-04-01 12:17:30,13.2127,-8.8614,627.6,4042.0,3.7,2.2,2.2,90,90,7.19,124,3.0,-2.4871127176651253,1.6775787104122402,66160
2026-04-01 12:17:32,13.2127,-8.8614,627.0,4050.0,3.7,2.2,2.2,90,90,7.17,125,3.0,-2.457456132866975,1.7207293090531386,66160
2026-04-01 12:17:34,13.2126,-8.8614,626.2,4059.0,3.8,2.2,2.2,90,90,7.2,125,3.0,-2.457456132866975,1.7207293090531386,66160
2026-04-01 12:17:36,13.2126,-8.8613,625.5,4069.0,3.7,2.2,2.2,90,90,7.19,126,2.9,-2.3461492836873474,1.7045772316481718,66160
2026-04-01 12:17:38,13.2126,-8.8613,624.7,4079.0,3.6,2.1,2.1,90,90,7.14,126,2.9,-2.3461492836873474,1.7045772316481718,66160
2026-04-01 12:17:40,13.2126,-8.8612,624.0,4088.0,3.5,2.1,2.1,90,90,7.15,127,2.8,-2.2361794281324197,1.6850820648257354,66160
2026-04-01 12:17:42,13.2125,-8.8612,623.4,4097.0,3.5,2.1,2.1,90,90,7.16,128,2.8,-2.2064301100988213,1.723852130911843,66160
2026-04-01 12:17:44,13.2124,-8.8612,622.7,4105.0,3.5,2.0,2.0,90,90,7.15,128,2.7,-2.1276290347381495,1.6622859833792776,66160
2026-04-01 12:17:46,13.2124,-8.8612,622.1,4113.0,3.4,2.0,2.0,91,91,7.15,128,2.6,-2.048827959377477,1.6007198358467116,66160
2026-04-01 12:17:48,13.2124,-8.8612,621.4,4123.0,3.4,2.0,2.0,91,91,7.16,129,2.5,-1.9428649036424275,1.5733009776245932,66160
2026-04-01 12:17:50,13.2123,-8.8611,620.8,4130.0,3.3,2.0,2.0,91,91,7.13,130,2.5,-1.915111107797445,1.6069690242163484,66160
2026-04-01 12:17:52,13.2123,-8.861,620.2,4138.0,3.2,2.0,2.0,92,92,7.17,131,2.4,-1.811302992534653,1.5745416695772172,66160
2026-04-01 12:17:54,13.2122,-8.8611,619.7,4145.0,3.2,2.1,2.1,92,92,7.21,132,2.4,-1.7835475811457462,1.6059134552612597,66160
2026-04-01 12:17:56,13.2122,-8.8611,619.0,4154.0,3.2,2.1,2.1,92,92,7.22,134,2.4,-1.7264155208127625,1.6671800891015935,66160
2026-04-01 12:17:58,13.2122,-8.861,618.4,4162.0,3.2,2.1,2.1,93,93,7.22,136,2.4,-1.667180089101593,1.7264155208127632,66160
2026-04-01 12:18:00,13.2122,-8.8609,617.8,4169.0,3.1,2.0,2.0,93,93,7.18,138,2.3,-1.5390003946253743,1.7092330985980062,66160
2026-04-01 12:18:02,13.2122,-8.8609,617.3,4176.0,3.0,2.0,2.0,93,93,7.17,139,2.3,-1.5089357666781666,1.7358320345123754,66160
2026-04-01 12:18:04,13.2122,-8.8609,616.7,4184.0,2.9,1.9,1.9,93,93,7.15,140,2.3,-1.4784115022790407,1.761902219173649,66160
2026-04-01 12:18:10,13.2122,-8.8609,616.1,4192.0,2.9,1.9,1.9,93,93,7.13,140,2.3,-1.4784115022790407,1.761902219173649,66160
2026-04-01 12:18:12,13.2122,-8.8609,615.5,4200.0,2.7,1.6,1.6,93,93,7.0,143,2.1,-1.2638115486193011,1.6771345710993153,66160
2026-04-01 12:18:14,13.2123,-8.8609,614.4,4215.0,2.6,1.6,1.6,93,93,7.01,144,2.0,-1.1755705045849465,1.6180339887498947,66160
2026-04-01 12:18:16,13.2122,-8.8608,613.3,4229.0,2.6,1.5,1.5,92,92,6.97,147,2.0,-1.0892780700300546,1.6773411358908479,66160
2026-04-01 12:18:18,13.2121,-8.8608,612.5,4239.0,2.6,1.5,1.5,92,92,6.98,150,1.9,-0.9499999999999998,1.6454482671904336,66160
2026-04-01 12:18:20,13.2121,-8.8608,611.8,4249.0,2.6,1.5,1.5,92,92,6.97,151,1.9,-0.9211382784680405,1.6617774435648518,66160
2026-04-01 12:18:22,13.2122,-8.8607,610.9,4260.0,2.5,1.4,1.4,93,93,6.96,151,2.0,-0.9696192404926743,1.7492394142787915,66160
2026-04-01 12:18:24,13.2121,-8.8607,610.1,4272.0,2.4,1.4,1.4,93,93,6.94,154,2.0,-0.8767422935781546,1.797588092598334,66160
2026-04-01 12:18:26,13.2121,-8.8606,609.4,4281.0,2.4,1.3,1.3,93,93,6.94,158,2.1,-0.7866738461734157,1.9470860945902535,66160
2026-04-01 12:18:28,13.2121,-8.8606,608.6,4291.0,2.3,1.2,1.2,93,93,6.89,160,2.1,-0.7182423009839046,1.9733545036504077,66160
2026-04-01 12:18:30,13.2121,-8.8606,607.8,4302.0,2.2,1.2,1.2,93,93,6.87,162,2.1,-0.6489356881873898,1.9972186842198225,66160
2026-04-01 12:18:32,13.2121,-8.8606,607.2,4309.0,2.1,1.1,1.1,93,93,6.87,164,2.1,-0.5788384472156984,2.0186495614704696,66160
2026-04-01 12:18:34,13.2121,-8.8605,606.6,4318.0,2.1,1.1,1.1,93,93,6.87,167,2.0,-0.4499021086877304,1.9487401295704703,66160
2026-04-01 12:18:36,13.212,-8.8605,606.0,4326.0,2.0,1.1,1.1,94,94,6.86,168,2.0,-0.41582338163551863,1.9562952014676114,66160
2026-04-01 12:18:38,13.212,-8.8605,605.3,4335.0,2.0,1.1,1.1,94,94,6.88,170,2.0,-0.34729635533386055,1.969615506024416,66160
2026-04-01 12:18:40,13.212,-8.8605,604.5,4345.0,1.9,1.0,1.0,94,94,6.85,173,1.9,-0.23155175246978033,1.8858376881185117,66160
2026-04-01 12:18:42,13.212,-8.8604,603.8,4356.0,1.8,1.0,1.0,94,94,6.84,176,1.9,-0.1325373001138385,1.895371695493666,66160
2026-04-01 12:18:44,13.212,-8.8603,602.9,4367.0,1.7,1.0,1.0,94,94,6.82,179,1.9,-0.033159572230838534,1.8997106207971433,66160
2026-04-01 12:18:46,13.212,-8.8602,602.0,4379.0,1.7,0.9,0.9,95,95,6.83,182,1.9,0.0663090437347517,1.8988425713362818,66160
2026-04-01 12:18:48,13.212,-8.8602,601.2,4390.0,1.6,0.9,0.9,95,95,6.79,184,1.9,0.13253730011383802,1.895371695493666,66160
2026-04-01 12:18:50,13.212,-8.8602,600.3,4402.0,1.5,0.8,0.8,95,95,6.78,187,1.9,0.23155175246977988,1.885837688118512,66160
2026-04-01 12:18:52,13.212,-8.8602,599.5,4413.0,1.4,0.8,0.8,96,96,6.77,190,2.0,0.34729635533386094,1.969615506024416,66160
2026-04-01 12:18:54,13.212,-8.8602,598.6,4424.0,1.3,0.8,0.8,96,96,6.77,193,2.0,0.44990210868772995,1.9487401295704705,66160
2026-04-01 12:18:56,13.212,-8.8602,598.0,4433.0,1.3,0.8,0.8,96,96,6.8,195,2.0,0.5176380902050416,1.9318516525781366,66160
2026-04-01 12:18:58,13.2121,-8.8602,597.3,4442.0,1.3,0.8,0.8,97,97,6.81,199,2.1,0.6836931243600293,1.9855890087585653,66160
2026-04-01 12:19:00,13.2121,-8.8601,596.6,4453.0,1.2,0.8,0.8,97,97,6.8,202,2.1,0.7866738461734153,1.9470860945902537,66160
2026-04-01 12:19:02,13.2121,-8.8601,595.8,4463.0,1.2,0.7,0.7,97,97,6.8,204,2.1,0.8541469504591804,1.918445461049462,66160
2026-04-01 12:19:04,13.2121,-8.86,595.0,4474.0,1.1,0.7,0.7,97,97,6.78,206,2.1,0.9205794082570627,1.8874674972282506,66160
2026-04-01 12:19:06,13.2121,-8.86,594.1,4486.0,1.0,0.7,0.7,97,97,6.78,208,2.1,0.9858902818503709,1.8541899450037465,66160
2026-04-01 12:19:08,13.2122,-8.86,593.3,4496.0,1.0,0.7,0.7,98,98,6.78,211,2.1,1.0815799573111138,1.800051331474436,66160
2026-04-01 12:19:10,13.2122,-8.86,592.6,4506.0,0.9,0.6,0.6,98,98,6.76,213,2.1,1.1437419735315568,1.7612081926853906,66160
2026-04-01 12:19:12,13.2123,-8.86,591.8,4517.0,0.8,0.6,0.6,98,98,6.77,217,2.2,1.3239930509345066,1.7569981221040443,66160
2026-04-01 12:19:14,13.2123,-8.8599,591.0,4527.0,0.8,0.6,0.6,98,98,6.8,220,2.2,1.4141327413103866,1.6852977748617517,66160
2026-04-01 12:19:16,13.2122,-8.8599,590.3,4537.0,0.8,0.6,0.6,99,99,6.81,223,2.3,1.5685962281437462,1.6821135137240921,66160
2026-04-01 12:19:18,13.2123,-8.8598,589.7,4546.0,0.7,0.6,0.6,99,99,6.78,225,2.3,1.626345596729059,1.6263455967290597,66160
2026-04-01 12:19:20,13.2123,-8.8598,588.9,4556.0,0.7,0.5,0.5,99,99,6.78,226,2.3,1.6544815407788975,1.5977142520556935,66160
2026-04-01 12:19:22,13.2124,-8.8597,588.2,4566.0,0.6,0.5,0.5,99,99,6.76,226,2.4,1.7264155208127627,1.6671800891015933,66160
2026-04-01 12:19:24,13.2124,-8.8597,587.5,4576.0,0.6,0.5,0.5,99,99,6.77,227,2.4,1.7552488838860087,1.6367960641499966,66160
2026-04-01 12:19:26,13.2123,-8.8597,586.8,4586.0,0.5,0.4,0.4,99,99,6.74,227,2.5,1.8283842540479258,1.7049959001562465,66160
2026-04-01 12:19:28,13.2124,-8.8597,586.0,4597.0,0.4,0.3,0.3,100,100,6.71,227,2.6,1.9015196242098429,1.7731957361624964,66160
2026-04-01 12:19:30,13.2125,-8.8597,585.0,4609.0,0.3,0.3,0.3,100,100,6.69,227,2.7,1.9746549943717602,1.8413955721687463,66160
2026-04-01 12:19:32,13.2126,-8.8596,584.4,4619.0,0.2,0.2,0.2,100,100,6.67,229,2.7,2.0377158666014847,1.7713593782743697,66160
2026-04-01 12:19:34,13.2126,-8.8596,583.7,4628.0,0.2,0.2,0.2,100,100,6.65,230,2.8,2.144924440733138,1.7998053071223103,66160
2026-04-01 12:19:36,13.2127,-8.8596,583.1,4636.0,0.1,0.1,0.1,100,100,6.65,231,2.8,2.1760086920795176,1.7620970949395458,66160
2026-04-01 12:19:38,13.2127,-8.8596,582.4,4645.0,0.1,0.1,0.1,100,100,6.65,232,2.8,2.2064301100988217,1.7238521309118424,66160
2026-04-01 12:19:40,13.2127,-8.8596,581.7,4655.0,0.1,0.1,0.1,100,100,6.63,233,2.8,2.2361794281324197,1.685082064825735,66160
2026-04-01 12:19:42,13.2127,-8.8595,580.8,4667.0,-0.0,-0.0,-0.0,100,100,6.6,234,2.8,2.2652475842498525,1.645798706418925,66160
2026-04-01 12:19:44,13.2128,-8.8594,580.0,4679.0,-0.1,-0.1,-0.1,100,100,6.59,234,2.8,2.2652475842498525,1.645798706418925,66160
2026-04-01 12:19:46,13.2129,-8.8594,579.3,4688.0,-0.1,-0.1,-0.1,100,100,6.58,234,2.7,2.184345884812358,1.5870201811896778,66160
2026-04-01 12:19:48,13.213,-8.8593,578.7,4697.0,-0.1,-0.1,-0.1,100,100,6.56,234,2.7,2.184345884812358,1.5870201811896778,66160
2026-04-01 12:19:50,13.213,-8.8593,578.2,4704.0,-0.2,-0.2,-0.2,100,100,6.53,233,2.7,2.1563158771276907,1.6249005625105304,66160
2026-04-01 12:19:52,13.213,-8.8593,577.6,4713.0,-0.3,-0.3,-0.3,100,100,6.51,232,2.8,2.2064301100988217,1.7238521309118424,66160
2026-04-01 12:19:54,13.213,-8.8593,577.0,4720.0,-0.3,-0.3,-0.3,100,100,6.5,230,2.8,2.144924440733138,1.7998053071223103,66160
2026-04-01 12:19:56,13.2131,-8.8593,576.4,4729.0,-0.4,-0.4,-0.3,100,100,6.49,228,2.8,2.080805511336704,1.8735656978048025,66160
2026-04-01 12:19:58,13.2132,-8.8592,575.8,4738.0,-0.5,-0.5,-0.4,100,100,6.44,227,2.8,2.047790364533677,1.909595408174996,66160
2026-04-01 12:20:00,13.2132,-8.8592,575.1,4747.0,-0.5,-0.5,-0.5,100,100,6.43,226,2.8,2.0141514409482233,1.9450434372851921,66160
2026-04-01 12:20:02,13.2132,-8.8591,574.4,4757.0,-0.6,-0.6,-0.5,100,101,6.4,227,2.8,2.047790364533677,1.909595408174996,66160
2026-04-01 12:20:04,13.2132,-8.8591,573.6,4768.0,-0.7,-0.7,-0.6,100,101,6.36,228,2.8,2.080805511336704,1.8735656978048025,66160
2026-04-01 12:20:06,13.2132,-8.8592,573.0,4776.0,-0.7,-0.7,-0.7,100,101,6.35,229,2.8,2.1131868246237615,1.8369652811734203,66160
2026-04-01 12:20:08,13.2132,-8.8591,572.6,4782.0,-0.8,-0.8,-0.7,100,101,6.32,229,2.8,2.1131868246237615,1.8369652811734203,66160
2026-04-01 12:20:10,13.2133,-8.8591,571.3,4800.0,-0.8,-0.8,-0.8,100,101,6.31,230,2.7,2.0683199964212404,1.7355265461536566,66160
2026-04-01 12:20:12,13.2133,-8.859,570.7,4809.0,-0.9,-0.9,-0.8,100,101,6.29,231,2.6,2.0205794997881235,1.6362330167295784,66160
2026-04-01 12:20:14,13.2133,-8.859,570.0,4819.0,-0.9,-0.9,-0.8,100,101,6.29,232,2.5,1.9700268840168054,1.5391536883141452,66160
2026-04-01 12:20:16,13.2134,-8.859,569.2,4829.0,-1.0,-1.0,-0.9,100,101,6.28,232,2.4,1.891225808656133,1.4775875407815793,66160
2026-04-01 12:20:18,13.2135,-8.8589,568.5,4839.0,-1.1,-1.1,-1.0,100,101,6.24,233,2.4,1.9167252241135027,1.4443560555649158,66160
2026-04-01 12:20:20,13.2135,-8.8589,567.8,4849.0,-1.1,-1.1,-1.0,100,101,6.23,234,2.3,1.8607390870623788,1.3519060802726883,66160
2026-04-01 12:20:22,13.2135,-8.8588,567.2,4857.0,-1.1,-1.1,-1.0,100,101,6.24,234,2.3,1.8607390870623788,1.3519060802726883,66160
2026-04-01 12:20:24,13.2135,-8.8588,566.7,4865.0,-1.1,-1.1,-1.0,100,101,6.24,234,2.3,1.8607390870623788,1.3519060802726883,66160
2026-04-01 12:20:26,13.2136,-8.8588,566.2,4872.0,-1.1,-1.1,-1.0,100,101,6.25,233,2.4,1.9167252241135027,1.4443560555649158,66160
2026-04-01 12:20:28,13.2137,-8.8588,565.6,4880.0,-1.1,-1.1,-1.0,100,101,6.24,233,2.4,1.9167252241135027,1.4443560555649158,66160
2026-04-01 12:20:30,13.2137,-8.8587,565.0,4889.0,-1.2,-1.2,-1.0,100,101,6.23,232,2.3,1.8124247332954608,1.4160213932490135,66160
2026-04-01 12:20:32,13.2138,-8.8587,564.3,4898.0,-1.2,-1.2,-1.1,100,101,6.22,233,2.2,1.7569981221040443,1.3239930509345064,66160
2026-04-01 12:20:34,13.2138,-8.8587,563.7,4907.0,-1.2,-1.2,-1.1,100,101,6.22,235,2.1,1.7202192930068825,1.2045105163371974,66160
2026-04-01 12:20:36,13.2138,-8.8587,563.1,4916.0,-1.3,-1.3,-1.1,100,101,6.21,237,2.0,1.6773411358908483,1.089278070030054,66160
2026-04-01 12:20:38,13.2138,-8.8587,562.5,4924.0,-1.3,-1.3,-1.2,100,101,6.18,239,1.9,1.628617871334013,0.9785723423291033,66160
2026-04-01 12:20:40,13.2138,-8.8588,562.0,4932.0,-1.4,-1.4,-1.2,100,101,6.18,241,1.8,1.5743154728509128,0.8726573164434063,66160
2026-04-01 12:20:42,13.2139,-8.8587,561.4,4939.0,-1.4,-1.4,-1.3,100,101,6.16,243,1.7,1.5147110911202253,0.7717838495572298,66160
2026-04-01 12:20:44,13.214,-8.8587,560.9,4947.0,-1.5,-1.5,-1.3,100,101,6.15,243,1.6,1.4256104387013886,0.7263847995832752,66160
2026-04-01 12:20:46,13.214,-8.8586,560.3,4956.0,-1.4,-1.4,-1.3,100,101,6.16,244,1.4,1.2583116648188335,0.6137196055047088,66160
2026-04-01 12:20:48,13.214,-8.8586,559.7,4964.0,-1.5,-1.5,-1.3,100,101,6.14,245,1.3,1.178200123147645,0.549403740262909,66160
2026-04-01 12:20:50,13.214,-8.8586,559.0,4974.0,-1.5,-1.5,-1.3,100,101,6.15,248,1.1,1.019902240023466,0.41206725275750355,66160
2026-04-01 12:20:52,13.214,-8.8586,558.4,4982.0,-1.5,-1.5,-1.3,100,101,6.16,252,1.0,0.9510565162951535,0.30901699437494756,66160
2026-04-01 12:20:54,13.214,-8.8585,557.9,4990.0,-1.6,-1.6,-1.4,100,101,6.13,257,1.0,0.9743700647852351,0.22495105434386525,66160
2026-04-01 12:20:56,13.214,-8.8585,557.4,4997.0,-1.6,-1.6,-1.4,100,101,6.13,260,0.8,0.7878462024097664,0.13891854213354426,66160
2026-04-01 12:20:58,13.214,-8.8586,556.8,5006.0,-1.6,-1.6,-1.4,100,102,6.12,264,0.7,0.6961653267577913,0.07316992428735734,66160
2026-04-01 12:21:00,13.2141,-8.8586,556.2,5014.0,-1.7,-1.7,-1.5,100,102,6.1,269,0.7,0.6998933866094739,0.012216684506098448,66160
2026-04-01 12:21:02,13.2141,-8.8586,555.7,5021.0,-1.8,-1.8,-1.6,100,102,6.07,278,0.6,0.5941608412449422,-0.08350386057603927,66160
2026-04-01 12:21:04,13.2141,-8.8586,555.0,5032.0,-1.8,-1.8,-1.6,100,102,6.07,296,0.5,0.4493970231495835,-0.2191855733945387,66160
2026-04-01 12:21:06,13.214,-8.8586,554.4,5040.0,-1.8,-1.8,-1.6,100,102,6.06,321,0.6,0.3775922346299027,-0.4662875768741823,66160
2026-04-01 12:21:08,13.214,-8.8586,553.8,5049.0,-1.9,-1.9,-1.7,100,102,6.04,339,0.8,0.2866943596362406,-0.7468643411977612,66160
2026-04-01 12:21:10,13.214,-8.8586,553.1,5059.0,-1.9,-1.9,-1.7,100,102,6.03,348,1.0,0.20791169081775987,-0.9781476007338056,66160
2026-04-01 12:21:12,13.2141,-8.8587,552.5,5068.0,-1.9,-1.9,-1.7,100,102,6.02,353,1.2,0.14624321208617666,-1.1910553819695864,66160
2026-04-01 12:21:14,13.214,-8.8587,551.9,5076.0,-2.0,-2.0,-1.8,100,102,5.99,354,1.4,0.14633984857471477,-1.3923306535155826,66160
2026-04-01 12:21:16,13.214,-8.8587,551.1,5087.0,-2.0,-2.0,-1.8,100,102,5.99,353,1.7,0.20717788378875027,-1.6873284577902474,66160
2026-04-01 12:21:18,13.214,-8.8587,550.4,5097.0,-2.1,-2.1,-1.9,100,102,5.96,353,1.9,0.23155175246977971,-1.885837688118512,66160
2026-04-01 12:21:20,13.2141,-8.8587,549.6,5109.0,-2.1,-2.1,-1.9,100,102,5.98,354,2.1,0.21950977286207218,-2.088495980273374,66160
2026-04-01 12:21:22,13.214,-8.8587,549.0,5118.0,-2.1,-2.1,-1.9,100,102,5.97,354,2.3,0.24041546551560283,-2.2874003593470285,66160
2026-04-01 12:21:24,13.214,-8.8588,548.5,5126.0,-2.2,-2.2,-2.0,100,102,5.94,354,2.5,0.26132115816913354,-2.4863047384206833,66160
2026-04-01 12:21:26,13.214,-8.8589,547.9,5133.0,-2.3,-2.3,-2.0,100,102,5.93,354,2.7,0.28222685082266424,-2.685209117494338,66160
2026-04-01 12:21:28,13.214,-8.859,547.3,5143.0,-2.3,-2.3,-2.0,100,102,5.91,355,2.9,0.2527516539682091,-2.888964624466062,66160
2026-04-01 12:21:30,13.214,-8.8591,546.7,5152.0,-2.4,-2.4,-2.1,100,102,5.9,356,3.0,0.2092694212323769,-2.9926921507794724,66160
2026-04-01 12:21:32,13.214,-8.8591,545.8,5164.0,-2.4,-2.4,-2.1,100,102,5.9,356,3.2,0.22322071598120205,-3.192204960831438,66160
2026-04-01 12:21:34,13.214,-8.8591,545.2,5173.0,-2.4,-2.4,-2.2,100,102,5.88,356,3.3,0.23019636335561458,-3.2919613658574196,66160
2026-04-01 12:21:36,13.214,-8.8592,544.7,5181.0,-2.5,-2.5,-2.2,100,102,5.86,357,3.5,0.1831758468503053,-3.4952033716410082,66160
2026-04-01 12:21:38,13.214,-8.8593,544.0,5190.0,-2.5,-2.5,-2.2,100,102,5.86,358,3.6,0.12563818812900296,-3.597806977268745,66160
2026-04-01 12:21:40,13.2141,-8.8594,543.5,5198.0,-2.6,-2.6,-2.3,100,103,5.82,359,3.8,0.06631914446167753,-3.7994212415942865,66160
2026-04-01 12:21:42,13.2141,-8.8595,542.9,5207.0,-2.6,-2.6,-2.3,100,102,5.84,359,3.8,0.06631914446167753,-3.7994212415942865,66160
2026-04-01 12:21:44,13.2141,-8.8596,542.2,5217.0,-2.6,-2.6,-2.3,100,102,5.84,360,3.9,9.552245033349355e-16,-3.9,66160
2026-04-01 12:21:46,13.2141,-8.8597,541.4,5228.0,-2.6,-2.6,-2.3,100,103,5.84,1,4.0,-0.06980962574913405,-3.999390780625565,66160
2026-04-01 12:21:48,13.2141,-8.8598,540.8,5238.0,-2.7,-2.7,-2.4,100,103,5.83,1,4.0,-0.06980962574913405,-3.999390780625565,66160
2026-04-01 12:21:50,13.2141,-8.8598,540.1,5248.0,-2.7,-2.7,-2.4,100,103,5.84,2,4.1,-0.14308793648025397,-4.097502390778292,66160
2026-04-01 12:21:52,13.2141,-8.8599,539.5,5256.0,-2.8,-2.8,-2.5,100,103,5.79,2,4.1,-0.14308793648025397,-4.097502390778292,66160
2026-04-01 12:21:54,13.2141,-8.86,538.9,5265.0,-2.8,-2.8,-2.5,100,103,5.78,2,4.1,-0.14308793648025397,-4.097502390778292,66160
2026-04-01 12:21:56,13.2141,-8.8601,538.3,5274.0,-2.8,-2.8,-2.5,100,103,5.79,2,4.1,-0.14308793648025397,-4.097502390778292,66160
2026-04-01 12:21:58,13.2141,-8.8602,537.6,5284.0,-2.9,-2.9,-2.5,100,103,5.78,3,4.1,-0.2145774205960697,-4.0943810924937525,66160
2026-04-01 12:22:00,13.2141,-8.8602,536.9,5294.0,-2.8,-2.8,-2.5,100,103,5.79,4,4.1,-0.28600154235091374,-4.090012606065279,66160
2026-04-01 12:22:02,13.2141,-8.8603,536.4,5302.0,-2.9,-2.9,-2.6,100,103,5.77,5,4.1,-0.35733854526539843,-4.0843982621761565,66160
2026-04-01 12:22:04,13.214,-8.8603,535.8,5312.0,-3.0,-3.0,-2.6,100,103,5.75,7,4.1,-0.4996643079611046,-4.06943922172942,66160
2026-04-01 12:22:06,13.214,-8.8604,535.2,5320.0,-3.0,-3.0,-2.7,100,103,5.73,8,4.1,-0.5706097139362682,-4.0600990818404386,66160
2026-04-01 12:22:08,13.214,-8.8605,534.6,5329.0,-3.1,-3.1,-2.7,100,103,5.71,9,4.1,-0.6413813066649465,-4.049522196440065,66160
2026-04-01 12:22:10,13.214,-8.8606,534.0,5338.0,-3.2,-3.2,-2.8,100,103,5.69,9,4.1,-0.6413813066649465,-4.049522196440065,66160
2026-04-01 12:22:12,13.214,-8.8607,533.4,5347.0,-3.2,-3.2,-2.9,100,103,5.66,9,4.1,-0.6413813066649465,-4.049522196440065,66160
2026-04-01 12:22:14,13.214,-8.8608,532.7,5357.0,-3.2,-3.2,-2.9,100,103,5.67,9,4.1,-0.6413813066649465,-4.049522196440065,66160
2026-04-01 12:22:16,13.214,-8.8608,532.1,5366.0,-3.4,-3.4,-3.0,100,103,5.61,9,4.1,-0.6413813066649465,-4.049522196440065,66160
2026-04-01 12:22:18,13.2139,-8.8608,531.3,5378.0,-3.4,-3.4,-3.0,100,103,5.62,9,4.1,-0.6413813066649465,-4.049522196440065,66160
2026-04-01 12:22:20,13.2139,-8.8608,530.7,5387.0,-3.4,-3.4,-3.1,100,103,5.6,8,4.1,-0.5706097139362682,-4.0600990818404386,66160
2026-04-01 12:22:22,13.2139,-8.8609,530.0,5397.0,-3.4,-3.4,-3.1,100,103,5.61,8,4.1,-0.5706097139362682,-4.0600990818404386,66160
2026-04-01 12:22:24,13.2139,-8.8611,529.5,5406.0,-3.5,-3.5,-3.1,100,103,5.58,6,4.1,-0.4285666993973792,-4.07753977100992,66160
2026-04-01 12:22:26,13.2139,-8.8612,528.8,5415.0,-3.6,-3.6,-3.2,100,103,5.56,5,4.0,-0.34862297099063266,-3.984778792366982,66160
2026-04-01 12:22:28,13.2139,-8.8613,528.2,5424.0,-3.5,-3.5,-3.1,100,103,5.6,3,4.0,-0.20934382497177534,-3.9945181390182953,66160
2026-04-01 12:22:30,13.2139,-8.8613,527.7,5432.0,-3.6,-3.6,-3.2,100,104,5.57,1,4.0,-0.06980962574913405,-3.999390780625565,66160
2026-04-01 12:22:32,13.2139,-8.8613,527.0,5442.0,-3.7,-3.7,-3.2,100,104,5.55,360,3.8,9.307315673519883e-16,-3.8,66160
2026-04-01 12:22:34,13.2139,-8.8614,526.4,5452.0,-3.7,-3.7,-3.3,100,104,5.55,359,3.7,0.06457390381794918,-3.6994364720786477,66160
2026-04-01 12:22:36,13.2139,-8.8616,525.8,5460.0,-3.8,-3.8,-3.4,100,103,5.49,358,3.5,0.12214823845875289,-3.497867894566835,66160
2026-04-01 12:22:38,13.2139,-8.8617,525.3,5468.0,-3.9,-4.0,-3.5,99,103,5.44,358,3.3,0.11516833911825271,-3.297989729163016,66160
2026-04-01 12:22:40,13.2138,-8.8618,524.8,5476.0,-3.9,-3.9,-3.5,100,103,5.46,357,3.3,0.17270865560171642,-3.2954774646900935,66160
2026-04-01 12:22:42,13.2139,-8.8618,524.1,5487.0,-3.9,-3.9,-3.5,100,104,5.48,357,3.2,0.167475059977422,-3.1956145112146364,66160
2026-04-01 12:22:44,13.2139,-8.8618,523.5,5495.0,-3.9,-4.0,-3.5,100,104,5.46,358,3.2,0.11167838944800264,-3.1980506464611067,66160
2026-04-01 12:22:46,13.214,-8.8618,522.9,5504.0,-4.0,-4.0,-3.5,100,104,5.47,358,3.1,0.10818843977775255,-3.098111563759197,66160
2026-04-01 12:22:48,13.214,-8.8619,522.4,5512.0,-4.0,-4.0,-3.5,100,104,5.46,358,3.0,0.10469849010750247,-2.998172481057287,66160
2026-04-01 12:22:50,13.214,-8.862,521.7,5522.0,-4.1,-4.1,-3.6,100,104,5.44,358,2.9,0.10120854043725239,-2.8982333983553774,66160
2026-04-01 12:22:52,13.214,-8.8621,521.0,5533.0,-4.1,-4.1,-3.6,100,104,5.44,358,2.8,0.0977185907670023,-2.798294315653468,66160
2026-04-01 12:22:54,13.2141,-8.8621,520.1,5546.0,-4.1,-4.1,-3.7,100,104,5.42,357,2.7,0.1413070818559498,-2.6962997438373497,66160
2026-04-01 12:22:56,13.2141,-8.862,519.5,5556.0,-4.1,-4.2,-3.7,100,104,5.41,357,2.7,0.1413070818559498,-2.6962997438373497,66160
2026-04-01 12:22:58,13.2141,-8.862,519.1,5562.0,-4.2,-4.2,-3.8,100,104,5.39,357,2.7,0.1413070818559498,-2.6962997438373497,66160
2026-04-01 12:23:00,13.2141,-8.8621,518.6,5569.0,-4.2,-4.2,-3.7,100,104,5.42,358,2.6,0.09073869142650215,-2.598416150249649,66160
2026-04-01 12:23:02,13.214,-8.8621,518.0,5578.0,-4.2,-4.2,-3.7,100,104,5.42,359,2.6,0.04537625673693726,-2.5996040074066173,66160
2026-04-01 12:23:04,13.214,-8.8622,517.5,5586.0,-4.3,-4.3,-3.8,100,104,5.4,360,2.6,6.368163355566237e-16,-2.6,66160
2026-04-01 12:23:06,13.2141,-8.8623,517.0,5594.0,-4.3,-4.3,-3.9,100,104,5.37,0,2.6,-0.0,-2.6,66160
2026-04-01 12:23:08,13.214,-8.8623,516.4,5604.0,-4.3,-4.3,-3.8,100,104,5.39,1,2.6,-0.04537625673693713,-2.5996040074066173,66160
2026-04-01 12:23:10,13.2139,-8.8623,515.9,5611.0,-4.4,-4.6,-4.0,99,103,5.3,2,2.6,-0.09073869142650252,-2.598416150249649,66160
2026-04-01 12:23:12,13.2139,-8.8623,515.4,5619.0,-4.5,-4.6,-4.1,99,104,5.3,4,2.6,-0.1813668317347258,-2.593666530675543,66160
2026-04-01 12:23:14,13.214,-8.8623,514.7,5630.0,-4.5,-4.5,-4.0,100,104,5.33,6,2.5,-0.2613211581691337,-2.4863047384206833,66160
2026-04-01 12:23:16,13.214,-8.8625,514.2,5637.0,-4.6,-4.6,-4.1,100,104,5.29,9,2.5,-0.39108616260057716,-2.4692208514878446,66160
2026-04-01 12:23:18,13.214,-8.8626,513.7,5644.0,-4.6,-4.6,-4.1,100,105,5.29,11,2.5,-0.477022488441362,-2.45406795861916,66160
2026-04-01 12:23:20,13.214,-8.8626,513.1,5653.0,-4.6,-4.6,-4.1,100,105,5.3,12,2.7,-0.5613615652079502,-2.6409985219812757,66160
2026-04-01 12:23:22,13.2139,-8.8626,512.5,5662.0,-4.7,-4.7,-4.2,100,105,5.28,11,2.8,-0.5342651870543255,-2.748556113653459,66160
2026-04-01 12:23:24,13.2139,-8.8627,512.0,5670.0,-4.7,-4.7,-4.2,100,105,5.29,10,2.9,-0.503579715234098,-2.855942483735403,66160
2026-04-01 12:23:26,13.2138,-8.8629,511.6,5677.0,-4.7,-4.7,-4.2,100,105,5.29,11,3.0,-0.5724269861296344,-2.944881550342992,66160
2026-04-01 12:23:28,13.2139,-8.8629,511.1,5684.0,-4.8,-4.8,-4.3,100,105,5.24,11,3.1,-0.591507885667289,-3.0430442686877583,66160
2026-04-01 12:23:30,13.2139,-8.863,510.4,5695.0,-4.8,-4.8,-4.3,100,105,5.25,11,3.2,-0.6105887852049434,-3.141206987032525,66160
2026-04-01 12:23:32,13.214,-8.863,509.9,5702.0,-4.9,-4.9,-4.3,100,105,5.23,11,3.2,-0.6105887852049434,-3.141206987032525,66160
2026-04-01 12:23:34,13.214,-8.863,509.4,5711.0,-5.0,-5.0,-4.4,100,105,5.21,11,3.3,-0.6296696847425978,-3.2393697053772907,66160
2026-04-01 12:23:36,13.2139,-8.8631,508.8,5720.0,-4.9,-4.9,-4.4,100,105,5.23,10,3.4,-0.5904038040675631,-3.348346360241507,66160
2026-04-01 12:23:38,13.2139,-8.8631,508.3,5727.0,-5.0,-5.0,-4.4,100,105,5.21,9,3.5,-0.547520627640808,-3.456909192082982,66160
2026-04-01 12:23:40,13.2138,-8.8631,507.8,5735.0,-5.0,-5.0,-4.4,100,105,5.21,9,3.5,-0.547520627640808,-3.456909192082982,66160
2026-04-01 12:23:42,13.2138,-8.8632,507.3,5744.0,-5.0,-5.0,-4.5,100,105,5.19,9,3.4,-0.531877181136785,-3.3581403580234683,66160
2026-04-01 12:23:44,13.2138,-8.8633,506.7,5753.0,-5.1,-5.1,-4.6,100,105,5.16,9,3.3,-0.5162337346327618,-3.2593715239639547,66160
2026-04-01 12:23:46,13.2139,-8.8634,506.1,5762.0,-5.2,-5.2,-4.6,100,105,5.16,9,3.2,-0.5005902881287388,-3.160602689904441,66160
2026-04-01 12:23:48,13.2139,-8.8635,505.5,5771.0,-5.2,-5.2,-4.6,100,105,5.15,9,3.1,-0.4849468416247157,-3.061833855844927,66160
2026-04-01 12:23:50,13.2138,-8.8635,504.8,5781.0,-5.2,-5.2,-4.6,100,105,5.17,9,3.0,-0.46930339512069263,-2.9630650217854133,66160
2026-04-01 12:23:52,13.2137,-8.8635,504.3,5789.0,-5.3,-5.3,-4.7,100,105,5.12,10,2.9,-0.503579715234098,-2.855942483735403,66160
2026-04-01 12:23:54,13.2137,-8.8636,503.8,5797.0,-5.4,-5.4,-4.8,100,105,5.09,12,2.9,-0.602943903371502,-2.8366280421280363,66160
2026-04-01 12:23:56,13.2137,-8.8637,503.2,5806.0,-5.3,-5.3,-4.7,100,105,5.12,13,2.9,-0.6523580575972084,-2.825673187877182,66160
2026-04-01 12:23:58,13.2137,-8.8638,502.7,5814.0,-5.5,-5.5,-4.9,100,105,5.05,13,2.9,-0.6523580575972084,-2.825673187877182,66160
2026-04-01 12:24:00,13.2138,-8.8638,502.0,5825.0,-5.5,-5.5,-4.9,100,105,5.06,12,3.0,-0.623735072453278,-2.934442802201417,66160
2026-04-01 12:24:02,13.2138,-8.8638,501.4,5835.0,-5.5,-5.5,-4.9,100,105,5.07,13,3.0,-0.674853163031595,-2.9231101943557056,66160
2026-04-01 12:24:04,13.2138,-8.8639,500.8,5845.0,-5.6,-5.6,-5.0,100,106,5.02,13,3.0,-0.674853163031595,-2.9231101943557056,66160
2026-04-01 12:24:06,13.2138,-8.8639,500.0,5857.0,-5.6,-5.6,-5.0,100,106,5.05,14,2.9,-0.7015734972390364,-2.8138576062003895,66160
2026-04-01 12:24:08,13.2138,-8.8639,499.6,5863.0,-5.7,-5.7,-5.0,100,106,5.02,16,2.9,-0.7993483318692975,-2.787658918221125,66160
2026-04-01 12:24:10,13.2137,-8.864,499.1,5871.0,-5.7,-5.7,-5.1,100,106,5.02,18,2.9,-0.8961492836873475,-2.758063897255945,66160
2026-04-01 12:24:12,13.2137,-8.864,498.7,5877.0,-5.8,-5.9,-5.2,99,105,4.96,19,2.9,-0.9441476479257545,-2.742003869238019,66160
2026-04-01 12:24:14,13.2136,-8.8641,498.2,5886.0,-5.8,-6.0,-5.3,99,104,4.93,20,2.8,-0.9576564013118724,-2.6311393382005432,66160
2026-04-01 12:24:16,13.2136,-8.8642,497.7,5893.0,-5.8,-6.0,-5.3,99,104,4.94,20,2.8,-0.9576564013118724,-2.6311393382005432,66160
2026-04-01 12:24:18,13.2136,-8.8642,497.2,5901.0,-5.8,-6.2,-5.5,98,103,4.87,20,2.8,-0.9576564013118724,-2.6311393382005432,66160
2026-04-01 12:24:20,13.2136,-8.8642,496.8,5908.0,-6.0,-6.4,-5.7,97,102,4.76,21,2.8,-1.0034302587268407,-2.614025194192165,66160
2026-04-01 12:24:22,13.2137,-8.8642,496.3,5915.0,-6.0,-6.4,-5.7,97,103,4.8,22,2.7,-1.0114378022229624,-2.5033964073303263,66160
2026-04-01 12:24:24,13.2137,-8.8643,495.8,5923.0,-6.0,-6.4,-5.7,97,103,4.79,23,2.7,-1.0549740469210394,-2.485363104321589,66160
2026-04-01 12:24:26,13.2136,-8.8643,495.3,5930.0,-6.1,-6.4,-5.7,97,103,4.79,24,2.8,-1.1388626006122404,-2.5579272813992824,66160
2026-04-01 12:24:28,13.2136,-8.8644,494.8,5939.0,-6.1,-6.5,-5.8,97,103,4.76,26,2.8,-1.2274392110094168,-2.5166233296376674,66160
2026-04-01 12:24:30,13.2135,-8.8645,494.3,5947.0,-6.2,-6.7,-6.0,96,102,4.69,26,2.8,-1.2274392110094168,-2.5166233296376674,66160
2026-04-01 12:24:32,13.2135,-8.8645,493.7,5956.0,-6.2,-6.7,-6.0,96,102,4.69,26,2.9,-1.2712763256883246,-2.6065027342675844,66160
2026-04-01 12:24:34,13.2134,-8.8645,493.1,5966.0,-6.3,-6.8,-6.0,96,102,4.69,26,2.9,-1.2712763256883246,-2.6065027342675844,66160
2026-04-01 12:24:36,13.2134,-8.8646,492.5,5975.0,-6.2,-6.7,-6.0,96,102,4.7,26,2.9,-1.2712763256883246,-2.6065027342675844,66160
2026-04-01 12:24:38,13.2134,-8.8646,492.0,5984.0,-6.3,-6.8,-6.1,96,102,4.67,26,2.9,-1.2712763256883246,-2.6065027342675844,66160
2026-04-01 12:24:40,13.2133,-8.8647,491.4,5993.0,-6.3,-6.8,-6.1,96,102,4.67,26,2.9,-1.2712763256883246,-2.6065027342675844,66160
2026-04-01 12:24:42,13.2133,-8.8648,490.9,6001.0,-6.3,-6.9,-6.1,96,102,4.67,26,3.0,-1.3151134403672324,-2.6963821388975013,66160
2026-04-01 12:24:44,13.2132,-8.8648,490.4,6009.0,-6.4,-7.0,-6.2,96,102,4.62,26,3.1,-1.3589505550461403,-2.786261543527418,66160
2026-04-01 12:24:46,13.2132,-8.8648,489.9,6017.0,-6.4,-7.0,-6.2,96,102,4.63,26,3.2,-1.4027876697250479,-2.876140948157335,66160
2026-04-01 12:24:48,13.2133,-8.8648,489.4,6024.0,-6.5,-7.2,-6.4,95,101,4.56,26,3.2,-1.4027876697250479,-2.876140948157335,66160
2026-04-01 12:24:50,13.2133,-8.8649,489.0,6032.0,-6.5,-7.1,-6.3,95,102,4.59,25,3.3,-1.394640263744308,-2.9908156972209445,66160
2026-04-01 12:24:52,13.2132,-8.865,488.5,6039.0,-6.6,-7.2,-6.4,95,102,4.58,24,3.3,-1.3422309221501405,-3.0147000102205825,66160
2026-04-01 12:24:54,13.2132,-8.8651,488.1,6046.0,-6.5,-7.0,-6.2,97,103,4.65,23,3.3,-1.2894127240146034,-3.037666016393053,66160
2026-04-01 12:24:56,13.2132,-8.8651,487.6,6054.0,-6.6,-7.0,-6.2,97,103,4.65,22,3.4,-1.273662417614101,-3.1524251055270773,66160
2026-04-01 12:24:58,13.2131,-8.8651,487.1,6062.0,-6.6,-7.2,-6.4,96,102,4.58,20,3.4,-1.1628684873072737,-3.1949549106720885,66160
2026-04-01 12:25:00,13.2131,-8.8652,486.6,6070.0,-6.6,-7.1,-6.3,96,103,4.62,18,3.4,-1.0506577808748212,-3.233592155403522,66160
2026-04-01 12:25:02,13.2131,-8.8653,486.2,6077.0,-6.7,-7.3,-6.5,96,102,4.55,17,3.5,-1.0233009665295787,-3.347066645870624,66160
2026-04-01 12:25:04,13.2131,-8.8653,485.7,6085.0,-6.8,-7.4,-6.5,95,102,4.54,16,3.5,-0.9647307453594971,-3.364415935784116,66160
2026-04-01 12:25:06,13.213,-8.8653,485.1,6094.0,-6.8,-7.4,-6.6,95,102,4.52,15,3.6,-0.9317485623690747,-3.477332974640646,66160
2026-04-01 12:25:08,13.213,-8.8654,484.5,6103.0,-6.9,-7.6,-6.8,95,101,4.46,14,3.6,-0.8709188241588038,-3.4930646145935875,66160
2026-04-01 12:25:10,13.213,-8.8655,483.9,6113.0,-7.0,-7.7,-6.9,94,101,4.42,14,3.7,-0.8951110137187707,-3.590094187221187,66160
2026-04-01 12:25:12,13.213,-8.8656,483.5,6120.0,-7.0,-7.9,-7.0,94,101,4.39,15,3.7,-0.9576304668793267,-3.5739255572695527,66160
2026-04-01 12:25:14,13.213,-8.8656,483.0,6128.0,-7.1,-7.8,-6.9,94,101,4.41,14,3.8,-0.9193032032787374,-3.6871237598487863,66160
2026-04-01 12:25:16,13.213,-8.8657,482.4,6138.0,-7.0,-7.7,-6.8,95,102,4.46,14,3.9,-0.9434953928387041,-3.7841533324763863,66160
2026-04-01 12:25:18,13.2129,-8.8658,481.8,6147.0,-7.1,-7.7,-6.9,95,102,4.45,14,4.0,-0.9676875823986709,-3.881182905103986,66160
2026-04-01 12:25:20,13.213,-8.8659,481.3,6156.0,-7.2,-7.8,-7.0,95,102,4.42,14,4.0,-0.9676875823986709,-3.881182905103986,66160
2026-04-01 12:25:22,13.213,-8.866,480.7,6165.0,-7.2,-7.8,-6.9,96,103,4.44,14,4.1,-0.9918797719586376,-3.978212477731585,66160
2026-04-01 12:25:24,13.213,-8.866,480.1,6175.0,-7.2,-7.6,-6.8,97,104,4.5,14,4.2,-1.0160719615186045,-4.0752420503591855,66160
2026-04-01 12:25:26,13.213,-8.8661,479.5,6185.0,-7.1,-7.5,-6.6,97,104,4.56,14,4.3,-1.0402641510785713,-4.172271622986784,66160
2026-04-01 12:25:28,13.2129,-8.8662,479.0,6192.0,-7.2,-7.6,-6.8,97,104,4.51,13,4.3,-0.9672895336786195,-4.189791278576512,66160
2026-04-01 12:25:30,13.2129,-8.8663,478.6,6199.0,-7.3,-7.7,-6.8,97,104,4.49,12,4.3,-0.8940202705163651,-4.206034683155364,66160
2026-04-01 12:25:32,13.2129,-8.8664,478.1,6207.0,-7.4,-7.8,-7.0,96,104,4.44,12,4.3,-0.8940202705163651,-4.206034683155364,66160
2026-04-01 12:25:34,13.2129,-8.8664,477.7,6215.0,-7.4,-7.9,-7.0,96,104,4.44,11,4.3,-0.8204786801191426,-4.2209968888249545,66160
2026-04-01 12:25:36,13.2128,-8.8665,477.2,6222.0,-7.5,-8.1,-7.2,96,103,4.37,11,4.3,-0.8204786801191426,-4.2209968888249545,66160
2026-04-01 12:25:38,13.2128,-8.8666,476.7,6230.0,-7.6,-8.3,-7.4,95,102,4.31,12,4.3,-0.8940202705163651,-4.206034683155364,66160
2026-04-01 12:25:40,13.2128,-8.8667,476.3,6237.0,-7.6,-8.4,-7.5,94,101,4.27,13,4.3,-0.9672895336786195,-4.189791278576512,66160
2026-04-01 12:25:42,13.2128,-8.8668,475.8,6245.0,-7.7,-8.7,-7.7,93,100,4.17,13,4.3,-0.9672895336786195,-4.189791278576512,66160
2026-04-01 12:25:44,13.2127,-8.8668,475.3,6254.0,-7.6,-8.4,-7.5,94,101,4.28,14,4.3,-1.0402641510785713,-4.172271622986784,66160
2026-04-01 12:25:46,13.2127,-8.8669,474.8,6262.0,-7.6,-8.4,-7.5,94,101,4.29,14,4.3,-1.0402641510785713,-4.172271622986784,66160
2026-04-01 12:25:48,13.2127,-8.867,474.3,6270.0,-7.6,-8.5,-7.6,93,101,4.25,14,4.4,-1.0644563406385381,-4.269301195614385,66160
2026-04-01 12:25:50,13.2126,-8.8671,473.8,6277.0,-7.7,-8.6,-7.6,93,101,4.22,14,4.4,-1.0644563406385381,-4.269301195614385,66160
2026-04-01 12:25:52,13.2126,-8.8671,473.3,6286.0,-7.7,-8.6,-7.7,93,101,4.23,14,4.4,-1.0644563406385381,-4.269301195614385,66160
2026-04-01 12:25:54,13.2127,-8.8672,472.8,6294.0,-7.8,-8.9,-7.9,92,100,4.14,14,4.4,-1.0644563406385381,-4.269301195614385,66160
2026-04-01 12:25:56,13.2126,-8.8673,472.3,6303.0,-7.9,-9.0,-8.0,92,99,4.11,14,4.5,-1.0886485301985047,-4.366330768241984,66160
2026-04-01 12:25:58,13.2126,-8.8674,471.8,6310.0,-7.9,-8.9,-7.9,92,100,4.14,13,4.5,-1.0122797445473926,-4.384665291533558,66160
2026-04-01 12:26:00,13.2126,-8.8674,471.4,6318.0,-7.9,-9.0,-8.0,92,99,4.12,13,4.5,-1.0122797445473926,-4.384665291533558,66160
2026-04-01 12:26:02,13.2126,-8.8675,471.0,6325.0,-8.0,-9.2,-8.2,91,99,4.06,13,4.6,-1.034774849981779,-4.482102298012082,66160
2026-04-01 12:26:04,13.2126,-8.8675,470.5,6333.0,-8.1,-9.3,-8.2,91,99,4.04,13,4.6,-1.034774849981779,-4.482102298012082,66160
2026-04-01 12:26:06,13.2125,-8.8676,470.0,6340.0,-8.1,-9.3,-8.3,91,99,4.02,14,4.6,-1.1128407197584715,-4.463360340869583,66160
2026-04-01 12:26:08,13.2125,-8.8677,469.6,6348.0,-8.1,-9.2,-8.2,91,99,4.05,15,4.5,-1.1646857029613433,-4.346666218300808,66160
2026-04-01 12:26:10,13.2125,-8.8678,469.1,6355.0,-8.2,-9.3,-8.2,92,100,4.05,16,4.5,-1.2403681011764962,-4.325677631722435,66160
2026-04-01 12:26:12,13.2125,-8.8679,468.6,6363.0,-8.3,-9.5,-8.4,91,99,3.99,16,4.5,-1.2403681011764962,-4.325677631722435,66160
2026-04-01 12:26:14,13.2125,-8.868,468.2,6371.0,-8.3,-9.5,-8.5,91,99,3.98,16,4.4,-1.2128043655947964,-4.229551462128604,66160
2026-04-01 12:26:16,13.2125,-8.8681,467.7,6379.0,-8.4,-9.4,-8.4,92,100,4.01,15,4.4,-1.1388037984510913,-4.250073635671901,66160
2026-04-01 12:26:18,13.2124,-8.8681,467.1,6389.0,-8.4,-9.6,-8.6,91,99,3.96,15,4.4,-1.1388037984510913,-4.250073635671901,66160
2026-04-01 12:26:20,13.2124,-8.8682,466.5,6398.0,-8.5,-9.7,-8.7,91,99,3.93,15,4.3,-1.1129218939408392,-4.153481053042993,66160
2026-04-01 12:26:22,13.2124,-8.8684,466.0,6406.0,-8.7,-10.3,-9.1,88,96,3.77,15,4.3,-1.1129218939408392,-4.153481053042993,66160
2026-04-01 12:26:24,13.2124,-8.8685,465.5,6415.0,-8.8,-10.6,-9.5,87,95,3.66,16,4.3,-1.1852406300130964,-4.133425292534771,66160
2026-04-01 12:26:26,13.2123,-8.8685,464.8,6426.0,-8.8,-10.1,-9.0,90,98,3.83,17,4.3,-1.257198330307768,-4.112110450641052,66160
2026-04-01 12:26:28,13.2123,-8.8685,464.2,6437.0,-8.7,-9.5,-8.5,93,102,4.01,18,4.3,-1.3287730758122738,-4.08954302006916,66160
2026-04-01 12:26:30,13.2122,-8.8686,463.7,6446.0,-8.8,-9.6,-8.5,94,102,3.99,20,4.2,-1.4364846019678086,-3.9467090073008158,66160
2026-04-01 12:26:32,13.2122,-8.8687,463.1,6456.0,-8.6,-9.2,-8.2,96,104,4.12,21,4.2,-1.5051453880902612,-3.9210377912882475,66160
2026-04-01 12:26:34,13.2122,-8.8688,462.5,6465.0,-8.7,-9.1,-8.1,96,105,4.14,23,4.1,-1.6019976268060223,-3.774069899155005,66160
2026-04-01 12:26:36,13.2122,-8.8688,461.9,6475.0,-8.8,-9.3,-8.2,96,105,4.11,24,4.0,-1.6269465723032008,-3.6541818305704035,66160
2026-04-01 12:26:38,13.2122,-8.8688,461.4,6485.0,-8.9,-9.6,-8.5,95,103,4.02,27,3.9,-1.7705629489842325,-3.4749254443346347,66160
2026-04-01 12:26:40,13.2122,-8.8689,460.7,6495.0,-9.1,-10.4,-9.3,90,99,3.77,29,3.7,-1.7937955949114472,-3.2360929164157644,66160
2026-04-01 12:26:42,13.2122,-8.869,460.1,6506.0,-9.3,-11.0,-9.8,88,96,3.6,31,3.5,-1.8026332621851895,-3.000085552457393,66160
2026-04-01 12:26:44,13.2121,-8.8691,459.5,6516.0,-9.3,-11.0,-9.8,87,95,3.59,33,3.4,-1.851772719051092,-2.851479931014442,66160
2026-04-01 12:26:46,13.212,-8.8691,458.9,6526.0,-9.3,-10.9,-9.7,88,96,3.63,34,3.2,-1.7894172911063901,-2.652920232176134,66160
2026-04-01 12:26:48,13.212,-8.8691,458.4,6535.0,-9.3,-10.8,-9.7,88,97,3.66,36,3.1,-1.8221342821066668,-2.5079526825623373,66160
2026-04-01 12:26:50,13.212,-8.8692,457.8,6545.0,-9.3,-10.8,-9.6,89,97,3.66,36,2.9,-1.704577231648172,-2.3461492836873474,66160
2026-04-01 12:26:52,13.2119,-8.8692,457.3,6554.0,-9.3,-10.7,-9.5,89,98,3.7,37,2.8,-1.685082064825735,-2.2361794281324197,66160
2026-04-01 12:26:54,13.2118,-8.8693,456.7,6563.0,-9.4,-10.8,-9.6,89,98,3.68,39,2.8,-1.7620970949395445,-2.1760086920795185,66160
2026-04-01 12:26:56,13.2118,-8.8694,456.1,6573.0,-9.4,-10.8,-9.6,90,98,3.69,41,2.7,-1.7713593782743697,-2.0377158666014847,66160
2026-04-01 12:26:58,13.2118,-8.8694,455.6,6583.0,-9.5,-10.8,-9.6,90,99,3.69,43,2.6,-1.7731957361624962,-1.9015196242098433,66160
2026-04-01 12:27:00,13.2117,-8.8694,454.9,6593.0,-9.5,-10.8,-9.6,90,99,3.7,45,2.6,-1.8384776310850235,-1.8384776310850237,66160
2026-04-01 12:27:02,13.2117,-8.8693,454.3,6603.0,-9.6,-10.9,-9.7,90,99,3.68,47,2.6,-1.9015196242098433,-1.7731957361624962,66160
2026-04-01 12:27:04,13.2117,-8.8693,453.8,6613.0,-9.6,-10.8,-9.6,91,100,3.7,49,2.5,-1.88677395055693,-1.6401475724762682,66160
2026-04-01 12:27:06,13.2117,-8.8694,453.2,6623.0,-9.6,-10.6,-9.5,92,101,3.76,51,2.4,-1.8651503074967302,-1.5103689385196097,66160
2026-04-01 12:27:08,13.2117,-8.8695,452.7,6632.0,-9.7,-10.7,-9.5,92,101,3.74,52,2.3,-1.8124247332954604,-1.416021393249014,66160
2026-04-01 12:27:10,13.2116,-8.8695,452.1,6641.0,-9.7,-10.7,-9.6,92,102,3.74,54,2.1,-1.6989356881873898,-1.2343490298141937,66160
2026-04-01 12:27:12,13.2115,-8.8695,451.5,6652.0,-9.8,-10.7,-9.6,93,102,3.75,54,2.0,-1.618033988749895,-1.1755705045849463,66160
2026-04-01 12:27:14,13.2115,-8.8695,450.9,6661.0,-9.8,-10.6,-9.4,94,103,3.8,54,2.0,-1.618033988749895,-1.1755705045849463,66160
2026-04-01 12:27:16,13.2115,-8.8695,450.5,6669.0,-9.8,-10.4,-9.3,95,104,3.84,52,1.9,-1.4972204318527718,-1.1697568031187506,66160
2026-04-01 12:27:18,13.2115,-8.8695,450.1,6677.0,-9.8,-10.4,-9.3,95,105,3.85,49,1.7,-1.2830062863787124,-1.1153003492838622,66160
2026-04-01 12:27:20,13.2115,-8.8695,449.6,6685.0,-9.9,-10.4,-9.3,96,105,3.85,46,1.6,-1.1509436805418418,-1.1114533927343957,66160
2026-04-01 12:27:22,13.2115,-8.8696,449.1,6692.0,-9.9,-10.5,-9.4,95,105,3.83,41,1.5,-0.9840885434857609,-1.132064370334158,66160
2026-04-01 12:27:24,13.2114,-8.8696,448.7,6700.0,-10.0,-10.6,-9.5,95,105,3.8,37,1.5,-0.9027225347280724,-1.1979532650709392,66160
2026-04-01 12:27:26,13.2114,-8.8696,448.0,6711.0,-10.1,-10.7,-9.5,96,105,3.8,33,1.4,-0.7624946490210379,-1.1741387951235935,66160
2026-04-01 12:27:28,13.2114,-8.8696,447.5,6721.0,-10.2,-10.7,-9.5,96,106,3.79,30,1.3,-0.6499999999999999,-1.1258330249197703,66160
2026-04-01 12:27:30,13.2113,-8.8696,446.9,6731.0,-10.2,-10.7,-9.5,96,106,3.79,24,1.2,-0.48808397169096024,-1.096254549171121,66160
2026-04-01 12:27:32,13.2113,-8.8696,446.3,6740.0,-10.3,-10.8,-9.6,96,106,3.78,17,1.1,-0.32160887519501047,-1.051935231559339,66160
2026-04-01 12:27:34,13.2113,-8.8696,445.7,6751.0,-10.3,-10.8,-9.6,97,107,3.79,11,1.1,-0.2098898949141993,-1.0797899017924304,66160
2026-04-01 12:27:36,13.2113,-8.8697,445.2,6761.0,-10.4,-10.9,-9.7,96,106,3.74,4,1.1,-0.07673212111853783,-1.0973204552858067,66160
2026-04-01 12:27:38,13.2113,-8.8698,444.7,6769.0,-10.5,-10.9,-9.7,97,107,3.75,359,1.2,0.02094288772474027,-1.1998172341876694,66160
2026-04-01 12:27:40,13.2113,-8.8698,444.2,6778.0,-10.6,-11.0,-9.8,97,107,3.73,357,1.2,0.06280314749153323,-1.1983554417054885,66160
2026-04-01 12:27:42,13.2114,-8.8698,443.7,6787.0,-10.6,-10.9,-9.7,98,109,3.77,355,1.2,0.10458689129718998,-1.1954336377100947,66160
2026-04-01 12:27:44,13.2114,-8.8698,443.2,6796.0,-10.6,-10.9,-9.7,98,109,3.78,353,1.2,0.14624321208617666,-1.1910553819695864,66160
2026-04-01 12:27:46,13.2114,-8.8698,442.7,6804.0,-10.6,-11.0,-9.8,97,108,3.74,348,1.2,0.24949402898131184,-1.1737771208805667,66160
2026-04-01 12:27:48,13.2114,-8.8698,442.1,6814.0,-10.7,-11.1,-9.9,97,108,3.72,344,1.2,0.3307648269803987,-1.1535140351259827,66160
2026-04-01 12:27:50,13.2115,-8.8698,441.5,6825.0,-10.7,-11.1,-9.9,97,107,3.72,341,1.2,0.39068178534858805,-1.13462229071918,66160
2026-04-01 12:27:52,13.2115,-8.8698,441.0,6834.0,-10.7,-11.2,-10.0,96,107,3.7,339,1.3,0.46587833440889104,-1.213654554446362,66160
2026-04-01 12:27:54,13.2116,-8.8698,440.4,6843.0,-10.7,-11.4,-10.2,94,105,3.64,336,1.4,0.5694313003061202,-1.2789636406996412,66160
2026-04-01 12:27:56,13.2116,-8.8699,439.9,6853.0,-10.6,-11.5,-10.2,93,104,3.62,334,1.4,0.6137196055047088,-1.2583116648188335,66160
2026-04-01 12:27:58,13.2115,-8.87,439.4,6862.0,-10.7,-11.8,-10.5,92,102,3.55,331,1.3,0.630252506320238,-1.1370056192812146,66160
2026-04-01 12:28:00,13.2115,-8.87,438.9,6869.0,-10.7,-11.7,-10.4,92,103,3.56,329,1.3,0.6695494973830709,-1.1143174909127458,66160
2026-04-01 12:28:02,13.2115,-8.87,438.5,6878.0,-10.7,-11.7,-10.5,92,102,3.56,328,1.2,0.635903117079846,-1.0176577153877109,66160
2026-04-01 12:28:04,13.2115,-8.87,438.0,6886.0,-10.7,-11.7,-10.5,92,102,3.56,328,1.2,0.635903117079846,-1.0176577153877109,66160
2026-04-01 12:28:06,13.2116,-8.87,437.4,6896.0,-10.7,-11.9,-10.6,91,101,3.53,328,1.2,0.635903117079846,-1.0176577153877109,66160
2026-04-01 12:28:08,13.2116,-8.8701,436.9,6905.0,-10.8,-12.0,-10.7,91,101,3.51,330,1.2,0.6000000000000005,-1.039230484541326,66160
2026-04-01 12:28:10,13.2116,-8.8701,436.5,6913.0,-10.8,-12.0,-10.7,90,100,3.5,331,1.2,0.5817715442956043,-1.049543648567275,66160
2026-04-01 12:28:12,13.2116,-8.8701,436.0,6921.0,-10.8,-12.0,-10.7,90,100,3.49,332,1.2,0.5633658753430689,-1.0595371114307124,66160
2026-04-01 12:28:14,13.2116,-8.8701,435.5,6929.0,-10.8,-12.1,-10.8,90,100,3.47,331,1.1,0.5332905822709706,-0.9620816778533355,66160
2026-04-01 12:28:16,13.2115,-8.8701,435.2,6936.0,-10.8,-12.2,-10.9,90,99,3.45,332,1.1,0.5164187190644799,-0.9712423521448198,66160
2026-04-01 12:28:18,13.2115,-8.8701,434.7,6944.0,-10.9,-12.3,-11.0,89,99,3.43,333,1.0,0.45399049973954697,-0.8910065241883678,66160
2026-04-01 12:28:20,13.2116,-8.8702,434.2,6952.0,-10.9,-12.3,-11.0,89,99,3.42,334,1.0,0.4383711467890778,-0.8987940462991668,66160
2026-04-01 12:28:22,13.2116,-8.8702,433.9,6958.0,-11.0,-12.4,-11.1,89,99,3.41,334,0.9,0.39453403211017,-0.8089146416692502,66160
2026-04-01 12:28:24,13.2116,-8.8702,433.4,6966.0,-11.0,-12.4,-11.1,90,100,3.41,332,0.8,0.3755772502287127,-0.7063580742871416,66160
2026-04-01 12:28:26,13.2116,-8.8702,432.9,6975.0,-11.1,-12.5,-11.2,89,99,3.39,330,0.7,0.3500000000000003,-0.6062177826491069,66160
2026-04-01 12:28:28,13.2116,-8.8702,432.4,6985.0,-11.2,-12.6,-11.2,89,100,3.38,328,0.6,0.317951558539923,-0.5088288576938554,66160
2026-04-01 12:28:30,13.2117,-8.8703,431.9,6993.0,-11.3,-12.7,-11.3,89,99,3.34,328,0.5,0.2649596321166025,-0.4240240480782129,66160
2026-04-01 12:28:32,13.2117,-8.8703,431.4,7003.0,-11.3,-12.8,-11.4,89,100,3.33,329,0.5,0.25751903745502724,-0.42858365035105606,66160
2026-04-01 12:28:34,13.2117,-8.8702,430.8,7013.0,-11.4,-12.8,-11.4,90,100,3.33,331,0.5,0.24240481012316845,-0.4373098535696979,66160
2026-04-01 12:28:36,13.2117,-8.8702,430.3,7021.0,-11.4,-12.7,-11.4,90,101,3.34,332,0.5,0.2347357813929454,-0.4414737964294635,66160
2026-04-01 12:28:38,13.2117,-8.8703,429.9,7030.0,-11.4,-12.7,-11.3,90,101,3.35,333,0.4,0.1815961998958188,-0.35640260967534715,66160
2026-04-01 12:28:40,13.2118,-8.8703,429.4,7039.0,-11.5,-12.9,-11.5,90,100,3.31,336,0.4,0.16269465723032006,-0.3654181830570404,66160
2026-04-01 12:28:42,13.2118,-8.8702,428.9,7047.0,-11.7,-13.1,-11.7,89,100,3.26,341,0.3,0.09767044633714701,-0.283655572679795,66160
2026-04-01 12:28:44,13.2117,-8.8702,428.3,7057.0,-11.7,-13.0,-11.6,90,101,3.27,346,0.3,0.07257656867990035,-0.29108871788279894,66160
2026-04-01 12:28:46,13.2116,-8.8702,427.9,7065.0,-11.8,-13.2,-11.7,90,100,3.25,355,0.2,0.017431148549531664,-0.19923893961834913,66160
2026-04-01 12:28:48,13.2116,-8.8702,427.4,7074.0,-11.8,-13.2,-11.8,90,101,3.25,22,0.2,-0.0749213186831824,-0.1854367709133575,66160
2026-04-01 12:28:50,13.2117,-8.8702,426.8,7084.0,-11.8,-13.1,-11.7,90,101,3.28,56,0.2,-0.16580751451100836,-0.11183858069414937,66160
2026-04-01 12:28:52,13.2117,-8.8702,426.3,7093.0,-11.9,-13.1,-11.7,90,101,3.26,77,0.2,-0.19487401295704707,-0.04499021086877299,66160
2026-04-01 12:28:54,13.2117,-8.8702,425.8,7102.0,-11.9,-13.1,-11.7,91,102,3.28,97,0.2,-0.19850923032826442,0.024373868681029476,66160
2026-04-01 12:28:56,13.2117,-8.8703,425.4,7111.0,-12.0,-13.2,-11.8,90,101,3.25,120,0.2,-0.17320508075688776,0.09999999999999998,66160
2026-04-01 12:28:58,13.2117,-8.8703,424.8,7120.0,-12.0,-13.2,-11.8,90,102,3.25,129,0.3,-0.2331437884370913,0.1887961173149512,66160
2026-04-01 12:29:00,13.2117,-8.8703,424.4,7129.0,-12.1,-13.2,-11.8,91,102,3.26,127,0.4,-0.3194542040189171,0.24072600926081936,66160
2026-04-01 12:29:02,13.2117,-8.8702,423.9,7137.0,-12.1,-13.4,-11.9,91,102,3.23,122,0.5,-0.42402404807821303,0.2649596321166024,66160
2026-04-01 12:29:04,13.2116,-8.8702,423.4,7147.0,-12.2,-13.5,-12.0,90,101,3.2,119,0.5,-0.4373098535696979,0.2424048101231685,66160
2026-04-01 12:29:06,13.2116,-8.8703,422.9,7156.0,-12.2,-13.7,-12.3,89,100,3.14,116,0.5,-0.44939702314958346,0.21918557339453876,66160
2026-04-01 12:29:08,13.2116,-8.8703,422.4,7165.0,-12.2,-13.9,-12.4,88,99,3.11,111,0.6,-0.5601482558983211,0.21502076972718015,66160
2026-04-01 12:29:10,13.2116,-8.8702,421.9,7173.0,-12.3,-13.9,-12.4,88,99,3.1,106,0.5,-0.48063084796915945,0.13781867790849953,66160
2026-04-01 12:29:12,13.2116,-8.8702,421.4,7181.0,-12.3,-13.9,-12.4,88,100,3.11,102,0.5,-0.48907380036690284,0.10395584540887967,66160
2026-04-01 12:29:14,13.2115,-8.8702,421.0,7189.0,-12.3,-13.8,-12.3,89,100,3.13,101,0.5,-0.490813591723832,0.0954044976882724,66160
2026-04-01 12:29:16,13.2116,-8.8702,420.6,7197.0,-12.4,-13.8,-12.3,89,101,3.14,102,0.6,-0.5868885604402834,0.1247470144906556,66160
2026-04-01 12:29:18,13.2116,-8.8702,420.1,7206.0,-12.5,-13.9,-12.4,89,100,3.1,101,0.6,-0.5889763100685984,0.11448539722592688,66160
2026-04-01 12:29:20,13.2116,-8.8702,419.6,7215.0,-12.6,-14.1,-12.6,89,100,3.07,97,0.7,-0.6947823061489254,0.08530854038360315,66160
2026-04-01 12:29:22,13.2116,-8.8701,419.0,7225.0,-12.7,-14.2,-12.6,89,101,3.06,94,0.8,-0.7980512402078594,0.05580517899530027,66160
2026-04-01 12:29:24,13.2115,-8.8701,418.5,7235.0,-12.7,-14.0,-12.5,90,101,3.1,93,0.8,-0.7989036278036591,0.04186876499435507,66160
2026-04-01 12:29:26,13.2115,-8.8701,418.0,7244.0,-12.6,-13.9,-12.4,90,102,3.13,90,0.8,-0.8,-4.898587196589413e-17,66160
2026-04-01 12:29:28,13.2115,-8.8702,417.5,7252.0,-12.8,-14.0,-12.5,91,103,3.11,87,0.8,-0.7989036278036591,-0.04186876499435518,66160
2026-04-01 12:29:30,13.2115,-8.8702,417.1,7261.0,-12.7,-13.8,-12.3,91,103,3.16,83,0.8,-0.7940369213130576,-0.097495474724118,66160
2026-04-01 12:29:32,13.2115,-8.8702,416.6,7270.0,-12.7,-13.8,-12.3,92,104,3.17,80,0.9,-0.8863269777109872,-0.15628335990023737,66160
2026-04-01 12:29:34,13.2114,-8.8701,416.1,7279.0,-12.9,-13.9,-12.4,92,104,3.14,78,0.9,-0.880332840660425,-0.1871205217359835,66160
2026-04-01 12:29:36,13.2114,-8.8702,415.5,7291.0,-12.8,-13.9,-12.4,91,104,3.15,75,1.0,-0.9659258262890683,-0.25881904510252074,66160
2026-04-01 12:29:38,13.2114,-8.8702,415.0,7298.0,-12.9,-14.0,-12.5,91,103,3.12,72,1.1,-1.0461621679246689,-0.3399186938124422,66160
2026-04-01 12:29:40,13.2114,-8.8702,414.5,7308.0,-13.0,-14.2,-12.7,91,103,3.09,69,1.2,-1.1202965117966421,-0.43004153945436047,66160
2026-04-01 12:29:42,13.2114,-8.8702,414.0,7318.0,-13.1,-14.2,-12.7,91,104,3.09,66,1.4,-1.2789636406996412,-0.5694313003061202,66160
2026-04-01 12:29:44,13.2113,-8.8703,413.5,7326.0,-13.2,-14.4,-12.9,91,103,3.03,64,1.5,-1.3481910694487504,-0.6575567201836162,66160
2026-04-01 12:29:46,13.2113,-8.8703,413.0,7336.0,-13.2,-14.4,-12.9,91,103,3.03,63,1.7,-1.5147110911202253,-0.7717838495572297,66160
2026-04-01 12:29:48,13.2113,-8.8703,412.4,7346.0,-13.3,-14.4,-12.9,91,104,3.04,62,1.9,-1.677600426431961,-0.8919959692931926,66160
2026-04-01 12:29:50,13.2113,-8.8703,412.0,7355.0,-13.4,-14.5,-13.0,91,104,3.01,61,2.0,-1.7492394142787915,-0.9696192404926742,66160
2026-04-01 12:29:52,13.2112,-8.8703,411.4,7365.0,-13.5,-14.5,-13.0,92,105,3.03,60,2.1,-1.818653347947321,-1.0500000000000003,66160
2026-04-01 12:29:54,13.2112,-8.8703,411.0,7374.0,-13.5,-14.5,-13.0,92,105,3.02,59,2.2,-1.8857680615446473,-1.1330837648021193,66160
2026-04-01 12:29:56,13.2112,-8.8703,410.4,7383.0,-13.6,-14.5,-13.0,93,106,3.03,58,2.4,-2.035315430775422,-1.2718062341596916,66160
2026-04-01 12:29:58,13.2112,-8.8704,409.9,7394.0,-13.8,-14.7,-13.1,93,106,3.0,58,2.5,-2.120120240391065,-1.3247981605830121,66160
2026-04-01 12:30:00,13.2112,-8.8704,409.4,7403.0,-13.8,-14.6,-13.1,93,106,3.01,58,2.7,-2.28972985962235,-1.4307820134296534,66160
2026-04-01 12:30:02,13.2111,-8.8704,408.9,7412.0,-13.8,-14.7,-13.1,94,107,3.01,59,2.8,-2.400068441965914,-1.4421066097481516,66160
2026-04-01 12:30:04,13.211,-8.8704,408.5,7420.0,-13.9,-14.7,-13.1,94,108,3.0,60,3.0,-2.598076211353316,-1.5000000000000004,66160
2026-04-01 12:30:06,13.2109,-8.8704,408.0,7429.0,-13.9,-14.7,-13.1,94,108,3.0,61,3.2,-2.7987830628460664,-1.5513907847882789,66160
2026-04-01 12:30:08,13.2109,-8.8705,407.5,7438.0,-13.9,-14.6,-13.1,94,108,3.03,62,3.3,-2.9137270564344586,-1.5492561571934398,66160
2026-04-01 12:30:10,13.2108,-8.8705,407.0,7447.0,-14.0,-14.8,-13.2,94,108,3.0,62,3.4,-3.0020218157203513,-1.5962033134720288,66160
2026-04-01 12:30:12,13.2108,-8.8706,406.5,7456.0,-14.1,-14.8,-13.2,94,108,2.99,62,3.5,-3.090316575006244,-1.643150469750618,66160
2026-04-01 12:30:14,13.2107,-8.8706,406.0,7465.0,-14.2,-15.1,-13.5,92,106,2.91,62,3.6,-3.1786113342921367,-1.690097626029207,66160
2026-04-01 12:30:16,13.2106,-8.8707,405.5,7475.0,-14.1,-15.2,-13.6,91,105,2.89,63,3.8,-3.3858247919157978,-1.725163899010278,66160
2026-04-01 12:30:18,13.2106,-8.8707,405.1,7483.0,-14.1,-15.6,-14.0,88,101,2.8,64,3.9,-3.5052967805667508,-1.709647472477402,66160
2026-04-01 12:30:20,13.2106,-8.8707,404.7,7491.0,-14.1,-16.0,-14.3,85,97,2.71,64,4.0,-3.5951761851966677,-1.7534845871563098,66160
2026-04-01 12:30:22,13.2104,-8.8708,404.2,7501.0,-14.2,-16.3,-14.6,84,96,2.65,65,4.1,-3.7158619268502644,-1.7327348731368675,66160
2026-04-01 12:30:24,13.2103,-8.8708,403.7,7509.0,-14.3,-16.5,-14.8,83,95,2.61,65,4.1,-3.7158619268502644,-1.7327348731368675,66160
2026-04-01 12:30:26,13.2102,-8.8708,403.2,7518.0,-14.2,-16.6,-14.9,82,94,2.59,65,4.2,-3.80649270555393,-1.7749966993109376,66160
2026-04-01 12:30:28,13.2102,-8.8709,402.7,7527.0,-14.2,-16.6,-14.8,82,94,2.6,65,4.3,-3.8971234842575946,-1.8172585254850075,66160
2026-04-01 12:30:30,13.2101,-8.8709,402.3,7535.0,-14.3,-16.8,-15.1,81,93,2.55,65,4.4,-3.98775426296126,-1.8595203516590777,66160
2026-04-01 12:30:32,13.2101,-8.871,401.8,7546.0,-14.3,-16.8,-15.1,81,93,2.55,65,4.5,-4.078385041664925,-1.9017821778331474,66160
2026-04-01 12:30:34,13.21,-8.871,401.2,7556.0,-14.5,-16.9,-15.2,81,94,2.53,65,4.5,-4.078385041664925,-1.9017821778331474,66160
2026-04-01 12:30:36,13.2099,-8.871,400.7,7567.0,-14.5,-17.1,-15.3,81,93,2.51,66,4.6,-4.202309105155964,-1.8709885581486807,66160
2026-04-01 12:30:38,13.2098,-8.871,400.0,7579.0,-14.6,-17.3,-15.5,80,92,2.47,66,4.6,-4.202309105155964,-1.8709885581486807,66160
2026-04-01 12:30:40,13.2097,-8.871,399.7,7585.0,-14.7,-17.4,-15.6,80,92,2.44,66,4.7,-4.293663650920224,-1.9116622224562612,66160
2026-04-01 12:30:42,13.2097,-8.871,399.2,7594.0,-14.7,-17.5,-15.6,80,92,2.44,65,4.7,-4.259646599072255,-1.9863058301812875,66160
2026-04-01 12:30:44,13.2096,-8.8711,398.7,7603.0,-14.8,-17.6,-15.7,79,92,2.42,64,4.7,-4.224332017606085,-2.060344389908664,66160
2026-04-01 12:30:46,13.2095,-8.8712,398.2,7613.0,-14.9,-17.8,-15.9,79,91,2.38,64,4.7,-4.224332017606085,-2.060344389908664,66160
2026-04-01 12:30:48,13.2094,-8.8711,397.7,7623.0,-15.0,-18.0,-16.2,78,90,2.33,64,4.7,-4.224332017606085,-2.060344389908664,66160
2026-04-01 12:30:50,13.2093,-8.8712,397.1,7633.0,-15.0,-17.8,-15.9,79,92,2.39,63,4.7,-4.187730663685329,-2.1337553487758703,66160
2026-04-01 12:30:52,13.2092,-8.8712,396.6,7643.0,-15.0,-17.1,-15.3,84,97,2.52,63,4.6,-4.098630011266492,-2.0883562988019153,66160
2026-04-01 12:30:54,13.2091,-8.8713,396.1,7653.0,-15.0,-17.0,-15.2,85,98,2.55,63,4.6,-4.098630011266492,-2.0883562988019153,66160
2026-04-01 12:30:56,13.2091,-8.8714,395.6,7662.0,-15.1,-17.1,-15.3,84,97,2.53,63,4.5,-4.009529358847655,-2.042957248827961,66160
2026-04-01 12:30:58,13.209,-8.8714,395.0,7673.0,-15.2,-17.4,-15.6,83,96,2.47,63,4.6,-4.098630011266492,-2.0883562988019153,66160
2026-04-01 12:31:00,13.209,-8.8714,394.5,7684.0,-15.2,-17.4,-15.6,83,97,2.49,62,4.6,-4.061558927151063,-2.1595691888150976,66160
2026-04-01 12:31:02,13.2089,-8.8715,394.0,7693.0,-15.2,-17.4,-15.6,83,96,2.47,61,4.6,-4.02325065284122,-2.2301242531331504,66160
2026-04-01 12:31:04,13.2088,-8.8715,393.6,7702.0,-15.2,-17.6,-15.8,82,95,2.44,61,4.6,-4.02325065284122,-2.2301242531331504,66160
2026-04-01 12:31:06,13.2087,-8.8716,393.1,7711.0,-15.2,-17.7,-15.9,81,94,2.42,60,4.7,-4.070319397786862,-2.3500000000000005,66160
2026-04-01 12:31:08,13.2087,-8.8717,392.5,7721.0,-15.3,-17.6,-15.7,82,96,2.46,60,4.7,-4.070319397786862,-2.3500000000000005,66160
2026-04-01 12:31:10,13.2086,-8.8717,392.1,7730.0,-15.4,-17.5,-15.7,83,97,2.47,60,4.7,-4.070319397786862,-2.3500000000000005,66160
2026-04-01 12:31:12,13.2086,-8.8717,391.6,7739.0,-15.5,-17.5,-15.7,84,98,2.47,59,4.6,-3.9429695832297162,-2.369175144586249,66160
2026-04-01 12:31:14,13.2085,-8.8717,391.2,7747.0,-15.5,-17.4,-15.6,85,99,2.49,59,4.6,-3.9429695832297162,-2.369175144586249,66160
2026-04-01 12:31:16,13.2084,-8.8717,390.8,7755.0,-15.5,-17.4,-15.5,85,99,2.51,59,4.5,-3.8572528531595056,-2.3176713370952435,66160
2026-04-01 12:31:18,13.2083,-8.8718,390.4,7763.0,-15.5,-17.4,-15.6,85,99,2.51,59,4.5,-3.8572528531595056,-2.3176713370952435,66160
2026-04-01 12:31:20,13.2083,-8.8719,390.0,7771.0,-15.6,-17.4,-15.6,86,100,2.51,59,4.4,-3.7715361230892945,-2.2661675296042385,66160
2026-04-01 12:31:22,13.2082,-8.8719,389.6,7778.0,-15.6,-17.4,-15.6,86,100,2.52,60,4.4,-3.81051177665153,-2.2000000000000006,66160
2026-04-01 12:31:24,13.2081,-8.8719,389.2,7785.0,-15.7,-17.4,-15.6,86,101,2.51,60,4.5,-3.8971143170299736,-2.2500000000000004,66160
2026-04-01 12:31:26,13.2081,-8.872,388.8,7793.0,-15.7,-17.5,-15.7,86,100,2.49,60,4.5,-3.8971143170299736,-2.2500000000000004,66160
2026-04-01 12:31:28,13.208,-8.872,388.4,7801.0,-15.8,-17.8,-15.9,84,98,2.44,60,4.5,-3.8971143170299736,-2.2500000000000004,66160
2026-04-01 12:31:30,13.2079,-8.8721,388.0,7809.0,-15.8,-18.0,-16.1,83,97,2.39,61,4.5,-3.935788682127281,-2.181643291108517,66160
2026-04-01 12:31:32,13.2078,-8.8721,387.6,7817.0,-15.9,-18.1,-16.2,83,97,2.38,61,4.5,-3.935788682127281,-2.181643291108517,66160
2026-04-01 12:31:34,13.2077,-8.8721,387.2,7825.0,-15.9,-18.2,-16.3,82,96,2.35,61,4.6,-4.02325065284122,-2.2301242531331504,66160
2026-04-01 12:31:36,13.2077,-8.8722,386.8,7832.0,-15.9,-18.3,-16.4,82,95,2.34,61,4.6,-4.02325065284122,-2.2301242531331504,66160
2026-04-01 12:31:38,13.2076,-8.8722,386.4,7840.0,-16.0,-18.5,-16.6,81,95,2.31,60,4.7,-4.070319397786862,-2.3500000000000005,66160
2026-04-01 12:31:40,13.2075,-8.8723,386.0,7848.0,-16.0,-18.6,-16.7,80,94,2.28,59,4.8,-4.114403043370139,-2.47218275956826,66160
2026-04-01 12:31:42,13.2075,-8.8723,385.6,7856.0,-16.1,-18.7,-16.8,80,93,2.26,58,4.8,-4.070630861550844,-2.5436124683193833,66160
2026-04-01 12:31:44,13.2074,-8.8723,385.2,7865.0,-16.1,-18.8,-16.8,80,94,2.26,58,4.9,-4.1554356711664875,-2.596604394742704,66160
2026-04-01 12:31:46,13.2073,-8.8724,384.7,7873.0,-16.1,-18.7,-16.7,81,94,2.28,57,4.9,-4.109485782932578,-2.668731271573633,66160
2026-04-01 12:31:48,13.2073,-8.8724,384.3,7882.0,-16.2,-18.7,-16.8,81,95,2.28,57,4.9,-4.109485782932578,-2.668731271573633,66160
2026-04-01 12:31:50,13.2072,-8.8725,383.8,7891.0,-16.3,-18.8,-16.8,81,95,2.27,57,5.0,-4.193352839727121,-2.7231951750751353,66160
2026-04-01 12:31:52,13.2071,-8.8725,383.4,7900.0,-16.5,-18.7,-16.8,83,97,2.28,57,5.0,-4.193352839727121,-2.7231951750751353,66160
2026-04-01 12:31:54,13.207,-8.8725,382.8,7910.0,-16.5,-18.6,-16.7,84,98,2.31,56,5.0,-4.145187862775209,-2.7959645173537337,66160
2026-04-01 12:31:56,13.2069,-8.8726,382.3,7920.0,-16.4,-18.5,-16.6,84,98,2.33,55,5.0,-4.095760221444959,-2.8678821817552302,66160
2026-04-01 12:31:58,13.2068,-8.8727,381.9,7929.0,-16.5,-18.6,-16.7,84,99,2.31,55,5.0,-4.095760221444959,-2.8678821817552302,66160
2026-04-01 12:32:00,13.2067,-8.8728,381.4,7938.0,-16.6,-18.7,-16.7,84,99,2.3,54,5.1,-4.125986671312232,-2.997704786691613,66160
2026-04-01 12:32:02,13.2067,-8.8728,380.9,7948.0,-16.6,-18.6,-16.6,85,100,2.33,54,5.2,-4.206888370749727,-3.0564833119208603,66160
2026-04-01 12:32:04,13.2066,-8.8729,380.4,7959.0,-16.7,-18.6,-16.7,85,100,2.31,54,5.3,-4.287790070187222,-3.1152618371501077,66160
2026-04-01 12:32:06,13.2066,-8.8729,379.8,7970.0,-16.7,-18.9,-17.0,83,98,2.26,55,5.4,-4.423421039160556,-3.097312756295649,66160
2026-04-01 12:32:08,13.2065,-8.873,379.2,7982.0,-16.8,-19.1,-17.1,82,97,2.24,54,5.6,-4.530495168499705,-3.2915974128378496,66160
2026-04-01 12:32:10,13.2064,-8.8731,379.0,7987.0,-16.8,-19.2,-17.2,82,96,2.21,53,5.7,-4.55222240726957,-3.4303456319666754,66160
2026-04-01 12:32:12,13.2063,-8.8731,378.2,8002.0,-16.9,-19.2,-17.3,82,96,2.21,53,5.7,-4.55222240726957,-3.4303456319666754,66160
2026-04-01 12:32:14,13.2062,-8.8732,377.7,8012.0,-17.0,-19.4,-17.4,82,96,2.19,53,5.7,-4.55222240726957,-3.4303456319666754,66160
2026-04-01 12:32:16,13.2062,-8.8733,377.2,8022.0,-17.1,-19.5,-17.5,82,97,2.17,52,5.7,-4.491661295558315,-3.5092704093562523,66160
2026-04-01 12:32:18,13.2061,-8.8733,376.7,8032.0,-17.2,-19.4,-17.4,82,97,2.18,51,5.8,-4.507446576450431,-3.6500582680890568,66160
2026-04-01 12:32:20,13.206,-8.8734,376.1,8043.0,-17.2,-19.5,-17.5,83,98,2.18,51,5.8,-4.507446576450431,-3.6500582680890568,66160
2026-04-01 12:32:22,13.2059,-8.8735,375.7,8052.0,-17.3,-19.5,-17.5,83,98,2.17,51,5.9,-4.585161172596129,-3.712990307194041,66160
2026-04-01 12:32:24,13.2058,-8.8735,375.2,8062.0,-17.4,-19.5,-17.5,83,98,2.17,50,5.9,-4.51966221440197,-3.7924468971505823,66160
2026-04-01 12:32:26,13.2057,-8.8735,374.8,8070.0,-17.4,-19.5,-17.5,83,99,2.17,50,6.0,-4.596266658713868,-3.8567256581192364,66160
2026-04-01 12:32:28,13.2056,-8.8735,374.5,8076.0,-17.5,-19.6,-17.6,84,100,2.16,49,6.0,-4.528257481336632,-3.9363541739430437,66160
2026-04-01 12:32:30,13.2055,-8.8737,374.0,8085.0,-17.7,-19.7,-17.7,85,100,2.15,49,6.0,-4.528257481336632,-3.9363541739430437,66160
2026-04-01 12:32:32,13.2054,-8.8738,373.5,8095.0,-17.8,-19.8,-17.8,84,101,2.13,49,6.1,-4.603728439358909,-4.001960076842094,66160
2026-04-01 12:32:34,13.2054,-8.8739,373.1,8103.0,-18.0,-19.9,-17.9,85,101,2.11,48,6.1,-4.533183435412105,-4.081696698789035,66160
2026-04-01 12:32:36,13.2053,-8.8739,372.7,8112.0,-18.1,-19.9,-17.8,86,103,2.13,48,6.2,-4.6074979179598445,-4.148609759424922,66160
2026-04-01 12:32:38,13.2052,-8.8739,372.2,8122.0,-18.2,-19.9,-17.9,87,104,2.12,47,6.3,-4.607528320200774,-4.29658966839374,66160
2026-04-01 12:32:40,13.205,-8.874,371.7,8131.0,-18.2,-19.8,-17.7,87,104,2.15,47,6.4,-4.6806636903626915,-4.36478950439999,66160
2026-04-01 12:32:42,13.205,-8.8742,371.2,8141.0,-18.3,-19.8,-17.8,88,105,2.14,46,6.4,-4.603774722167367,-4.445813570937583,66160
2026-04-01 12:32:44,13.2049,-8.8743,370.7,8151.0,-18.5,-19.8,-17.8,89,107,2.14,46,6.5,-4.6757087022012325,-4.515279407983482,66160
2026-04-01 12:32:46,13.2049,-8.8744,370.2,8161.0,-18.5,-19.8,-17.7,90,107,2.16,45,6.6,-4.666904755831213,-4.666904755831213,66160
2026-04-01 12:32:48,13.2048,-8.8744,369.8,8170.0,-18.5,-20.0,-17.9,88,106,2.13,44,6.6,-4.5847452450293815,-4.747642682235098,66160
2026-04-01 12:32:50,13.2047,-8.8745,369.4,8179.0,-18.6,-20.1,-18.1,88,106,2.1,44,6.6,-4.5847452450293815,-4.747642682235098,66160
2026-04-01 12:32:52,13.2046,-8.8746,368.9,8189.0,-18.7,-20.5,-18.4,86,103,2.03,44,6.6,-4.5847452450293815,-4.747642682235098,66160
2026-04-01 12:32:54,13.2045,-8.8747,368.4,8199.0,-18.7,-20.6,-18.5,85,102,2.02,44,6.7,-4.654211082075282,-4.819576662268963,66160
2026-04-01 12:32:56,13.2045,-8.8748,367.9,8208.0,-18.8,-20.7,-18.6,85,102,2.0,44,6.7,-4.654211082075282,-4.819576662268963,66160
2026-04-01 12:32:58,13.2044,-8.8749,367.5,8215.0,-18.9,-20.7,-18.6,85,102,2.0,44,6.7,-4.654211082075282,-4.819576662268963,66160
2026-04-01 12:33:00,13.2043,-8.875,367.1,8224.0,-18.9,-20.5,-18.5,87,104,2.03,44,6.7,-4.654211082075282,-4.819576662268963,66160
2026-04-01 12:33:02,13.2042,-8.8751,366.7,8233.0,-18.9,-20.5,-18.4,88,106,2.05,44,6.6,-4.5847452450293815,-4.747642682235098,66160
2026-04-01 12:33:04,13.2041,-8.8752,366.3,8240.0,-19.0,-20.4,-18.3,89,107,2.07,44,6.6,-4.5847452450293815,-4.747642682235098,66160
2026-04-01 12:33:06,13.2041,-8.8753,365.9,8249.0,-19.0,-20.4,-18.3,89,107,2.07,45,6.5,-4.596194077712559,-4.59619407771256,66160
2026-04-01 12:33:08,13.204,-8.8754,365.5,8257.0,-19.1,-20.4,-18.3,90,108,2.07,46,6.4,-4.603774722167367,-4.445813570937583,66160
2026-04-01 12:33:10,13.2038,-8.8755,365.1,8265.0,-19.2,-20.5,-18.4,89,108,2.05,46,6.4,-4.603774722167367,-4.445813570937583,66160
2026-04-01 12:33:12,13.2038,-8.8756,364.6,8275.0,-19.2,-20.5,-18.5,89,108,2.05,47,6.4,-4.6806636903626915,-4.36478950439999,66160
2026-04-01 12:33:14,13.2037,-8.8756,364.2,8283.0,-19.3,-20.7,-18.6,89,107,2.03,47,6.4,-4.6806636903626915,-4.36478950439999,66160
2026-04-01 12:33:16,13.2036,-8.8757,363.8,8292.0,-19.4,-20.7,-18.6,89,107,2.02,48,6.4,-4.756126883055323,-4.282435880696693,66160
2026-04-01 12:33:18,13.2035,-8.8757,363.3,8302.0,-19.5,-20.9,-18.8,89,107,2.0,48,6.3,-4.681812400507583,-4.215522820060807,66160
2026-04-01 12:33:20,13.2034,-8.8758,362.9,8311.0,-19.5,-20.9,-18.8,89,107,1.99,49,6.2,-4.679199397381186,-4.067565979741145,66160
2026-04-01 12:33:22,13.2033,-8.8759,362.4,8320.0,-19.6,-21.0,-18.9,88,107,1.98,50,6.2,-4.7494755473376635,-3.9852831800565442,66160
2026-04-01 12:33:24,13.2033,-8.8759,362.0,8328.0,-19.6,-21.0,-18.9,88,107,1.98,51,6.1,-4.740590364887522,-3.838854385404008,66160
2026-04-01 12:33:26,13.2032,-8.876,361.6,8336.0,-19.7,-21.2,-19.0,88,107,1.96,53,6.1,-4.871676611288486,-3.671071641227494,66160
2026-04-01 12:33:28,13.2031,-8.876,361.1,8347.0,-19.9,-21.3,-19.1,88,107,1.94,54,6.1,-4.935003665687179,-3.585490038984086,66160
2026-04-01 12:33:30,13.203,-8.8761,360.6,8357.0,-19.9,-21.3,-19.1,89,108,1.94,55,6.1,-4.99682747016285,-3.4988162617413807,66160
2026-04-01 12:33:32,13.2029,-8.8762,360.1,8368.0,-20.0,-21.4,-19.2,89,109,1.93,56,6.0,-4.974225435330251,-3.3551574208244808,66160
2026-04-01 12:33:34,13.2028,-8.8763,359.6,8378.0,-20.2,-21.4,-19.3,89,109,1.92,57,5.9,-4.948156350878002,-3.21337030658866,66160
2026-04-01 12:33:36,13.2027,-8.8763,359.1,8388.0,-20.2,-21.5,-19.3,90,109,1.92,57,5.8,-4.864289294083459,-3.158906403087157,66160
2026-04-01 12:33:38,13.2027,-8.8763,358.7,8397.0,-20.3,-21.5,-19.3,90,110,1.92,58,5.7,-4.8338741480916285,-3.020539806129268,66160
2026-04-01 12:33:40,13.2026,-8.8764,358.3,8404.0,-20.4,-21.6,-19.4,91,111,1.91,58,5.6,-4.7490693384759854,-2.9675478797059474,66160
2026-04-01 12:33:42,13.2025,-8.8764,357.9,8414.0,-20.5,-21.5,-19.4,91,111,1.91,59,5.5,-4.714420153861618,-2.832709412005298,66160
2026-04-01 12:33:44,13.2024,-8.8765,357.4,8423.0,-20.5,-21.5,-19.3,92,112,1.93,59,5.5,-4.714420153861618,-2.832709412005298,66160
2026-04-01 12:33:46,13.2023,-8.8766,357.0,8431.0,-20.5,-21.4,-19.3,92,113,1.93,60,5.6,-4.849742261192856,-2.8000000000000003,66160
2026-04-01 12:33:48,13.2022,-8.8766,356.6,8440.0,-20.6,-21.5,-19.3,93,113,1.93,61,5.6,-4.897870359980616,-2.7149338733794877,66160
2026-04-01 12:33:50,13.202,-8.8767,356.2,8449.0,-20.8,-21.7,-19.5,92,113,1.89,62,5.6,-4.94450652000999,-2.629040751600989,66160
2026-04-01 12:33:52,13.2019,-8.8767,355.6,8460.0,-20.9,-21.9,-19.7,91,112,1.87,63,5.6,-4.98963653545486,-2.542346798541462,66160
2026-04-01 12:33:54,13.2019,-8.8767,355.2,8470.0,-20.9,-22.0,-19.8,91,112,1.85,64,5.5,-4.943367254645418,-2.411041307339926,66160
2026-04-01 12:33:56,13.2018,-8.8768,354.6,8481.0,-21.0,-22.1,-19.9,91,111,1.84,64,5.4,-4.853487850015502,-2.3672041926610183,66160
2026-04-01 12:33:58,13.2018,-8.8768,354.2,8491.0,-21.0,-22.1,-19.9,91,111,1.83,65,5.3,-4.803431271294245,-2.239876787225707,66160
2026-04-01 12:34:00,13.2017,-8.8769,353.7,8501.0,-21.1,-22.2,-20.0,91,111,1.83,66,5.2,-4.750436379741525,-2.1150305439941612,66160
2026-04-01 12:34:02,13.2016,-8.8769,353.1,8513.0,-21.1,-22.3,-20.1,90,111,1.81,67,5.0,-4.6025242672622015,-1.9536556424463685,66160
2026-04-01 12:34:04,13.2015,-8.8769,352.6,8523.0,-21.1,-22.3,-20.0,90,111,1.82,67,5.0,-4.6025242672622015,-1.9536556424463685,66160
2026-04-01 12:34:06,13.2014,-8.8769,352.1,8533.0,-21.1,-22.3,-20.0,90,111,1.82,67,4.9,-4.510473781916958,-1.9145825295974412,66160
2026-04-01 12:34:08,13.2013,-8.877,351.7,8543.0,-21.2,-22.3,-20.1,90,111,1.82,67,4.8,-4.418423296571714,-1.8755094167485138,66160
2026-04-01 12:34:10,13.2012,-8.877,351.2,8552.0,-21.4,-22.5,-20.2,91,112,1.8,68,4.7,-4.357764116463901,-1.7606509890547863,66160
2026-04-01 12:34:12,13.2011,-8.877,350.6,8566.0,-21.4,-22.3,-20.1,92,114,1.82,69,4.7,-4.387828004536848,-1.684329362862912,66160
2026-04-01 12:34:14,13.2011,-8.877,350.1,8576.0,-21.5,-22.3,-20.1,93,115,1.83,69,4.7,-4.387828004536848,-1.684329362862912,66160
2026-04-01 12:34:16,13.201,-8.877,349.8,8583.0,-21.6,-22.3,-20.0,94,116,1.84,70,4.7,-4.416555317693769,-1.6074946736306435,66160
2026-04-01 12:34:18,13.2009,-8.877,349.3,8593.0,-21.5,-22.1,-19.8,95,118,1.87,69,4.8,-4.4811860471865685,-1.7201661578174419,66160
2026-04-01 12:34:20,13.2009,-8.8771,348.9,8602.0,-21.6,-22.1,-19.9,96,118,1.87,68,4.8,-4.45048250192058,-1.7981116483963773,66160
2026-04-01 12:34:22,13.2008,-8.8772,348.3,8613.0,-21.8,-22.2,-20.0,96,119,1.85,67,4.8,-4.418423296571714,-1.8755094167485138,66160
2026-04-01 12:34:24,13.2008,-8.8772,347.8,8624.0,-21.9,-22.3,-20.1,96,119,1.84,66,4.9,-4.476372742448745,-1.9930095510714212,66160
2026-04-01 12:34:26,13.2007,-8.8772,347.3,8635.0,-21.8,-22.4,-20.1,95,118,1.83,65,4.9,-4.440908156479585,-2.0708294825294273,66160
2026-04-01 12:34:28,13.2006,-8.8772,346.8,8646.0,-21.9,-22.5,-20.2,96,118,1.82,63,4.8,-4.276831316104166,-2.1791543987498248,66160
2026-04-01 12:34:30,13.2005,-8.8773,346.3,8656.0,-22.0,-22.5,-20.3,95,118,1.81,63,4.8,-4.276831316104166,-2.1791543987498248,66160
2026-04-01 12:34:32,13.2004,-8.8773,345.9,8665.0,-22.1,-22.7,-20.4,95,117,1.79,62,4.8,-4.238148445722849,-2.253463501372276,66160
2026-04-01 12:34:34,13.2003,-8.8773,345.6,8672.0,-22.1,-22.7,-20.4,95,118,1.79,62,4.8,-4.238148445722849,-2.253463501372276,66160
2026-04-01 12:34:36,13.2002,-8.8773,345.2,8679.0,-22.1,-22.7,-20.5,95,118,1.78,61,4.8,-4.1981745942691,-2.327086177182418,66160
2026-04-01 12:34:38,13.2001,-8.8774,344.9,8686.0,-22.3,-22.9,-20.6,95,117,1.76,61,4.9,-4.285636564983039,-2.375567139207052,66160
2026-04-01 12:34:40,13.2,-8.8774,344.5,8696.0,-22.3,-23.0,-20.7,94,117,1.74,61,5.0,-4.373098535696979,-2.4240481012316857,66160
2026-04-01 12:34:42,13.1999,-8.8776,344.1,8703.0,-22.2,-23.1,-20.8,93,116,1.74,61,5.1,-4.460560506410918,-2.472529063256319,66160
2026-04-01 12:34:44,13.1999,-8.8777,343.8,8709.0,-22.4,-23.2,-20.9,93,115,1.72,61,5.2,-4.548022477124858,-2.521010025280953,66160
2026-04-01 12:34:46,13.1998,-8.8777,343.4,8719.0,-22.4,-23.2,-20.9,93,116,1.72,61,5.1,-4.460560506410918,-2.472529063256319,66160
2026-04-01 12:34:48,13.1997,-8.8777,343.0,8727.0,-22.5,-23.3,-21.0,94,117,1.71,61,5.1,-4.460560506410918,-2.472529063256319,66160
2026-04-01 12:34:50,13.1996,-8.8778,342.6,8735.0,-22.6,-23.3,-21.0,94,117,1.71,60,5.0,-4.330127018922193,-2.5000000000000004,66160
2026-04-01 12:34:52,13.1995,-8.8779,342.1,8746.0,-22.6,-23.3,-21.0,94,118,1.71,59,5.0,-4.285836503510562,-2.575190374550271,66160
2026-04-01 12:34:54,13.1995,-8.878,341.6,8757.0,-22.8,-23.4,-21.1,95,118,1.7,58,4.9,-4.1554356711664875,-2.596604394742704,66160
2026-04-01 12:34:56,13.1995,-8.8779,341.2,8766.0,-22.9,-23.5,-21.1,95,119,1.69,57,4.8,-4.025618726138036,-2.61426736807213,66160
2026-04-01 12:34:58,13.1994,-8.878,340.8,8775.0,-23.0,-23.4,-21.1,96,120,1.7,56,4.7,-3.8964765910086965,-2.62820664631251,66160
2026-04-01 12:35:00,13.1993,-8.878,340.3,8785.0,-23.0,-23.4,-21.1,96,121,1.71,55,4.6,-3.768099403729362,-2.6384516072148116,66160
2026-04-01 12:35:02,13.1991,-8.8781,339.8,8795.0,-23.1,-23.4,-21.1,97,121,1.71,55,4.6,-3.768099403729362,-2.6384516072148116,66160
2026-04-01 12:35:04,13.1991,-8.8781,339.4,8805.0,-23.1,-23.4,-21.0,98,122,1.72,56,4.5,-3.730669076497688,-2.5163680656183605,66160
2026-04-01 12:35:06,13.199,-8.8781,339.0,8813.0,-23.2,-23.4,-21.1,98,123,1.71,56,4.4,-3.647765319242184,-2.4604487752712862,66160
2026-04-01 12:35:08,13.199,-8.8782,338.4,8825.0,-23.3,-23.5,-21.2,98,123,1.7,56,4.4,-3.647765319242184,-2.4604487752712862,66160
2026-04-01 12:35:10,13.199,-8.8782,338.0,8835.0,-23.4,-23.6,-21.3,98,123,1.68,56,4.3,-3.5648615619866795,-2.404529484924211,66160
2026-04-01 12:35:12,13.1989,-8.8783,337.5,8844.0,-23.5,-23.7,-21.4,98,123,1.67,57,4.2,-3.5224163853707813,-2.2874839470631136,66160
2026-04-01 12:35:14,13.1989,-8.8783,337.0,8856.0,-23.7,-23.8,-21.4,99,125,1.66,56,4.2,-3.4819578047311754,-2.3486101945771365,66160
2026-04-01 12:35:16,13.1988,-8.8784,336.5,8866.0,-23.7,-23.8,-21.4,99,125,1.67,55,4.2,-3.440438586013766,-2.4090210326743935,66160
2026-04-01 12:35:18,13.1987,-8.8784,336.1,8875.0,-23.8,-23.8,-21.4,99,125,1.67,55,4.2,-3.440438586013766,-2.4090210326743935,66160
2026-04-01 12:35:20,13.1987,-8.8784,335.8,8881.0,-24.0,-24.0,-21.6,100,126,1.64,54,4.2,-3.3978713763747797,-2.4686980596283874,66160
2026-04-01 12:35:22,13.1987,-8.8784,335.5,8888.0,-24.0,-24.0,-21.6,100,126,1.64,54,4.2,-3.3978713763747797,-2.4686980596283874,66160
2026-04-01 12:35:24,13.1986,-8.8785,335.1,8897.0,-24.0,-24.0,-21.6,100,126,1.64,53,4.2,-3.35426914219863,-2.5276230972386027,66160
2026-04-01 12:35:26,13.1985,-8.8786,334.8,8904.0,-24.0,-24.0,-21.6,100,126,1.64,53,4.1,-3.2744055911939003,-2.4674415949233977,66160
2026-04-01 12:35:28,13.1984,-8.8786,334.4,8913.0,-24.0,-24.0,-21.7,100,126,1.64,53,4.1,-3.2744055911939003,-2.4674415949233977,66160
2026-04-01 12:35:30,13.1984,-8.8786,334.1,8919.0,-24.1,-24.1,-21.7,100,126,1.64,53,4.1,-3.2744055911939003,-2.4674415949233977,66160
2026-04-01 12:35:32,13.1983,-8.8787,333.7,8928.0,-24.1,-24.1,-21.7,100,126,1.63,53,4.1,-3.2744055911939003,-2.4674415949233977,66160
2026-04-01 12:35:34,13.1983,-8.8787,333.4,8935.0,-24.2,-24.2,-21.8,100,127,1.62,53,4.2,-3.35426914219863,-2.5276230972386027,66160
2026-04-01 12:35:36,13.1982,-8.8788,333.1,8942.0,-24.3,-24.3,-21.9,100,127,1.62,54,4.3,-3.4787730758122737,-2.5274765848576344,66160
2026-04-01 12:35:38,13.1981,-8.8788,332.6,8951.0,-24.3,-24.3,-21.9,100,127,1.61,54,4.4,-3.559674775249769,-2.586255110086882,66160
2026-04-01 12:35:40,13.1981,-8.8789,332.2,8960.0,-24.3,-24.4,-22.0,100,126,1.6,55,4.5,-3.686184199300463,-2.581093963579707,66160
2026-04-01 12:35:42,13.198,-8.879,331.8,8969.0,-24.5,-24.6,-22.1,99,126,1.58,55,4.7,-3.850014608158262,-2.6958092508499165,66160
2026-04-01 12:35:44,13.198,-8.8791,331.4,8979.0,-24.6,-24.7,-22.3,99,125,1.56,55,4.8,-3.9319298125871605,-2.753166894485021,66160
2026-04-01 12:35:46,13.1979,-8.8791,330.9,8990.0,-24.6,-24.8,-22.3,98,125,1.55,56,4.8,-3.9793803482642,-2.6841259366595844,66160
2026-04-01 12:35:48,13.1978,-8.8791,330.4,9000.0,-24.7,-25.0,-22.5,98,124,1.53,56,4.9,-4.062284105519705,-2.7400452270066595,66160
2026-04-01 12:35:50,13.1977,-8.8791,329.9,9011.0,-24.8,-25.1,-22.6,97,124,1.52,58,5.0,-4.24024048078213,-2.6495963211660243,66160
2026-04-01 12:35:52,13.1977,-8.8792,329.5,9021.0,-24.8,-25.1,-22.6,97,124,1.51,60,5.1,-4.416729559300636,-2.5500000000000003,66160
2026-04-01 12:35:54,13.1976,-8.8793,329.0,9031.0,-24.9,-25.2,-22.7,97,124,1.5,61,5.3,-4.635484447838797,-2.5694909873055867,66160
2026-04-01 12:35:56,13.1975,-8.8793,328.5,9043.0,-25.0,-25.2,-22.8,97,124,1.5,62,5.4,-4.767917001438206,-2.5351464390438108,66160
2026-04-01 12:35:58,13.1974,-8.8794,328.0,9052.0,-25.0,-25.3,-22.8,98,125,1.5,64,5.6,-5.033246659275335,-2.4548784220188336,66160
2026-04-01 12:36:00,13.1972,-8.8794,327.6,9061.0,-25.2,-25.4,-22.9,98,125,1.48,65,5.8,-5.256585164812569,-2.4511859180960567,66160
2026-04-01 12:36:02,13.1972,-8.8794,327.1,9072.0,-25.1,-25.4,-22.9,97,124,1.48,66,5.9,-5.389918200091345,-2.3997461941472213,66160
2026-04-01 12:36:04,13.1971,-8.8795,326.7,9081.0,-25.3,-25.6,-23.1,97,124,1.46,68,6.1,-5.655821512857403,-2.2851002198370627,66160
2026-04-01 12:36:06,13.197,-8.8796,326.3,9091.0,-25.3,-25.7,-23.1,97,124,1.45,69,6.3,-5.881556686932371,-2.2577180821353924,66160
2026-04-01 12:36:08,13.197,-8.8796,325.9,9100.0,-25.3,-25.9,-23.4,94,121,1.42,70,6.4,-6.014032773029814,-2.1889289172842807,66160
2026-04-01 12:36:10,13.1968,-8.8796,325.5,9110.0,-25.4,-26.2,-23.7,93,119,1.39,71,6.6,-6.24042259895549,-2.1487498194172345,66160
2026-04-01 12:36:12,13.1966,-8.8796,325.0,9119.0,-25.5,-26.4,-23.8,92,118,1.36,72,6.8,-6.467184310807044,-2.1013155617496424,66160
2026-04-01 12:36:14,13.1965,-8.8796,324.7,9126.0,-25.6,-26.5,-23.9,92,118,1.35,73,6.9,-6.598502816144945,-2.017364762586884,66160
2026-04-01 12:36:16,13.1964,-8.8796,324.4,9134.0,-25.5,-26.4,-23.8,92,119,1.37,74,6.9,-6.632705701974401,-1.9018977551372944,66160
2026-04-01 12:36:18,13.1963,-8.8797,324.0,9143.0,-25.6,-26.4,-23.8,92,119,1.37,76,7.0,-6.792070083931975,-1.6934532691976738,66160
2026-04-01 12:36:20,13.1962,-8.8798,323.7,9149.0,-25.7,-26.6,-24.0,92,118,1.34,77,7.1,-6.91802745997517,-1.5971524858414408,66160
2026-04-01 12:36:22,13.196,-8.8798,323.1,9162.0,-25.8,-26.7,-24.1,92,119,1.34,78,7.1,-6.94484796521002,-1.4761730048060921,66160
2026-04-01 12:36:24,13.1959,-8.8798,322.6,9173.0,-25.8,-26.7,-24.1,92,119,1.33,79,7.2,-7.0677157208231804,-1.3738247667111234,66160
2026-04-01 12:36:26,13.1957,-8.8799,322.1,9184.0,-25.8,-26.9,-24.3,91,117,1.32,81,7.2,-7.111356052284992,-1.1263281482896628,66160
2026-04-01 12:36:28,13.1955,-8.8799,321.6,9195.0,-25.9,-27.1,-24.5,89,115,1.29,82,7.3,-7.228956901813463,-1.015963637008478,66160
2026-04-01 12:36:30,13.1954,-8.8799,321.2,9204.0,-26.0,-27.3,-24.7,88,114,1.27,82,7.3,-7.228956901813463,-1.015963637008478,66160
2026-04-01 12:36:32,13.1952,-8.8799,320.8,9214.0,-25.9,-27.4,-24.8,87,113,1.26,83,7.3,-7.24558690698165,-0.8896462068575767,66160
2026-04-01 12:36:34,13.1951,-8.8799,320.5,9222.0,-26.0,-27.6,-25.0,86,111,1.23,83,7.3,-7.24558690698165,-0.8896462068575767,66160
2026-04-01 12:36:36,13.195,-8.8799,320.0,9232.0,-26.1,-27.8,-25.1,86,110,1.22,84,7.3,-7.260009836188395,-0.7630577818538702,66160
2026-04-01 12:36:38,13.1948,-8.8799,319.6,9241.0,-26.2,-28.0,-25.3,85,110,1.2,85,7.3,-7.272221296069742,-0.6362369220579044,66160
2026-04-01 12:36:40,13.1947,-8.8799,319.2,9251.0,-26.3,-28.2,-25.5,84,108,1.18,85,7.2,-7.172601826260568,-0.6275213477831386,66160
2026-04-01 12:36:42,13.1946,-8.8799,318.7,9261.0,-26.3,-28.3,-25.6,83,108,1.17,86,7.2,-7.182461161870735,-0.5022466109577017,66160
2026-04-01 12:36:44,13.1944,-8.8799,318.3,9272.0,-26.3,-28.5,-25.8,82,106,1.15,87,7.2,-7.190132650232932,-0.3768188849491966,66160
2026-04-01 12:36:46,13.1943,-8.88,317.9,9280.0,-26.2,-28.7,-25.9,80,103,1.13,87,7.2,-7.190132650232932,-0.3768188849491966,66160
2026-04-01 12:36:48,13.1942,-8.88,317.5,9288.0,-26.2,-29.0,-26.2,77,100,1.1,88,7.1,-7.0956748718355795,-0.24778642658775765,66160
2026-04-01 12:36:50,13.1941,-8.8799,317.2,9295.0,-26.2,-29.3,-26.5,76,98,1.07,88,7.1,-7.0956748718355795,-0.24778642658775765,66160
2026-04-01 12:36:52,13.194,-8.8799,316.9,9303.0,-26.3,-29.4,-26.6,75,97,1.06,89,7.0,-6.998933866094739,-0.12216684506098519,66160
2026-04-01 12:36:54,13.1938,-8.8799,316.6,9310.0,-26.3,-29.3,-26.5,75,97,1.07,89,7.0,-6.998933866094739,-0.12216684506098519,66160
2026-04-01 12:36:56,13.1937,-8.88,316.3,9317.0,-26.2,-29.4,-26.6,75,97,1.07,90,6.9,-6.9,-4.225031457058369e-16,66160
2026-04-01 12:36:58,13.1936,-8.88,315.9,9324.0,-26.2,-29.4,-26.6,75,96,1.06,90,6.9,-6.9,-4.225031457058369e-16,66160
2026-04-01 12:37:00,13.1935,-8.8799,315.7,9331.0,-26.3,-29.5,-26.7,74,96,1.05,90,6.9,-6.9,-4.225031457058369e-16,66160
2026-04-01 12:37:02,13.1934,-8.8799,315.3,9338.0,-26.4,-29.7,-26.8,74,96,1.04,90,6.8,-6.8,-4.1637991171010006e-16,66160
2026-04-01 12:37:04,13.1932,-8.8799,315.0,9347.0,-26.5,-29.9,-27.0,73,95,1.02,90,6.8,-6.8,-4.1637991171010006e-16,66160
2026-04-01 12:37:06,13.1931,-8.8799,314.7,9354.0,-26.5,-30.0,-27.2,72,94,1.01,90,6.8,-6.8,-4.1637991171010006e-16,66160
2026-04-01 12:37:08,13.193,-8.88,314.3,9362.0,-26.6,-30.2,-27.3,72,93,0.99,91,6.7,-6.698979557547822,0.1169311231297993,66160
2026-04-01 12:37:10,13.1929,-8.88,313.9,9371.0,-26.7,-30.4,-27.5,71,92,0.98,91,6.7,-6.698979557547822,0.1169311231297993,66160
2026-04-01 12:37:12,13.1927,-8.88,313.5,9380.0,-26.8,-30.5,-27.6,71,92,0.97,92,6.7,-6.695918541027941,0.2338266279067564,66160
2026-04-01 12:37:14,13.1926,-8.8799,313.1,9390.0,-26.9,-30.6,-27.7,70,92,0.95,92,6.7,-6.695918541027941,0.2338266279067564,66160
2026-04-01 12:37:16,13.1925,-8.8799,312.7,9399.0,-26.9,-30.7,-27.8,70,91,0.95,92,6.7,-6.695918541027941,0.2338266279067564,66160
2026-04-01 12:37:18,13.1924,-8.88,312.2,9410.0,-26.9,-30.8,-27.9,69,90,0.94,92,6.7,-6.695918541027941,0.2338266279067564,66160
2026-04-01 12:37:20,13.1922,-8.88,311.8,9419.0,-27.0,-31.0,-28.1,69,90,0.92,92,6.6,-6.595979458326032,0.2303366782365063,66160
2026-04-01 12:37:22,13.1921,-8.8799,311.4,9429.0,-27.1,-31.1,-28.2,68,89,0.91,92,6.6,-6.595979458326032,0.2303366782365063,66160
2026-04-01 12:37:24,13.192,-8.8799,311.0,9438.0,-27.2,-31.2,-28.3,68,89,0.91,92,6.6,-6.595979458326032,0.2303366782365063,66160
2026-04-01 12:37:26,13.1919,-8.8799,310.6,9447.0,-27.2,-31.2,-28.3,68,89,0.91,92,6.5,-6.496040375624123,0.2268467285662562,66160
2026-04-01 12:37:28,13.1918,-8.8799,310.3,9455.0,-27.3,-31.3,-28.3,69,90,0.91,93,6.5,-6.49109197590473,0.34018371557913496,66160
2026-04-01 12:37:30,13.1916,-8.8798,309.9,9463.0,-27.3,-31.3,-28.4,69,90,0.9,93,6.5,-6.49109197590473,0.34018371557913496,66160
2026-04-01 12:37:32,13.1916,-8.8798,309.6,9472.0,-27.4,-31.4,-28.5,69,90,0.9,93,6.5,-6.49109197590473,0.34018371557913496,66160
2026-04-01 12:37:34,13.1914,-8.8798,309.2,9480.0,-27.5,-31.5,-28.5,69,90,0.89,93,6.5,-6.49109197590473,0.34018371557913496,66160
2026-04-01 12:37:36,13.1913,-8.8798,308.8,9490.0,-27.6,-31.5,-28.6,69,91,0.89,93,6.5,-6.49109197590473,0.34018371557913496,66160
2026-04-01 12:37:38,13.1912,-8.8798,308.4,9499.0,-27.7,-31.6,-28.6,70,91,0.89,94,6.4,-6.384409921662876,0.44644143196240216,66160
2026-04-01 12:37:40,13.1911,-8.8799,308.0,9508.0,-27.8,-31.6,-28.6,70,92,0.89,94,6.4,-6.384409921662876,0.44644143196240216,66160
2026-04-01 12:37:42,13.191,-8.8798,307.7,9516.0,-27.9,-31.6,-28.7,70,92,0.88,94,6.4,-6.384409921662876,0.44644143196240216,66160
2026-04-01 12:37:44,13.1909,-8.8798,307.3,9524.0,-27.9,-31.6,-28.7,71,93,0.88,94,6.4,-6.384409921662876,0.44644143196240216,66160
2026-04-01 12:37:46,13.1907,-8.8799,307.0,9532.0,-27.9,-31.6,-28.6,71,93,0.89,93,6.4,-6.391229022429273,0.3349501199548406,66160
2026-04-01 12:37:48,13.1906,-8.8799,306.7,9539.0,-28.0,-31.6,-28.7,71,94,0.89,93,6.3,-6.291366068953815,0.3297165243305462,66160
2026-04-01 12:37:50,13.1905,-8.8798,306.3,9547.0,-28.2,-31.7,-28.8,72,94,0.88,92,6.3,-6.296162210220303,0.219866829225756,66160
2026-04-01 12:37:52,13.1904,-8.8798,306.0,9556.0,-28.2,-31.7,-28.8,72,94,0.88,92,6.3,-6.296162210220303,0.219866829225756,66160
2026-04-01 12:37:54,13.1903,-8.8798,305.6,9564.0,-28.3,-31.8,-28.8,72,95,0.88,92,6.3,-6.296162210220303,0.219866829225756,66160
2026-04-01 12:37:56,13.1901,-8.8798,305.2,9574.0,-28.4,-31.9,-28.9,72,95,0.87,92,6.3,-6.296162210220303,0.219866829225756,66160
2026-04-01 12:37:58,13.19,-8.8798,304.8,9584.0,-28.5,-32.0,-29.0,72,95,0.86,92,6.3,-6.296162210220303,0.219866829225756,66160
2026-04-01 12:38:00,13.19,-8.8798,304.3,9594.0,-28.6,-32.1,-29.1,72,95,0.85,92,6.3,-6.296162210220303,0.219866829225756,66160
2026-04-01 12:38:02,13.1898,-8.8798,303.9,9605.0,-28.7,-32.3,-29.3,71,94,0.84,92,6.3,-6.296162210220303,0.219866829225756,66160
2026-04-01 12:38:04,13.1897,-8.8797,303.5,9615.0,-28.8,-32.5,-29.5,70,93,0.82,92,6.3,-6.296162210220303,0.219866829225756,66160
2026-04-01 12:38:06,13.1895,-8.8798,303.1,9624.0,-28.8,-32.6,-29.6,69,92,0.82,92,6.3,-6.296162210220303,0.219866829225756,66160
2026-04-01 12:38:08,13.1894,-8.8798,302.7,9632.0,-28.9,-32.8,-29.7,69,92,0.81,93,6.2,-6.1915031154783575,0.32448292870625184,66160
2026-04-01 12:38:10,13.1894,-8.8798,302.3,9643.0,-29.0,-32.9,-29.8,69,92,0.8,93,6.2,-6.1915031154783575,0.32448292870625184,66160
2026-04-01 12:38:12,13.1893,-8.8798,301.9,9652.0,-29.1,-32.9,-29.8,70,93,0.8,93,6.2,-6.1915031154783575,0.32448292870625184,66160
2026-04-01 12:38:14,13.1891,-8.8798,301.4,9662.0,-29.2,-32.9,-29.8,70,94,0.8,93,6.1,-6.0916401620029,0.3192493330819574,66160
2026-04-01 12:38:16,13.189,-8.8798,301.0,9672.0,-29.3,-32.9,-29.9,71,94,0.8,92,6.1,-6.096284044816484,0.21288692988525582,66160
2026-04-01 12:38:18,13.1889,-8.8798,300.6,9683.0,-29.3,-32.9,-29.8,71,95,0.8,92,6.1,-6.096284044816484,0.21288692988525582,66160
2026-04-01 12:38:20,13.1888,-8.8798,300.0,9697.0,-29.4,-32.8,-29.8,72,96,0.81,92,6.1,-6.096284044816484,0.21288692988525582,66160
2026-04-01 12:38:22,13.1887,-8.8798,299.7,9703.0,-29.5,-32.8,-29.8,72,97,0.81,91,6.1,-6.099070940453986,0.1064596792674292,66160
2026-04-01 12:38:24,13.1886,-8.8798,299.3,9713.0,-29.5,-32.9,-29.8,73,97,0.81,90,6.1,-6.1,-3.735172737399427e-16,66160
2026-04-01 12:38:26,13.1885,-8.8798,298.9,9723.0,-29.6,-32.9,-29.9,73,97,0.8,90,6.2,-6.2,-3.796405077356795e-16,66160
2026-04-01 12:38:28,13.1884,-8.8798,298.4,9734.0,-29.7,-33.1,-30.0,73,97,0.79,89,6.2,-6.199055709969626,-0.10820491991115831,66160
2026-04-01 12:38:30,13.1883,-8.8797,298.0,9744.0,-29.8,-33.2,-30.1,72,97,0.79,88,6.2,-6.196223127518394,-0.2163768795555067,66160
2026-04-01 12:38:32,13.1882,-8.8797,297.6,9754.0,-29.9,-33.3,-30.2,73,97,0.78,88,6.2,-6.196223127518394,-0.2163768795555067,66160
2026-04-01 12:38:34,13.188,-8.8797,297.2,9763.0,-29.9,-33.2,-30.2,73,97,0.78,87,6.2,-6.1915031154783575,-0.3244829287062526,66160
2026-04-01 12:38:36,13.1879,-8.8797,296.9,9771.0,-29.9,-33.2,-30.1,73,98,0.79,85,6.2,-6.176407128168822,-0.5403656050354805,66160
2026-04-01 12:38:38,13.1878,-8.8798,296.6,9779.0,-30.0,-33.2,-30.2,74,99,0.79,84,6.2,-6.166035751283294,-0.6480764722594514,66160
2026-04-01 12:38:40,13.1877,-8.8798,296.2,9787.0,-30.2,-33.3,-30.2,74,99,0.78,83,6.2,-6.153786140176196,-0.7555899291119145,66160
2026-04-01 12:38:42,13.1876,-8.8798,295.9,9796.0,-30.2,-33.3,-30.2,74,100,0.78,82,6.1,-6.040635219323579,-0.8489559158563993,66160
2026-04-01 12:38:44,13.1875,-8.8798,295.5,9804.0,-30.2,-33.3,-30.2,75,100,0.78,82,6.1,-6.040635219323579,-0.8489559158563993,66160
2026-04-01 12:38:46,13.1873,-8.8798,295.2,9812.0,-30.4,-33.5,-30.4,74,100,0.77,81,6.2,-6.123667711689854,-0.9698936832494318,66160
2026-04-01 12:38:48,13.1872,-8.8798,294.8,9821.0,-30.4,-33.5,-30.4,74,100,0.77,80,6.2,-6.10580806867569,-1.0766187015349686,66160
2026-04-01 12:38:50,13.1871,-8.8798,294.5,9828.0,-30.4,-33.6,-30.5,74,99,0.76,80,6.2,-6.10580806867569,-1.0766187015349686,66160
2026-04-01 12:38:52,13.187,-8.8798,294.1,9838.0,-30.6,-33.8,-30.7,73,99,0.75,79,6.3,-6.184251255720283,-1.202096670872233,66160
2026-04-01 12:38:54,13.1869,-8.8799,293.7,9848.0,-30.6,-33.9,-30.8,73,98,0.74,78,6.4,-6.260144644696356,-1.3306348212336605,66160
2026-04-01 12:38:56,13.1867,-8.88,293.3,9857.0,-30.7,-34.1,-31.0,72,97,0.73,77,6.4,-6.235968414625506,-1.4396867478007356,66160
2026-04-01 12:38:58,13.1867,-8.88,293.0,9864.0,-30.8,-34.3,-31.1,72,97,0.72,76,6.5,-6.306922220793977,-1.57249232139784,66160
2026-04-01 12:39:00,13.1866,-8.88,292.6,9873.0,-30.8,-34.5,-31.3,70,95,0.7,75,6.6,-6.37511045350785,-1.7082056976766369,66160
2026-04-01 12:39:02,13.1864,-8.88,292.3,9882.0,-30.7,-34.8,-31.6,68,91,0.68,75,6.7,-6.471703036136758,-1.734087602186889,66160
2026-04-01 12:39:04,13.1863,-8.8801,291.9,9891.0,-30.6,-35.0,-31.8,65,88,0.67,74,6.7,-6.440453362786736,-1.8467702839738944,66160
2026-04-01 12:39:06,13.1862,-8.8802,291.6,9898.0,-30.7,-35.4,-32.2,63,85,0.65,74,6.7,-6.440453362786736,-1.8467702839738944,66160
2026-04-01 12:39:08,13.1861,-8.8802,291.3,9907.0,-30.8,-35.8,-32.5,62,84,0.62,74,6.7,-6.440453362786736,-1.8467702839738944,66160
2026-04-01 12:39:10,13.186,-8.8802,290.9,9914.0,-30.9,-35.9,-32.7,61,83,0.61,74,6.8,-6.536579532380569,-1.8743340195555942,66160
2026-04-01 12:39:12,13.1859,-8.8802,290.6,9922.0,-30.9,-36.1,-32.8,60,82,0.6,73,6.8,-6.502872340548641,-1.98812759211461,66160
2026-04-01 12:39:14,13.1858,-8.8802,290.3,9930.0,-31.0,-36.3,-33.0,60,81,0.59,73,6.8,-6.502872340548641,-1.98812759211461,66160
2026-04-01 12:39:16,13.1857,-8.8803,290.0,9938.0,-31.0,-36.4,-33.1,59,80,0.59,73,6.8,-6.502872340548641,-1.98812759211461,66160
2026-04-01 12:39:18,13.1856,-8.8803,289.6,9947.0,-31.1,-36.6,-33.3,59,80,0.58,73,6.8,-6.502872340548641,-1.98812759211461,66160
2026-04-01 12:39:20,13.1854,-8.8804,289.3,9955.0,-31.2,-36.7,-33.4,58,79,0.57,73,6.8,-6.502872340548641,-1.98812759211461,66160
2026-04-01 12:39:22,13.1853,-8.8805,289.0,9963.0,-31.3,-36.9,-33.6,58,79,0.56,74,6.9,-6.632705701974401,-1.9018977551372944,66160
2026-04-01 12:39:24,13.1851,-8.8805,288.6,9972.0,-31.4,-37.0,-33.7,58,79,0.56,74,6.9,-6.632705701974401,-1.9018977551372944,66160
2026-04-01 12:39:26,13.185,-8.8805,288.2,9981.0,-31.5,-37.0,-33.7,58,79,0.56,74,7.0,-6.728831871568232,-1.9294614907189942,66160
2026-04-01 12:39:28,13.1849,-8.8806,287.9,9990.0,-31.5,-37.1,-33.8,58,79,0.55,74,7.0,-6.728831871568232,-1.9294614907189942,66160
2026-04-01 12:39:30,13.1848,-8.8806,287.5,9999.0,-31.5,-37.2,-33.9,57,78,0.55,74,7.1,-6.824958041162064,-1.957025226300694,66160
2026-04-01 12:39:32,13.1847,-8.8806,287.2,10006.0,-31.6,-37.3,-34.0,57,78,0.54,74,7.1,-6.824958041162064,-1.957025226300694,66160
2026-04-01 12:39:34,13.1845,-8.8807,286.8,10015.0,-31.7,-37.5,-34.1,57,77,0.53,74,7.2,-6.921084210755896,-1.984588961882394,66160
2026-04-01 12:39:36,13.1844,-8.8807,286.4,10025.0,-31.7,-37.5,-34.2,56,77,0.53,75,7.2,-6.954665949281292,-1.8634971247381493,66160
2026-04-01 12:39:38,13.1842,-8.8807,286.1,10033.0,-31.8,-37.7,-34.4,56,76,0.52,75,7.3,-7.051258531910198,-1.8893790292484014,66160
2026-04-01 12:39:40,13.1841,-8.8807,285.8,10041.0,-31.9,-37.8,-34.4,56,76,0.52,75,7.3,-7.051258531910198,-1.8893790292484014,66160
2026-04-01 12:39:42,13.184,-8.8808,285.4,10050.0,-32.0,-37.9,-34.6,56,76,0.51,75,7.3,-7.051258531910198,-1.8893790292484014,66160
2026-04-01 12:39:44,13.1839,-8.8808,285.1,10058.0,-32.1,-38.1,-34.7,55,76,0.51,75,7.4,-7.1478511145391055,-1.9152609337586535,66160
2026-04-01 12:39:46,13.1838,-8.8809,284.7,10067.0,-32.1,-38.2,-34.8,55,75,0.5,75,7.4,-7.1478511145391055,-1.9152609337586535,66160
2026-04-01 12:39:48,13.1836,-8.8809,284.4,10075.0,-32.1,-38.4,-35.0,54,74,0.49,76,7.4,-7.180188374442374,-1.7902220274375409,66160
2026-04-01 12:39:50,13.1835,-8.8809,284.1,10084.0,-32.2,-38.6,-35.2,53,73,0.48,76,7.4,-7.180188374442374,-1.7902220274375409,66160
2026-04-01 12:39:52,13.1833,-8.8809,283.7,10092.0,-32.3,-38.8,-35.4,52,72,0.47,76,7.4,-7.180188374442374,-1.7902220274375409,66160
2026-04-01 12:39:54,13.1832,-8.881,283.4,10101.0,-32.3,-39.0,-35.5,52,71,0.46,76,7.4,-7.180188374442374,-1.7902220274375409,66160
2026-04-01 12:39:56,13.1831,-8.881,283.0,10109.0,-32.4,-39.1,-35.7,51,70,0.46,76,7.5,-7.277217947069974,-1.8144142169975075,66160
2026-04-01 12:39:58,13.183,-8.8811,282.7,10118.0,-32.5,-39.3,-35.8,51,70,0.45,76,7.5,-7.277217947069974,-1.8144142169975075,66160
2026-04-01 12:40:00,13.1829,-8.8811,282.4,10126.0,-32.6,-39.5,-36.0,51,70,0.44,75,7.5,-7.244443697168013,-1.9411428382689055,66160
2026-04-01 12:40:02,13.1827,-8.8811,282.0,10136.0,-32.7,-39.5,-36.1,51,70,0.44,75,7.5,-7.244443697168013,-1.9411428382689055,66160
2026-04-01 12:40:04,13.1826,-8.8811,281.6,10144.0,-32.7,-39.5,-36.1,51,70,0.44,75,7.6,-7.341036279796919,-1.9670247427791576,66160
2026-04-01 12:40:06,13.1824,-8.8812,281.3,10153.0,-32.8,-39.6,-36.1,51,70,0.44,75,7.6,-7.341036279796919,-1.9670247427791576,66160
2026-04-01 12:40:08,13.1823,-8.8813,280.9,10162.0,-32.9,-39.6,-36.1,51,71,0.44,75,7.6,-7.341036279796919,-1.9670247427791576,66160
2026-04-01 12:40:10,13.1822,-8.8813,280.6,10170.0,-33.0,-39.6,-36.1,52,72,0.44,75,7.6,-7.341036279796919,-1.9670247427791576,66160
2026-04-01 12:40:12,13.182,-8.8813,280.3,10178.0,-33.1,-39.5,-36.1,52,72,0.44,75,7.6,-7.341036279796919,-1.9670247427791576,66160
2026-04-01 12:40:14,13.1819,-8.8813,280.0,10186.0,-33.2,-39.6,-36.1,53,73,0.44,75,7.6,-7.341036279796919,-1.9670247427791576,66160
2026-04-01 12:40:16,13.1817,-8.8813,279.6,10195.0,-33.2,-39.6,-36.1,53,73,0.44,75,7.6,-7.341036279796919,-1.9670247427791576,66160
2026-04-01 12:40:18,13.1816,-8.8814,279.3,10204.0,-33.3,-39.6,-36.1,53,74,0.44,74,7.6,-7.305588889131223,-2.0948439042091938,66160
2026-04-01 12:40:20,13.1815,-8.8814,278.9,10213.0,-33.4,-39.7,-36.2,54,74,0.44,74,7.6,-7.305588889131223,-2.0948439042091938,66160
2026-04-01 12:40:22,13.1814,-8.8815,278.6,10222.0,-33.5,-39.6,-36.2,54,75,0.44,74,7.7,-7.401715058725055,-2.1224076397908935,66160
2026-04-01 12:40:24,13.1812,-8.8815,278.2,10230.0,-33.6,-39.7,-36.2,54,75,0.44,73,7.7,-7.363546620915373,-2.251262126365073,66160
2026-04-01 12:40:26,13.1811,-8.8815,277.9,10239.0,-33.6,-39.7,-36.2,54,75,0.44,72,7.7,-7.323135175472682,-2.3794308566870956,66160
2026-04-01 12:40:28,13.1809,-8.8816,277.6,10246.0,-33.6,-39.7,-36.2,55,76,0.44,72,7.8,-7.418240827102197,-2.41033255612459,66160
2026-04-01 12:40:30,13.1808,-8.8816,277.3,10254.0,-33.7,-39.8,-36.3,54,75,0.44,71,7.8,-7.375044889674671,-2.5394316047658227,66160
2026-04-01 12:40:32,13.1807,-8.8817,276.9,10263.0,-33.8,-40.0,-36.5,54,75,0.43,71,7.8,-7.375044889674671,-2.5394316047658227,66160
2026-04-01 12:40:34,13.1806,-8.8817,276.6,10270.0,-33.8,-40.1,-36.6,53,74,0.42,71,7.8,-7.375044889674671,-2.5394316047658227,66160
2026-04-01 12:40:36,13.1804,-8.8817,276.3,10278.0,-33.9,-40.2,-36.7,53,74,0.42,70,7.9,-7.423571704208676,-2.701959132272784,66160
2026-04-01 12:40:38,13.1803,-8.8818,276.0,10287.0,-34.0,-40.4,-36.8,53,74,0.41,70,7.9,-7.423571704208676,-2.701959132272784,66160
2026-04-01 12:40:40,13.1802,-8.8818,275.6,10296.0,-34.0,-40.7,-37.1,51,71,0.4,70,7.8,-7.329602442130085,-2.6677571179402166,66160
2026-04-01 12:40:42,13.18,-8.8819,275.3,10304.0,-34.1,-40.9,-37.4,50,70,0.39,70,7.8,-7.329602442130085,-2.6677571179402166,66160
2026-04-01 12:40:44,13.1799,-8.8819,274.9,10313.0,-34.1,-41.1,-37.5,49,69,0.38,70,7.7,-7.235633180051495,-2.63355510360765,66160
2026-04-01 12:40:46,13.1798,-8.882,274.6,10322.0,-34.2,-41.3,-37.8,48,68,0.37,70,7.7,-7.235633180051495,-2.63355510360765,66160
2026-04-01 12:40:48,13.1796,-8.8821,274.2,10331.0,-34.3,-41.6,-38.0,48,66,0.37,70,7.6,-7.1416639179729025,-2.599353089275083,66160
2026-04-01 12:40:50,13.1795,-8.8822,273.9,10340.0,-34.5,-41.9,-38.3,47,66,0.35,69,7.5,-7.001853198729013,-2.687759621589753,66160
2026-04-01 12:40:52,13.1793,-8.8823,273.5,10351.0,-34.6,-42.2,-38.6,46,64,0.34,68,7.4,-6.8611605237942275,-2.7720887912777488,66160
2026-04-01 12:40:54,13.1792,-8.8823,272.9,10364.0,-34.6,-42.5,-38.9,44,62,0.33,68,7.3,-6.768442138337548,-2.7346281319361574,66160
2026-04-01 12:40:56,13.1791,-8.8823,272.4,10377.0,-34.7,-42.8,-39.1,44,61,0.32,67,7.2,-6.62763494485757,-2.813264125122771,66160
2026-04-01 12:40:58,13.1789,-8.8823,272.2,10383.0,-34.8,-43.0,-39.3,43,61,0.32,67,7.0,-6.4435339741670825,-2.735117899424916,66160
2026-04-01 12:41:00,13.1788,-8.8824,271.6,10400.0,-34.8,-43.0,-39.3,43,61,0.32,67,6.9,-6.351483488821839,-2.696044786575989,66160
2026-04-01 12:41:02,13.1787,-8.8825,271.2,10410.0,-34.9,-43.0,-39.3,44,61,0.32,67,6.8,-6.259433003476595,-2.6569716737270612,66160
2026-04-01 12:41:04,13.1786,-8.8825,270.8,10419.0,-35.1,-43.1,-39.4,44,62,0.31,67,6.6,-6.075332032786106,-2.5788254480292063,66160
2026-04-01 12:41:06,13.1785,-8.8825,270.4,10430.0,-35.0,-43.0,-39.3,44,63,0.32,68,6.5,-6.026695054684119,-2.4349428572034277,66160
2026-04-01 12:41:08,13.1784,-8.8826,270.0,10439.0,-35.2,-43.0,-39.3,45,63,0.32,69,6.4,-5.974914729582092,-2.2935548770899223,66160
2026-04-01 12:41:10,13.1784,-8.8827,269.7,10447.0,-35.2,-43.0,-39.3,45,64,0.32,70,6.3,-5.9200635109512225,-2.1547269029517135,66160
2026-04-01 12:41:12,13.1783,-8.8827,269.4,10455.0,-35.3,-43.0,-39.3,46,65,0.32,70,6.2,-5.826094248872632,-2.120524888619147,66160
2026-04-01 12:41:14,13.1781,-8.8827,269.1,10464.0,-35.4,-42.9,-39.2,46,65,0.32,71,6.1,-5.7676633111558315,-1.985965742188656,66160
2026-04-01 12:41:16,13.178,-8.8827,268.8,10471.0,-35.4,-42.8,-39.1,47,66,0.33,71,6.0,-5.673111453595901,-1.9534089267429406,66160
2026-04-01 12:41:18,13.178,-8.8828,268.5,10479.0,-35.4,-42.7,-39.0,48,67,0.33,70,5.9,-5.544186462636859,-2.017918845621446,66160
2026-04-01 12:41:20,13.1779,-8.8828,268.2,10486.0,-35.6,-42.8,-39.1,48,68,0.33,70,5.8,-5.450217200558268,-1.983716831288879,66160
2026-04-01 12:41:22,13.1778,-8.8828,267.9,10495.0,-35.7,-42.7,-39.1,48,68,0.33,69,5.8,-5.41476647368377,-2.078534107362742,66160
2026-04-01 12:41:24,13.1777,-8.8829,267.6,10503.0,-35.8,-42.8,-39.1,49,69,0.33,68,5.8,-5.377666356487367,-2.1727182418122895,66160
2026-04-01 12:41:26,13.1776,-8.8829,267.2,10512.0,-35.8,-42.8,-39.1,49,69,0.33,68,5.8,-5.377666356487367,-2.1727182418122895,66160
2026-04-01 12:41:28,13.1775,-8.883,266.8,10522.0,-36.0,-42.9,-39.2,49,70,0.33,67,5.8,-5.338928150024154,-2.2662405452377876,66160
2026-04-01 12:41:30,13.1774,-8.883,266.4,10532.0,-36.1,-43.0,-39.3,49,70,0.32,66,5.8,-5.298563654327085,-2.3590725298396413,66160
2026-04-01 12:41:32,13.1772,-8.883,266.0,10542.0,-36.2,-43.0,-39.3,50,71,0.32,66,5.7,-5.207209108562825,-2.3183988655320613,66160
2026-04-01 12:41:34,13.1771,-8.883,265.7,10550.0,-36.4,-43.1,-39.4,50,72,0.32,66,5.7,-5.207209108562825,-2.3183988655320613,66160
2026-04-01 12:41:36,13.177,-8.883,265.4,10560.0,-36.3,-42.9,-39.2,51,72,0.33,66,5.7,-5.207209108562825,-2.3183988655320613,66160
2026-04-01 12:41:38,13.177,-8.8831,265.0,10569.0,-36.4,-42.9,-39.2,51,73,0.33,66,5.6,-5.115854562798565,-2.277725201224481,66160
2026-04-01 12:41:40,13.1769,-8.8832,264.7,10578.0,-36.6,-42.9,-39.3,52,74,0.33,66,5.6,-5.115854562798565,-2.277725201224481,66160
2026-04-01 12:41:42,13.1768,-8.8832,264.3,10587.0,-36.5,-42.8,-39.2,52,75,0.33,66,5.5,-5.024500017034304,-2.2370515369169013,66160
2026-04-01 12:41:44,13.1767,-8.8832,264.0,10595.0,-36.7,-42.8,-39.2,53,76,0.33,65,5.5,-4.984692828701575,-2.324400439573847,66160
2026-04-01 12:41:46,13.1766,-8.8833,263.7,10604.0,-36.7,-42.8,-39.2,53,76,0.33,65,5.5,-4.984692828701575,-2.324400439573847,66160
2026-04-01 12:41:48,13.1765,-8.8834,263.4,10611.0,-36.9,-42.9,-39.3,54,77,0.33,64,5.5,-4.943367254645418,-2.411041307339926,66160
2026-04-01 12:41:50,13.1764,-8.8835,263.1,10620.0,-36.9,-42.8,-39.2,54,78,0.33,64,5.5,-4.943367254645418,-2.411041307339926,66160
2026-04-01 12:41:52,13.1763,-8.8835,262.8,10627.0,-36.9,-42.8,-39.1,55,79,0.34,65,5.5,-4.984692828701575,-2.324400439573847,66160
2026-04-01 12:41:54,13.1762,-8.8836,262.5,10635.0,-37.0,-42.7,-39.1,55,79,0.34,65,5.4,-4.89406204999791,-2.282138613399777,66160
2026-04-01 12:41:56,13.1762,-8.8836,262.3,10642.0,-37.1,-42.8,-39.1,56,80,0.34,64,5.4,-4.853487850015502,-2.3672041926610183,66160
2026-04-01 12:41:58,13.1761,-8.8836,261.9,10651.0,-37.3,-42.9,-39.3,56,80,0.33,64,5.3,-4.763608445385585,-2.3233670779821103,66160
2026-04-01 12:42:00,13.176,-8.8836,261.5,10660.0,-37.3,-42.9,-39.3,56,80,0.33,64,5.3,-4.763608445385585,-2.3233670779821103,66160
2026-04-01 12:42:02,13.1759,-8.8837,261.3,10667.0,-37.4,-43.0,-39.3,56,81,0.33,64,5.3,-4.763608445385585,-2.3233670779821103,66160
2026-04-01 12:42:04,13.1758,-8.8837,260.9,10676.0,-37.4,-43.0,-39.3,56,81,0.33,64,5.3,-4.763608445385585,-2.3233670779821103,66160
2026-04-01 12:42:06,13.1758,-8.8838,260.6,10685.0,-37.5,-42.9,-39.2,57,82,0.33,64,5.3,-4.763608445385585,-2.3233670779821103,66160
2026-04-01 12:42:08,13.1757,-8.8838,260.3,10693.0,-37.6,-43.0,-39.3,57,83,0.33,65,5.4,-4.89406204999791,-2.282138613399777,66160
2026-04-01 12:42:10,13.1756,-8.8839,260.0,10701.0,-37.6,-42.9,-39.3,58,83,0.33,66,5.3,-4.8417909255057845,-2.155704208301741,66160
2026-04-01 12:42:12,13.1755,-8.8839,259.7,10708.0,-37.8,-43.0,-39.4,58,84,0.33,66,5.3,-4.8417909255057845,-2.155704208301741,66160
2026-04-01 12:42:14,13.1754,-8.884,259.4,10716.0,-37.8,-43.1,-39.4,58,84,0.33,67,5.3,-4.878675723297934,-2.0708749809931506,66160
2026-04-01 12:42:16,13.1753,-8.884,259.1,10724.0,-37.9,-43.0,-39.3,59,85,0.33,68,5.3,-4.914074429203973,-1.9854149451043333,66160
2026-04-01 12:42:18,13.1753,-8.884,258.9,10732.0,-37.9,-43.0,-39.4,59,85,0.33,70,5.3,-4.980370890165314,-1.8127067596260447,66160
2026-04-01 12:42:20,13.1752,-8.884,258.6,10740.0,-38.0,-43.0,-39.4,59,86,0.33,71,5.3,-5.011248450676378,-1.7255112186229307,66160
2026-04-01 12:42:22,13.1751,-8.8841,258.2,10748.0,-38.1,-43.1,-39.4,59,86,0.33,71,5.4,-5.105800308236311,-1.7580680340686465,66160
2026-04-01 12:42:24,13.175,-8.8841,257.9,10757.0,-38.1,-43.2,-39.5,59,86,0.33,72,5.4,-5.135705187993829,-1.6686917696247163,66160
2026-04-01 12:42:26,13.1749,-8.8841,257.6,10766.0,-38.1,-43.2,-39.5,59,86,0.33,73,5.5,-5.259676157796695,-1.6080443759750522,66160
2026-04-01 12:42:28,13.1748,-8.8841,257.2,10775.0,-38.2,-43.3,-39.6,59,86,0.32,73,5.5,-5.259676157796695,-1.6080443759750522,66160
2026-04-01 12:42:30,13.1747,-8.8842,256.9,10783.0,-38.3,-43.4,-39.7,59,85,0.32,73,5.5,-5.259676157796695,-1.6080443759750522,66160
2026-04-01 12:42:32,13.1746,-8.8842,256.6,10793.0,-38.4,-43.6,-39.9,58,85,0.32,74,5.5,-5.286939327660754,-1.5160054569934953,66160
2026-04-01 12:42:34,13.1745,-8.8842,256.3,10800.0,-38.5,-43.8,-40.1,57,83,0.31,75,5.5,-5.312592044589875,-1.423504748063864,66160
2026-04-01 12:42:36,13.1744,-8.8843,255.8,10813.0,-38.5,-44.0,-40.3,56,81,0.3,76,5.5,-5.33662649451798,-1.3305704257981723,66160
2026-04-01 12:42:38,13.1743,-8.8843,255.4,10824.0,-38.4,-44.4,-40.7,53,77,0.29,77,5.6,-5.456472362797317,-1.2597259043256435,66160
2026-04-01 12:42:40,13.1741,-8.8843,255.0,10834.0,-38.4,-44.9,-41.1,51,74,0.28,78,5.6,-5.477626564109311,-1.164305468579453,66160
2026-04-01 12:42:42,13.174,-8.8843,254.6,10845.0,-38.5,-45.2,-41.4,49,72,0.27,79,5.7,-5.595274945651685,-1.087611273646306,66160
2026-04-01 12:42:44,13.1739,-8.8843,254.2,10855.0,-38.6,-45.6,-41.8,48,69,0.26,79,5.8,-5.693437663996451,-1.1066921731839605,66160
2026-04-01 12:42:46,13.1738,-8.8844,253.8,10866.0,-38.7,-46.0,-42.2,46,67,0.24,79,5.9,-5.791600382341218,-1.125773072721615,66160
2026-04-01 12:42:48,13.1737,-8.8844,253.4,10878.0,-38.8,-46.2,-42.4,45,66,0.24,79,6.0,-5.889763100685984,-1.1448539722592694,66160
2026-04-01 12:42:50,13.1737,-8.8844,253.0,10889.0,-38.9,-46.5,-42.6,45,66,0.23,80,6.1,-6.007327293374469,-1.0592538837682755,66160
2026-04-01 12:42:52,13.1736,-8.8844,252.5,10901.0,-38.9,-46.6,-42.8,44,64,0.23,80,6.1,-6.007327293374469,-1.0592538837682755,66160
2026-04-01 12:42:54,13.1735,-8.8844,252.1,10913.0,-39.0,-46.9,-43.1,43,63,0.22,80,6.1,-6.007327293374469,-1.0592538837682755,66160
2026-04-01 12:42:56,13.1734,-8.8844,251.7,10924.0,-39.1,-47.0,-43.1,43,63,0.22,80,6.0,-5.908846518073248,-1.0418890660015825,66160
2026-04-01 12:42:58,13.1732,-8.8844,251.4,10932.0,-39.1,-47.3,-43.4,42,62,0.22,80,6.0,-5.908846518073248,-1.0418890660015825,66160
2026-04-01 12:43:00,13.1731,-8.8844,250.9,10945.0,-39.3,-47.5,-43.6,41,61,0.21,80,5.9,-5.810365742772028,-1.0245242482348895,66160
2026-04-01 12:43:02,13.173,-8.8845,250.6,10954.0,-39.4,-47.8,-43.9,41,60,0.2,80,5.9,-5.810365742772028,-1.0245242482348895,66160
2026-04-01 12:43:04,13.1728,-8.8845,250.2,10964.0,-39.5,-48.0,-44.1,40,59,0.2,80,5.9,-5.810365742772028,-1.0245242482348895,66160
2026-04-01 12:43:06,13.1727,-8.8846,250.0,10970.0,-39.6,-48.1,-44.2,40,59,0.2,80,6.0,-5.908846518073248,-1.0418890660015825,66160
2026-04-01 12:43:08,13.1726,-8.8846,249.5,10984.0,-39.6,-48.2,-44.2,40,59,0.2,80,6.1,-6.007327293374469,-1.0592538837682755,66160
2026-04-01 12:43:10,13.1725,-8.8846,249.1,10994.0,-39.8,-48.3,-44.4,40,59,0.19,80,6.2,-6.10580806867569,-1.0766187015349686,66160
2026-04-01 12:43:12,13.1724,-8.8846,248.8,11004.0,-39.8,-48.3,-44.4,40,59,0.19,80,6.3,-6.204288843976911,-1.0939835193016616,66160
2026-04-01 12:43:14,13.1723,-8.8845,248.4,11015.0,-39.9,-48.5,-44.5,40,59,0.19,80,6.4,-6.3027696192781315,-1.1113483370683548,66160
2026-04-01 12:43:16,13.1722,-8.8846,248.0,11024.0,-40.0,-48.6,-44.6,40,59,0.19,80,6.4,-6.3027696192781315,-1.1113483370683548,66160
2026-04-01 12:43:18,13.1721,-8.8847,247.7,11034.0,-40.1,-48.6,-44.7,40,59,0.19,79,6.4,-6.28241397406505,-1.2211775704098875,66160
2026-04-01 12:43:20,13.172,-8.8847,247.3,11045.0,-40.2,-48.6,-44.7,40,60,0.19,79,6.3,-6.184251255720283,-1.202096670872233,66160
2026-04-01 12:43:22,13.1719,-8.8847,246.9,11055.0,-40.3,-48.7,-44.7,41,60,0.19,79,6.2,-6.086088537375517,-1.1830157713345786,66160
2026-04-01 12:43:24,13.1718,-8.8847,246.5,11065.0,-40.4,-48.6,-44.7,41,61,0.19,79,6.2,-6.086088537375517,-1.1830157713345786,66160
2026-04-01 12:43:26,13.1717,-8.8847,246.2,11075.0,-40.5,-48.7,-44.7,41,62,0.19,78,6.1,-5.966700364476214,-1.2682613139883325,66160
2026-04-01 12:43:28,13.1716,-8.8847,245.8,11085.0,-40.6,-48.7,-44.7,42,62,0.19,78,6.1,-5.966700364476214,-1.2682613139883325,66160
2026-04-01 12:43:30,13.1714,-8.8848,245.5,11094.0,-40.7,-48.8,-44.8,42,62,0.19,77,6.0,-5.846220388711411,-1.3497063260631896,66160
2026-04-01 12:43:32,13.1713,-8.8848,245.1,11105.0,-40.8,-48.8,-44.8,42,63,0.19,77,6.0,-5.846220388711411,-1.3497063260631896,66160
2026-04-01 12:43:34,13.1712,-8.8848,244.8,11115.0,-40.9,-48.8,-44.9,42,63,0.19,76,6.0,-5.821774357655979,-1.451531373598006,66160
2026-04-01 12:43:36,13.1711,-8.8848,244.5,11123.0,-41.0,-48.8,-44.8,43,64,0.19,75,6.1,-5.892147540363316,-1.5787961751253765,66160
2026-04-01 12:43:38,13.1709,-8.8848,244.1,11132.0,-41.0,-48.8,-44.8,43,64,0.19,75,6.1,-5.892147540363316,-1.5787961751253765,66160
2026-04-01 12:43:40,13.1708,-8.8848,243.9,11139.0,-41.1,-48.8,-44.9,43,65,0.19,74,6.1,-5.863696345223745,-1.6813878704836949,66160
2026-04-01 12:43:42,13.1708,-8.8849,243.6,11147.0,-41.2,-48.9,-44.9,43,65,0.19,74,6.2,-5.959822514817577,-1.7089516060653949,66160
2026-04-01 12:43:44,13.1707,-8.8849,243.3,11155.0,-41.3,-49.0,-45.0,43,65,0.18,73,6.2,-5.9290894869708195,-1.812704569280968,66160
2026-04-01 12:43:46,13.1706,-8.885,243.0,11164.0,-41.4,-49.0,-45.1,44,65,0.18,72,6.2,-5.896550401029952,-1.9159053651246742,66160
2026-04-01 12:43:48,13.1704,-8.885,242.7,11173.0,-41.5,-49.0,-45.1,44,66,0.18,71,6.2,-5.862215168715764,-2.018522557634372,66160
2026-04-01 12:43:50,13.1703,-8.885,242.4,11181.0,-41.6,-49.1,-45.1,44,66,0.18,70,6.2,-5.826094248872632,-2.120524888619147,66160
2026-04-01 12:43:52,13.1702,-8.8851,242.1,11190.0,-41.6,-49.1,-45.1,44,66,0.18,69,6.2,-5.788198644282651,-2.2218812871808624,66160
2026-04-01 12:43:54,13.1702,-8.8851,241.7,11199.0,-41.6,-49.1,-45.1,44,67,0.18,68,6.2,-5.748539898314082,-2.322560879178654,66160
2026-04-01 12:43:56,13.1701,-8.8851,241.5,11207.0,-41.8,-49.2,-45.2,45,67,0.18,67,6.1,-5.6150796060598855,-2.3834598837845697,66160
2026-04-01 12:43:58,13.17,-8.8852,241.2,11216.0,-41.9,-49.2,-45.2,45,68,0.18,67,6.1,-5.6150796060598855,-2.3834598837845697,66160
2026-04-01 12:44:00,13.1699,-8.8852,240.9,11223.0,-41.9,-49.2,-45.2,45,68,0.18,65,6.1,-5.5284775009235645,-2.5779713966182665,66160
2026-04-01 12:44:02,13.1697,-8.8853,240.6,11232.0,-42.0,-49.2,-45.2,46,69,0.18,64,6.1,-5.482643682424918,-2.6740639954133725,66160
2026-04-01 12:44:04,13.1696,-8.8854,240.3,11239.0,-42.0,-49.2,-45.2,46,69,0.18,63,6.1,-5.435139797549044,-2.769342048411236,66160
2026-04-01 12:44:06,13.1696,-8.8855,240.0,11247.0,-42.1,-49.2,-45.3,46,69,0.18,63,6.2,-5.524240449967881,-2.814741098385191,66160
2026-04-01 12:44:08,13.1695,-8.8855,239.7,11256.0,-42.1,-49.3,-45.3,45,68,0.18,63,6.2,-5.524240449967881,-2.814741098385191,66160
2026-04-01 12:44:10,13.1694,-8.8855,239.4,11264.0,-42.2,-49.4,-45.4,45,68,0.18,62,6.2,-5.474275075725346,-2.9107236892725235,66160
2026-04-01 12:44:12,13.1693,-8.8856,239.1,11273.0,-42.2,-49.5,-45.5,45,68,0.18,62,6.2,-5.474275075725346,-2.9107236892725235,66160
2026-04-01 12:44:14,13.1691,-8.8856,238.9,11280.0,-42.2,-49.6,-45.6,45,67,0.17,61,6.3,-5.510104154978193,-3.054300607551924,66160
2026-04-01 12:44:16,13.169,-8.8857,238.6,11288.0,-42.3,-49.8,-45.8,44,66,0.17,61,6.3,-5.510104154978193,-3.054300607551924,66160
2026-04-01 12:44:18,13.1689,-8.8858,238.3,11296.0,-42.3,-50.0,-46.0,43,65,0.17,60,6.3,-5.455960043841963,-3.150000000000001,66160
2026-04-01 12:44:20,13.1689,-8.8858,238.0,11304.0,-42.4,-50.2,-46.2,42,64,0.16,60,6.4,-5.542562584220407,-3.200000000000001,66160
2026-04-01 12:44:22,13.1688,-8.8859,237.7,11313.0,-42.4,-50.4,-46.4,41,63,0.16,60,6.5,-5.629165124598851,-3.250000000000001,66160
2026-04-01 12:44:24,13.1687,-8.886,237.4,11321.0,-42.5,-50.6,-46.6,41,61,0.16,59,6.5,-5.57158745456373,-3.347747486915352,66160
2026-04-01 12:44:26,13.1686,-8.886,237.1,11329.0,-42.5,-50.8,-46.8,40,60,0.15,59,6.5,-5.57158745456373,-3.347747486915352,66160
2026-04-01 12:44:28,13.1685,-8.8861,236.9,11337.0,-42.6,-51.1,-47.0,39,59,0.15,59,6.5,-5.57158745456373,-3.347747486915352,66160
2026-04-01 12:44:30,13.1684,-8.8862,236.6,11345.0,-42.8,-51.4,-47.3,39,59,0.14,59,6.4,-5.48587072449352,-3.2962436794243466,66160
2026-04-01 12:44:32,13.1683,-8.8862,236.3,11353.0,-42.9,-51.5,-47.5,38,58,0.14,59,6.4,-5.48587072449352,-3.2962436794243466,66160
2026-04-01 12:44:34,13.1682,-8.8862,236.0,11361.0,-43.0,-51.7,-47.6,38,58,0.14,59,6.4,-5.48587072449352,-3.2962436794243466,66160
2026-04-01 12:44:36,13.168,-8.8863,235.8,11368.0,-43.0,-51.8,-47.7,38,57,0.14,58,6.4,-5.4275078154011265,-3.3914832910925115,66160
2026-04-01 12:44:38,13.168,-8.8864,235.4,11378.0,-43.0,-51.8,-47.7,38,57,0.14,58,6.5,-5.512312625016769,-3.4444752175158317,66160
2026-04-01 12:44:40,13.1679,-8.8865,235.2,11385.0,-43.1,-51.9,-47.8,38,57,0.14,58,6.5,-5.512312625016769,-3.4444752175158317,66160
2026-04-01 12:44:42,13.1678,-8.8865,234.9,11393.0,-43.2,-52.0,-47.9,38,57,0.13,57,6.5,-5.4513586916452565,-3.540153727597676,66160
2026-04-01 12:44:44,13.1677,-8.8866,234.6,11402.0,-43.3,-52.0,-47.9,38,58,0.13,57,6.5,-5.4513586916452565,-3.540153727597676,66160
2026-04-01 12:44:46,13.1676,-8.8866,234.3,11410.0,-43.4,-52.0,-48.0,38,58,0.13,57,6.5,-5.4513586916452565,-3.540153727597676,66160
2026-04-01 12:44:48,13.1674,-8.8867,234.1,11417.0,-43.5,-52.1,-48.0,38,58,0.13,58,6.6,-5.597117434632411,-3.497467143939152,66160
2026-04-01 12:44:50,13.1673,-8.8868,233.8,11426.0,-43.6,-52.1,-48.0,38,59,0.13,58,6.6,-5.597117434632411,-3.497467143939152,66160
2026-04-01 12:44:52,13.1673,-8.8869,233.4,11436.0,-43.6,-52.1,-48.0,39,59,0.13,59,6.7,-5.743020914704153,-3.450755101897363,66160
2026-04-01 12:44:54,13.1673,-8.8869,233.2,11443.0,-43.8,-52.3,-48.2,39,60,0.13,58,6.7,-5.681922244248054,-3.5504590703624728,66160
2026-04-01 12:44:56,13.1671,-8.8869,232.8,11452.0,-43.8,-52.2,-48.1,39,60,0.13,58,6.7,-5.681922244248054,-3.5504590703624728,66160
2026-04-01 12:44:58,13.167,-8.887,232.5,11463.0,-43.9,-52.2,-48.1,39,61,0.13,58,6.7,-5.681922244248054,-3.5504590703624728,66160
2026-04-01 12:45:00,13.1668,-8.8871,232.3,11469.0,-44.0,-52.2,-48.1,40,62,0.13,58,6.7,-5.681922244248054,-3.5504590703624728,66160
2026-04-01 12:45:02,13.1667,-8.8871,231.9,11479.0,-43.9,-52.0,-47.9,41,62,0.14,58,6.7,-5.681922244248054,-3.5504590703624728,66160
2026-04-01 12:45:04,13.1667,-8.8872,231.7,11486.0,-44.1,-52.0,-47.9,41,63,0.14,59,6.7,-5.743020914704153,-3.450755101897363,66160
2026-04-01 12:45:06,13.1666,-8.8873,231.3,11495.0,-44.2,-52.1,-48.0,41,64,0.14,59,6.7,-5.743020914704153,-3.450755101897363,66160
2026-04-01 12:45:08,13.1665,-8.8874,231.1,11504.0,-44.3,-52.2,-48.1,42,64,0.13,59,6.7,-5.743020914704153,-3.450755101897363,66160
2026-04-01 12:45:10,13.1664,-8.8874,230.7,11513.0,-44.4,-52.2,-48.1,42,64,0.13,59,6.7,-5.743020914704153,-3.450755101897363,66160
2026-04-01 12:45:12,13.1662,-8.8875,230.4,11522.0,-44.5,-52.2,-48.1,42,65,0.13,59,6.7,-5.743020914704153,-3.450755101897363,66160
2026-04-01 12:45:14,13.166,-8.8876,230.2,11530.0,-44.6,-52.2,-48.1,42,66,0.13,59,6.7,-5.743020914704153,-3.450755101897363,66160
2026-04-01 12:45:16,13.166,-8.8876,229.9,11539.0,-44.5,-52.1,-48.0,43,66,0.14,59,6.7,-5.743020914704153,-3.450755101897363,66160
2026-04-01 12:45:18,13.1659,-8.8877,229.6,11546.0,-44.6,-52.1,-48.0,43,66,0.14,59,6.7,-5.743020914704153,-3.450755101897363,66160
2026-04-01 12:45:20,13.1658,-8.8877,229.3,11554.0,-44.8,-52.3,-48.2,43,67,0.13,58,6.7,-5.681922244248054,-3.5504590703624728,66160
2026-04-01 12:45:22,13.1657,-8.8878,229.0,11563.0,-44.8,-52.3,-48.2,43,67,0.13,58,6.7,-5.681922244248054,-3.5504590703624728,66160
2026-04-01 12:45:24,13.1656,-8.8878,228.8,11571.0,-44.9,-52.3,-48.2,43,67,0.13,58,6.7,-5.681922244248054,-3.5504590703624728,66160
2026-04-01 12:45:26,13.1654,-8.8879,228.5,11579.0,-44.9,-52.3,-48.2,44,67,0.13,58,6.7,-5.681922244248054,-3.5504590703624728,66160
2026-04-01 12:45:28,13.1654,-8.888,228.2,11587.0,-44.9,-52.3,-48.2,44,67,0.13,58,6.7,-5.681922244248054,-3.5504590703624728,66160
2026-04-01 12:45:30,13.1653,-8.888,227.9,11595.0,-45.0,-52.4,-48.3,43,67,0.13,58,6.7,-5.681922244248054,-3.5504590703624728,66160
2026-04-01 12:45:32,13.1652,-8.8881,227.6,11603.0,-45.1,-52.6,-48.5,43,67,0.13,59,6.7,-5.743020914704153,-3.450755101897363,66160
2026-04-01 12:45:34,13.1651,-8.8881,227.4,11611.0,-45.2,-52.7,-48.6,43,67,0.13,59,6.7,-5.743020914704153,-3.450755101897363,66160
2026-04-01 12:45:36,13.1649,-8.8882,227.1,11619.0,-45.3,-52.8,-48.7,43,66,0.13,59,6.6,-5.657304184633941,-3.399251294406357,66160
2026-04-01 12:45:38,13.1648,-8.8883,226.8,11628.0,-45.3,-52.9,-48.7,43,66,0.13,58,6.6,-5.597117434632411,-3.497467143939152,66160
2026-04-01 12:45:40,13.1648,-8.8883,226.5,11637.0,-45.4,-53.1,-48.9,42,66,0.12,58,6.5,-5.512312625016769,-3.4444752175158317,66160
2026-04-01 12:45:42,13.1647,-8.8884,226.2,11645.0,-45.5,-53.3,-49.1,42,65,0.12,58,6.5,-5.512312625016769,-3.4444752175158317,66160
2026-04-01 12:45:44,13.1646,-8.8885,226.0,11652.0,-45.5,-53.4,-49.2,41,64,0.12,58,6.4,-5.4275078154011265,-3.3914832910925115,66160
2026-04-01 12:45:46,13.1645,-8.8886,225.7,11660.0,-45.6,-53.5,-49.4,41,63,0.12,58,6.4,-5.4275078154011265,-3.3914832910925115,66160
2026-04-01 12:45:48,13.1644,-8.8886,225.4,11668.0,-45.7,-53.6,-49.5,40,63,0.12,59,6.3,-5.400153994423308,-3.244739871933341,66160
2026-04-01 12:45:50,13.1643,-8.8887,225.2,11676.0,-45.7,-53.7,-49.6,40,63,0.11,59,6.2,-5.314437264353097,-3.1932360644423357,66160
2026-04-01 12:45:52,13.1642,-8.8887,224.9,11685.0,-45.8,-53.9,-49.7,40,63,0.11,59,6.2,-5.314437264353097,-3.1932360644423357,66160
2026-04-01 12:45:54,13.1641,-8.8888,224.6,11694.0,-45.9,-54.0,-49.8,40,62,0.11,59,6.1,-5.228720534282885,-3.14173225695133,66160
2026-04-01 12:45:56,13.164,-8.8889,224.3,11702.0,-46.0,-54.1,-49.9,40,62,0.11,59,6.0,-5.143003804212674,-3.0902284494603247,66160
2026-04-01 12:45:58,13.1639,-8.8889,224.0,11712.0,-46.0,-54.2,-50.0,39,62,0.11,59,6.0,-5.143003804212674,-3.0902284494603247,66160
2026-04-01 12:46:00,13.1638,-8.889,223.7,11720.0,-46.1,-54.3,-50.1,39,61,0.11,59,6.0,-5.143003804212674,-3.0902284494603247,66160
2026-04-01 12:46:02,13.1637,-8.889,223.4,11728.0,-46.2,-54.4,-50.3,39,61,0.11,59,5.9,-5.057287074142463,-3.0387246419693197,66160
2026-04-01 12:46:04,13.1636,-8.8891,223.1,11737.0,-46.3,-54.6,-50.4,39,61,0.1,59,5.9,-5.057287074142463,-3.0387246419693197,66160
2026-04-01 12:46:06,13.1635,-8.8891,222.8,11746.0,-46.4,-54.7,-50.5,38,60,0.1,59,5.9,-5.057287074142463,-3.0387246419693197,66160
2026-04-01 12:46:08,13.1634,-8.8892,222.5,11756.0,-46.5,-54.9,-50.7,38,60,0.1,60,5.9,-5.109549882328188,-2.9500000000000006,66160
2026-04-01 12:46:10,13.1634,-8.8892,222.2,11766.0,-46.6,-55.0,-50.8,38,59,0.1,60,5.9,-5.109549882328188,-2.9500000000000006,66160
2026-04-01 12:46:12,13.1633,-8.8892,221.8,11775.0,-46.7,-55.2,-50.9,38,59,0.1,60,5.8,-5.0229473419497435,-2.9000000000000004,66160
2026-04-01 12:46:14,13.1632,-8.8892,221.6,11783.0,-46.8,-55.2,-51.0,38,60,0.1,60,5.8,-5.0229473419497435,-2.9000000000000004,66160
2026-04-01 12:46:16,13.1631,-8.8893,221.3,11791.0,-46.8,-55.2,-50.9,38,60,0.1,60,5.7,-4.9363448015713,-2.8500000000000005,66160
2026-04-01 12:46:18,13.163,-8.8894,221.0,11799.0,-46.9,-55.2,-51.0,38,61,0.1,61,5.7,-4.985332330694556,-2.7634148354041215,66160
2026-04-01 12:46:20,13.1629,-8.8895,220.8,11807.0,-46.9,-55.1,-50.9,39,62,0.1,61,5.7,-4.985332330694556,-2.7634148354041215,66160
2026-04-01 12:46:22,13.1629,-8.8895,220.5,11815.0,-47.0,-55.0,-50.8,40,63,0.1,61,5.7,-4.985332330694556,-2.7634148354041215,66160
2026-04-01 12:46:24,13.1628,-8.8895,220.2,11823.0,-47.1,-54.9,-50.7,41,64,0.1,62,5.6,-4.94450652000999,-2.629040751600989,66160
2026-04-01 12:46:26,13.1626,-8.8896,220.0,11831.0,-47.1,-54.8,-50.6,41,65,0.1,62,5.6,-4.94450652000999,-2.629040751600989,66160
2026-04-01 12:46:28,13.1626,-8.8897,219.7,11840.0,-47.2,-54.7,-50.5,42,67,0.1,62,5.5,-4.856211760724098,-2.5820935953224,66160
2026-04-01 12:46:30,13.1625,-8.8897,219.4,11849.0,-47.3,-54.6,-50.4,43,68,0.11,62,5.5,-4.856211760724098,-2.5820935953224,66160
2026-04-01 12:46:32,13.1624,-8.8898,219.1,11858.0,-47.4,-54.6,-50.4,43,69,0.11,63,5.5,-4.9005358830360235,-2.4969477485675076,66160
2026-04-01 12:46:34,13.1623,-8.8899,218.8,11866.0,-47.4,-54.6,-50.4,44,69,0.11,63,5.5,-4.9005358830360235,-2.4969477485675076,66160
2026-04-01 12:46:36,13.1622,-8.8899,218.5,11875.0,-47.5,-54.6,-50.4,44,70,0.11,63,5.5,-4.9005358830360235,-2.4969477485675076,66160
2026-04-01 12:46:38,13.1621,-8.8899,218.2,11884.0,-47.6,-54.7,-50.5,44,70,0.11,64,5.5,-4.943367254645418,-2.411041307339926,66160
2026-04-01 12:46:40,13.162,-8.89,217.9,11893.0,-47.7,-54.7,-50.5,45,71,0.11,65,5.5,-4.984692828701575,-2.324400439573847,66160
2026-04-01 12:46:42,13.1619,-8.89,217.6,11902.0,-47.8,-54.7,-50.5,45,72,0.11,65,5.5,-4.984692828701575,-2.324400439573847,66160
2026-04-01 12:46:44,13.1618,-8.8901,217.3,11913.0,-47.9,-54.7,-50.5,45,72,0.11,65,5.5,-4.984692828701575,-2.324400439573847,66160
2026-04-01 12:46:46,13.1617,-8.8901,217.0,11921.0,-47.9,-54.8,-50.6,46,73,0.11,65,5.4,-4.89406204999791,-2.282138613399777,66160
2026-04-01 12:46:48,13.1616,-8.8901,216.7,11931.0,-48.0,-54.8,-50.6,46,73,0.11,66,5.4,-4.933145471270045,-2.1963778726093213,66160
2026-04-01 12:46:50,13.1615,-8.8902,216.4,11939.0,-48.1,-54.8,-50.6,46,74,0.11,66,5.3,-4.8417909255057845,-2.155704208301741,66160
2026-04-01 12:46:52,13.1615,-8.8902,216.1,11948.0,-48.2,-54.8,-50.6,47,75,0.11,66,5.3,-4.8417909255057845,-2.155704208301741,66160
2026-04-01 12:46:54,13.1614,-8.8902,215.8,11957.0,-48.3,-54.7,-50.5,47,76,0.11,66,5.2,-4.750436379741525,-2.1150305439941612,66160
2026-04-01 12:46:56,13.1613,-8.8902,215.5,11966.0,-48.4,-54.7,-50.5,48,77,0.11,67,5.1,-4.694574752607446,-1.992728755295296,66160
2026-04-01 12:46:58,13.1612,-8.8902,215.2,11974.0,-48.5,-54.7,-50.5,49,78,0.11,67,5.1,-4.694574752607446,-1.992728755295296,66160
2026-04-01 12:47:00,13.1611,-8.8903,214.9,11984.0,-48.6,-54.7,-50.5,49,79,0.11,68,5.0,-4.635919272833937,-1.8730329670795598,66160
2026-04-01 12:47:02,13.161,-8.8903,214.6,11994.0,-48.7,-54.7,-50.5,50,80,0.11,68,5.0,-4.635919272833937,-1.8730329670795598,66160
2026-04-01 12:47:04,13.1609,-8.8903,214.3,12003.0,-48.8,-54.7,-50.5,50,81,0.11,68,4.9,-4.5432008873772585,-1.8355723077379686,66160
2026-04-01 12:47:06,13.1608,-8.8904,214.0,12012.0,-48.8,-54.7,-50.5,51,82,0.11,68,4.8,-4.45048250192058,-1.7981116483963773,66160
2026-04-01 12:47:08,13.1608,-8.8904,213.7,12022.0,-48.9,-54.6,-50.4,51,83,0.11,67,4.7,-4.32637281122647,-1.8364363038995866,66160
2026-04-01 12:47:10,13.1607,-8.8905,213.5,12027.0,-49.0,-54.8,-50.6,51,82,0.11,67,4.6,-4.234322325881226,-1.797363191050659,66160
2026-04-01 12:47:12,13.1607,-8.8905,213.1,12039.0,-49.0,-54.9,-50.7,51,82,0.11,68,4.6,-4.265045731007222,-1.723190329713195,66160
2026-04-01 12:47:14,13.1606,-8.8905,212.9,12047.0,-49.1,-55.0,-50.8,50,81,0.1,68,4.5,-4.172327345550544,-1.6857296703716038,66160
2026-04-01 12:47:16,13.1605,-8.8906,212.6,12055.0,-49.2,-55.2,-51.0,49,80,0.1,67,4.5,-4.142271840535981,-1.7582900782017317,66160
2026-04-01 12:47:18,13.1604,-8.8906,212.3,12065.0,-49.3,-55.4,-51.2,49,79,0.1,67,4.4,-4.050221355190738,-1.7192169653528044,66160
2026-04-01 12:47:20,13.1604,-8.8906,212.0,12073.0,-49.3,-55.6,-51.4,48,77,0.1,68,4.4,-4.079608960093865,-1.6482690110300127,66160
2026-04-01 12:47:22,13.1603,-8.8907,211.7,12082.0,-49.4,-56.1,-51.8,46,74,0.09,67,4.3,-3.9581708698454934,-1.680143852503877,66160
2026-04-01 12:47:24,13.1602,-8.8907,211.4,12091.0,-49.4,-56.4,-52.2,44,71,0.09,67,4.3,-3.9581708698454934,-1.680143852503877,66160
2026-04-01 12:47:26,13.1601,-8.8907,211.1,12101.0,-49.5,-56.8,-52.5,42,69,0.08,67,4.2,-3.86612038450025,-1.6410707396549498,66160
2026-04-01 12:47:28,13.16,-8.8907,210.9,12109.0,-49.6,-57.2,-52.9,41,67,0.08,67,4.1,-3.774069899155005,-1.601997626806022,66160
2026-04-01 12:47:30,13.16,-8.8908,210.6,12117.0,-49.7,-57.5,-53.2,40,65,0.08,68,4.0,-3.7087354182671497,-1.4984263736636478,66160
2026-04-01 12:47:32,13.16,-8.8908,210.3,12126.0,-49.7,-57.7,-53.4,39,63,0.08,68,4.0,-3.7087354182671497,-1.4984263736636478,66160
2026-04-01 12:47:34,13.1599,-8.8909,210.0,12135.0,-49.9,-58.0,-53.7,38,62,0.07,68,3.9,-3.616017032810471,-1.4609657143220567,66160
2026-04-01 12:47:36,13.1598,-8.8909,209.7,12144.0,-49.9,-58.2,-53.9,37,61,0.07,69,3.8,-3.5476056206893665,-1.3617982082721414,66160
2026-04-01 12:47:38,13.1597,-8.8909,209.5,12153.0,-50.0,-58.5,-54.2,37,60,0.07,69,3.8,-3.5476056206893665,-1.3617982082721414,66160
2026-04-01 12:47:40,13.1597,-8.8909,209.2,12161.0,-50.1,-58.8,-54.4,36,58,0.07,69,3.8,-3.5476056206893665,-1.3617982082721414,66160
2026-04-01 12:47:42,13.1597,-8.8909,209.0,12169.0,-50.0,-58.8,-54.4,35,57,0.07,70,3.7,-3.476862696907861,-1.2654745303049748,66160
2026-04-01 12:47:44,13.1596,-8.8909,208.7,12177.0,-50.2,-59.1,-54.8,35,56,0.06,70,3.7,-3.476862696907861,-1.2654745303049748,66160
2026-04-01 12:47:46,13.1595,-8.891,208.4,12186.0,-50.3,-59.3,-54.9,34,56,0.06,70,3.7,-3.476862696907861,-1.2654745303049748,66160
2026-04-01 12:47:48,13.1594,-8.891,208.2,12193.0,-50.3,-59.4,-55.0,34,55,0.06,70,3.6,-3.38289343482927,-1.2312725159724078,66160
2026-04-01 12:47:50,13.1593,-8.891,207.9,12202.0,-50.4,-59.5,-55.2,34,55,0.06,70,3.6,-3.38289343482927,-1.2312725159724078,66160
2026-04-01 12:47:52,13.1593,-8.891,207.6,12211.0,-50.5,-59.6,-55.3,33,55,0.06,69,3.5,-3.267531492740206,-1.2542878234085513,66160
2026-04-01 12:47:54,13.1593,-8.891,207.3,12219.0,-50.7,-59.8,-55.4,33,54,0.06,68,3.5,-3.245143490983756,-1.3111230769556919,66160
2026-04-01 12:47:56,13.1592,-8.891,207.1,12228.0,-50.8,-59.9,-55.6,33,55,0.06,68,3.4,-3.1524251055270773,-1.2736624176141007,66160
2026-04-01 12:47:58,13.1592,-8.8911,206.8,12236.0,-50.7,-59.9,-55.5,33,55,0.06,68,3.3,-3.0597067200703982,-1.2362017582725093,66160
2026-04-01 12:48:00,13.1591,-8.8911,206.5,12245.0,-50.9,-59.9,-55.5,34,55,0.06,68,3.3,-3.0597067200703982,-1.2362017582725093,66160
2026-04-01 12:48:02,13.1591,-8.8911,206.3,12253.0,-50.9,-59.9,-55.5,34,56,0.06,68,3.3,-3.0597067200703982,-1.2362017582725093,66160
2026-04-01 12:48:04,13.159,-8.8912,206.0,12262.0,-51.0,-59.9,-55.5,34,56,0.06,68,3.3,-3.0597067200703982,-1.2362017582725093,66160
2026-04-01 12:48:06,13.1589,-8.8912,205.7,12270.0,-51.1,-59.8,-55.4,35,57,0.06,68,3.2,-2.96698833461372,-1.1987410989309184,66160
2026-04-01 12:48:08,13.1588,-8.8912,205.5,12278.0,-51.1,-59.8,-55.4,35,58,0.06,68,3.2,-2.96698833461372,-1.1987410989309184,66160
2026-04-01 12:48:10,13.1588,-8.8912,205.2,12285.0,-51.2,-59.8,-55.4,36,59,0.06,68,3.2,-2.96698833461372,-1.1987410989309184,66160
2026-04-01 12:48:12,13.1588,-8.8912,205.0,12294.0,-51.2,-59.8,-55.4,36,59,0.06,68,3.2,-2.96698833461372,-1.1987410989309184,66160
2026-04-01 12:48:14,13.1587,-8.8913,204.7,12302.0,-51.4,-59.9,-55.5,36,59,0.06,68,3.2,-2.96698833461372,-1.1987410989309184,66160
2026-04-01 12:48:16,13.1587,-8.8913,204.4,12311.0,-51.4,-59.8,-55.4,36,60,0.06,68,3.2,-2.96698833461372,-1.1987410989309184,66160
2026-04-01 12:48:18,13.1587,-8.8914,204.2,12320.0,-51.6,-59.9,-55.6,36,60,0.06,68,3.2,-2.96698833461372,-1.1987410989309184,66160
2026-04-01 12:48:20,13.1586,-8.8914,203.9,12329.0,-51.6,-60.0,-55.6,36,60,0.06,68,3.2,-2.96698833461372,-1.1987410989309184,66160
2026-04-01 12:48:22,13.1586,-8.8914,203.6,12337.0,-51.7,-60.0,-55.7,37,61,0.06,69,3.2,-2.987457364791046,-1.1467774385449612,66160
2026-04-01 12:48:24,13.1585,-8.8914,203.4,12345.0,-51.8,-60.1,-55.7,37,61,0.06,70,3.2,-3.007016386514907,-1.0944644586421404,66160
2026-04-01 12:48:26,13.1584,-8.8914,203.1,12352.0,-51.9,-60.1,-55.7,37,61,0.06,71,3.2,-3.0256594419178136,-1.0418180942629016,66160
2026-04-01 12:48:28,13.1584,-8.8914,202.9,12360.0,-51.9,-60.1,-55.7,37,62,0.06,71,3.2,-3.0256594419178136,-1.0418180942629016,66160
2026-04-01 12:48:30,13.1583,-8.8915,202.7,12368.0,-51.9,-60.1,-55.7,37,62,0.06,71,3.2,-3.0256594419178136,-1.0418180942629016,66160
2026-04-01 12:48:32,13.1583,-8.8915,202.4,12376.0,-52.1,-60.3,-55.9,37,62,0.06,72,3.2,-3.0433808521444914,-0.9888543819998319,66160
2026-04-01 12:48:34,13.1582,-8.8915,202.2,12383.0,-52.1,-60.3,-55.9,37,61,0.06,72,3.2,-3.0433808521444914,-0.9888543819998319,66160
2026-04-01 12:48:36,13.1581,-8.8915,201.9,12391.0,-52.2,-60.5,-56.1,37,61,0.06,72,3.2,-3.0433808521444914,-0.9888543819998319,66160
2026-04-01 12:48:38,13.1581,-8.8915,201.7,12399.0,-52.4,-60.6,-56.2,37,61,0.06,73,3.2,-3.0601752190817137,-0.9355894551127577,66160
2026-04-01 12:48:40,13.158,-8.8915,201.4,12406.0,-52.3,-60.5,-56.1,37,62,0.06,74,3.3,-3.172163596596452,-0.9096032741960972,66160
2026-04-01 12:48:42,13.158,-8.8916,201.2,12414.0,-52.4,-60.5,-56.1,37,62,0.06,76,3.3,-3.2019758967107883,-0.7983422554789033,66160
2026-04-01 12:48:44,13.158,-8.8916,200.9,12423.0,-52.5,-60.5,-56.1,38,63,0.06,77,3.4,-3.3128582202697996,-0.7648335847691408,66160
2026-04-01 12:48:46,13.1579,-8.8916,200.7,12431.0,-52.5,-60.5,-56.1,38,63,0.06,78,3.4,-3.3257018424949387,-0.7068997487803821,66160
2026-04-01 12:48:48,13.1578,-8.8916,200.4,12439.0,-52.6,-60.6,-56.2,38,63,0.06,79,3.4,-3.3375324237220574,-0.6487505842802527,66160
2026-04-01 12:48:50,13.1577,-8.8916,200.2,12446.0,-52.5,-60.7,-56.3,37,62,0.06,80,3.5,-3.446827135542728,-0.6077686218342564,66160
2026-04-01 12:48:52,13.1577,-8.8916,200.0,12453.0,-52.6,-60.8,-56.4,37,62,0.05,80,3.5,-3.446827135542728,-0.6077686218342564,66160
2026-04-01 12:48:54,13.1576,-8.8916,199.7,12463.0,-52.7,-60.9,-56.5,37,61,0.05,81,3.6,-3.555678026142496,-0.5631640741448314,66160
2026-04-01 12:48:56,13.1575,-8.8916,199.4,12471.0,-52.8,-60.9,-56.5,37,62,0.05,81,3.6,-3.555678026142496,-0.5631640741448314,66160
2026-04-01 12:48:58,13.1575,-8.8916,199.2,12480.0,-52.8,-60.9,-56.5,37,62,0.05,81,3.6,-3.555678026142496,-0.5631640741448314,66160
2026-04-01 12:49:00,13.1574,-8.8917,198.9,12488.0,-52.9,-60.9,-56.5,38,63,0.05,82,3.6,-3.5649650474696535,-0.5010231634562357,66160
2026-04-01 12:49:02,13.1573,-8.8917,198.6,12497.0,-53.0,-60.9,-56.5,38,63,0.05,83,3.7,-3.6724207610728916,-0.4509165705990457,66160
2026-04-01 12:49:04,13.1573,-8.8917,198.3,12507.0,-53.1,-61.1,-56.6,38,64,0.05,83,3.7,-3.6724207610728916,-0.4509165705990457,66160
2026-04-01 12:49:06,13.1572,-8.8916,198.1,12515.0,-53.1,-61.0,-56.6,38,64,0.05,83,3.7,-3.6724207610728916,-0.4509165705990457,66160
2026-04-01 12:49:08,13.1571,-8.8917,197.8,12523.0,-53.2,-61.1,-56.7,38,64,0.05,83,3.8,-3.7716753762370234,-0.46310350493956043,66160
2026-04-01 12:49:10,13.1571,-8.8917,197.6,12532.0,-53.3,-61.1,-56.6,39,65,0.05,82,3.8,-3.7630186612179672,-0.5288577836482488,66160
2026-04-01 12:49:12,13.157,-8.8917,197.3,12540.0,-53.3,-61.0,-56.6,39,66,0.05,82,3.9,-3.8620454680921243,-0.5427750937442553,66160
2026-04-01 12:49:14,13.1569,-8.8917,197.1,12548.0,-53.4,-61.0,-56.6,40,66,0.05,81,3.9,-3.8519845283210374,-0.6100944136569005,66160
2026-04-01 12:49:16,13.1568,-8.8917,196.8,12557.0,-53.5,-61.0,-56.6,40,68,0.05,81,3.9,-3.8519845283210374,-0.6100944136569005,66160
2026-04-01 12:49:18,13.1567,-8.8917,196.5,12566.0,-53.6,-61.0,-56.6,41,68,0.05,81,4.0,-3.950753362380551,-0.6257378601609237,66160
2026-04-01 12:49:20,13.1567,-8.8917,196.3,12574.0,-53.7,-61.0,-56.6,41,69,0.05,81,4.0,-3.950753362380551,-0.6257378601609237,66160
2026-04-01 12:49:22,13.1567,-8.8917,196.0,12583.0,-53.8,-61.0,-56.6,41,70,0.05,81,4.0,-3.950753362380551,-0.6257378601609237,66160
2026-04-01 12:49:24,13.1566,-8.8917,195.8,12591.0,-53.9,-61.1,-56.7,41,70,0.05,80,4.0,-3.939231012048832,-0.6945927106677217,66160
2026-04-01 12:49:26,13.1565,-8.8917,195.5,12600.0,-53.9,-61.1,-56.7,41,70,0.05,80,4.0,-3.939231012048832,-0.6945927106677217,66160
2026-04-01 12:49:28,13.1564,-8.8917,195.2,12608.0,-54.0,-61.2,-56.8,41,69,0.05,79,4.0,-3.926508733790656,-0.7632359815061797,66160
2026-04-01 12:49:30,13.1564,-8.8917,195.0,12616.0,-54.0,-61.3,-56.9,41,69,0.05,78,4.1,-4.010405163008603,-0.8524379323528137,66160
2026-04-01 12:49:32,13.1563,-8.8917,194.7,12624.0,-54.1,-61.5,-57.0,40,68,0.05,77,4.1,-3.9949172656194643,-0.9222993228098461,66160
2026-04-01 12:49:34,13.1562,-8.8918,194.5,12632.0,-54.2,-61.7,-57.3,39,67,0.05,76,4.1,-3.978212477731585,-0.9918797719586374,66160
2026-04-01 12:49:36,13.1561,-8.8919,194.3,12639.0,-54.3,-62.1,-57.6,38,65,0.05,75,4.1,-3.96029588778518,-1.061158084920335,66160
2026-04-01 12:49:38,13.1561,-8.8919,194.1,12647.0,-54.5,-62.4,-57.9,38,64,0.05,74,4.2,-4.037299122940939,-1.1576768944313964,66160
2026-04-01 12:49:40,13.156,-8.8919,193.8,12655.0,-54.5,-62.6,-58.1,37,62,0.04,73,4.2,-4.016479975044749,-1.2279611598354945,66160
2026-04-01 12:49:42,13.1559,-8.8919,193.5,12664.0,-54.5,-62.8,-58.3,36,61,0.04,72,4.2,-3.994437368439645,-1.2978713763747793,66160
2026-04-01 12:49:44,13.1558,-8.8919,193.3,12673.0,-54.6,-63.0,-58.6,35,59,0.04,71,4.3,-4.065729875077062,-1.399943064165774,66160
2026-04-01 12:49:46,13.1557,-8.8919,192.9,12683.0,-54.7,-63.3,-58.9,34,58,0.04,71,4.4,-4.160281732636994,-1.4324998796114898,66160
2026-04-01 12:49:48,13.1557,-8.892,192.7,12692.0,-54.8,-63.6,-59.1,33,56,0.04,70,4.4,-4.134647531457997,-1.504888630632943,66160
2026-04-01 12:49:50,13.1556,-8.892,192.4,12702.0,-54.9,-64.0,-59.5,32,55,0.04,69,4.5,-4.201111919237408,-1.6126557729538518,66160
2026-04-01 12:49:52,13.1556,-8.892,192.1,12710.0,-55.0,-64.4,-59.9,31,53,0.04,69,4.5,-4.201111919237408,-1.6126557729538518,66160
2026-04-01 12:49:54,13.1555,-8.892,191.9,12719.0,-55.1,-64.6,-60.1,30,51,0.03,69,4.6,-4.294469961887128,-1.6484925679083817,66160
2026-04-01 12:49:56,13.1554,-8.8921,191.6,12727.0,-55.1,-64.8,-60.3,29,50,0.03,69,4.7,-4.387828004536848,-1.684329362862912,66160
2026-04-01 12:49:58,13.1554,-8.8922,191.4,12736.0,-55.2,-65.2,-60.6,28,48,0.03,68,4.7,-4.357764116463901,-1.7606509890547863,66160
2026-04-01 12:50:00,13.1553,-8.8922,191.1,12745.0,-55.3,-65.4,-60.9,28,48,0.03,67,4.7,-4.32637281122647,-1.8364363038995866,66160
2026-04-01 12:50:02,13.1552,-8.8922,190.8,12753.0,-55.4,-65.5,-61.0,28,47,0.03,67,4.8,-4.418423296571714,-1.8755094167485138,66160
2026-04-01 12:50:04,13.1551,-8.8922,190.6,12761.0,-55.5,-65.7,-61.2,27,47,0.03,67,4.8,-4.418423296571714,-1.8755094167485138,66160
2026-04-01 12:50:06,13.155,-8.8923,190.5,12765.0,-55.5,-65.7,-61.1,27,47,0.03,66,4.9,-4.476372742448745,-1.9930095510714212,66160
2026-04-01 12:50:08,13.1549,-8.8923,190.1,12777.0,-55.5,-65.6,-61.1,27,47,0.03,65,4.9,-4.440908156479585,-2.0708294825294273,66160
2026-04-01 12:50:10,13.1548,-8.8924,189.9,12785.0,-55.6,-65.7,-61.1,28,48,0.03,65,4.9,-4.440908156479585,-2.0708294825294273,66160
2026-04-01 12:50:12,13.1547,-8.8924,189.7,12793.0,-55.6,-65.5,-61.0,29,49,0.03,65,5.0,-4.531538935183249,-2.1130913087034973,66160
2026-04-01 12:50:14,13.1547,-8.8924,189.4,12802.0,-55.7,-65.4,-60.9,29,50,0.03,65,5.0,-4.531538935183249,-2.1130913087034973,66160
2026-04-01 12:50:16,13.1546,-8.8924,189.1,12811.0,-55.8,-65.4,-60.9,30,51,0.03,65,5.0,-4.531538935183249,-2.1130913087034973,66160
2026-04-01 12:50:18,13.1545,-8.8925,188.9,12819.0,-55.8,-65.3,-60.7,30,52,0.03,65,5.1,-4.622169713886914,-2.155353134877567,66160
2026-04-01 12:50:20,13.1544,-8.8925,188.6,12829.0,-56.0,-65.3,-60.7,31,53,0.03,65,5.2,-4.7128004925905795,-2.197614961051637,66160
2026-04-01 12:50:22,13.1543,-8.8926,188.3,12838.0,-56.1,-65.3,-60.8,31,53,0.03,65,5.3,-4.803431271294245,-2.239876787225707,66160
2026-04-01 12:50:24,13.1542,-8.8927,188.0,12848.0,-56.2,-65.4,-60.9,31,53,0.03,65,5.3,-4.803431271294245,-2.239876787225707,66160
2026-04-01 12:50:26,13.1542,-8.8927,187.8,12857.0,-56.2,-65.5,-61.0,31,53,0.03,64,5.4,-4.853487850015502,-2.3672041926610183,66160
2026-04-01 12:50:28,13.154,-8.8927,187.5,12866.0,-56.3,-65.5,-61.0,31,54,0.03,64,5.5,-4.943367254645418,-2.411041307339926,66160
2026-04-01 12:50:30,13.1539,-8.8928,187.2,12875.0,-56.4,-65.4,-60.9,32,55,0.03,64,5.5,-4.943367254645418,-2.411041307339926,66160
2026-04-01 12:50:32,13.1539,-8.8929,187.0,12884.0,-56.4,-65.3,-60.7,32,56,0.03,63,5.6,-4.98963653545486,-2.542346798541462,66160
2026-04-01 12:50:34,13.1539,-8.8929,186.7,12892.0,-56.6,-65.3,-60.8,33,57,0.03,63,5.7,-5.078737187873697,-2.587745848515417,66160
2026-04-01 12:50:36,13.1537,-8.8928,186.4,12902.0,-56.7,-65.4,-60.8,33,58,0.03,63,5.8,-5.167837840292534,-2.6331448984893715,66160
2026-04-01 12:50:38,13.1536,-8.8929,186.2,12911.0,-56.8,-65.2,-60.7,34,60,0.03,63,5.8,-5.167837840292534,-2.6331448984893715,66160
2026-04-01 12:50:40,13.1535,-8.893,185.9,12920.0,-56.7,-64.9,-60.4,35,61,0.03,63,5.9,-5.256938492711371,-2.6785439484633264,66160
2026-04-01 12:50:42,13.1534,-8.8931,185.7,12928.0,-56.8,-64.8,-60.3,36,63,0.03,63,5.9,-5.256938492711371,-2.6785439484633264,66160
2026-04-01 12:50:44,13.1533,-8.8931,185.4,12936.0,-56.9,-64.8,-60.3,37,64,0.03,63,6.0,-5.346039145130208,-2.7239429984372814,66160
2026-04-01 12:50:46,13.1532,-8.8932,185.2,12945.0,-57.0,-64.7,-60.2,38,65,0.04,63,6.0,-5.346039145130208,-2.7239429984372814,66160
2026-04-01 12:50:48,13.1531,-8.8932,184.9,12954.0,-57.0,-64.5,-60.0,38,67,0.04,62,6.0,-5.297685557153561,-2.8168293767153454,66160
2026-04-01 12:50:50,13.153,-8.8932,184.6,12963.0,-57.1,-64.4,-59.9,39,68,0.04,62,6.1,-5.385980316439453,-2.863776532993934,66160
2026-04-01 12:50:52,13.1529,-8.8933,184.4,12973.0,-57.2,-64.4,-59.9,40,69,0.04,62,6.2,-5.474275075725346,-2.9107236892725235,66160
2026-04-01 12:50:54,13.1528,-8.8934,184.1,12983.0,-57.3,-64.6,-60.1,39,69,0.04,61,6.3,-5.510104154978193,-3.054300607551924,66160
2026-04-01 12:50:56,13.1527,-8.8935,183.8,12993.0,-57.4,-64.7,-60.1,40,69,0.04,60,6.4,-5.542562584220407,-3.200000000000001,66160
2026-04-01 12:50:58,13.1526,-8.8935,183.5,13004.0,-57.4,-64.7,-60.2,40,69,0.04,60,6.6,-5.715767664977294,-3.3000000000000007,66160
2026-04-01 12:51:00,13.1525,-8.8935,183.2,13014.0,-57.6,-64.9,-60.4,39,69,0.03,60,6.7,-5.802370205355738,-3.350000000000001,66160
2026-04-01 12:51:02,13.1524,-8.8936,182.9,13022.0,-57.7,-65.1,-60.6,39,68,0.03,59,6.7,-5.743020914704153,-3.450755101897363,66160
2026-04-01 12:51:04,13.1522,-8.8936,182.6,13032.0,-57.8,-65.2,-60.7,39,68,0.03,59,6.7,-5.743020914704153,-3.450755101897363,66160
2026-04-01 12:51:06,13.1521,-8.8937,182.4,13041.0,-57.8,-65.2,-60.7,39,68,0.03,58,6.7,-5.681922244248054,-3.5504590703624728,66160
2026-04-01 12:51:08,13.1521,-8.8938,182.1,13050.0,-57.8,-65.2,-60.7,39,69,0.03,58,6.7,-5.681922244248054,-3.5504590703624728,66160
2026-04-01 12:51:10,13.152,-8.8939,181.9,13059.0,-57.9,-65.2,-60.7,39,69,0.03,57,6.8,-5.702959862028884,-3.703545438102184,66160
2026-04-01 12:51:12,13.1519,-8.8939,181.6,13068.0,-58.0,-65.3,-60.8,39,69,0.03,57,6.8,-5.702959862028884,-3.703545438102184,66160
2026-04-01 12:51:14,13.1517,-8.894,181.3,13077.0,-58.1,-65.4,-60.9,39,69,0.03,56,6.9,-5.720359250629788,-3.858431033948153,66160
2026-04-01 12:51:16,13.1516,-8.8941,181.1,13086.0,-58.2,-65.4,-60.9,39,69,0.03,56,6.9,-5.720359250629788,-3.858431033948153,66160
2026-04-01 12:51:18,13.1515,-8.8941,180.8,13094.0,-58.2,-65.3,-60.8,40,70,0.03,55,7.0,-5.7340643100229425,-4.015035054457322,66160
2026-04-01 12:51:20,13.1514,-8.8942,180.6,13102.0,-58.2,-65.3,-60.7,40,71,0.03,55,7.0,-5.7340643100229425,-4.015035054457322,66160
2026-04-01 12:51:22,13.1513,-8.8943,180.4,13109.0,-58.4,-65.4,-60.9,41,71,0.03,55,7.1,-5.815979514451842,-4.072392698092426,66160
2026-04-01 12:51:24,13.1512,-8.8944,180.2,13118.0,-58.4,-65.3,-60.8,41,72,0.03,54,7.1,-5.744020660062127,-4.173275291276559,66160
2026-04-01 12:51:26,13.1511,-8.8944,180.0,13125.0,-58.4,-65.3,-60.7,41,73,0.03,54,7.1,-5.744020660062127,-4.173275291276559,66160
2026-04-01 12:51:28,13.151,-8.8945,179.7,13134.0,-58.5,-65.3,-60.7,42,74,0.03,54,7.2,-5.824922359499622,-4.232053816505807,66160
2026-04-01 12:51:30,13.1509,-8.8946,179.5,13142.0,-58.5,-65.3,-60.8,42,74,0.03,53,7.2,-5.750175672340508,-4.333068166694748,66160
2026-04-01 12:51:32,13.1508,-8.8946,179.2,13150.0,-58.5,-65.3,-60.8,42,74,0.03,53,7.3,-5.830039223345238,-4.393249669009952,66160
2026-04-01 12:51:34,13.1508,-8.8947,179.0,13159.0,-58.7,-65.5,-60.9,42,74,0.03,53,7.3,-5.830039223345238,-4.393249669009952,66160
2026-04-01 12:51:36,13.1506,-8.8948,178.7,13168.0,-58.9,-65.6,-61.1,42,74,0.03,53,7.3,-5.830039223345238,-4.393249669009952,66160
2026-04-01 12:51:38,13.1505,-8.8949,178.5,13177.0,-58.9,-65.7,-61.1,42,74,0.03,52,7.4,-5.831279576689743,-4.555894917409872,66160
2026-04-01 12:51:40,13.1504,-8.8951,178.3,13185.0,-59.0,-65.7,-61.2,42,74,0.03,52,7.4,-5.831279576689743,-4.555894917409872,66160
2026-04-01 12:51:42,13.1503,-8.8952,178.0,13194.0,-59.1,-65.8,-61.3,42,74,0.03,52,7.5,-5.910080652050415,-4.617461064942437,66160
2026-04-01 12:51:44,13.1502,-8.8952,177.7,13203.0,-59.2,-65.9,-61.3,42,75,0.03,52,7.5,-5.910080652050415,-4.617461064942437,66160
2026-04-01 12:51:46,13.1501,-8.8953,177.5,13212.0,-59.4,-66.0,-61.5,42,75,0.03,51,7.5,-5.828594710927282,-4.71990293287378,66160
2026-04-01 12:51:48,13.15,-8.8954,177.2,13220.0,-59.4,-66.0,-61.4,43,76,0.03,51,7.6,-5.906309307072979,-4.7828349719787635,66160
2026-04-01 12:51:50,13.1498,-8.8954,177.0,13229.0,-59.4,-66.0,-61.4,43,76,0.03,51,7.6,-5.906309307072979,-4.7828349719787635,66160
2026-04-01 12:51:52,13.1497,-8.8955,176.8,13238.0,-59.5,-66.0,-61.4,43,77,0.03,51,7.7,-5.984023903218676,-4.845767011083748,66160
2026-04-01 12:51:54,13.1496,-8.8956,176.5,13247.0,-59.5,-65.9,-61.4,43,77,0.03,51,7.7,-5.984023903218676,-4.845767011083748,66160
2026-04-01 12:51:56,13.1496,-8.8958,176.2,13256.0,-59.8,-66.2,-61.6,43,78,0.03,51,7.8,-6.061738499364373,-4.908699050188732,66160
2026-04-01 12:51:58,13.1494,-8.8958,176.0,13265.0,-59.8,-66.2,-61.7,43,78,0.03,51,7.8,-6.061738499364373,-4.908699050188732,66160
2026-04-01 12:52:00,13.1493,-8.8959,175.8,13273.0,-59.8,-66.2,-61.6,44,78,0.03,51,7.8,-6.061738499364373,-4.908699050188732,66160
2026-04-01 12:52:02,13.1492,-8.896,175.5,13281.0,-59.9,-66.3,-61.7,44,78,0.03,51,7.8,-6.061738499364373,-4.908699050188732,66160
2026-04-01 12:52:04,13.1491,-8.8961,175.3,13290.0,-59.9,-66.3,-61.7,44,78,0.03,51,7.8,-6.061738499364373,-4.908699050188732,66160
2026-04-01 12:52:06,13.149,-8.8962,175.0,13298.0,-59.9,-66.3,-61.8,43,77,0.03,52,7.9,-6.225284953493104,-4.863725655072701,66160
2026-04-01 12:52:08,13.1489,-8.8963,174.8,13308.0,-60.3,-66.8,-62.3,42,76,0.03,52,7.9,-6.225284953493104,-4.863725655072701,66160
2026-04-01 12:52:10,13.1488,-8.8963,174.5,13318.0,-60.3,-67.0,-62.4,42,75,0.03,51,8.0,-6.217167691655767,-5.034563128398699,66160
2026-04-01 12:52:12,13.1486,-8.8964,174.2,13327.0,-60.3,-67.1,-62.5,41,73,0.03,51,8.0,-6.217167691655767,-5.034563128398699,66160
2026-04-01 12:52:14,13.1485,-8.8965,174.0,13336.0,-60.4,-67.4,-62.8,40,72,0.03,51,8.0,-6.217167691655767,-5.034563128398699,66160
2026-04-01 12:52:16,13.1484,-8.8966,173.7,13345.0,-60.5,-67.7,-63.1,39,70,0.03,51,8.1,-6.294882287801464,-5.097495167503682,66160
2026-04-01 12:52:18,13.1483,-8.8967,173.5,13355.0,-60.6,-68.0,-63.4,38,68,0.02,51,8.1,-6.294882287801464,-5.097495167503682,66160
2026-04-01 12:52:20,13.1482,-8.8968,173.2,13365.0,-60.7,-68.2,-63.6,37,67,0.02,51,8.1,-6.294882287801464,-5.097495167503682,66160
2026-04-01 12:52:22,13.1481,-8.8969,172.9,13374.0,-60.8,-68.4,-63.8,37,66,0.02,52,8.2,-6.46168817957512,-5.048424097670398,66160
2026-04-01 12:52:24,13.148,-8.897,172.7,13383.0,-60.8,-68.5,-63.9,36,65,0.02,52,8.2,-6.46168817957512,-5.048424097670398,66160
2026-04-01 12:52:26,13.1478,-8.8971,172.4,13392.0,-60.9,-68.7,-64.1,36,64,0.02,52,8.2,-6.46168817957512,-5.048424097670398,66160
2026-04-01 12:52:28,13.1477,-8.8972,172.2,13400.0,-61.1,-69.0,-64.3,35,63,0.02,52,8.3,-6.540489254935793,-5.109990245202964,66160
2026-04-01 12:52:30,13.1476,-8.8973,171.9,13410.0,-61.1,-69.1,-64.5,34,62,0.02,52,8.3,-6.540489254935793,-5.109990245202964,66160
2026-04-01 12:52:32,13.1475,-8.8974,171.7,13418.0,-61.1,-69.2,-64.6,34,61,0.02,52,8.3,-6.540489254935793,-5.109990245202964,66160
2026-04-01 12:52:34,13.1474,-8.8974,171.5,13427.0,-61.3,-69.4,-64.8,34,61,0.02,52,8.3,-6.540489254935793,-5.109990245202964,66160
2026-04-01 12:52:36,13.1472,-8.8975,171.2,13437.0,-61.3,-69.5,-64.9,34,61,0.02,52,8.4,-6.619290330296465,-5.17155639273553,66160
2026-04-01 12:52:38,13.1471,-8.8977,170.9,13447.0,-61.4,-69.6,-65.0,33,60,0.02,53,8.4,-6.70853828439726,-5.055246194477205,66160
2026-04-01 12:52:40,13.147,-8.8977,170.6,13457.0,-61.5,-69.8,-65.2,33,60,0.02,53,8.4,-6.70853828439726,-5.055246194477205,66160
2026-04-01 12:52:42,13.1468,-8.8978,170.4,13467.0,-61.6,-69.9,-65.2,33,60,0.02,53,8.4,-6.70853828439726,-5.055246194477205,66160
2026-04-01 12:52:44,13.1467,-8.8979,170.1,13476.0,-61.6,-69.9,-65.2,33,60,0.02,53,8.4,-6.70853828439726,-5.055246194477205,66160
2026-04-01 12:52:46,13.1466,-8.898,169.9,13485.0,-61.8,-70.0,-65.4,33,61,0.02,53,8.5,-6.788401835401989,-5.11542769679241,66160
2026-04-01 12:52:48,13.1465,-8.8981,169.6,13495.0,-61.9,-70.0,-65.4,34,61,0.02,53,8.5,-6.788401835401989,-5.11542769679241,66160
2026-04-01 12:52:50,13.1463,-8.8982,169.3,13505.0,-61.9,-70.1,-65.4,34,61,0.02,53,8.6,-6.868265386406718,-5.1756091991076145,66160
2026-04-01 12:52:52,13.1462,-8.8983,169.0,13515.0,-62.0,-70.1,-65.5,34,61,0.02,53,8.7,-6.948128937411447,-5.235790701422819,66160
2026-04-01 12:52:54,13.1461,-8.8984,168.8,13525.0,-62.1,-70.2,-65.6,34,61,0.02,53,8.7,-6.948128937411447,-5.235790701422819,66160
2026-04-01 12:52:56,13.146,-8.8984,168.5,13534.0,-62.2,-70.3,-65.7,34,61,0.02,54,8.8,-7.119349550499538,-5.172510220173764,66160
2026-04-01 12:52:58,13.1459,-8.8986,168.3,13544.0,-62.3,-70.5,-65.9,33,61,0.02,54,8.8,-7.119349550499538,-5.172510220173764,66160
2026-04-01 12:53:00,13.1457,-8.8986,168.0,13554.0,-62.4,-70.6,-66.0,33,61,0.02,54,8.8,-7.119349550499538,-5.172510220173764,66160
2026-04-01 12:53:02,13.1456,-8.8987,167.7,13562.0,-62.4,-70.6,-65.9,33,61,0.02,54,8.8,-7.119349550499538,-5.172510220173764,66160
2026-04-01 12:53:04,13.1455,-8.8988,167.5,13572.0,-62.5,-70.6,-66.0,33,61,0.02,54,8.9,-7.200251249937033,-5.2312887454030115,66160
2026-04-01 12:53:06,13.1454,-8.8989,167.2,13582.0,-62.6,-70.6,-66.0,34,62,0.02,54,8.9,-7.200251249937033,-5.2312887454030115,66160
2026-04-01 12:53:08,13.1453,-8.899,166.9,13592.0,-62.7,-70.4,-65.8,35,65,0.02,54,9.0,-7.281152949374527,-5.2900672706322585,66160
2026-04-01 12:53:10,13.1451,-8.8992,166.7,13601.0,-62.9,-70.6,-66.0,35,65,0.02,53,9.0,-7.187719590425635,-5.416335208368435,66160
2026-04-01 12:53:12,13.1449,-8.8993,166.4,13611.0,-63.0,-70.7,-66.1,35,64,0.02,53,9.1,-7.267583141430364,-5.476516710683639,66160
2026-04-01 12:53:14,13.1448,-8.8993,166.1,13621.0,-63.1,-70.9,-66.2,35,65,0.02,53,9.1,-7.267583141430364,-5.476516710683639,66160
2026-04-01 12:53:16,13.1446,-8.8994,165.9,13631.0,-63.1,-70.9,-66.3,35,64,0.02,53,9.2,-7.347446692435094,-5.536698212998844,66160
2026-04-01 12:53:18,13.1445,-8.8994,165.6,13641.0,-63.2,-70.9,-66.3,35,65,0.02,52,9.2,-7.2496989331818416,-5.664085572996056,66160
2026-04-01 12:53:20,13.1444,-8.8996,165.4,13651.0,-63.1,-70.7,-66.1,36,66,0.02,52,9.3,-7.328500008542515,-5.725651720528623,66160
2026-04-01 12:53:22,13.1443,-8.8997,165.1,13660.0,-63.3,-70.9,-66.2,36,67,0.02,52,9.3,-7.328500008542515,-5.725651720528623,66160
2026-04-01 12:53:24,13.1442,-8.8999,164.8,13670.0,-63.4,-70.8,-66.2,36,67,0.02,51,9.4,-7.3051720376955265,-5.915611675868472,66160
2026-04-01 12:53:26,13.144,-8.8999,164.6,13680.0,-63.4,-70.8,-66.2,37,68,0.02,50,9.4,-7.200817765318393,-6.04220353105347,66160
2026-04-01 12:53:28,13.1438,-8.9,164.3,13690.0,-63.6,-70.8,-66.2,37,69,0.02,50,9.5,-7.277422209630291,-6.106482292022124,66160
2026-04-01 12:53:30,13.1437,-8.9001,164.0,13700.0,-63.7,-70.7,-66.1,38,71,0.02,49,9.5,-7.169741012116334,-6.232560775409819,66160
2026-04-01 12:53:32,13.1436,-8.9003,163.8,13710.0,-63.6,-70.5,-65.8,39,73,0.02,49,9.5,-7.169741012116334,-6.232560775409819,66160
2026-04-01 12:53:34,13.1435,-8.9004,163.5,13719.0,-63.8,-70.5,-65.9,40,75,0.02,48,9.5,-7.059875842035245,-6.356740760409153,66160
2026-04-01 12:53:36,13.1434,-8.9005,163.2,13730.0,-64.0,-70.5,-65.9,41,76,0.02,47,9.5,-6.947860165382119,-6.4789844205937355,66160
2026-04-01 12:53:38,13.1432,-8.9006,163.0,13740.0,-63.9,-70.4,-65.7,42,77,0.02,46,9.6,-6.90566208325105,-6.668720356406373,66160
2026-04-01 12:53:40,13.143,-8.9007,162.7,13749.0,-64.1,-70.3,-65.7,43,80,0.02,45,9.6,-6.788225099390855,-6.788225099390856,66160
2026-04-01 12:53:42,13.143,-8.9009,162.4,13761.0,-64.1,-70.2,-65.5,44,82,0.02,44,9.7,-6.738186193452273,-6.977596063284916,66160
2026-04-01 12:53:44,13.1429,-8.901,162.2,13769.0,-64.3,-70.3,-65.6,44,82,0.02,44,9.7,-6.738186193452273,-6.977596063284916,66160
2026-04-01 12:53:46,13.1428,-8.9011,161.9,13779.0,-64.4,-70.3,-65.7,45,84,0.02,43,9.7,-6.615384092606234,-7.094130905705953,66160
2026-04-01 12:53:48,13.1426,-8.9012,161.7,13789.0,-64.3,-70.0,-65.4,46,86,0.02,42,9.8,-6.557479942316811,-7.282819289678464,66160
2026-04-01 12:53:50,13.1425,-8.9014,161.4,13798.0,-64.5,-70.0,-65.4,47,88,0.02,41,9.8,-6.429378484106972,-7.396153886183166,66160
2026-04-01 12:53:52,13.1424,-8.9016,161.2,13809.0,-64.6,-69.9,-65.3,48,90,0.02,40,9.9,-6.363597335896739,-7.583839986877883,66160
2026-04-01 12:53:54,13.1423,-8.9017,160.9,13818.0,-64.6,-69.8,-65.2,49,92,0.02,40,9.9,-6.363597335896739,-7.583839986877883,66160
2026-04-01 12:53:56,13.1422,-8.9018,160.7,13827.0,-64.8,-69.8,-65.2,50,94,0.02,39,9.9,-6.2302718713933904,-7.693745018424012,66160
2026-04-01 12:53:58,13.1421,-8.902,160.4,13838.0,-64.8,-69.8,-65.2,51,95,0.02,38,10.0,-6.156614753256583,-7.880107536067219,66160
2026-04-01 12:54:00,13.1419,-8.9021,160.1,13848.0,-65.0,-69.8,-65.2,52,97,0.02,38,10.0,-6.156614753256583,-7.880107536067219,66160
2026-04-01 12:54:02,13.1418,-8.9023,159.8,13858.0,-65.0,-69.7,-65.1,53,99,0.02,37,10.1,-6.078331733835688,-8.066218651477657,66160
2026-04-01 12:54:04,13.1417,-8.9024,159.6,13868.0,-65.0,-69.5,-64.9,54,101,0.02,37,10.3,-6.198694738466098,-8.225945753487117,66160
2026-04-01 12:54:06,13.1417,-8.9026,159.3,13878.0,-65.1,-69.5,-64.9,55,102,0.02,36,10.4,-6.112966623841721,-8.413776741499454,66160
2026-04-01 12:54:08,13.1415,-8.9027,159.1,13888.0,-65.2,-69.6,-65.0,55,103,0.02,35,10.5,-6.022552581685984,-8.601096465034415,66160
2026-04-01 12:54:10,13.1414,-8.9029,158.8,13898.0,-65.3,-69.6,-65.0,55,104,0.02,34,10.7,-5.983364067136992,-8.870702026338947,66160
2026-04-01 12:54:12,13.1413,-8.903,158.5,13909.0,-65.4,-69.6,-65.0,56,106,0.02,33,10.8,-5.882101578162293,-9.05764213381058,66160
2026-04-01 12:54:14,13.1412,-8.9032,158.2,13922.0,-65.5,-69.6,-65.0,57,107,0.02,33,10.9,-5.936565481663796,-9.141509190605122,66160
2026-04-01 12:54:16,13.1411,-8.9034,157.9,13933.0,-65.5,-69.6,-65.0,57,108,0.02,32,11.0,-5.829111906565254,-9.328529057720685,66160
2026-04-01 12:54:18,13.141,-8.9035,157.6,13945.0,-65.6,-69.6,-65.0,58,109,0.02,32,11.2,-5.935095759411895,-9.498138676951971,66160
2026-04-01 12:54:20,13.1409,-8.9037,157.3,13956.0,-65.6,-69.7,-65.1,57,108,0.02,31,11.4,-5.8714340539746175,-9.77170722800408,66160
2026-04-01 12:54:22,13.1408,-8.9038,157.0,13967.0,-65.7,-69.7,-65.1,58,109,0.02,31,11.6,-5.974441668956628,-9.943140688144503,66160
2026-04-01 12:54:24,13.1406,-8.9041,156.8,13977.0,-65.9,-69.8,-65.2,58,110,0.02,30,11.7,-5.849999999999999,-10.132497224277932,66160
2026-04-01 12:54:26,13.1406,-8.9043,156.5,13988.0,-65.9,-69.8,-65.2,59,111,0.02,29,11.9,-5.769234480931411,-10.40797451495881,66160
2026-04-01 12:54:28,13.1406,-8.9045,156.2,13997.0,-66.0,-69.9,-65.3,59,112,0.02,28,12.1,-5.6806059097092785,-10.683665873593016,66160
2026-04-01 12:54:30,13.1405,-8.9047,156.0,14006.0,-66.3,-70.2,-65.5,59,112,0.02,28,12.3,-5.774500222266457,-10.860255392164802,66160
2026-04-01 12:54:32,13.1403,-8.9049,155.7,14018.0,-66.3,-70.1,-65.5,59,112,0.02,28,12.5,-5.8683945348236355,-11.036844910736587,66160
2026-04-01 12:54:34,13.1401,-8.905,155.4,14028.0,-66.3,-70.1,-65.5,59,112,0.02,28,12.8,-6.009236003659403,-11.301729188594265,66160
2026-04-01 12:54:36,13.14,-8.9053,155.2,14038.0,-66.4,-70.1,-65.5,60,113,0.02,28,13.0,-6.10313031621658,-11.47831870716605,66160
2026-04-01 12:54:38,13.1399,-8.9055,154.9,14050.0,-66.4,-70.1,-65.5,60,114,0.02,28,13.2,-6.197024628773758,-11.654908225737836,66160
2026-04-01 12:54:40,13.1398,-8.9058,154.6,14062.0,-66.5,-70.2,-65.6,60,115,0.02,29,13.3,-6.447967949276284,-11.632442104953965,66160
2026-04-01 12:54:42,13.1398,-8.906,154.3,14073.0,-66.7,-70.3,-65.7,61,116,0.02,29,13.4,-6.4964489113009165,-11.719904075667904,66160
2026-04-01 12:54:44,13.1397,-8.9062,154.0,14085.0,-66.9,-70.5,-65.8,61,116,0.02,29,13.6,-6.593410835350184,-11.894828017095781,66160
2026-04-01 12:54:46,13.1395,-8.9064,153.7,14096.0,-66.9,-70.5,-65.9,61,116,0.02,30,13.7,-6.849999999999999,-11.864548031846809,66160
2026-04-01 12:54:48,13.1394,-8.9067,153.4,14108.0,-67.0,-70.6,-66.0,61,116,0.02,30,13.8,-6.8999999999999995,-11.951150572225254,66160
2026-04-01 12:54:50,13.1392,-8.9069,153.1,14120.0,-67.2,-70.8,-66.2,60,115,0.02,30,13.9,-6.949999999999999,-12.0377531126037,66160
2026-04-01 12:54:52,13.1391,-8.9072,152.8,14131.0,-67.3,-71.0,-66.3,60,116,0.02,30,14.0,-6.999999999999999,-12.124355652982143,66160
2026-04-01 12:54:54,13.139,-8.9073,152.5,14142.0,-67.4,-71.0,-66.3,61,117,0.02,30,14.0,-6.999999999999999,-12.124355652982143,66160
2026-04-01 12:54:56,13.1388,-8.9075,152.2,14154.0,-67.5,-71.0,-66.4,61,117,0.02,31,14.1,-7.262036856231763,-12.086058939899784,66160
2026-04-01 12:54:58,13.1386,-8.9077,151.8,14172.0,-67.6,-71.1,-66.4,62,119,0.02,31,14.2,-7.313540663722769,-12.171775669969994,66160
2026-04-01 12:55:00,13.1385,-8.9079,151.5,14183.0,-67.7,-71.1,-66.4,63,120,0.02,32,14.3,-7.57784547853483,-12.127087775036891,66160
2026-04-01 12:55:02,13.1383,-8.9082,151.2,14193.0,-67.8,-71.2,-66.5,63,121,0.02,32,14.3,-7.57784547853483,-12.127087775036891,66160
2026-04-01 12:55:04,13.1383,-8.9085,151.0,14203.0,-67.9,-71.2,-66.6,63,120,0.02,33,14.4,-7.84280210421639,-12.076856178414106,66160
2026-04-01 12:55:06,13.1382,-8.9086,150.7,14214.0,-68.0,-71.3,-66.7,63,121,0.02,33,14.4,-7.84280210421639,-12.076856178414106,66160
2026-04-01 12:55:08,13.138,-8.9087,150.5,14223.0,-68.1,-71.4,-66.7,63,121,0.02,33,14.4,-7.84280210421639,-12.076856178414106,66160
2026-04-01 12:55:10,13.1378,-8.909,150.2,14234.0,-68.2,-71.5,-66.8,63,121,0.02,33,14.4,-7.84280210421639,-12.076856178414106,66160
2026-04-01 12:55:12,13.1376,-8.9093,150.0,14243.0,-68.2,-71.5,-66.8,63,122,0.02,33,14.4,-7.84280210421639,-12.076856178414106,66160
2026-04-01 12:55:14,13.1376,-8.9096,149.8,14252.0,-68.3,-71.6,-67.0,63,121,0.02,33,14.4,-7.84280210421639,-12.076856178414106,66160
2026-04-01 12:55:16,13.1375,-8.9097,149.6,14259.0,-68.3,-71.7,-67.0,63,121,0.02,33,14.5,-7.897266007717893,-12.160723235208648,66160
2026-04-01 12:55:18,13.1373,-8.9099,149.4,14266.0,-68.3,-71.7,-67.0,63,121,0.02,33,14.6,-7.951729911219395,-12.24459029200319,66160
2026-04-01 12:55:20,13.1371,-8.9101,149.2,14275.0,-68.3,-71.6,-67.0,63,122,0.02,33,14.6,-7.951729911219395,-12.24459029200319,66160
2026-04-01 12:55:22,13.137,-8.9104,149.0,14284.0,-68.4,-71.6,-66.9,64,124,0.02,33,14.6,-7.951729911219395,-12.24459029200319,66160
2026-04-01 12:55:24,13.1368,-8.9106,148.8,14292.0,-68.4,-71.6,-66.9,64,125,0.02,33,14.6,-7.951729911219395,-12.24459029200319,66160
2026-04-01 12:55:26,13.1367,-8.9108,148.5,14301.0,-68.6,-71.7,-67.1,64,125,0.02,33,14.6,-7.951729911219395,-12.24459029200319,66160
2026-04-01 12:55:28,13.1365,-8.911,148.3,14311.0,-68.6,-71.7,-67.0,65,125,0.02,33,14.7,-8.006193814720898,-12.328457348797732,66160
2026-04-01 12:55:30,13.1364,-8.9112,148.1,14320.0,-68.6,-71.7,-67.1,65,126,0.02,33,14.8,-8.060657718222402,-12.412324405592276,66160
2026-04-01 12:55:32,13.1362,-8.9115,147.8,14329.0,-68.7,-71.7,-67.1,65,127,0.02,34,14.8,-8.276054971367055,-12.269756073814618,66160
2026-04-01 12:55:34,13.1361,-8.9117,147.6,14339.0,-68.8,-71.8,-67.2,65,127,0.02,34,14.8,-8.276054971367055,-12.269756073814618,66160
2026-04-01 12:55:36,13.1359,-8.912,147.4,14348.0,-68.9,-71.9,-67.2,66,127,0.02,34,14.9,-8.331974261714128,-12.352659831070122,66160
2026-04-01 12:55:38,13.1358,-8.9122,147.2,14357.0,-69.0,-72.0,-67.3,66,129,0.02,35,14.8,-8.488931257995482,-12.12345025547708,66160
2026-04-01 12:55:40,13.1356,-8.9124,147.0,14363.0,-69.1,-72.0,-67.4,66,129,0.02,35,14.8,-8.488931257995482,-12.12345025547708,66160
2026-04-01 12:55:42,13.1354,-8.9126,146.6,14378.0,-69.3,-72.2,-67.5,67,130,0.02,36,14.8,-8.699221733928603,-11.973451516749224,66160
2026-04-01 12:55:44,13.1353,-8.9128,146.4,14389.0,-69.3,-72.3,-67.6,66,129,0.02,36,14.8,-8.699221733928603,-11.973451516749224,66160
2026-04-01 12:55:46,13.1352,-8.9131,146.1,14400.0,-69.4,-72.4,-67.7,66,128,0.02,36,14.8,-8.699221733928603,-11.973451516749224,66160
2026-04-01 12:55:48,13.135,-8.9133,145.8,14413.0,-69.6,-72.8,-68.1,64,126,0.01,36,14.7,-8.640443208699354,-11.892549817311727,66160
2026-04-01 12:55:50,13.1348,-8.9135,145.4,14428.0,-69.8,-72.9,-68.3,64,126,0.01,37,14.7,-8.84668084033511,-11.739941997695205,66160
2026-04-01 12:55:52,13.1346,-8.9137,145.1,14440.0,-69.9,-73.0,-68.4,64,125,0.01,37,14.7,-8.84668084033511,-11.739941997695205,66160
2026-04-01 12:55:54,13.1344,-8.9139,144.8,14452.0,-70.0,-73.3,-68.6,63,124,0.01,37,14.7,-8.84668084033511,-11.739941997695205,66160
2026-04-01 12:55:56,13.1343,-8.9141,144.5,14467.0,-70.2,-73.5,-68.8,63,123,0.01,37,14.6,-8.786499338019905,-11.660078446690475,66160
2026-04-01 12:55:58,13.1341,-8.9143,144.2,14480.0,-70.3,-73.6,-68.9,62,123,0.01,38,14.6,-8.98865753975461,-11.50495700265814,66160
2026-04-01 12:56:00,13.134,-8.9145,143.9,14491.0,-70.4,-73.7,-69.0,62,122,0.01,38,14.6,-8.98865753975461,-11.50495700265814,66160
2026-04-01 12:56:02,13.1338,-8.9147,143.6,14502.0,-70.5,-73.9,-69.2,62,121,0.01,38,14.6,-8.98865753975461,-11.50495700265814,66160
2026-04-01 12:56:04,13.1336,-8.9149,143.3,14514.0,-70.6,-74.0,-69.3,61,121,0.01,38,14.6,-8.98865753975461,-11.50495700265814,66160
2026-04-01 12:56:06,13.1335,-8.9151,143.0,14527.0,-70.7,-74.2,-69.5,61,120,0.01,38,14.6,-8.98865753975461,-11.50495700265814,66160
2026-04-01 12:56:08,13.1334,-8.9153,142.7,14540.0,-70.9,-74.3,-69.7,61,120,0.01,38,14.5,-8.927091392222046,-11.426155927297467,66160
2026-04-01 12:56:10,13.1332,-8.9156,142.4,14552.0,-70.9,-74.4,-69.7,60,120,0.01,38,14.5,-8.927091392222046,-11.426155927297467,66160
2026-04-01 12:56:12,13.1331,-8.9157,142.2,14562.0,-71.0,-74.6,-69.9,60,119,0.01,37,14.6,-8.786499338019905,-11.660078446690475,66160
2026-04-01 12:56:14,13.1329,-8.9159,141.9,14574.0,-71.2,-74.8,-70.1,59,118,0.01,37,14.6,-8.786499338019905,-11.660078446690475,66160
2026-04-01 12:56:16,13.1326,-8.9161,141.6,14585.0,-71.3,-75.0,-70.3,59,117,0.01,37,14.6,-8.786499338019905,-11.660078446690475,66160
2026-04-01 12:56:18,13.1324,-8.9163,141.4,14595.0,-71.4,-75.1,-70.4,58,116,0.01,37,14.7,-8.84668084033511,-11.739941997695205,66160
2026-04-01 12:56:20,13.1323,-8.9165,141.2,14604.0,-71.4,-75.1,-70.4,58,116,0.01,37,14.8,-8.906862342650316,-11.819805548699934,66160
2026-04-01 12:56:22,13.1323,-8.9168,140.9,14613.0,-71.5,-75.2,-70.5,58,116,0.01,37,14.8,-8.906862342650316,-11.819805548699934,66160
2026-04-01 12:56:24,13.1321,-8.9171,140.7,14623.0,-71.7,-75.6,-70.9,57,113,0.01,37,14.9,-8.96704384496552,-11.899669099704663,66160
2026-04-01 12:56:26,13.1319,-8.9173,140.5,14633.0,-71.8,-75.7,-71.0,56,112,0.01,37,14.9,-8.96704384496552,-11.899669099704663,66160
2026-04-01 12:56:28,13.1317,-8.9174,140.3,14642.0,-71.8,-75.8,-71.1,56,111,0.01,38,14.9,-9.173355982352309,-11.741360228740156,66160
2026-04-01 12:56:30,13.1315,-8.9175,140.0,14652.0,-71.9,-76.0,-71.3,55,111,0.01,38,14.9,-9.173355982352309,-11.741360228740156,66160
2026-04-01 12:56:32,13.1314,-8.9178,139.7,14664.0,-72.1,-76.2,-71.5,55,110,0.01,38,14.9,-9.173355982352309,-11.741360228740156,66160
2026-04-01 12:56:34,13.1312,-8.9181,139.4,14676.0,-72.1,-76.2,-71.5,55,110,0.01,38,14.8,-9.111789834819744,-11.662559153379485,66160
2026-04-01 12:56:36,13.1311,-8.9184,139.3,14684.0,-72.2,-76.4,-71.7,54,108,0.01,38,14.8,-9.111789834819744,-11.662559153379485,66160
2026-04-01 12:56:38,13.1309,-8.9185,139.0,14695.0,-72.4,-76.7,-72.0,53,107,0.01,38,14.8,-9.111789834819744,-11.662559153379485,66160
2026-04-01 12:56:40,13.1307,-8.9187,138.8,14704.0,-72.3,-76.6,-71.9,53,107,0.01,38,14.8,-9.111789834819744,-11.662559153379485,66160
2026-04-01 12:56:42,13.1305,-8.9189,138.6,14713.0,-72.5,-76.7,-72.0,53,107,0.01,38,14.8,-9.111789834819744,-11.662559153379485,66160
2026-04-01 12:56:44,13.1304,-8.9191,138.4,14722.0,-72.5,-76.8,-72.0,53,107,0.01,38,14.8,-9.111789834819744,-11.662559153379485,66160
2026-04-01 12:56:46,13.1302,-8.9194,138.1,14732.0,-72.6,-76.8,-72.1,54,108,0.01,39,14.8,-9.313941787537594,-11.50176022956317,66160
2026-04-01 12:56:48,13.1301,-8.9196,137.9,14742.0,-72.7,-76.8,-72.1,54,109,0.01,39,14.8,-9.313941787537594,-11.50176022956317,66160
2026-04-01 12:56:50,13.1299,-8.9198,137.6,14753.0,-72.8,-76.9,-72.2,55,110,0.01,39,14.7,-9.25100974843261,-11.424045633417471,66160
2026-04-01 12:56:52,13.1297,-8.9199,137.4,14763.0,-72.9,-76.9,-72.2,55,111,0.01,39,14.7,-9.25100974843261,-11.424045633417471,66160
2026-04-01 12:56:54,13.1295,-8.9201,137.1,14774.0,-73.1,-77.2,-72.4,55,111,0.01,38,14.7,-9.050223687287177,-11.583758078018812,66160
2026-04-01 12:56:56,13.1294,-8.9203,136.9,14784.0,-73.1,-77.1,-72.4,55,111,0.01,38,14.7,-9.050223687287177,-11.583758078018812,66160
2026-04-01 12:56:58,13.1292,-8.9206,136.7,14795.0,-73.3,-77.2,-72.5,55,112,0.01,37,14.7,-8.84668084033511,-11.739941997695205,66160
2026-04-01 12:57:00,13.1291,-8.9208,136.4,14805.0,-73.3,-77.3,-72.6,56,113,0.01,37,14.6,-8.786499338019905,-11.660078446690475,66160
2026-04-01 12:57:02,13.1289,-8.921,136.2,14815.0,-73.5,-77.4,-72.7,56,113,0.01,37,14.4,-8.666136333389495,-11.500351344681016,66160
2026-04-01 12:57:04,13.1287,-8.9212,136.0,14825.0,-73.5,-77.5,-72.7,56,113,0.01,38,14.2,-8.742392949624348,-11.18975270121545,66160
2026-04-01 12:57:06,13.1285,-8.9213,135.7,14835.0,-73.5,-77.4,-72.7,56,114,0.01,38,13.9,-8.55769450702665,-10.953349475133434,66160
2026-04-01 12:57:08,13.1284,-8.9215,135.5,14846.0,-73.7,-77.6,-72.9,56,113,0.01,39,13.6,-8.558757318277788,-10.569185075814804,66160
2026-04-01 12:57:10,13.1283,-8.9217,135.2,14858.0,-73.8,-77.7,-73.0,56,113,0.01,39,13.2,-8.307029161857853,-10.258326691232016,66160
2026-04-01 12:57:12,13.1282,-8.922,134.9,14872.0,-73.9,-77.9,-73.1,55,113,0.01,40,12.9,-8.291960164956357,-9.881973316234816,66160
2026-04-01 12:57:14,13.128,-8.9223,134.5,14885.0,-74.1,-78.2,-73.5,54,111,0.01,40,12.5,-8.03484512108174,-9.575555538987226,66160
2026-04-01 12:57:16,13.1278,-8.9226,134.4,14892.0,-74.2,-78.4,-73.7,54,109,0.01,41,12.2,-8.003920153684188,-9.207456878717817,66160
2026-04-01 12:57:18,13.1277,-8.9227,134.0,14910.0,-74.2,-78.4,-73.7,53,108,0.01,42,11.9,-7.962654215670414,-8.843423423180992,66160
2026-04-01 12:57:20,13.1276,-8.9227,133.7,14920.0,-74.1,-78.4,-73.7,52,107,0.01,42,11.6,-7.761915033762755,-8.620479975537773,66160
2026-04-01 12:57:22,13.1274,-8.9228,133.6,14927.0,-74.2,-78.7,-73.9,51,105,0.01,43,11.3,-7.706581468706233,-8.264296828296628,66160
2026-04-01 12:57:24,13.1273,-8.9229,133.4,14936.0,-74.1,-78.6,-73.8,51,104,0.01,43,11.1,-7.570181796693733,-8.118026087972792,66160
2026-04-01 12:57:26,13.1271,-8.9231,133.2,14946.0,-73.9,-78.5,-73.7,51,103,0.01,44,10.9,-7.57177623800307,-7.8408038236912985,66160
2026-04-01 12:57:28,13.127,-8.9232,133.0,14954.0,-73.7,-78.4,-73.6,50,102,0.01,45,10.6,-7.495331880577403,-7.495331880577404,66160
2026-04-01 12:57:30,13.1269,-8.9234,132.7,14965.0,-73.9,-78.5,-73.7,50,102,0.01,46,10.3,-7.409199943488106,-7.154981215727672,66160
2026-04-01 12:57:32,13.1268,-8.9234,132.5,14976.0,-74.0,-78.5,-73.8,51,103,0.01,48,10.0,-7.431448254773942,-6.691306063588582,66160
2026-04-01 12:57:34,13.1266,-8.9235,132.2,14988.0,-74.1,-78.7,-74.0,50,102,0.01,49,9.7,-7.320682928160888,-6.36377258120792,66160
2026-04-01 12:57:36,13.1265,-8.9235,132.0,14998.0,-74.2,-78.9,-74.1,49,101,0.01,51,9.4,-7.3051720376955265,-5.915611675868472,66160
2026-04-01 12:57:38,13.1263,-8.9237,131.7,15010.0,-74.2,-78.8,-74.1,49,101,0.01,53,9.2,-7.347446692435094,-5.536698212998844,66160
2026-04-01 12:57:40,13.1262,-8.9238,131.5,15021.0,-74.2,-78.9,-74.2,49,99,0.01,55,9.0,-7.372368398600926,-5.162187927159414,66160
2026-04-01 12:57:42,13.1261,-8.924,131.2,15031.0,-74.3,-79.2,-74.5,48,98,0.01,56,8.8,-7.295530638484368,-4.9208975505425725,66160
2026-04-01 12:57:44,13.1259,-8.924,131.0,15041.0,-74.3,-79.3,-74.5,48,97,0.01,57,8.6,-7.212566884330647,-4.683895701129233,66160
2026-04-01 12:57:46,13.1258,-8.9241,130.8,15049.0,-74.3,-79.2,-74.5,48,97,0.01,57,8.5,-7.128699827536105,-4.62943179762773,66160
2026-04-01 12:57:48,13.1257,-8.9241,130.6,15059.0,-74.3,-79.2,-74.5,48,97,0.01,58,8.4,-7.123604007713978,-4.451321819558921,66160
2026-04-01 12:57:50,13.1256,-8.9242,130.3,15070.0,-74.6,-79.6,-74.8,47,96,0.01,59,8.3,-7.114488595827533,-4.27481602175345,66160
2026-04-01 12:57:52,13.1255,-8.9243,130.1,15081.0,-74.4,-79.4,-74.7,47,96,0.01,61,8.2,-7.171881598543044,-3.975438886019964,66160
2026-04-01 12:57:54,13.1254,-8.9244,129.9,15092.0,-74.5,-79.5,-74.8,46,95,0.01,62,8.2,-7.2401702614431995,-3.8496668148443045,66160
2026-04-01 12:57:56,13.1252,-8.9245,129.6,15102.0,-74.9,-80.0,-75.3,46,94,0.01,65,8.1,-7.341093074996865,-3.4232079200996655,66160
2026-04-01 12:57:58,13.125,-8.9244,129.4,15115.0,-74.9,-80.1,-75.4,45,92,0.01,67,8.0,-7.364038827619523,-3.1258490279141897,66160
2026-04-01 12:58:00,13.1249,-8.9244,129.1,15127.0,-75.1,-80.4,-75.7,44,91,0.01,70,8.0,-7.5175409662872665,-2.7361611466053506,66160
2026-04-01 12:58:02,13.1248,-8.9245,128.8,15142.0,-74.9,-80.3,-75.6,44,91,0.01,72,8.0,-7.608452130361228,-2.4721359549995796,66160
2026-04-01 12:58:04,13.1247,-8.9247,128.5,15154.0,-74.9,-80.5,-75.7,43,88,0.01,74,8.0,-7.690093567506551,-2.2050988465359933,66160
2026-04-01 12:58:06,13.1245,-8.9247,128.2,15169.0,-75.1,-81.0,-76.2,41,84,0.0,76,8.1,-7.859395382835571,-1.959567354357308,66160
2026-04-01 12:58:08,13.1244,-8.9246,127.9,15181.0,-75.1,-81.2,-76.4,40,82,0.0,78,8.2,-8.020810326017205,-1.7048758647056275,66160
2026-04-01 12:58:10,13.1242,-8.9246,127.7,15190.0,-75.2,-81.4,-76.7,39,80,0.0,80,8.2,-8.075423574700105,-1.4239150568688292,66160
2026-04-01 12:58:12,13.1241,-8.9246,127.5,15200.0,-75.3,-81.5,-76.7,39,79,0.0,81,8.2,-8.09904439288013,-1.2827626133298935,66160
2026-04-01 12:58:14,13.124,-8.9247,127.2,15211.0,-75.1,-81.3,-76.6,39,80,0.0,81,8.2,-8.09904439288013,-1.2827626133298935,66160
2026-04-01 12:58:16,13.1238,-8.9247,127.0,15219.0,-75.2,-81.6,-76.8,38,78,0.0,81,8.2,-8.09904439288013,-1.2827626133298935,66160
2026-04-01 12:58:18,13.1236,-8.9247,126.8,15229.0,-75.4,-81.8,-77.0,37,77,0.0,82,8.3,-8.219224970555034,-1.1551367379685435,66160
2026-04-01 12:58:20,13.1234,-8.9247,126.6,15238.0,-75.4,-81.9,-77.1,37,76,0.0,82,8.4,-8.318251777429191,-1.16905404806455,66160
2026-04-01 12:58:22,13.1232,-8.9247,126.4,15249.0,-75.5,-82.0,-77.2,37,76,0.0,83,8.4,-8.337387673787106,-1.023702484603239,66160
2026-04-01 12:58:24,13.1231,-8.9247,126.2,15258.0,-75.4,-81.8,-77.1,37,77,0.0,83,8.5,-8.436642288951237,-1.0358894189437537,66160
2026-04-01 12:58:26,13.123,-8.9248,126.0,15266.0,-75.2,-81.6,-76.9,37,77,0.0,84,8.6,-8.55288830016715,-0.8989447841018197,66160
2026-04-01 12:58:28,13.1228,-8.9248,125.9,15271.0,-75.4,-81.6,-76.9,39,80,0.0,84,8.6,-8.55288830016715,-0.8989447841018197,66160
2026-04-01 12:58:30,13.1227,-8.9248,125.6,15284.0,-75.5,-81.5,-76.8,39,81,0.0,84,8.7,-8.652340489703978,-0.909397630428585,66160
2026-04-01 12:58:32,13.1225,-8.9248,125.4,15294.0,-75.6,-81.6,-76.8,40,83,0.0,84,8.7,-8.652340489703978,-0.909397630428585,66160
2026-04-01 12:58:34,13.1223,-8.9248,125.2,15303.0,-75.6,-81.4,-76.6,41,86,0.0,84,8.7,-8.652340489703978,-0.909397630428585,66160
2026-04-01 12:58:36,13.1222,-8.9249,125.0,15311.0,-75.8,-81.4,-76.7,42,87,0.0,84,8.7,-8.652340489703978,-0.909397630428585,66160
2026-04-01 12:58:38,13.1221,-8.9249,124.8,15321.0,-75.8,-81.4,-76.6,42,88,0.0,83,8.7,-8.6351515192795,-1.060263287624783,66160
2026-04-01 12:58:40,13.1219,-8.9249,124.6,15330.0,-75.9,-81.5,-76.8,42,88,0.0,83,8.7,-8.6351515192795,-1.060263287624783,66160
2026-04-01 12:58:42,13.1217,-8.9249,124.4,15340.0,-76.1,-81.7,-76.9,43,88,0.0,83,8.7,-8.6351515192795,-1.060263287624783,66160
2026-04-01 12:58:44,13.1215,-8.9249,124.2,15349.0,-76.2,-81.7,-76.9,43,89,0.0,83,8.7,-8.6351515192795,-1.060263287624783,66160
2026-04-01 12:58:46,13.1214,-8.925,124.0,15359.0,-76.2,-81.6,-76.9,44,90,0.0,83,8.6,-8.535896904115368,-1.0480763532842683,66160
2026-04-01 12:58:48,13.1212,-8.925,123.8,15368.0,-76.3,-81.8,-77.0,43,90,0.0,83,8.7,-8.6351515192795,-1.060263287624783,66160
2026-04-01 12:58:50,13.1211,-8.925,123.6,15377.0,-76.4,-81.8,-77.0,44,91,0.0,83,8.8,-8.734406134443635,-1.072450221965298,66160
2026-04-01 12:58:52,13.1209,-8.925,123.4,15386.0,-76.5,-81.8,-77.0,44,92,0.0,83,8.8,-8.734406134443635,-1.072450221965298,66160
2026-04-01 12:58:54,13.1208,-8.925,123.2,15396.0,-76.6,-81.9,-77.1,44,92,0.0,83,8.9,-8.833660749607766,-1.0846371563058128,66160
2026-04-01 12:58:56,13.1206,-8.925,123.0,15406.0,-76.7,-82.0,-77.3,44,91,0.0,83,9.0,-8.932915364771898,-1.0968240906463274,66160
2026-04-01 12:58:58,13.1205,-8.9251,122.8,15417.0,-76.7,-82.0,-77.2,44,92,0.0,84,9.0,-8.950697058314459,-0.9407561694088811,66160
2026-04-01 12:59:00,13.1203,-8.9251,122.5,15428.0,-76.9,-82.3,-77.5,43,91,0.0,84,9.0,-8.950697058314459,-0.9407561694088811,66160
2026-04-01 12:59:02,13.1201,-8.9251,122.3,15439.0,-77.1,-82.5,-77.7,43,90,0.0,84,9.1,-9.050149247851287,-0.9512090157356464,66160
2026-04-01 12:59:04,13.1199,-8.9251,122.1,15450.0,-77.2,-82.7,-77.9,42,89,0.0,85,9.1,-9.065371752634885,-0.793117259003689,66160
2026-04-01 12:59:06,13.1198,-8.9251,121.8,15461.0,-77.3,-82.8,-78.1,42,88,0.0,85,9.2,-9.164991222444058,-0.8018328332784548,66160
2026-04-01 12:59:08,13.1196,-8.9251,121.6,15472.0,-77.2,-82.7,-78.0,42,89,0.0,85,9.4,-9.364230162062409,-0.8192639818279865,66160
2026-04-01 12:59:10,13.1195,-8.9252,121.4,15483.0,-77.3,-82.9,-78.1,42,89,0.0,85,9.5,-9.463849631871582,-0.8279795561027523,66160
2026-04-01 12:59:12,13.1193,-8.9252,121.1,15495.0,-77.6,-83.2,-78.4,42,88,0.0,85,9.6,-9.563469101680758,-0.8366951303775181,66160
2026-04-01 12:59:14,13.1191,-8.9252,120.8,15508.0,-77.8,-83.4,-78.6,42,87,0.0,86,9.8,-9.776127692546277,-0.6836134426924273,66160
2026-04-01 12:59:16,13.1189,-8.9251,120.6,15520.0,-78.1,-83.8,-79.1,40,85,0.0,86,10.0,-9.975640502598242,-0.6975647374412524,66160
2026-04-01 12:59:18,13.1188,-8.9252,120.3,15533.0,-78.3,-84.0,-79.3,40,85,0.0,86,10.1,-10.075396907624224,-0.7045403848156648,66160
2026-04-01 12:59:20,13.1186,-8.9252,120.0,15546.0,-78.3,-83.9,-79.2,41,86,0.0,86,10.3,-10.27490971767619,-0.71849167956449,66160
2026-04-01 12:59:22,13.1184,-8.9253,119.8,15559.0,-78.1,-83.9,-79.2,40,85,0.0,87,10.4,-10.385747161447568,-0.5442939449266173,66160
2026-04-01 12:59:24,13.1181,-8.9253,119.5,15573.0,-78.3,-84.1,-79.3,40,85,0.0,87,10.6,-10.585473068398482,-0.5547611361752061,66160
2026-04-01 12:59:26,13.1179,-8.9252,119.2,15586.0,-78.5,-84.3,-79.5,40,84,0.0,87,10.6,-10.585473068398482,-0.5547611361752061,66160
2026-04-01 12:59:28,13.1178,-8.9252,118.9,15599.0,-78.5,-84.3,-79.5,40,85,0.0,87,10.7,-10.685336021873939,-0.5599947317995004,66160
2026-04-01 12:59:30,13.1176,-8.9253,118.7,15611.0,-78.5,-84.4,-79.6,40,84,0.0,86,10.8,-10.773691742806102,-0.7533699164365526,66160
2026-04-01 12:59:32,13.1173,-8.9253,118.4,15624.0,-78.8,-84.7,-79.9,39,83,0.0,86,10.9,-10.873448147832084,-0.7603455638109651,66160
2026-04-01 12:59:34,13.1171,-8.9253,118.1,15636.0,-78.9,-84.8,-80.1,39,82,0.0,86,11.1,-11.072960957884048,-0.77429685855979,66160
2026-04-01 12:59:36,13.1169,-8.9253,117.9,15649.0,-78.9,-84.9,-80.1,39,82,0.0,85,11.1,-11.057761148818376,-0.9674287444990053,66160
2026-04-01 12:59:38,13.1167,-8.9253,117.6,15662.0,-79.0,-84.9,-80.1,39,83,0.0,85,11.2,-11.157380618627549,-0.9761443187737711,66160
2026-04-01 12:59:40,13.1165,-8.9253,117.3,15676.0,-79.1,-85.1,-80.3,38,82,0.0,85,11.1,-11.057761148818376,-0.9674287444990053,66160
2026-04-01 12:59:42,13.1163,-8.9253,117.0,15690.0,-79.3,-85.2,-80.4,39,82,0.0,84,11.1,-11.039193038587833,-1.1602659422709534,66160
2026-04-01 12:59:44,13.1161,-8.9254,116.8,15700.0,-79.3,-85.2,-80.4,39,82,0.0,83,11.0,-10.918007668054543,-1.3405627774566224,66160
2026-04-01 12:59:46,13.1159,-8.9254,116.5,15716.0,-79.4,-85.5,-80.7,38,81,0.0,83,10.9,-10.81875305289041,-1.3283758431161077,66160
2026-04-01 12:59:48,13.1157,-8.9254,116.2,15729.0,-79.5,-85.6,-80.8,37,80,0.0,82,10.9,-10.793921949283117,-1.5169868004647136,66160
2026-04-01 12:59:50,13.1155,-8.9254,116.1,15738.0,-79.5,-85.7,-81.0,37,79,0.0,82,10.8,-10.69489514240896,-1.5030694903687072,66160
2026-04-01 12:59:52,13.1153,-8.9255,115.8,15748.0,-79.6,-85.8,-81.0,37,79,0.0,82,10.7,-10.595868335534803,-1.4891521802727004,66160
2026-04-01 12:59:54,13.1151,-8.9255,115.6,15759.0,-79.7,-85.9,-81.1,37,79,0.0,82,10.6,-10.496841528660646,-1.475234870176694,66160
2026-04-01 12:59:56,13.1149,-8.9256,115.4,15770.0,-79.8,-86.1,-81.3,36,78,0.0,81,10.5,-10.370727576248946,-1.6425618829224247,66160
2026-04-01 12:59:58,13.1147,-8.9256,115.2,15780.0,-80.0,-86.3,-81.5,36,77,0.0,80,10.4,-10.242000631326963,-1.8059410477360764,66160
2026-04-01 13:00:00,13.1146,-8.9256,115.0,15791.0,-80.1,-86.4,-81.7,36,77,0.0,80,10.3,-10.143519856025744,-1.7885762299693835,66160
2026-04-01 13:00:02,13.1144,-8.9256,114.8,15799.0,-80.2,-86.6,-81.8,35,76,0.0,80,10.2,-10.045039080724521,-1.77121141220269,66160
2026-04-01 13:00:04,13.1142,-8.9257,114.6,15809.0,-80.3,-86.7,-82.0,35,76,0.0,80,10.1,-9.9465583054233,-1.753846594435997,66160
2026-04-01 13:00:06,13.114,-8.9258,114.4,15817.0,-80.3,-86.7,-81.9,35,76,0.0,80,10.0,-9.84807753012208,-1.7364817766693041,66160
2026-04-01 13:00:08,13.1138,-8.9258,114.2,15828.0,-80.4,-86.8,-82.1,35,76,0.0,80,9.8,-9.65111597951964,-1.7017521411359182,66160
2026-04-01 13:00:10,13.1136,-8.9258,113.9,15842.0,-80.6,-86.9,-82.2,35,76,0.0,80,9.7,-9.552635204218417,-1.6843873233692248,66160
2026-04-01 13:00:12,13.1135,-8.9257,113.7,15854.0,-80.7,-87.1,-82.3,35,76,0.0,80,9.5,-9.355673653615977,-1.6496576878358389,66160
2026-04-01 13:00:14,13.1133,-8.9258,113.4,15867.0,-80.8,-87.3,-82.5,35,75,0.0,80,9.4,-9.257192878314756,-1.632292870069146,66160
2026-04-01 13:00:16,13.1131,-8.9259,113.2,15877.0,-80.7,-87.2,-82.5,34,74,0.0,80,9.3,-9.158712103013535,-1.614928052302453,66160
2026-04-01 13:00:18,13.113,-8.926,113.0,15890.0,-80.9,-87.5,-82.7,34,74,0.0,79,9.2,-9.030970087718508,-1.755442757464213,66160
2026-04-01 13:00:20,13.1129,-8.926,112.7,15903.0,-81.0,-87.6,-82.8,34,73,0.0,79,9.1,-8.932807369373743,-1.7363618579265587,66160
2026-04-01 13:00:22,13.1127,-8.9259,112.5,15913.0,-81.1,-87.7,-83.0,33,72,0.0,79,9.1,-8.932807369373743,-1.7363618579265587,66160
2026-04-01 13:00:24,13.1126,-8.9259,112.2,15926.0,-81.3,-88.0,-83.2,33,72,0.0,78,9.0,-8.80332840660425,-1.871205217359835,66160
2026-04-01 13:00:26,13.1124,-8.926,112.0,15937.0,-81.3,-88.0,-83.3,33,72,0.0,77,9.0,-8.769330583067116,-2.0245594890947842,66160
2026-04-01 13:00:28,13.1122,-8.926,111.7,15951.0,-81.3,-88.0,-83.3,33,72,0.0,76,9.0,-8.732661536483969,-2.177297060397009,66160
2026-04-01 13:00:30,13.112,-8.9261,111.6,15958.0,-81.3,-88.0,-83.2,33,72,0.0,76,9.0,-8.732661536483969,-2.177297060397009,66160
2026-04-01 13:00:32,13.1119,-8.9261,111.4,15967.0,-81.4,-88.0,-83.2,34,73,0.0,76,9.0,-8.732661536483969,-2.177297060397009,66160
2026-04-01 13:00:34,13.1118,-8.9261,111.2,15976.0,-81.4,-87.7,-82.9,36,78,0.0,77,9.0,-8.769330583067116,-2.0245594890947842,66160
2026-04-01 13:00:36,13.1116,-8.9261,110.9,15992.0,-81.6,-87.9,-83.1,36,78,0.0,77,9.1,-8.86676758954564,-2.0470545945291705,66160
2026-04-01 13:00:38,13.1114,-8.9262,110.6,16006.0,-81.7,-88.1,-83.4,34,75,0.0,78,9.1,-8.901143166677631,-1.891996386441611,66160
2026-04-01 13:00:40,13.1113,-8.9264,110.4,16018.0,-81.8,-88.3,-83.5,34,75,0.0,78,9.2,-8.998957926751011,-1.9127875555233869,66160
2026-04-01 13:00:42,13.1111,-8.9264,110.2,16030.0,-82.0,-88.5,-83.7,34,75,0.0,77,9.2,-8.964204596024164,-2.069549699963557,66160
2026-04-01 13:00:44,13.111,-8.9264,110.0,16041.0,-82.1,-88.6,-83.8,34,74,0.0,77,9.3,-9.06164160250269,-2.092044805397944,66160
2026-04-01 13:00:46,13.1108,-8.9265,109.8,16051.0,-82.0,-88.4,-83.6,35,75,0.0,77,9.3,-9.06164160250269,-2.092044805397944,66160
2026-04-01 13:00:48,13.1106,-8.9265,109.5,16062.0,-82.2,-88.5,-83.7,35,77,0.0,77,9.3,-9.06164160250269,-2.092044805397944,66160
2026-04-01 13:00:50,13.1104,-8.9265,109.4,16071.0,-82.1,-88.4,-83.6,36,78,0.0,77,9.3,-9.06164160250269,-2.092044805397944,66160
2026-04-01 13:00:52,13.1103,-8.9265,109.2,16081.0,-82.2,-88.3,-83.6,36,79,0.0,77,9.4,-9.159078608981211,-2.11453991083233,66160
2026-04-01 13:00:54,13.1101,-8.9266,109.0,16091.0,-82.2,-88.2,-83.5,37,80,0.0,77,9.4,-9.159078608981211,-2.11453991083233,66160
2026-04-01 13:00:56,13.11,-8.9266,108.8,16100.0,-82.2,-88.2,-83.5,37,81,0.0,77,9.4,-9.159078608981211,-2.11453991083233,66160
2026-04-01 13:00:58,13.1097,-8.9266,108.6,16109.0,-82.3,-88.2,-83.4,37,82,0.0,78,9.4,-9.194587446897772,-1.954369893686939,66160
2026-04-01 13:01:00,13.1096,-8.9266,108.5,16117.0,-82.4,-88.3,-83.5,37,82,0.0,78,9.4,-9.194587446897772,-1.954369893686939,66160
2026-04-01 13:01:02,13.1095,-8.9266,108.3,16126.0,-82.3,-88.2,-83.4,38,83,0.0,79,9.4,-9.227295524408042,-1.7936045565395222,66160
2026-04-01 13:01:04,13.1093,-8.9267,108.1,16134.0,-82.5,-88.4,-83.7,37,82,0.0,80,9.4,-9.257192878314756,-1.632292870069146,66160
2026-04-01 13:01:06,13.1091,-8.9268,108.0,16143.0,-82.7,-88.6,-83.9,37,82,0.0,80,9.4,-9.257192878314756,-1.632292870069146,66160
2026-04-01 13:01:08,13.1089,-8.9268,107.8,16151.0,-82.6,-88.6,-83.8,37,82,0.0,80,9.4,-9.257192878314756,-1.632292870069146,66160
2026-04-01 13:01:10,13.1087,-8.9268,107.6,16160.0,-82.7,-88.6,-83.9,37,82,0.0,81,9.4,-9.284270401594295,-1.4704839713781708,66160
2026-04-01 13:01:12,13.1086,-8.9268,107.5,16169.0,-82.6,-88.6,-83.8,37,82,0.0,81,9.3,-9.185501567534782,-1.4548405248741476,66160
2026-04-01 13:01:14,13.1084,-8.9269,107.3,16177.0,-82.7,-88.6,-83.8,38,83,0.0,80,9.3,-9.158712103013535,-1.614928052302453,66160
2026-04-01 13:01:16,13.1083,-8.9269,107.2,16185.0,-82.7,-88.6,-83.8,38,83,0.0,80,9.3,-9.158712103013535,-1.614928052302453,66160
2026-04-01 13:01:18,13.1081,-8.927,107.0,16194.0,-82.9,-88.8,-84.0,38,83,0.0,80,9.3,-9.158712103013535,-1.614928052302453,66160
2026-04-01 13:01:20,13.1079,-8.927,106.8,16203.0,-82.8,-88.6,-83.9,38,84,0.0,80,9.3,-9.158712103013535,-1.614928052302453,66160
2026-04-01 13:01:22,13.1078,-8.927,106.6,16212.0,-82.8,-88.5,-83.8,39,85,0.0,79,9.3,-9.129132806063275,-1.7745236570018679,66160
2026-04-01 13:01:24,13.1076,-8.927,106.5,16221.0,-82.7,-88.4,-83.7,39,86,0.0,79,9.3,-9.129132806063275,-1.7745236570018679,66160
2026-04-01 13:01:26,13.1074,-8.927,106.3,16230.0,-82.7,-88.4,-83.6,39,85,0.0,79,9.3,-9.129132806063275,-1.7745236570018679,66160
2026-04-01 13:01:28,13.1073,-8.9271,106.1,16238.0,-82.7,-88.4,-83.6,39,86,0.0,78,9.3,-9.096772686824393,-1.933578724605163,66160
2026-04-01 13:01:30,13.1071,-8.9271,106.0,16247.0,-82.7,-88.4,-83.6,39,86,0.0,78,9.2,-8.998957926751011,-1.9127875555233869,66160
2026-04-01 13:01:32,13.107,-8.9271,105.8,16256.0,-82.8,-88.4,-83.7,39,86,0.0,78,9.2,-8.998957926751011,-1.9127875555233869,66160
2026-04-01 13:01:34,13.1068,-8.9271,105.6,16265.0,-82.8,-88.4,-83.7,39,86,0.0,78,9.2,-8.998957926751011,-1.9127875555233869,66160
2026-04-01 13:01:36,13.1066,-8.9272,105.5,16274.0,-82.8,-88.5,-83.7,39,86,0.0,78,9.1,-8.901143166677631,-1.891996386441611,66160
2026-04-01 13:01:38,13.1064,-8.9272,105.3,16284.0,-82.9,-88.5,-83.8,39,86,0.0,77,9.1,-8.86676758954564,-2.0470545945291705,66160
2026-04-01 13:01:40,13.1063,-8.9273,105.1,16292.0,-82.9,-88.5,-83.8,39,87,0.0,77,9.1,-8.86676758954564,-2.0470545945291705,66160
2026-04-01 13:01:42,13.1061,-8.9273,104.9,16302.0,-82.9,-88.5,-83.7,39,87,0.0,77,9.1,-8.86676758954564,-2.0470545945291705,66160
2026-04-01 13:01:44,13.106,-8.9273,104.8,16311.0,-83.0,-88.6,-83.8,39,87,0.0,77,9.1,-8.86676758954564,-2.0470545945291705,66160
2026-04-01 13:01:46,13.1058,-8.9274,104.6,16320.0,-83.0,-88.6,-83.9,39,87,0.0,77,9.1,-8.86676758954564,-2.0470545945291705,66160
2026-04-01 13:01:48,13.1056,-8.9275,104.4,16329.0,-83.1,-88.6,-83.8,40,88,0.0,77,9.2,-8.964204596024164,-2.069549699963557,66160
2026-04-01 13:01:50,13.1055,-8.9275,104.3,16338.0,-83.1,-88.6,-83.8,40,89,0.0,77,9.2,-8.964204596024164,-2.069549699963557,66160
2026-04-01 13:01:52,13.1053,-8.9276,104.1,16346.0,-83.1,-88.5,-83.7,40,89,0.0,77,9.4,-9.159078608981211,-2.11453991083233,66160
2026-04-01 13:01:54,13.1052,-8.9276,103.9,16355.0,-83.2,-88.6,-83.9,40,90,0.0,77,9.6,-9.353952621938259,-2.159530121701103,66160
2026-04-01 13:01:56,13.105,-8.9276,103.8,16364.0,-83.2,-88.6,-83.8,41,90,0.0,77,9.7,-9.45138962841678,-2.1820252271354894,66160
2026-04-01 13:01:58,13.1048,-8.9277,103.6,16372.0,-83.3,-88.7,-84.0,41,90,0.0,77,9.9,-9.64626364137383,-2.227015438004263,66160
2026-04-01 13:02:00,13.1047,-8.9277,103.5,16380.0,-83.4,-88.8,-84.0,41,90,0.0,78,10.1,-9.879290767411437,-2.0999080772593706,66160
2026-04-01 13:02:02,13.1045,-8.9278,103.3,16389.0,-83.3,-88.7,-83.9,41,90,0.0,78,10.3,-10.074920287558198,-2.1414904154229224,66160
2026-04-01 13:02:04,13.1044,-8.9278,103.1,16398.0,-83.4,-88.8,-84.1,40,89,0.0,78,10.5,-10.270549807704958,-2.1830727535864742,66160
2026-04-01 13:02:06,13.1042,-8.9279,103.0,16407.0,-83.5,-89.0,-84.3,39,87,0.0,78,10.7,-10.46617932785172,-2.224655091750026,66160
2026-04-01 13:02:08,13.104,-8.9278,102.8,16417.0,-83.4,-89.0,-84.3,39,86,0.0,79,10.8,-10.601573581234772,-2.0607371500666853,66160
2026-04-01 13:02:10,13.1038,-8.9278,102.6,16426.0,-83.5,-89.2,-84.5,38,84,0.0,79,11.1,-10.89606173626907,-2.1179798486796484,66160
2026-04-01 13:02:12,13.1036,-8.9278,102.5,16434.0,-83.5,-89.1,-84.4,39,86,0.0,79,11.3,-11.092387172958604,-2.1561416477549575,66160
2026-04-01 13:02:14,13.1034,-8.9279,102.3,16442.0,-83.4,-89.0,-84.3,39,86,0.0,80,11.5,-11.325289159640393,-1.9969540431696997,66160
2026-04-01 13:02:16,13.1032,-8.928,102.1,16453.0,-83.3,-89.0,-84.2,39,86,0.0,80,11.7,-11.522250710242833,-2.031683678703086,66160
2026-04-01 13:02:18,13.1029,-8.928,102.0,16462.0,-83.3,-89.0,-84.3,38,84,0.0,80,12.0,-11.817693036146496,-2.083778132003165,66160
2026-04-01 13:02:20,13.1026,-8.9281,101.8,16470.0,-83.5,-89.3,-84.6,37,83,0.0,80,12.2,-12.014654586748938,-2.118507767536551,66160
2026-04-01 13:02:22,13.1024,-8.9281,101.7,16477.0,-83.4,-89.3,-84.5,37,82,0.0,80,12.5,-12.3100969126526,-2.17060222083663,66160
2026-04-01 13:02:24,13.1022,-8.9281,101.5,16486.0,-83.3,-89.2,-84.5,37,82,0.0,80,12.8,-12.605539238556263,-2.2226966741367096,66160
2026-04-01 13:02:26,13.102,-8.9282,101.4,16495.0,-83.2,-89.2,-84.4,37,81,0.0,80,13.1,-12.900981564459924,-2.2747911274367882,66160
2026-04-01 13:02:28,13.1017,-8.9282,101.2,16505.0,-83.1,-89.1,-84.4,37,81,0.0,80,13.4,-13.196423890363588,-2.326885580736868,66160
2026-04-01 13:02:30,13.1015,-8.9283,101.0,16513.0,-83.2,-89.1,-84.4,37,81,0.0,80,13.8,-13.590346991568472,-2.3963448518036397,66160
2026-04-01 13:02:32,13.1012,-8.9283,100.8,16523.0,-83.2,-89.2,-84.4,37,81,0.0,80,14.0,-13.787308542170912,-2.4310744873370256,66160
2026-04-01 13:02:34,13.101,-8.9283,100.7,16533.0,-83.3,-89.2,-84.5,37,82,0.0,79,14.3,-14.037268723301596,-2.7285686338845925,66160
2026-04-01 13:02:36,13.1007,-8.9284,100.5,16542.0,-83.2,-89.1,-84.3,37,83,0.0,79,14.6,-14.331756878335893,-2.7858113324975555,66160
2026-04-01 13:02:38,13.1005,-8.9284,100.3,16551.0,-83.2,-89.2,-84.4,37,82,0.0,78,14.8,-14.476584490860324,-3.0770930241028402,66160
2026-04-01 13:02:40,13.1002,-8.9285,100.2,16560.0,-83.4,-89.2,-84.5,38,83,0.0,78,15.0,-14.672214011007084,-3.1186753622663916,66160
2026-04-01 13:02:42,13.0999,-8.9286,100.0,16570.0,-83.5,-89.3,-84.5,38,84,0.0,78,15.3,-14.965658291227227,-3.1810488695117196,66160
2026-04-01 13:02:44,13.0996,-8.9286,99.8,16580.0,-83.6,-89.3,-84.5,38,84,0.0,77,15.5,-15.102736004171147,-3.486741342329906,66160
2026-04-01 13:02:46,13.0993,-8.9287,99.6,16589.0,-83.6,-89.3,-84.6,38,85,0.0,77,15.7,-15.297610017128193,-3.531731553198679,66160
2026-04-01 13:02:48,13.0991,-8.9287,99.5,16597.0,-83.6,-89.3,-84.6,38,85,0.0,77,15.9,-15.49248403008524,-3.5767217640674525,66160
2026-04-01 13:02:50,13.0988,-8.9288,99.4,16605.0,-83.6,-89.3,-84.5,38,85,0.0,77,16.0,-15.589921036563764,-3.5992168695018387,66160
2026-04-01 13:02:52,13.0985,-8.9289,99.2,16614.0,-83.6,-89.2,-84.5,39,86,0.0,76,16.1,-15.621761193043545,-3.89494251915465,66160
2026-04-01 13:02:54,13.0982,-8.9289,99.0,16623.0,-83.7,-89.4,-84.6,38,85,0.0,76,16.1,-15.621761193043545,-3.89494251915465,66160
2026-04-01 13:02:56,13.0979,-8.929,98.9,16632.0,-83.8,-89.5,-84.7,38,85,0.0,76,16.1,-15.621761193043545,-3.89494251915465,66160
2026-04-01 13:02:58,13.0976,-8.9291,98.7,16642.0,-83.7,-89.4,-84.7,38,85,0.0,76,16.1,-15.621761193043545,-3.89494251915465,66160
2026-04-01 13:03:00,13.0973,-8.9292,98.6,16651.0,-83.7,-89.4,-84.6,38,85,0.0,76,16.1,-15.621761193043545,-3.89494251915465,66160
2026-04-01 13:03:02,13.097,-8.9293,98.4,16659.0,-83.8,-89.7,-84.9,37,83,0.0,76,16.1,-15.621761193043545,-3.89494251915465,66160
2026-04-01 13:03:04,13.0967,-8.9294,98.2,16668.0,-84.1,-90.0,-85.2,37,82,0.0,76,16.1,-15.621761193043545,-3.89494251915465,66160
2026-04-01 13:03:06,13.0964,-8.9295,98.1,16676.0,-83.9,-89.8,-85.1,37,82,0.0,76,16.0,-15.524731620415944,-3.870750329594683,66160
2026-04-01 13:03:08,13.096,-8.9295,98.0,16684.0,-84.0,-89.9,-85.2,37,82,0.0,76,15.9,-15.427702047788344,-3.846558140034716,66160
2026-04-01 13:03:10,13.0957,-8.9296,97.8,16692.0,-84.0,-89.9,-85.2,37,82,0.0,76,15.8,-15.330672475160744,-3.8223659504747496,66160
2026-04-01 13:03:12,13.0954,-8.9297,97.7,16701.0,-84.1,-90.0,-85.3,37,81,0.0,77,15.7,-15.297610017128193,-3.531731553198679,66160
2026-04-01 13:03:14,13.0952,-8.9298,97.6,16705.0,-84.2,-90.1,-85.3,37,82,0.0,77,15.6,-15.200173010649669,-3.5092364477642928,66160
2026-04-01 13:03:16,13.0949,-8.9299,97.4,16718.0,-84.0,-89.9,-85.2,37,81,0.0,77,15.5,-15.102736004171147,-3.486741342329906,66160
2026-04-01 13:03:18,13.0947,-8.9299,97.2,16726.0,-84.1,-90.2,-85.4,36,80,0.0,77,15.4,-15.005298997692623,-3.46424623689552,66160
2026-04-01 13:03:20,13.0945,-8.93,97.1,16734.0,-84.0,-90.2,-85.4,35,78,0.0,78,15.3,-14.965658291227227,-3.1810488695117196,66160
2026-04-01 13:03:22,13.0942,-8.93,96.9,16744.0,-84.1,-90.4,-85.6,34,77,0.0,78,15.1,-14.770028771080463,-3.1394665313481678,66160
2026-04-01 13:03:24,13.0939,-8.9301,96.8,16751.0,-84.1,-90.3,-85.6,35,77,0.0,79,15.0,-14.72440775171496,-2.862134930648174,66160
2026-04-01 13:03:26,13.0937,-8.9301,96.6,16759.0,-83.7,-90.0,-85.2,35,78,0.0,79,14.8,-14.528082315025427,-2.8239731315728647,66160
2026-04-01 13:03:28,13.0935,-8.9302,96.5,16768.0,-83.9,-90.2,-85.4,35,77,0.0,80,14.7,-14.476673969279457,-2.552628211703877,66160
2026-04-01 13:03:30,13.0932,-8.9302,96.3,16777.0,-83.6,-89.8,-85.0,35,78,0.0,80,14.6,-14.378193193978237,-2.535263393937184,66160
2026-04-01 13:03:32,13.093,-8.9302,96.2,16786.0,-83.4,-89.7,-85.0,35,77,0.0,81,14.4,-14.222712104569984,-2.2526562965793255,66160
2026-04-01 13:03:34,13.0927,-8.9302,96.0,16795.0,-83.1,-89.4,-84.6,35,77,0.0,81,14.3,-14.123943270510471,-2.237012850075302,66160
2026-04-01 13:03:36,13.0924,-8.9303,95.9,16803.0,-83.2,-89.5,-84.8,35,76,0.0,82,14.2,-14.061806576130298,-1.9762580336329296,66160
2026-04-01 13:03:38,13.0922,-8.9303,95.7,16811.0,-83.1,-89.2,-84.5,36,79,0.0,82,14.1,-13.962779769256143,-1.962340723536923,66160
2026-04-01 13:03:40,13.092,-8.9304,95.6,16818.0,-82.9,-89.1,-84.3,36,79,0.0,83,14.1,-13.99490073814264,-1.7183577420125795,66160
2026-04-01 13:03:42,13.0917,-8.9304,95.5,16826.0,-82.7,-88.9,-84.2,35,78,0.0,83,14.1,-13.99490073814264,-1.7183577420125795,66160
2026-04-01 13:03:44,13.0914,-8.9304,95.4,16834.0,-82.9,-89.0,-84.3,36,79,0.0,83,14.1,-13.99490073814264,-1.7183577420125795,66160
2026-04-01 13:03:46,13.0912,-8.9304,95.2,16841.0,-83.3,-89.2,-84.5,37,81,0.0,83,14.2,-14.094155353306771,-1.7305446763530943,66160
2026-04-01 13:03:48,13.0909,-8.9304,95.1,16850.0,-83.3,-89.3,-84.5,37,82,0.0,83,14.2,-14.094155353306771,-1.7305446763530943,66160
2026-04-01 13:03:50,13.0907,-8.9304,94.9,16859.0,-83.3,-89.2,-84.4,37,82,0.0,83,14.2,-14.094155353306771,-1.7305446763530943,66160
2026-04-01 13:03:52,13.0905,-8.9305,94.8,16867.0,-83.0,-88.8,-84.1,37,83,0.0,83,14.2,-14.094155353306771,-1.7305446763530943,66160
2026-04-01 13:03:54,13.0902,-8.9305,94.6,16875.0,-82.9,-88.8,-84.0,38,83,0.0,83,14.2,-14.094155353306771,-1.7305446763530943,66160
2026-04-01 13:03:56,13.0899,-8.9305,94.5,16883.0,-83.2,-88.9,-84.1,39,85,0.0,83,14.2,-14.094155353306771,-1.7305446763530943,66160
2026-04-01 13:03:58,13.0896,-8.9305,94.4,16892.0,-83.5,-89.1,-84.4,38,85,0.0,83,14.3,-14.193409968470904,-1.7427316106936093,66160
2026-04-01 13:04:00,13.0894,-8.9305,94.2,16901.0,-83.7,-89.3,-84.5,39,87,0.0,83,14.3,-14.193409968470904,-1.7427316106936093,66160
2026-04-01 13:04:02,13.0891,-8.9306,94.1,16908.0,-83.8,-89.4,-84.7,39,87,0.0,83,14.4,-14.292664583635037,-1.7549185450341238,66160
2026-04-01 13:04:04,13.0889,-8.9306,93.9,16916.0,-83.7,-89.3,-84.6,39,86,0.0,83,14.5,-14.391919198799169,-1.7671054793746386,66160
2026-04-01 13:04:06,13.0886,-8.9306,93.8,16925.0,-83.9,-89.5,-84.7,39,86,0.0,83,14.5,-14.391919198799169,-1.7671054793746386,66160
2026-04-01 13:04:08,13.0883,-8.9307,93.6,16934.0,-83.6,-89.3,-84.6,38,85,0.0,83,14.6,-14.4911738139633,-1.7792924137151533,66160
2026-04-01 13:04:10,13.088,-8.9307,93.5,16943.0,-83.6,-89.3,-84.6,38,84,0.0,82,14.7,-14.556940610501083,-2.045844584112962,66160
2026-04-01 13:04:12,13.0878,-8.9308,93.4,16950.0,-83.5,-89.3,-84.5,38,83,0.0,82,14.8,-14.655967417375242,-2.059761894208969,66160
2026-04-01 13:04:14,13.0876,-8.9308,93.3,16957.0,-83.5,-89.3,-84.6,38,84,0.0,82,14.9,-14.7549942242494,-2.0736792043049754,66160
2026-04-01 13:04:16,13.0873,-8.9309,93.1,16965.0,-83.1,-89.0,-84.2,37,82,0.0,81,15.1,-14.91409394298658,-2.362160422107487,66160
2026-04-01 13:04:18,13.0871,-8.9309,93.0,16973.0,-83.0,-89.0,-84.3,37,81,0.0,81,15.2,-15.012862777046093,-2.37780386861151,66160
2026-04-01 13:04:20,13.0868,-8.931,92.8,16981.0,-82.9,-88.9,-84.2,36,80,0.0,81,15.3,-15.111631611105608,-2.3934473151155333,66160
2026-04-01 13:04:22,13.0865,-8.931,92.7,16989.0,-82.1,-88.2,-83.4,36,80,0.0,81,15.4,-15.210400445165122,-2.4090907616195563,66160
2026-04-01 13:04:24,13.0863,-8.931,92.6,16996.0,-81.9,-88.0,-83.2,37,80,0.0,80,15.6,-15.363000946990445,-2.7089115716041143,66160
2026-04-01 13:04:26,13.086,-8.9311,92.5,17004.0,-81.5,-87.6,-82.9,37,80,0.0,80,15.7,-15.461481722291666,-2.7262763893708075,66160
2026-04-01 13:04:28,13.0857,-8.9311,92.3,17013.0,-81.3,-87.4,-82.7,36,79,0.0,80,15.9,-15.658443272894107,-2.7610060249041934,66160
2026-04-01 13:04:30,13.0854,-8.9312,92.2,17022.0,-81.5,-87.5,-82.7,37,81,0.0,80,16.0,-15.756924048195328,-2.7783708426708866,66160
2026-04-01 13:04:32,13.0851,-8.9312,92.0,17030.0,-81.4,-87.4,-82.6,37,81,0.0,79,16.2,-15.902360371852156,-3.0911057251000273,66160
2026-04-01 13:04:34,13.0848,-8.9313,91.9,17039.0,-81.5,-87.4,-82.6,38,83,0.0,79,16.3,-16.000523090196925,-3.110186624637682,66160
2026-04-01 13:04:36,13.0845,-8.9313,91.8,17047.0,-81.1,-86.9,-82.1,39,84,0.0,79,16.4,-16.09868580854169,-3.1292675241753365,66160
2026-04-01 13:04:38,13.0842,-8.9314,91.7,17054.0,-81.2,-86.9,-82.1,39,85,0.0,79,16.5,-16.196848526886455,-3.1483484237129913,66160
2026-04-01 13:04:40,13.0839,-8.9315,91.5,17062.0,-81.2,-86.9,-82.2,39,85,0.0,78,16.5,-16.13943541210779,-3.430542898493031,66160
2026-04-01 13:04:42,13.0836,-8.9316,91.4,17071.0,-81.2,-86.8,-82.0,40,87,0.0,78,16.6,-16.237250172181174,-3.451334067574807,66160
2026-04-01 13:04:44,13.0833,-8.9316,91.2,17080.0,-80.8,-86.4,-81.7,40,87,0.0,78,16.7,-16.335064932254554,-3.472125236656583,66160
2026-04-01 13:04:46,13.083,-8.9316,91.1,17088.0,-80.3,-85.9,-81.1,40,86,0.0,77,16.7,-16.271980081913426,-3.756682607542544,66160
2026-04-01 13:04:48,13.0826,-8.9317,91.0,17097.0,-79.9,-85.3,-80.6,42,89,0.0,76,16.7,-16.20393862880914,-4.04009565651445,66160
2026-04-01 13:04:50,13.0823,-8.9318,90.8,17106.0,-79.9,-85.3,-80.5,42,90,0.0,76,16.7,-16.20393862880914,-4.04009565651445,66160
2026-04-01 13:04:52,13.082,-8.9319,90.7,17116.0,-79.6,-84.9,-80.1,43,91,0.0,75,16.7,-16.13096129902744,-4.322278053212096,66160
2026-04-01 13:04:54,13.0816,-8.932,90.5,17126.0,-79.7,-85.1,-80.3,42,91,0.0,74,16.6,-15.956944152576096,-4.575580106562186,66160
2026-04-01 13:04:56,13.0813,-8.932,90.3,17136.0,-79.6,-85.0,-80.2,42,91,0.0,74,16.5,-15.860817982982262,-4.548016370980486,66160
2026-04-01 13:04:58,13.081,-8.9321,90.2,17146.0,-79.5,-84.7,-80.0,43,93,0.0,73,16.4,-15.68339799779378,-4.794895957452883,66160
2026-04-01 13:05:00,13.0808,-8.9322,90.0,17154.0,-79.8,-84.9,-80.2,44,93,0.0,73,16.3,-15.587767522197478,-4.76565878698061,66160
2026-04-01 13:05:02,13.0805,-8.9323,89.9,17162.0,-79.5,-84.8,-80.0,43,92,0.0,72,16.1,-15.312009912351973,-4.975173609436655,66160
2026-04-01 13:05:04,13.0803,-8.9324,89.8,17170.0,-80.0,-85.3,-80.6,42,91,0.0,72,15.9,-15.121798609092941,-4.913370210561665,66160
2026-04-01 13:05:06,13.08,-8.9325,89.7,17179.0,-79.6,-85.1,-80.3,42,89,0.0,71,15.7,-14.844641636909271,-5.1114200249773605,66160
2026-04-01 13:05:08,13.0797,-8.9326,89.5,17188.0,-79.5,-84.9,-80.1,42,91,0.0,71,15.4,-14.560986064229478,-5.013749578640214,66160
2026-04-01 13:05:10,13.0795,-8.9327,89.4,17198.0,-79.0,-84.4,-79.6,42,90,0.0,70,15.1,-14.189358573867215,-5.1645041642175995,66160
2026-04-01 13:05:12,13.0792,-8.9328,89.2,17206.0,-78.3,-83.8,-79.1,42,89,0.0,70,14.9,-14.001420049710035,-5.096100135552466,66160
2026-04-01 13:05:14,13.079,-8.933,89.1,17214.0,-78.1,-83.6,-78.9,42,88,0.0,70,14.6,-13.719512263474261,-4.993494092554765,66160
2026-04-01 13:05:16,13.0788,-8.9331,89.0,17222.0,-78.4,-83.9,-79.1,42,89,0.0,69,14.3,-13.350200098909985,-5.124661678497795,66160
2026-04-01 13:05:18,13.0785,-8.9332,88.9,17230.0,-78.0,-83.5,-78.8,42,88,0.0,69,14.1,-13.163484013610544,-5.0529880885887355,66160
2026-04-01 13:05:20,13.0783,-8.9333,88.7,17237.0,-78.0,-83.4,-78.7,42,89,0.0,69,13.8,-12.883409885661385,-4.945477703725145,66160
2026-04-01 13:05:22,13.078,-8.9334,88.6,17245.0,-78.0,-83.5,-78.7,42,90,0.0,69,13.6,-12.696693800361944,-4.873804113816085,66160
2026-04-01 13:05:24,13.0778,-8.9335,88.5,17254.0,-77.9,-83.3,-78.5,43,91,0.0,69,13.2,-12.323261629763062,-4.7304569339979645,66160
2026-04-01 13:05:26,13.0776,-8.9336,88.3,17262.0,-77.8,-83.2,-78.4,43,91,0.0,69,12.9,-12.043187501813902,-4.622946549134375,66160
2026-04-01 13:05:28,13.0774,-8.9337,88.2,17271.0,-77.9,-83.2,-78.5,43,91,0.0,70,12.5,-11.746157759823854,-4.27525179157086,66160
2026-04-01 13:05:30,13.0772,-8.9337,88.1,17280.0,-77.8,-83.1,-78.4,44,92,0.01,70,12.2,-11.46424997358808,-4.172645748573159,66160
2026-04-01 13:05:32,13.077,-8.9338,88.0,17288.0,-77.9,-83.2,-78.4,44,92,0.0,71,11.8,-11.157119192071939,-3.84170422259445,66160
2026-04-01 13:05:34,13.0768,-8.9339,87.8,17297.0,-78.0,-83.2,-78.5,44,92,0.0,71,11.4,-10.77891176183221,-3.711476960811587,66160
2026-04-01 13:05:36,13.0766,-8.9339,87.7,17306.0,-77.8,-83.1,-78.3,44,92,0.01,72,11.0,-10.461621679246688,-3.399186938124422,66160
2026-04-01 13:05:38,13.0764,-8.934,87.5,17316.0,-77.6,-82.9,-78.1,44,93,0.01,73,10.6,-10.136830413208175,-3.0991400700610097,66160
2026-04-01 13:05:40,13.0762,-8.9341,87.4,17326.0,-77.6,-82.9,-78.1,44,92,0.01,74,10.2,-9.804869298570852,-2.811501029333391,66160
2026-04-01 13:05:42,13.076,-8.9341,87.3,17330.0,-77.5,-82.7,-78.0,44,93,0.01,76,9.9,-9.605927690132365,-2.39502676643671,66160
2026-04-01 13:05:44,13.0759,-8.9342,87.1,17344.0,-77.6,-82.8,-78.0,44,92,0.01,77,9.5,-9.256515615459735,-2.137035016266717,66160
2026-04-01 13:05:46,13.0757,-8.9342,87.0,17353.0,-77.2,-82.5,-77.7,44,92,0.01,79,9.1,-8.932807369373743,-1.7363618579265587,66160
2026-04-01 13:05:48,13.0756,-8.9342,86.8,17361.0,-77.3,-82.6,-77.8,44,91,0.01,80,8.8,-8.66630822650743,-1.5281039634689877,66160
2026-04-01 13:05:50,13.0755,-8.9341,86.7,17368.0,-77.0,-82.6,-77.8,42,88,0.01,82,8.5,-8.417278584303348,-1.1829713581605565,66160
2026-04-01 13:05:52,13.0753,-8.9341,86.6,17377.0,-77.3,-83.0,-78.2,41,86,0.01,84,8.1,-8.055627352483013,-0.846680552467993,66160
2026-04-01 13:05:54,13.0752,-8.9342,86.5,17386.0,-77.6,-83.4,-78.6,41,86,0.0,87,7.8,-7.7893103710856755,-0.40822045869496293,66160
2026-04-01 13:05:56,13.075,-8.9342,86.3,17395.0,-77.0,-82.8,-78.0,41,85,0.01,89,7.6,-7.598842483188573,-0.13263828892335533,66160
2026-04-01 13:05:58,13.0749,-8.9342,86.2,17403.0,-76.6,-82.4,-77.7,40,84,0.01,91,7.3,-7.2988881746416565,0.12740256699216937,66160
2026-04-01 13:06:00,13.0748,-8.9342,86.1,17411.0,-76.7,-82.5,-77.7,41,85,0.01,94,7.1,-7.082704756844752,0.4952709635832898,66160
2026-04-01 13:06:02,13.0747,-8.9341,86.0,17420.0,-76.9,-82.7,-78.0,40,85,0.01,97,6.9,-6.848568446325123,0.8408984694955168,66160
2026-04-01 13:06:04,13.0746,-8.9341,85.8,17429.0,-77.0,-82.8,-78.0,41,85,0.01,100,6.8,-6.696692720483014,1.180807608135126,66160
2026-04-01 13:06:06,13.0744,-8.9342,85.7,17438.0,-76.6,-82.5,-77.8,40,83,0.01,103,6.6,-6.430842427582553,1.4846769586695092,66160
2026-04-01 13:06:08,13.0743,-8.9341,85.5,17447.0,-76.5,-82.5,-77.7,40,82,0.01,106,6.6,-6.344327193192904,1.8192065483921938,66160
2026-04-01 13:06:10,13.0742,-8.9341,85.4,17455.0,-76.4,-82.4,-77.7,40,82,0.01,108,6.5,-6.181867355918499,2.0086104634371575,66160
2026-04-01 13:06:12,13.0742,-8.934,85.3,17464.0,-76.8,-82.8,-78.1,39,81,0.01,110,6.5,-6.108002035108405,2.2231309316168466,66160
2026-04-01 13:06:14,13.0741,-8.934,85.2,17472.0,-76.6,-82.8,-78.1,38,80,0.01,112,6.5,-6.026695054684119,2.4349428572034286,66160
2026-04-01 13:06:16,13.074,-8.9339,85.1,17480.0,-76.7,-82.9,-78.1,38,80,0.01,114,6.5,-5.938045474676906,2.643788179992702,66160
2026-04-01 13:06:18,13.0739,-8.9339,84.9,17488.0,-76.3,-82.5,-77.7,38,80,0.01,115,6.5,-5.891000615738225,2.7470187013145457,66160
2026-04-01 13:06:20,13.0738,-8.9338,84.8,17496.0,-76.4,-82.6,-77.8,38,79,0.01,116,6.5,-5.842161300944585,2.849412454129004,66160
2026-04-01 13:06:22,13.0737,-8.9337,84.7,17504.0,-76.4,-82.6,-77.9,38,79,0.01,117,6.5,-5.791542407224392,2.950938248307054,66160
2026-04-01 13:06:24,13.0736,-8.9336,84.6,17512.0,-76.3,-82.6,-77.8,38,79,0.01,119,6.5,-5.685028096406073,3.1512625316011906,66160
2026-04-01 13:06:26,13.0735,-8.9335,84.5,17520.0,-76.1,-82.5,-77.8,37,76,0.01,120,6.6,-5.715767664977295,3.299999999999999,66160
2026-04-01 13:06:28,13.0734,-8.9335,84.3,17529.0,-76.1,-82.5,-77.7,37,78,0.01,122,6.6,-5.597117434632412,3.4974671439391516,66160
2026-04-01 13:06:30,13.0733,-8.9334,84.2,17537.0,-76.1,-82.6,-77.8,36,76,0.01,123,6.6,-5.535225748439799,3.594617631099179,66160
2026-04-01 13:06:32,13.0732,-8.9333,84.1,17546.0,-76.0,-82.5,-77.7,37,76,0.01,125,6.6,-5.406403492307345,3.7856044799169046,66160
2026-04-01 13:06:34,13.0731,-8.9332,84.0,17554.0,-75.9,-82.4,-77.7,36,75,0.01,126,6.6,-5.3395121628746525,3.8793826651303216,66160
2026-04-01 13:06:36,13.073,-8.9331,83.8,17563.0,-76.1,-82.7,-78.0,36,74,0.01,128,6.5,-5.122069898443693,4.001799589616779,66160
2026-04-01 13:06:38,13.0729,-8.933,83.7,17573.0,-76.0,-82.8,-78.0,35,72,0.01,129,6.5,-5.051448749470311,4.0905825418239425,66160
2026-04-01 13:06:40,13.0728,-8.933,83.5,17583.0,-76.0,-82.9,-78.1,34,71,0.01,130,6.6,-5.055893324585255,4.2423982239311595,66160
2026-04-01 13:06:42,13.0727,-8.933,83.4,17591.0,-75.7,-82.7,-78.0,34,70,0.01,132,6.6,-4.904755848150802,4.416262001968464,66160
2026-04-01 13:06:44,13.0725,-8.9329,83.3,17600.0,-75.9,-83.1,-78.3,33,68,0.01,133,6.5,-4.753799060524608,4.432989340406239,66160
2026-04-01 13:06:46,13.0724,-8.9328,83.2,17611.0,-76.1,-83.2,-78.5,33,68,0.01,134,6.5,-4.6757087022012325,4.515279407983483,66160
2026-04-01 13:06:48,13.0724,-8.9327,83.0,17620.0,-75.8,-82.9,-78.2,33,68,0.01,135,6.6,-4.666904755831213,4.666904755831213,66160
2026-04-01 13:06:50,13.0723,-8.9326,82.9,17630.0,-76.0,-83.2,-78.5,32,67,0.01,137,6.6,-4.50118917641249,4.826934430686525,66160
2026-04-01 13:06:52,13.0722,-8.9326,82.8,17638.0,-76.3,-83.7,-78.9,32,66,0.0,138,6.6,-4.416262001968466,4.9047558481508,66160
2026-04-01 13:06:54,13.0721,-8.9325,82.6,17646.0,-75.8,-83.4,-78.6,31,64,0.01,139,6.6,-4.329989591337347,4.981083229470295,66160
2026-04-01 13:06:56,13.072,-8.9325,82.5,17655.0,-75.8,-83.5,-78.8,30,62,0.01,141,6.6,-4.153514580928927,5.129163345616008,66160
2026-04-01 13:06:58,13.072,-8.9323,82.4,17663.0,-75.6,-83.4,-78.7,30,61,0.01,142,6.6,-4.063365737149345,5.200870973804364,66160
2026-04-01 13:07:00,13.072,-8.9322,82.3,17670.0,-75.9,-83.8,-79.0,29,60,0.0,142,6.6,-4.063365737149345,5.200870973804364,66160
2026-04-01 13:07:02,13.072,-8.9321,82.2,17678.0,-76.4,-84.2,-79.5,29,61,0.0,144,6.7,-3.938161190359571,5.420413862312147,66160
2026-04-01 13:07:04,13.0719,-8.932,82.1,17687.0,-76.1,-83.9,-79.1,29,61,0.0,145,6.7,-3.8429621235520077,5.488318696736246,66160
2026-04-01 13:07:06,13.0718,-8.9319,81.9,17695.0,-75.9,-83.7,-79.0,30,62,0.0,147,6.7,-3.649081534600683,5.619092805234341,66160
2026-04-01 13:07:08,13.0718,-8.9318,81.8,17703.0,-75.8,-83.5,-78.8,30,62,0.01,148,6.8,-3.603450996785794,5.766727053863696,66160
2026-04-01 13:07:10,13.0717,-8.9317,81.7,17711.0,-75.6,-83.5,-78.7,29,61,0.01,149,6.8,-3.50225890938837,5.828737644774363,66160
2026-04-01 13:07:12,13.0716,-8.9315,81.6,17721.0,-75.6,-83.4,-78.6,30,61,0.01,150,6.9,-3.4499999999999997,5.975575286112627,66160
2026-04-01 13:07:14,13.0716,-8.9314,81.5,17730.0,-75.5,-83.3,-78.6,30,61,0.01,151,6.9,-3.3451863796997268,6.034875979261831,66160
2026-04-01 13:07:16,13.0715,-8.9313,81.3,17738.0,-75.5,-83.3,-78.5,30,61,0.01,152,7.0,-3.286300939501235,6.180633150012489,66160
2026-04-01 13:07:18,13.0715,-8.9312,81.2,17746.0,-75.5,-83.3,-78.5,30,61,0.01,152,7.1,-3.333248095779824,6.268927909298381,66160
2026-04-01 13:07:20,13.0714,-8.931,81.1,17756.0,-75.4,-83.2,-78.4,30,62,0.01,153,7.2,-3.2687315981247376,6.415246974156248,66160
2026-04-01 13:07:22,13.0713,-8.9309,81.0,17764.0,-75.4,-83.1,-78.4,30,63,0.01,153,7.3,-3.314130648098692,6.504347626575084,66160
2026-04-01 13:07:24,13.0713,-8.9308,80.8,17774.0,-75.5,-83.2,-78.5,30,63,0.01,153,7.3,-3.314130648098692,6.504347626575084,66160
2026-04-01 13:07:26,13.0712,-8.9307,80.7,17783.0,-75.5,-83.2,-78.4,30,63,0.01,153,7.4,-3.359529698072647,6.593448278993922,66160
2026-04-01 13:07:28,13.0711,-8.9306,80.6,17792.0,-75.5,-83.2,-78.5,30,63,0.01,153,7.5,-3.4049287480466015,6.682548931412758,66160
2026-04-01 13:07:30,13.0711,-8.9305,80.5,17799.0,-75.7,-83.3,-78.5,31,64,0.01,153,7.6,-3.450327798020556,6.771649583831595,66160
2026-04-01 13:07:32,13.0711,-8.9303,80.4,17807.0,-75.8,-83.4,-78.7,31,63,0.01,153,7.6,-3.450327798020556,6.771649583831595,66160
2026-04-01 13:07:34,13.071,-8.9302,80.2,17818.0,-75.9,-83.7,-79.0,30,61,0.0,154,7.7,-3.375457830275895,6.920714156503586,66160
2026-04-01 13:07:36,13.0709,-8.9301,80.1,17826.0,-76.0,-83.8,-79.0,30,62,0.0,154,7.7,-3.375457830275895,6.920714156503586,66160
2026-04-01 13:07:38,13.0708,-8.9299,80.0,17834.0,-76.1,-83.9,-79.2,29,61,0.0,155,7.8,-3.296422441577456,7.069200738885869,66160
2026-04-01 13:07:40,13.0708,-8.9299,79.9,17842.0,-76.0,-83.9,-79.1,29,61,0.0,155,7.9,-3.338684267751526,7.159831517589534,66160
2026-04-01 13:07:42,13.0707,-8.9298,79.8,17850.0,-76.2,-84.0,-79.2,29,61,0.0,155,8.0,-3.380946093925596,7.2504622962931995,66160
2026-04-01 13:07:44,13.0707,-8.9297,79.6,17860.0,-76.3,-84.2,-79.4,29,60,0.0,155,8.2,-3.4654697462737354,7.431723853700529,66160
2026-04-01 13:07:46,13.0706,-8.9295,79.5,17868.0,-76.4,-84.4,-79.6,29,59,0.0,156,8.3,-3.375914137529144,7.582427298433587,66160
2026-04-01 13:07:48,13.0705,-8.9293,79.4,17877.0,-76.6,-84.6,-79.8,28,59,0.0,156,8.5,-3.4572614661443035,7.765136389962106,66160
2026-04-01 13:07:50,13.0705,-8.9292,79.3,17887.0,-76.6,-84.6,-79.9,28,59,0.0,156,8.7,-3.5386087947594635,7.947845481490626,66160
2026-04-01 13:07:52,13.0704,-8.9291,79.2,17895.0,-76.5,-84.6,-79.8,28,58,0.0,157,8.9,-3.4775070435545365,8.192493195726719,66160
2026-04-01 13:07:54,13.0704,-8.9289,79.0,17904.0,-76.6,-84.8,-80.1,27,57,0.0,157,9.1,-3.555653269252391,8.376594166417208,66160
2026-04-01 13:07:56,13.0703,-8.9288,78.9,17911.0,-76.6,-84.8,-80.1,27,57,0.0,158,9.3,-3.483841318767984,8.622809847471123,66160
2026-04-01 13:07:58,13.0702,-8.9287,78.8,17921.0,-76.6,-84.8,-80.1,27,57,0.0,158,9.6,-3.596223296792757,8.900965003841158,66160
2026-04-01 13:08:00,13.0702,-8.9285,78.7,17930.0,-76.6,-84.8,-80.0,28,58,0.0,158,9.8,-3.6711446154759404,9.086401774754517,66160
2026-04-01 13:08:02,13.0702,-8.9283,78.6,17939.0,-76.8,-85.1,-80.4,27,56,0.0,159,10.1,-3.619516290407532,9.429162307621738,66160
2026-04-01 13:08:04,13.07,-8.9281,78.4,17949.0,-77.2,-85.7,-80.9,26,54,0.0,159,10.4,-3.7270266752711225,9.709236435570899,66160
2026-04-01 13:08:06,13.0699,-8.9279,78.3,17957.0,-77.2,-85.7,-81.0,26,54,0.0,159,10.7,-3.834537060134712,9.989310563520059,66160
2026-04-01 13:08:08,13.0698,-8.9277,78.2,17967.0,-77.1,-85.8,-81.0,25,53,0.0,159,11.0,-3.9420474449983023,10.269384691469218,66160
2026-04-01 13:08:10,13.0698,-8.9275,78.1,17976.0,-76.9,-85.6,-80.9,25,53,0.0,159,11.3,-4.049557829861893,10.54945881941838,66160
2026-04-01 13:08:12,13.0697,-8.9273,77.9,17986.0,-77.1,-85.9,-81.2,25,52,0.0,159,11.6,-4.1570682147254825,10.82953294736754,66160
2026-04-01 13:08:14,13.0697,-8.9271,77.8,17996.0,-77.2,-86.0,-81.2,25,52,0.0,159,11.8,-4.228741804634542,11.01624903266698,66160
2026-04-01 13:08:16,13.0696,-8.9268,77.6,18006.0,-77.3,-86.1,-81.4,24,51,0.0,159,12.1,-4.336252189498133,11.29632316061614,66160
2026-04-01 13:08:18,13.0696,-8.9267,77.5,18015.0,-77.0,-86.1,-81.4,23,49,0.0,158,12.4,-4.645121758357312,11.497079796628164,66160
2026-04-01 13:08:20,13.0695,-8.9265,77.4,18025.0,-77.0,-86.3,-81.6,23,47,0.0,158,12.7,-4.757503736382085,11.775234952998199,66160
2026-04-01 13:08:22,13.0694,-8.9262,77.2,18035.0,-77.0,-86.5,-81.7,22,46,0.0,157,12.9,-5.040431557511631,11.874512609536481,66160
2026-04-01 13:08:24,13.0692,-8.9259,77.1,18044.0,-77.3,-87.0,-82.2,21,45,0.0,157,13.1,-5.118577783209486,12.058613580226968,66160
2026-04-01 13:08:26,13.0692,-8.9257,77.0,18054.0,-77.6,-87.3,-82.6,21,44,0.0,157,13.3,-5.196724008907341,12.242714550917457,66160
2026-04-01 13:08:28,13.0691,-8.9255,76.9,18062.0,-77.4,-87.2,-82.4,21,44,0.0,156,13.5,-5.490944681523306,12.33286367817511,66160
2026-04-01 13:08:30,13.069,-8.9253,76.8,18071.0,-77.2,-87.3,-82.5,20,42,0.0,155,13.6,-5.747608359673513,12.325785903698439,66160
2026-04-01 13:08:32,13.0689,-8.9251,76.6,18080.0,-77.1,-87.2,-82.4,20,42,0.0,155,13.7,-5.789870185847583,12.416416682402103,66160
2026-04-01 13:08:34,13.0688,-8.9248,76.5,18089.0,-77.3,-87.4,-82.6,20,41,0.0,154,13.8,-6.049521825689267,12.403357838928505,66160
2026-04-01 13:08:36,13.0686,-8.9246,76.4,18097.0,-77.5,-87.7,-82.9,20,41,0.0,153,13.9,-6.310467946379702,12.384990686218313,66160
2026-04-01 13:08:38,13.0685,-8.9244,76.3,18107.0,-77.7,-87.8,-83.0,20,41,0.0,152,14.0,-6.57260187900247,12.361266300024978,66160
2026-04-01 13:08:40,13.0684,-8.9242,76.2,18117.0,-77.7,-87.7,-82.9,20,42,0.0,151,14.1,-6.835815645473354,12.33213787066548,66160
2026-04-01 13:08:42,13.0683,-8.9239,76.1,18125.0,-77.9,-87.8,-83.1,20,42,0.0,150,14.2,-7.099999999999999,12.29756073373903,66160
2026-04-01 13:08:44,13.0682,-8.9237,75.9,18133.0,-77.7,-87.7,-82.9,20,43,0.0,149,14.3,-7.365044471213778,12.257492400040205,66160
2026-04-01 13:08:46,13.068,-8.9234,75.8,18142.0,-77.5,-87.6,-82.8,20,42,0.0,149,14.3,-7.365044471213778,12.257492400040205,66160
2026-04-01 13:08:48,13.0679,-8.9232,75.7,18152.0,-77.8,-87.8,-83.0,20,42,0.0,148,14.3,-7.577845478534832,12.127087775036891,66160
2026-04-01 13:08:50,13.0677,-8.923,75.6,18160.0,-77.8,-87.8,-83.0,20,42,0.0,147,14.3,-7.7883382007148905,11.992989121619562,66160
2026-04-01 13:08:52,13.0676,-8.9228,75.5,18170.0,-77.5,-87.6,-82.9,20,41,0.0,146,14.4,-8.052377809978756,11.9381410447926,66160
2026-04-01 13:08:54,13.0674,-8.9226,75.3,18178.0,-77.9,-87.9,-83.1,20,42,0.0,145,14.4,-8.259500683455062,11.795789437761483,66160
2026-04-01 13:08:56,13.0672,-8.9224,75.2,18187.0,-78.1,-88.0,-83.2,20,43,0.0,144,14.5,-8.522886158240862,11.730746418436736,66160
2026-04-01 13:08:58,13.0671,-8.9221,75.1,18197.0,-78.0,-87.9,-83.1,20,43,0.0,143,14.5,-8.726317835704698,11.580214895685748,66160
2026-04-01 13:09:00,13.0669,-8.9219,75.0,18206.0,-77.8,-87.6,-82.8,21,43,0.0,142,14.5,-8.927091392222048,11.426155927297467,66160
2026-04-01 13:09:02,13.0668,-8.9218,74.9,18211.0,-77.6,-87.5,-82.8,20,43,0.0,141,14.5,-9.125145670222642,11.268616441126078,66160
2026-04-01 13:09:04,13.0666,-8.9216,74.7,18225.0,-77.6,-87.5,-82.7,20,43,0.0,140,14.5,-9.320420340454822,11.10764442522518,66160
2026-04-01 13:09:06,13.0664,-8.9214,74.6,18233.0,-78.0,-87.7,-83.0,21,44,0.0,139,14.5,-9.512855920362355,10.943288913230194,66160
2026-04-01 13:09:08,13.0662,-8.9212,74.5,18243.0,-77.9,-87.8,-83.1,20,43,0.0,138,14.5,-9.702393792203448,10.775599969422213,66160
2026-04-01 13:09:10,13.0661,-8.9209,74.4,18253.0,-78.0,-87.8,-83.1,20,43,0.0,136,14.5,-10.07254637165546,10.430427104910445,66160
2026-04-01 13:09:12,13.0659,-8.9207,74.2,18262.0,-77.8,-87.6,-82.9,21,43,0.0,135,14.5,-10.25304832720494,10.253048327204938,66160
2026-04-01 13:09:14,13.0657,-8.9206,74.1,18271.0,-78.1,-87.8,-83.0,21,44,0.0,134,14.5,-10.430427104910441,10.072546371655461,66160
2026-04-01 13:09:16,13.0655,-8.9204,74.0,18280.0,-78.3,-87.9,-83.2,21,45,0.0,132,14.4,-10.701285486874477,9.63548073156756,66160
2026-04-01 13:09:18,13.0653,-8.9202,73.9,18289.0,-78.4,-88.0,-83.3,21,45,0.0,131,14.4,-10.867817955207919,9.447250017463304,66160
2026-04-01 13:09:20,13.0651,-8.9201,73.7,18301.0,-78.4,-88.0,-83.2,21,45,0.0,129,14.3,-11.113187248834686,8.999281592012673,66160
2026-04-01 13:09:22,13.0649,-8.9199,73.6,18310.0,-78.5,-88.1,-83.3,21,45,0.0,128,14.2,-11.189752701215452,8.742392949624348,66160
2026-04-01 13:09:24,13.0647,-8.9198,73.5,18320.0,-78.5,-88.2,-83.5,21,44,0.0,126,14.1,-11.407139620686758,8.287772057323869,66160
2026-04-01 13:09:26,13.0645,-8.9196,73.4,18331.0,-78.6,-88.4,-83.7,20,43,0.0,125,14.1,-11.550043824474782,8.08742775254975,66160
2026-04-01 13:09:28,13.0642,-8.9195,73.2,18340.0,-78.6,-88.3,-83.6,20,43,0.0,123,14.0,-11.741387951235936,7.62494649021038,66160
2026-04-01 13:09:30,13.064,-8.9193,73.1,18349.0,-78.5,-88.2,-83.4,21,44,0.0,122,14.0,-11.872673346189965,7.418869699264867,66160
2026-04-01 13:09:32,13.0637,-8.9192,73.0,18359.0,-78.2,-87.9,-83.1,21,44,0.0,121,13.9,-11.914625479759362,7.159029241249755,66160
2026-04-01 13:09:34,13.0635,-8.9191,72.9,18366.0,-77.8,-87.6,-82.8,21,44,0.0,119,13.9,-12.157213929237603,6.738853721424085,66160
2026-04-01 13:09:36,13.0633,-8.919,72.8,18375.0,-77.6,-87.4,-82.7,21,43,0.0,118,13.8,-12.184676781453192,6.478707566445295,66160
2026-04-01 13:09:38,13.0631,-8.9188,72.7,18383.0,-77.7,-87.4,-82.7,21,44,0.0,117,13.7,-12.20678938138064,6.21966984643179,66160
2026-04-01 13:09:40,13.0628,-8.9187,72.6,18391.0,-77.7,-87.3,-82.5,21,45,0.0,116,13.6,-12.22359902966867,5.961847596331454,66160
2026-04-01 13:09:42,13.0626,-8.9187,72.5,18400.0,-77.4,-87.0,-82.3,21,44,0.0,115,13.6,-12.32578590369844,5.747608359673511,66160
2026-04-01 13:09:44,13.0624,-8.9186,72.4,18408.0,-76.9,-86.5,-81.7,22,45,0.0,113,13.6,-12.518866006953187,5.313943347454123,66160
2026-04-01 13:09:46,13.0622,-8.9185,72.3,18416.0,-76.5,-86.2,-81.4,21,45,0.0,112,13.6,-12.60970042210831,5.094649670456404,66160
2026-04-01 13:09:48,13.062,-8.9184,72.2,18424.0,-76.6,-86.3,-81.6,21,45,0.0,111,13.5,-12.603335757712223,4.837967318861554,66160
2026-04-01 13:09:50,13.0617,-8.9183,72.0,18434.0,-76.6,-86.5,-81.8,21,43,0.0,110,13.5,-12.685850380609764,4.617271934896528,66160
2026-04-01 13:09:52,13.0614,-8.9183,71.9,18442.0,-76.6,-86.4,-81.6,21,44,0.0,109,13.5,-12.764500770590777,4.395170085171615,66160
2026-04-01 13:09:54,13.0612,-8.9182,71.8,18451.0,-76.6,-86.4,-81.7,21,44,0.0,108,13.6,-12.93436862161409,4.202631123499284,66160
2026-04-01 13:09:56,13.061,-8.9181,71.7,18459.0,-76.4,-86.2,-81.4,21,44,0.0,107,13.6,-13.005744681097283,3.9762551842292186,66160
2026-04-01 13:09:58,13.0608,-8.918,71.6,18466.0,-76.4,-86.1,-81.3,21,45,0.0,106,13.6,-13.073159064761137,3.748668039111187,66160
2026-04-01 13:10:00,13.0606,-8.918,71.6,18473.0,-76.4,-86.0,-81.3,22,45,0.0,104,13.7,-13.293051449981151,3.3143299697154487,66160
2026-04-01 13:10:02,13.0604,-8.9179,71.5,18480.0,-76.4,-86.0,-81.2,22,46,0.0,103,13.7,-13.348869887557722,3.0818294445109506,66160
2026-04-01 13:10:04,13.0601,-8.9179,71.4,18489.0,-76.3,-85.9,-81.2,22,45,0.0,102,13.8,-13.49843689012652,2.8691813332850793,66160
2026-04-01 13:10:06,13.0599,-8.9178,71.3,18496.0,-76.4,-86.0,-81.2,22,45,0.0,101,13.8,-13.546455131577764,2.6331641361963185,66160
2026-04-01 13:10:08,13.0597,-8.9178,71.2,18504.0,-76.4,-85.9,-81.1,22,46,0.0,100,13.8,-13.590346991568472,2.3963448518036383,66160
2026-04-01 13:10:10,13.0594,-8.9177,71.1,18513.0,-76.3,-85.8,-81.1,22,46,0.0,99,13.8,-13.630099100212902,2.1587956175551852,66160
2026-04-01 13:10:12,13.0592,-8.9177,71.0,18521.0,-76.3,-85.9,-81.1,22,46,0.0,98,13.8,-13.665699348633671,1.920588793248902,66160
2026-04-01 13:10:14,13.0589,-8.9177,70.9,18530.0,-76.4,-85.9,-81.1,22,46,0.0,97,13.8,-13.697136892650246,1.6817969389910337,66160
2026-04-01 13:10:16,13.0586,-8.9177,70.7,18539.0,-76.5,-85.9,-81.2,22,47,0.0,95,13.9,-13.847106303475263,1.2114648241924495,66160
2026-04-01 13:10:18,13.0583,-8.9176,70.6,18547.0,-76.5,-86.0,-81.2,22,46,0.0,94,13.9,-13.866140298611557,0.9696149850433421,66160
2026-04-01 13:10:20,13.058,-8.9176,70.6,18554.0,-76.4,-85.9,-81.2,22,46,0.0,92,13.9,-13.891532495565432,0.4851030041647633,66160
2026-04-01 13:10:22,13.0577,-8.9176,70.5,18562.0,-76.4,-85.9,-81.2,22,46,0.0,91,14.0,-13.997867732189478,0.24433369012196868,66160
2026-04-01 13:10:24,13.0575,-8.9176,70.4,18570.0,-76.3,-85.8,-81.0,22,46,0.0,90,14.1,-14.1,-8.63375993398884e-16,66160
2026-04-01 13:10:26,13.0572,-8.9176,70.3,18577.0,-76.0,-85.6,-80.8,22,46,0.0,88,14.1,-14.09141066096925,-0.49208290350526523,66160
2026-04-01 13:10:28,13.0569,-8.9177,70.2,18585.0,-75.9,-85.5,-80.8,22,46,0.0,86,14.2,-14.165409513689504,-0.9905419271665783,66160
2026-04-01 13:10:30,13.0567,-8.9177,70.1,18593.0,-75.9,-85.4,-80.7,22,46,0.0,84,14.2,-14.12221091422948,-1.484304178400679,66160
2026-04-01 13:10:32,13.0564,-8.9176,70.0,18600.0,-75.5,-85.1,-80.3,22,46,0.0,82,14.3,-14.160833383004457,-1.9901753437289362,66160
2026-04-01 13:10:34,13.0562,-8.9176,69.9,18611.0,-75.4,-85.0,-80.2,22,46,0.0,80,14.3,-14.082750868074575,-2.483168940637105,66160
2026-04-01 13:10:36,13.0559,-8.9177,69.8,18618.0,-75.2,-84.7,-80.0,23,46,0.0,79,14.4,-14.135431441646361,-2.747649533422247,66160
2026-04-01 13:10:38,13.0557,-8.9178,69.7,18627.0,-75.0,-84.5,-79.7,23,47,0.01,77,14.4,-14.030928932907388,-3.239295182551655,66160
2026-04-01 13:10:40,13.0555,-8.9179,69.6,18636.0,-75.1,-84.7,-80.0,22,46,0.0,75,14.4,-13.909331898562584,-3.7269942494762986,66160
2026-04-01 13:10:42,13.0552,-8.9179,69.5,18642.0,-75.3,-85.1,-80.3,22,45,0.0,73,14.4,-13.77078848586771,-4.21015254800741,66160
2026-04-01 13:10:44,13.0549,-8.918,69.4,18649.0,-75.2,-85.2,-80.5,21,43,0.0,71,14.4,-13.615467488630161,-4.688181424183058,66160
2026-04-01 13:10:46,13.0546,-8.918,69.3,18658.0,-74.9,-84.9,-80.2,21,43,0.0,70,14.3,-13.437604477238489,-4.890888049557065,66160
2026-04-01 13:10:48,13.0544,-8.9181,69.2,18667.0,-74.4,-84.4,-79.7,21,43,0.01,68,14.3,-13.25872912030506,-5.3568742858475416,66160
2026-04-01 13:10:50,13.0542,-8.9183,69.1,18675.0,-74.2,-84.3,-79.6,21,42,0.01,66,14.2,-12.972345498524932,-5.775660331676363,66160
2026-04-01 13:10:52,13.054,-8.9185,69.0,18684.0,-74.1,-84.5,-79.7,20,41,0.01,64,14.2,-12.76287545744817,-6.2248702844049,66160
2026-04-01 13:10:54,13.0538,-8.9187,68.8,18696.0,-74.0,-84.4,-79.6,20,41,0.01,61,14.1,-12.33213787066548,-6.835815645473353,66160
2026-04-01 13:10:56,13.0535,-8.9189,68.7,18706.0,-72.7,-83.2,-78.5,20,40,0.01,59,14.1,-12.086058939899784,-7.262036856231763,66160
2026-04-01 13:10:58,13.0533,-8.9191,68.6,18716.0,-72.2,-82.7,-78.0,20,40,0.01,57,14.1,-11.82525500803048,-7.679410393711882,66160
2026-04-01 13:11:00,13.0531,-8.9192,68.5,18726.0,-71.7,-82.2,-77.4,21,41,0.01,55,14.1,-11.550043824474784,-8.087427752549749,66160
2026-04-01 13:11:02,13.0529,-8.9194,68.4,18734.0,-71.1,-81.6,-76.9,20,40,0.01,53,14.1,-11.260760691666828,-8.48559182644388,66160
2026-04-01 13:11:04,13.0527,-8.9196,68.3,18743.0,-71.1,-81.6,-76.9,21,41,0.01,51,14.0,-10.880043460397593,-8.810485474697723,66160
2026-04-01 13:11:06,13.0525,-8.9198,68.2,18752.0,-71.0,-81.5,-76.7,21,42,0.01,50,14.0,-10.724622203665692,-8.99902653561155,66160
2026-04-01 13:11:08,13.0523,-8.9199,68.1,18760.0,-71.0,-81.3,-76.6,21,42,0.01,48,13.9,-10.32971307413578,-9.30091542838813,66160
2026-04-01 13:11:10,13.0521,-8.9201,68.0,18771.0,-70.8,-81.1,-76.3,21,42,0.01,46,13.8,-9.926889244673385,-9.586285512334163,66160
2026-04-01 13:11:12,13.0519,-8.9202,67.9,18780.0,-70.6,-80.9,-76.2,21,42,0.01,45,13.7,-9.6873629022557,-9.687362902255702,66160
2026-04-01 13:11:14,13.0518,-8.9204,67.8,18790.0,-70.5,-80.7,-76.0,22,43,0.01,44,13.6,-9.447353838242362,-9.783021284605656,66160
2026-04-01 13:11:16,13.0516,-8.9206,67.7,18798.0,-70.4,-80.5,-75.8,22,44,0.01,43,13.4,-9.13877802483748,-9.800139601696884,66160
2026-04-01 13:11:18,13.0515,-8.9208,67.6,18807.0,-70.3,-80.4,-75.6,22,44,0.01,42,13.2,-8.832524003936928,-9.809511696301604,66160
2026-04-01 13:11:20,13.0513,-8.9209,67.5,18815.0,-70.0,-80.1,-75.4,23,44,0.01,41,13.0,-8.528767376876594,-9.811224542896037,66160
2026-04-01 13:11:22,13.0512,-8.9211,67.4,18824.0,-70.0,-80.1,-75.3,23,44,0.01,41,12.9,-8.463161473977545,-9.735753584873759,66160
2026-04-01 13:11:24,13.051,-8.9213,67.3,18834.0,-69.9,-79.9,-75.2,23,45,0.01,40,12.8,-8.227681403987702,-9.80536887192292,66160
2026-04-01 13:11:26,13.0509,-8.9215,67.2,18842.0,-69.8,-79.8,-75.0,23,45,0.01,38,12.6,-7.757334589103294,-9.928935495444696,66160
2026-04-01 13:11:28,13.0508,-8.9217,67.1,18852.0,-69.8,-79.7,-75.0,23,45,0.01,37,12.5,-7.522687789400603,-9.982943875591161,66160
2026-04-01 13:11:30,13.0506,-8.9219,67.0,18862.0,-69.7,-79.7,-74.9,23,45,0.01,36,12.5,-7.347315653655914,-10.112712429686843,66160
2026-04-01 13:11:32,13.0506,-8.9221,66.8,18871.0,-69.6,-79.5,-74.8,23,46,0.01,35,12.3,-7.054990167117867,-10.0755701447546,66160
2026-04-01 13:11:34,13.0505,-8.9222,66.7,18880.0,-69.6,-79.4,-74.6,24,47,0.01,34,12.2,-6.822153422343112,-10.114258385171508,66160
2026-04-01 13:11:36,13.0503,-8.9224,66.6,18891.0,-69.7,-79.4,-74.7,24,47,0.01,33,12.2,-6.64459622718333,-10.231780928934173,66160
2026-04-01 13:11:38,13.0502,-8.9226,66.5,18901.0,-69.7,-79.5,-74.7,24,47,0.01,32,12.1,-6.4120230972217795,-10.261381963492754,66160
2026-04-01 13:11:40,13.0501,-8.9228,66.4,18912.0,-69.8,-79.5,-74.8,24,47,0.01,32,12.1,-6.4120230972217795,-10.261381963492754,66160
2026-04-01 13:11:42,13.05,-8.923,66.3,18922.0,-69.8,-79.5,-74.8,24,47,0.01,31,12.0,-6.180456898920649,-10.286007608425347,66160
2026-04-01 13:11:44,13.0499,-8.9232,66.1,18933.0,-70.0,-79.7,-75.0,24,47,0.01,30,12.0,-5.999999999999999,-10.392304845413264,66160
2026-04-01 13:11:46,13.0498,-8.9234,66.0,18942.0,-70.1,-79.8,-75.1,24,47,0.01,30,11.9,-5.949999999999999,-10.30570230503482,66160
2026-04-01 13:11:48,13.0497,-8.9235,65.9,18953.0,-70.0,-79.9,-75.2,23,45,0.01,29,11.9,-5.769234480931411,-10.40797451495881,66160
2026-04-01 13:11:50,13.0496,-8.9238,65.9,18958.0,-70.2,-80.1,-75.4,23,45,0.01,29,11.8,-5.720753518906777,-10.32051254424487,66160
2026-04-01 13:11:52,13.0495,-8.924,65.7,18972.0,-70.2,-80.3,-75.6,22,44,0.01,28,11.7,-5.492817284594922,-10.330486836449445,66160
2026-04-01 13:11:54,13.0494,-8.9241,65.6,18981.0,-70.4,-80.7,-75.9,22,43,0.01,28,11.6,-5.445870128316333,-10.242192077163553,66160
2026-04-01 13:11:56,13.0493,-8.9242,65.5,18990.0,-70.6,-81.0,-76.3,21,42,0.01,28,11.6,-5.445870128316333,-10.242192077163553,66160
2026-04-01 13:11:58,13.0492,-8.9244,65.4,19000.0,-70.7,-81.2,-76.5,21,41,0.01,28,11.5,-5.398922972037744,-10.15389731787766,66160
2026-04-01 13:12:00,13.0491,-8.9247,65.3,19010.0,-70.7,-81.3,-76.6,20,40,0.01,27,11.4,-5.175491697030834,-10.157474375747395,66160
2026-04-01 13:12:02,13.049,-8.9249,65.2,19021.0,-70.9,-81.7,-76.9,20,39,0.01,27,11.3,-5.1300926470568795,-10.068373723328557,66160
2026-04-01 13:12:04,13.0489,-8.925,65.0,19034.0,-71.0,-82.0,-77.2,19,38,0.01,26,11.2,-4.909756844037667,-10.06649331855067,66160
2026-04-01 13:12:06,13.0488,-8.9252,64.9,19043.0,-71.0,-82.1,-77.4,19,37,0.01,26,11.1,-4.86591972935876,-9.976613913920755,66160
2026-04-01 13:12:08,13.0487,-8.9254,64.8,19055.0,-71.2,-82.5,-77.7,18,36,0.01,26,10.9,-4.778245500000945,-9.79685510466092,66160
2026-04-01 13:12:10,13.0486,-8.9256,64.7,19064.0,-71.2,-82.7,-77.9,18,35,0.01,26,10.8,-4.734408385322037,-9.706975700031006,66160
2026-04-01 13:12:12,13.0486,-8.9257,64.6,19074.0,-71.2,-82.9,-78.1,17,34,0.01,25,10.7,-4.522015400625484,-9.697493321292153,66160
2026-04-01 13:12:14,13.0485,-8.9259,64.5,19084.0,-71.4,-83.2,-78.5,16,33,0.01,25,10.6,-4.479753574451414,-9.60686254258849,66160
2026-04-01 13:12:16,13.0484,-8.9261,64.4,19094.0,-71.6,-83.6,-78.9,16,32,0.01,25,10.5,-4.437491748277344,-9.516231763884825,66160
2026-04-01 13:12:18,13.0483,-8.9263,64.3,19105.0,-71.6,-83.8,-79.0,16,31,0.01,25,10.4,-4.395229922103274,-9.425600985181159,66160
2026-04-01 13:12:20,13.0482,-8.9264,64.1,19117.0,-71.7,-84.1,-79.3,15,30,0.01,24,10.3,-4.189387423680742,-9.409518213718789,66160
2026-04-01 13:12:22,13.0482,-8.9266,64.0,19126.0,-71.8,-84.3,-79.6,15,29,0.01,24,10.2,-4.148713759373162,-9.318163667954527,66160
2026-04-01 13:12:24,13.0482,-8.9268,63.9,19135.0,-71.9,-84.6,-79.8,14,28,0.01,23,10.0,-3.907311284892738,-9.205048534524403,66160
2026-04-01 13:12:26,13.0481,-8.9269,63.8,19146.0,-72.0,-85.0,-80.2,14,27,0.01,23,9.8,-3.8291650591948834,-9.020947563833916,66160
2026-04-01 13:12:28,13.048,-8.9271,63.7,19157.0,-72.1,-85.4,-80.6,13,26,0.0,22,9.7,-3.6336839561343464,-8.993683389297837,66160
2026-04-01 13:12:30,13.0479,-8.9272,63.6,19168.0,-72.1,-85.4,-80.7,13,26,0.0,22,9.5,-3.558762637451164,-8.80824661838448,66160
2026-04-01 13:12:32,13.0479,-8.9274,63.5,19179.0,-72.1,-85.5,-80.7,13,25,0.0,22,9.4,-3.521301978109573,-8.715528232927802,66160
2026-04-01 13:12:34,13.0478,-8.9275,63.3,19190.0,-72.3,-85.8,-81.0,12,25,0.0,23,9.2,-3.5947263821013182,-8.468644651762451,66160
2026-04-01 13:12:36,13.0477,-8.9277,63.2,19201.0,-72.5,-86.1,-81.4,12,24,0.0,23,9.1,-3.555653269252391,-8.376594166417208,66160
2026-04-01 13:12:38,13.0477,-8.9279,63.1,19212.0,-72.5,-86.3,-81.5,12,24,0.0,23,9.0,-3.5165801564034638,-8.284543681071963,66160
2026-04-01 13:12:40,13.0476,-8.928,63.0,19223.0,-72.7,-86.5,-81.8,12,23,0.0,24,8.8,-3.5792824590670422,-8.03920002725489,66160
2026-04-01 13:12:42,13.0476,-8.9282,62.9,19233.0,-72.6,-86.4,-81.6,12,24,0.0,25,8.7,-3.676778877144085,-7.884877747218853,66160
2026-04-01 13:12:44,13.0476,-8.9283,62.8,19242.0,-72.6,-86.6,-81.8,11,23,0.0,26,8.6,-3.769991862386066,-7.729628798172836,66160
2026-04-01 13:12:46,13.0475,-8.9284,62.7,19253.0,-72.9,-87.1,-82.4,11,22,0.0,27,8.6,-3.9043182977601023,-7.662656108019964,66160
2026-04-01 13:12:48,13.0474,-8.9286,62.6,19263.0,-73.0,-87.4,-82.7,10,21,0.0,28,8.6,-4.037455439958661,-7.593349298586772,66160
2026-04-01 13:12:50,13.0473,-8.9287,62.5,19273.0,-73.1,-87.6,-82.8,10,21,0.0,29,8.6,-4.169362734118499,-7.521729481398803,66160
2026-04-01 13:12:52,13.0473,-8.9288,62.3,19284.0,-73.2,-87.7,-83.0,10,21,0.0,30,8.6,-4.299999999999999,-7.447818472546173,66160
2026-04-01 13:12:54,13.0472,-8.9289,62.2,19293.0,-73.1,-87.8,-83.0,10,20,0.0,31,8.6,-4.429327444226465,-7.371638786038166,66160
2026-04-01 13:12:56,13.0472,-8.929,62.1,19303.0,-72.8,-87.6,-82.8,10,20,0.0,32,8.7,-4.610297598828883,-7.378018436560906,66160
2026-04-01 13:12:58,13.0471,-8.9291,62.0,19314.0,-72.9,-87.7,-82.9,10,20,0.0,33,8.7,-4.738359604630736,-7.296433941125189,66160
2026-04-01 13:13:00,13.0469,-8.9293,61.9,19325.0,-72.8,-87.6,-82.8,10,20,0.0,35,8.8,-5.047472639889206,-7.208537989743128,66160
2026-04-01 13:13:02,13.0468,-8.9294,61.8,19334.0,-72.8,-87.8,-83.0,10,19,0.0,36,8.9,-5.2312887454030115,-7.200251249937033,66160
2026-04-01 13:13:04,13.0467,-8.9295,61.7,19343.0,-72.9,-87.7,-83.0,10,20,0.0,37,9.0,-5.416335208368435,-7.187719590425635,66160
2026-04-01 13:13:06,13.0466,-8.9296,61.6,19352.0,-72.7,-87.5,-82.7,10,20,0.0,38,9.1,-5.60251942546349,-7.170897857821169,66160
2026-04-01 13:13:08,13.0466,-8.9298,61.5,19362.0,-72.7,-87.5,-82.7,10,20,0.0,39,9.2,-5.789747597658503,-7.149742845404131,66160
2026-04-01 13:13:10,13.0464,-8.9299,61.4,19371.0,-72.9,-87.7,-83.0,10,20,0.0,39,9.4,-5.915611675868472,-7.3051720376955265,66160
2026-04-01 13:13:12,13.0463,-8.93,61.3,19381.0,-73.1,-88.1,-83.3,9,19,0.0,40,9.5,-6.106482292022123,-7.277422209630291,66160
2026-04-01 13:13:14,13.0461,-8.9302,61.2,19392.0,-73.3,-88.4,-83.6,9,19,0.0,40,9.7,-6.23503981395943,-7.430631098254086,66160
2026-04-01 13:13:16,13.046,-8.9303,61.1,19402.0,-73.2,-88.2,-83.4,9,19,0.0,40,9.9,-6.363597335896739,-7.583839986877883,66160
2026-04-01 13:13:18,13.0459,-8.9305,61.0,19412.0,-73.3,-88.2,-83.4,9,19,0.0,40,10.1,-6.492154857834046,-7.737048875501678,66160
2026-04-01 13:13:20,13.0458,-8.9306,60.9,19423.0,-73.4,-88.4,-83.6,9,19,0.0,40,10.3,-6.620712379771355,-7.890257764125474,66160
2026-04-01 13:13:22,13.0456,-8.9307,60.8,19432.0,-73.3,-88.3,-83.6,9,19,0.0,40,10.5,-6.749269901708662,-8.043466652749268,66160
2026-04-01 13:13:24,13.0455,-8.9309,60.7,19441.0,-73.4,-88.4,-83.7,9,19,0.0,41,10.7,-7.019831610198428,-8.07539250838366,66160
2026-04-01 13:13:26,13.0454,-8.931,60.6,19450.0,-73.5,-88.6,-83.8,9,19,0.0,41,10.9,-7.151043415996529,-8.226334424428215,66160
2026-04-01 13:13:28,13.0453,-8.9311,60.5,19460.0,-73.5,-88.6,-83.8,9,19,0.0,42,11.1,-7.427349730583326,-8.248907562799076,66160
2026-04-01 13:13:30,13.0451,-8.9313,60.4,19470.0,-73.7,-88.7,-83.9,9,19,0.0,42,11.4,-7.628088912490984,-8.471851010442295,66160
2026-04-01 13:13:32,13.045,-8.9315,60.3,19479.0,-73.7,-88.7,-84.0,9,19,0.0,43,11.6,-7.911180976724982,-8.483702938782377,66160
2026-04-01 13:13:34,13.0449,-8.9316,60.2,19488.0,-73.8,-88.8,-84.0,9,19,0.0,44,11.7,-8.127502934370268,-8.41627566396222,66160
2026-04-01 13:13:36,13.0447,-8.9318,60.1,19498.0,-73.8,-88.8,-84.0,9,19,0.0,45,11.9,-8.414570696119915,-8.414570696119917,66160
2026-04-01 13:13:38,13.0446,-8.932,60.0,19507.0,-73.8,-88.7,-84.0,9,19,0.0,45,11.9,-8.414570696119915,-8.414570696119917,66160
2026-04-01 13:13:40,13.0445,-8.9321,59.9,19516.0,-73.9,-88.7,-84.0,10,19,0.0,46,12.0,-8.632077604063813,-8.335900445507967,66160
2026-04-01 13:13:42,13.0443,-8.9323,59.8,19525.0,-73.9,-88.9,-84.1,9,19,0.0,47,12.1,-8.849379789591962,-8.252180156756232,66160
2026-04-01 13:13:44,13.0441,-8.9325,59.7,19534.0,-74.0,-88.9,-84.2,9,19,0.0,48,12.1,-8.99205238827647,-8.096480336942184,66160
2026-04-01 13:13:46,13.044,-8.9326,59.6,19543.0,-74.1,-89.0,-84.2,9,19,0.0,49,12.1,-9.131985920695541,-7.938314250785138,66160
2026-04-01 13:13:48,13.0438,-8.9328,59.5,19554.0,-74.2,-89.2,-84.4,9,19,0.0,50,12.1,-9.269137761739634,-7.777730077207126,66160
2026-04-01 13:13:50,13.0435,-8.933,59.4,19563.0,-74.1,-89.1,-84.4,9,19,0.0,52,12.1,-9.534930118641336,-7.449503851440465,66160
2026-04-01 13:13:52,13.0433,-8.9332,59.3,19571.0,-74.2,-89.4,-84.6,9,18,0.0,53,12.0,-9.583626120567514,-7.221780277824579,66160
2026-04-01 13:13:54,13.0431,-8.9333,59.2,19581.0,-74.4,-89.7,-85.0,9,17,0.0,54,12.0,-9.70820393249937,-7.053423027509678,66160
2026-04-01 13:13:56,13.0429,-8.9334,59.2,19589.0,-74.1,-89.7,-85.0,8,17,0.0,56,11.9,-9.865547113404997,-6.654395551301887,66160
2026-04-01 13:13:58,13.0427,-8.9334,59.1,19598.0,-74.0,-90.0,-85.3,8,16,0.0,57,11.8,-9.896312701756004,-6.42674061317732,66160
2026-04-01 13:14:00,13.0425,-8.9336,59.0,19608.0,-73.8,-90.1,-85.4,7,15,0.0,59,11.7,-10.028857418214713,-6.0259454764476335,66160
2026-04-01 13:14:02,13.0423,-8.9337,58.9,19617.0,-73.3,-89.7,-84.9,7,15,0.0,61,11.6,-10.145588602816991,-5.623791594857511,66160
2026-04-01 13:14:04,13.0421,-8.9339,58.8,19626.0,-72.8,-89.2,-84.4,7,15,0.0,63,11.4,-10.157474375747395,-5.175491697030834,66160
2026-04-01 13:14:06,13.042,-8.9339,58.7,19636.0,-72.5,-88.8,-84.1,8,15,0.0,64,11.2,-10.06649331855067,-4.909756844037667,66160
2026-04-01 13:14:08,13.0418,-8.9339,58.6,19645.0,-72.3,-88.8,-84.0,7,15,0.0,66,11.1,-10.14035457983287,-4.514776738141382,66160
2026-04-01 13:14:10,13.0416,-8.934,58.5,19655.0,-72.4,-88.8,-84.1,8,15,0.0,68,10.8,-10.013585629321305,-4.04575120889185,66160
2026-04-01 13:14:12,13.0414,-8.934,58.4,19665.0,-72.2,-88.7,-83.9,8,15,0.0,70,10.5,-9.866772518252038,-3.5912115049195226,66160
2026-04-01 13:14:14,13.0412,-8.9341,58.3,19674.0,-72.2,-88.5,-83.7,8,15,0.0,71,10.2,-9.64428947111303,-3.3207951754629987,66160
2026-04-01 13:14:16,13.041,-8.9342,58.2,19683.0,-71.8,-88.0,-83.3,8,16,0.0,73,9.9,-9.467417084034052,-2.8944798767550943,66160
2026-04-01 13:14:18,13.0409,-8.9342,58.1,19693.0,-72.0,-88.3,-83.5,8,16,0.0,74,9.7,-9.324238450601692,-2.6736823514248917,66160
2026-04-01 13:14:20,13.0407,-8.9341,58.0,19702.0,-72.1,-88.2,-83.5,8,16,0.0,75,9.4,-9.079702767117242,-2.432899023963695,66160
2026-04-01 13:14:22,13.0406,-8.9341,57.9,19711.0,-72.0,-88.5,-83.7,8,15,0.0,77,9.2,-8.964204596024164,-2.069549699963557,66160
2026-04-01 13:14:24,13.0404,-8.9342,57.8,19721.0,-71.9,-88.6,-83.9,7,15,0.0,78,9.0,-8.80332840660425,-1.871205217359835,66160
2026-04-01 13:14:26,13.0402,-8.9342,57.8,19729.0,-71.7,-88.4,-83.7,7,14,0.0,80,8.8,-8.66630822650743,-1.5281039634689877,66160
2026-04-01 13:14:28,13.0401,-8.9343,57.7,19736.0,-72.0,-88.7,-83.9,7,15,0.0,81,8.6,-8.494119729118184,-1.345336399345986,66160
2026-04-01 13:14:30,13.0399,-8.9343,57.6,19746.0,-72.2,-88.7,-83.9,7,15,0.0,82,8.4,-8.318251777429191,-1.16905404806455,66160
2026-04-01 13:14:32,13.0398,-8.9343,57.5,19754.0,-72.1,-88.6,-83.8,7,15,0.0,83,8.2,-8.13887844345884,-0.9993286159222093,66160
2026-04-01 13:14:34,13.0396,-8.9343,57.4,19764.0,-72.2,-88.7,-83.9,7,15,0.0,84,8.0,-7.956175162946186,-0.8362277061412277,66160
2026-04-01 13:14:36,13.0395,-8.9343,57.3,19774.0,-72.4,-88.6,-83.9,8,16,0.0,85,7.7,-7.670699175306441,-0.6710992191569677,66160
2026-04-01 13:14:38,13.0394,-8.9344,57.2,19782.0,-72.2,-88.5,-83.8,8,15,0.0,87,7.5,-7.489721510659304,-0.39251967182207975,66160
2026-04-01 13:14:40,13.0393,-8.9343,57.1,19793.0,-72.3,-88.7,-83.9,8,15,0.0,88,7.3,-7.295553037239399,-0.2547663259282579,66160
2026-04-01 13:14:42,13.0391,-8.9343,57.1,19801.0,-72.6,-89.0,-84.2,7,15,0.0,90,7.2,-7.2,-4.4087284769304716e-16,66160
2026-04-01 13:14:44,13.039,-8.9343,57.0,19812.0,-72.9,-89.3,-84.5,8,15,0.0,91,7.0,-6.998933866094739,0.12216684506098434,66160
2026-04-01 13:14:46,13.0389,-8.9343,56.9,19822.0,-72.8,-88.9,-84.2,8,16,0.0,92,6.9,-6.895796706431761,0.2408065272472566,66160
2026-04-01 13:14:48,13.0388,-8.9343,56.8,19831.0,-72.7,-88.6,-83.9,8,16,0.0,93,6.8,-6.790680836331102,0.35588450245201814,66160
2026-04-01 13:14:50,13.0387,-8.9343,56.7,19840.0,-72.4,-88.3,-83.6,8,16,0.0,95,6.6,-6.57488500740552,0.5752279021345443,66160
2026-04-01 13:14:52,13.0386,-8.9343,56.6,19850.0,-72.6,-88.6,-83.9,8,16,0.0,97,6.5,-6.451549985668594,0.7921507321334579,66160
2026-04-01 13:14:54,13.0385,-8.9343,56.5,19859.0,-73.1,-89.1,-84.3,8,16,0.0,100,6.4,-6.3027696192781315,1.111348337068354,66160
2026-04-01 13:14:56,13.0384,-8.9343,56.4,19867.0,-73.4,-89.5,-84.8,8,16,0.0,103,6.3,-6.1385314081469815,1.4171916423663498,66160
2026-04-01 13:14:58,13.0383,-8.9343,56.3,19876.0,-73.2,-89.3,-84.5,8,16,0.0,105,6.3,-6.085332705621131,1.6305599841458813,66160
2026-04-01 13:15:00,13.0382,-8.9342,56.3,19884.0,-73.0,-89.0,-84.2,8,16,0.0,108,6.3,-5.991656052659468,1.9468070645621682,66160
2026-04-01 13:15:02,13.038,-8.9341,56.2,19895.0,-73.3,-89.6,-84.8,8,15,0.0,111,6.2,-5.788198644282651,2.2218812871808615,66160
2026-04-01 13:15:04,13.0379,-8.9341,56.1,19906.0,-73.3,-89.6,-84.9,7,15,0.0,114,6.2,-5.663981837384125,2.521767187069962,66160
2026-04-01 13:15:06,13.0378,-8.9341,56.0,19916.0,-73.2,-89.6,-84.9,7,15,0.0,116,6.3,-5.662402491684752,2.761738224771188,66160
2026-04-01 13:15:08,13.0377,-8.9341,55.9,19927.0,-73.2,-89.7,-85.0,7,14,0.0,119,6.3,-5.510104154978194,3.054300607551923,66160
2026-04-01 13:15:10,13.0376,-8.934,55.8,19938.0,-72.9,-89.9,-85.1,7,14,0.0,122,6.5,-5.5123126250167696,3.4444752175158313,66160
2026-04-01 13:15:12,13.0375,-8.934,55.7,19947.0,-72.9,-89.8,-85.0,7,14,0.0,125,6.6,-5.406403492307345,3.7856044799169046,66160
2026-04-01 13:15:14,13.0375,-8.9338,55.6,19958.0,-73.1,-90.0,-85.3,7,14,0.0,128,6.8,-5.35847312452571,4.186498032214477,66160
2026-04-01 13:15:16,13.0374,-8.9336,55.5,19967.0,-73.6,-90.8,-86.0,6,13,0.0,131,6.9,-5.207496103537128,4.526807300034499,66160
2026-04-01 13:15:18,13.0373,-8.9335,55.4,19978.0,-73.9,-91.3,-86.6,6,12,0.0,133,7.1,-5.192611281496111,4.842188356443738,66160
2026-04-01 13:15:20,13.0371,-8.9335,55.3,19988.0,-73.9,-91.2,-86.4,6,13,0.0,136,7.2,-5.0015402673047795,5.17924656243829,66160
2026-04-01 13:15:22,13.0371,-8.9335,55.2,19997.0,-74.0,-91.3,-86.5,6,12,0.0,139,7.5,-4.920442717428805,5.6603218516707905,66160
2026-04-01 13:15:24,13.037,-8.9333,55.1,20008.0,-74.2,-91.5,-86.8,6,12,0.0,140,7.7,-4.949464594586354,5.89854221201613,66160
2026-04-01 13:15:26,13.037,-8.9332,55.0,20016.0,-73.7,-91.6,-86.8,6,11,0.0,142,8.0,-4.925291802605267,6.304086028853775,66160
2026-04-01 13:15:28,13.0369,-8.9331,54.9,20026.0,-73.9,-92.1,-87.3,5,11,0.0,144,8.3,-4.878617594027529,6.714841053312064,66160
2026-04-01 13:15:30,13.0367,-8.9329,54.8,20036.0,-74.2,-92.4,-87.7,5,10,0.0,145,8.6,-4.932757352618995,7.04470758088533,66160
2026-04-01 13:15:32,13.0366,-8.9328,54.7,20046.0,-74.2,-92.5,-87.8,5,10,0.0,146,8.9,-4.976816840889648,7.378434395739871,66160
2026-04-01 13:15:34,13.0365,-8.9327,54.6,20056.0,-74.2,-92.5,-87.8,5,10,0.0,147,9.2,-5.010679122138251,7.715769225097899,66160
2026-04-01 13:15:36,13.0365,-8.9326,54.5,20066.0,-74.0,-92.4,-87.6,5,10,0.0,147,9.5,-5.17407083264276,7.967370395481527,66160
2026-04-01 13:15:38,13.0365,-8.9324,54.4,20076.0,-74.4,-92.9,-88.2,5,10,0.0,147,9.8,-5.337462543147268,8.218971565865155,66160
2026-04-01 13:15:40,13.0364,-8.9322,54.3,20087.0,-74.4,-93.2,-88.5,5,9,0.0,147,10.1,-5.5008542536517755,8.470572736248782,66160
2026-04-01 13:15:42,13.0363,-8.932,54.2,20098.0,-74.5,-93.4,-88.7,5,9,0.0,147,10.4,-5.664245964156284,8.72217390663241,66160
2026-04-01 13:15:44,13.0361,-8.9318,54.2,20107.0,-74.3,-93.5,-88.8,4,9,0.0,146,10.7,-5.983364067136992,8.870702026338945,66160
2026-04-01 13:15:46,13.036,-8.9317,54.1,20117.0,-74.3,-93.4,-88.7,4,9,0.0,146,11.0,-6.151121938178216,9.119413298105458,66160
2026-04-01 13:15:48,13.036,-8.9315,54.0,20126.0,-74.1,-93.1,-88.4,4,9,0.0,145,11.2,-6.4240560871317145,9.174502896036708,66160
2026-04-01 13:15:50,13.0359,-8.9313,53.9,20136.0,-74.0,-92.9,-88.2,5,9,0.0,145,11.4,-6.538771374401924,9.338333304894508,66160
2026-04-01 13:15:52,13.0357,-8.9311,53.8,20145.0,-73.9,-93.1,-88.3,4,9,0.0,144,11.7,-6.877087451821937,9.465498834186883,66160
2026-04-01 13:15:54,13.0356,-8.9309,53.8,20150.0,-73.9,-93.0,-88.3,4,9,0.0,143,11.9,-7.161598775509373,9.503762569562786,66160
2026-04-01 13:15:56,13.0355,-8.9307,53.6,20164.0,-73.7,-92.7,-88.0,5,9,0.0,141,12.1,-7.614776731703032,9.403466133629347,66160
2026-04-01 13:15:58,13.0353,-8.9306,53.5,20173.0,-73.6,-92.7,-88.0,4,9,0.0,140,12.3,-7.906287599144436,9.422346650363428,66160
2026-04-01 13:16:00,13.0351,-8.9304,53.5,20183.0,-73.6,-92.8,-88.0,4,9,0.0,138,12.6,-8.431045640121617,9.363624801015165,66160
2026-04-01 13:16:02,13.035,-8.9302,53.4,20192.0,-73.4,-92.6,-87.9,4,9,0.0,136,12.8,-8.891627141875164,9.207549444334736,66160
2026-04-01 13:16:04,13.0348,-8.93,53.3,20203.0,-73.4,-92.5,-87.7,5,9,0.0,134,13.0,-9.351417404402465,9.030558815966966,66160
2026-04-01 13:16:06,13.0346,-8.9299,53.2,20213.0,-73.3,-92.5,-87.8,4,9,0.0,133,13.1,-9.580733491211134,8.934178516818728,66160
2026-04-01 13:16:08,13.0344,-8.9297,53.1,20221.0,-73.3,-92.4,-87.7,5,9,0.0,130,13.3,-10.188391093482409,8.549075208830974,66160
2026-04-01 13:16:10,13.0343,-8.9295,53.0,20231.0,-73.3,-92.3,-87.5,5,9,0.0,128,13.5,-10.638145173690747,8.311429916896387,66160
2026-04-01 13:16:12,13.0341,-8.9294,52.9,20241.0,-73.1,-92.0,-87.3,5,10,0.0,126,13.6,-11.002631123499285,7.993879431177633,66160
2026-04-01 13:16:14,13.0339,-8.9292,52.8,20251.0,-73.0,-92.1,-87.3,5,9,0.0,123,13.8,-11.573653837646852,7.516018683207376,66160
2026-04-01 13:16:16,13.0336,-8.9291,52.7,20261.0,-72.9,-92.0,-87.3,5,9,0.0,120,14.0,-12.124355652982143,6.999999999999997,66160
2026-04-01 13:16:18,13.0334,-8.929,52.6,20272.0,-72.8,-92.1,-87.3,4,9,0.0,118,14.2,-12.53785581859676,6.66649619155965,66160
2026-04-01 13:16:20,13.0331,-8.9289,52.6,20282.0,-72.6,-91.8,-87.1,5,9,0.0,116,14.5,-13.03251367133792,6.356381628441624,66160
2026-04-01 13:16:22,13.0329,-8.9288,52.5,20292.0,-72.2,-91.5,-86.8,5,9,0.0,113,14.7,-13.531421345750871,5.743747588792324,66160
2026-04-01 13:16:24,13.0327,-8.9286,52.4,20301.0,-71.9,-91.2,-86.4,5,9,0.0,112,15.0,-13.90775781850181,5.619098901238681,66160
2026-04-01 13:16:26,13.0324,-8.9285,52.3,20312.0,-71.7,-91.1,-86.4,5,9,0.0,110,15.3,-14.3772970980244,5.232908192882731,66160
2026-04-01 13:16:28,13.0321,-8.9285,52.2,20323.0,-71.6,-91.1,-86.3,5,9,0.0,108,15.6,-14.836481654204396,4.820665112249179,66160
2026-04-01 13:16:30,13.0318,-8.9285,52.1,20331.0,-71.6,-91.1,-86.3,5,9,0.0,107,15.8,-15.109615144215962,4.61947293461924,66160
2026-04-01 13:16:32,13.0315,-8.9284,52.0,20340.0,-71.8,-91.4,-86.6,4,9,0.0,106,16.0,-15.380187135013102,4.410197693071985,66160
2026-04-01 13:16:34,13.0312,-8.9284,52.0,20349.0,-71.6,-91.1,-86.4,4,9,0.0,105,16.3,-15.744590968511814,4.21875043517109,66160
2026-04-01 13:16:36,13.0309,-8.9283,51.9,20359.0,-71.2,-90.7,-86.0,5,9,0.0,104,16.5,-16.00987948355394,3.9917112773945185,66160
2026-04-01 13:16:38,13.0306,-8.9283,51.8,20370.0,-71.1,-90.8,-86.1,4,9,0.0,103,16.7,-16.271980081913426,3.7566826075425457,66160
2026-04-01 13:16:40,13.0302,-8.9283,51.7,20379.0,-71.1,-91.1,-86.3,4,8,0.0,102,16.9,-16.530694452401313,3.5137075748201325,66160
2026-04-01 13:16:42,13.0299,-8.9283,51.6,20388.0,-71.1,-91.2,-86.5,4,8,0.0,102,17.1,-16.72632397254808,3.5552899129836852,66160
2026-04-01 13:16:44,13.0296,-8.9282,51.5,20401.0,-71.0,-91.1,-86.3,4,8,0.0,101,17.3,-16.98215027364459,3.300995620014225,66160
2026-04-01 13:16:46,13.0293,-8.9281,51.4,20410.0,-70.4,-90.6,-85.8,4,8,0.0,101,17.5,-17.17847571033412,3.339157419089534,66160
2026-04-01 13:16:48,13.029,-8.928,51.4,20419.0,-70.5,-90.9,-86.2,4,8,0.0,100,17.6,-17.33261645301486,3.0562079269379736,66160
2026-04-01 13:16:50,13.0286,-8.9279,51.3,20430.0,-70.3,-90.8,-86.1,4,8,0.0,100,17.8,-17.529578003617303,3.0909375624713595,66160
2026-04-01 13:16:52,13.0283,-8.9279,51.2,20437.0,-69.8,-90.4,-85.6,4,8,0.0,100,17.9,-17.628058778918522,3.1083023802380523,66160
2026-04-01 13:16:54,13.028,-8.9279,51.1,20447.0,-69.7,-90.3,-85.6,4,8,0.0,100,18.0,-17.726539554219745,3.1256671980047455,66160
2026-04-01 13:16:56,13.0277,-8.9278,51.0,20458.0,-69.4,-90.1,-85.3,4,8,0.0,101,18.0,-17.66928930205795,3.4345619167778065,66160
2026-04-01 13:16:58,13.0274,-8.9278,50.9,20466.0,-69.2,-89.7,-84.9,4,8,0.0,101,18.1,-17.767452020402718,3.4536428163154613,66160
2026-04-01 13:17:00,13.0271,-8.9277,50.9,20476.0,-69.2,-89.8,-85.1,4,8,0.0,102,18.2,-17.802286333355262,3.7839927728832197,66160
2026-04-01 13:17:02,13.0267,-8.9276,50.8,20485.0,-69.0,-89.7,-85.0,4,8,0.0,102,18.2,-17.802286333355262,3.7839927728832197,66160
2026-04-01 13:17:04,13.0263,-8.9275,50.7,20494.0,-68.9,-89.8,-85.0,4,8,0.0,103,18.3,-17.830972185569806,4.11660429449273,66160
2026-04-01 13:17:06,13.026,-8.9275,50.6,20504.0,-68.6,-89.3,-84.5,4,8,0.0,103,18.4,-17.928409192048328,4.139099399927116,66160
2026-04-01 13:17:08,13.0258,-8.9274,50.5,20514.0,-68.2,-89.1,-84.3,4,8,0.0,104,18.5,-17.950470936105933,4.475555068593854,66160
2026-04-01 13:17:10,13.0254,-8.9273,50.5,20524.0,-68.1,-89.0,-84.2,4,8,0.0,104,18.6,-18.047500508733535,4.499747258153821,66160
2026-04-01 13:17:12,13.0251,-8.9273,50.4,20533.0,-67.9,-88.8,-84.1,4,8,0.0,104,18.8,-18.241559653988734,4.548131637273754,66160
2026-04-01 13:17:14,13.0247,-8.9272,50.3,20541.0,-67.8,-88.7,-84.0,4,8,0.0,105,18.9,-18.25599811686339,4.891679952437643,66160
2026-04-01 13:17:16,13.0244,-8.9271,50.2,20551.0,-67.6,-88.5,-83.7,4,8,0.0,105,19.1,-18.449183282121208,4.943443761458148,66160
2026-04-01 13:17:18,13.0241,-8.927,50.2,20560.0,-67.6,-88.4,-83.7,4,8,0.0,106,19.3,-18.552350731609554,5.3198009672680815,66160
2026-04-01 13:17:20,13.0238,-8.9269,50.1,20570.0,-67.4,-88.4,-83.6,4,8,0.0,106,19.5,-18.74460307079722,5.374928438431482,66160
2026-04-01 13:17:22,13.0235,-8.9268,50.0,20579.0,-67.4,-88.5,-83.7,4,8,0.0,106,19.6,-18.840729240391052,5.402492174013182,66160
2026-04-01 13:17:24,13.0231,-8.9267,49.9,20590.0,-67.1,-88.2,-83.5,4,8,0.0,107,19.7,-18.8392036924718,5.759722583037912,66160
2026-04-01 13:17:26,13.0227,-8.9265,49.8,20600.0,-66.7,-87.9,-83.2,4,8,0.0,107,19.8,-18.934834168068104,5.788959753510186,66160
2026-04-01 13:17:28,13.0224,-8.9264,49.8,20608.0,-66.5,-87.9,-83.1,4,7,0.0,107,20.0,-19.12609511926071,5.847434094454734,66160
2026-04-01 13:17:30,13.022,-8.9263,49.7,20618.0,-66.3,-87.7,-82.9,4,7,0.0,108,20.1,-19.11623597753259,6.211241586936442,66160
2026-04-01 13:17:32,13.0217,-8.9262,49.6,20628.0,-66.2,-87.7,-82.9,4,7,0.0,108,20.3,-19.30644728079162,6.273044985811431,66160
2026-04-01 13:17:34,13.0213,-8.926,49.5,20638.0,-66.3,-87.8,-83.1,4,7,0.0,109,20.6,-19.477682657345927,6.706703981817427,66160
2026-04-01 13:17:36,13.0209,-8.9259,49.4,20648.0,-66.3,-88.0,-83.2,4,7,0.0,109,20.8,-19.66678637246579,6.771817612708858,66160
2026-04-01 13:17:38,13.0206,-8.9257,49.4,20657.0,-66.3,-88.0,-83.2,4,7,0.0,109,21.1,-19.950441945145588,6.869488059046006,66160
2026-04-01 13:17:40,13.0202,-8.9257,49.3,20666.0,-66.2,-88.0,-83.3,4,7,0.0,109,21.3,-20.13954566026545,6.934601689937437,66160
2026-04-01 13:17:42,13.0198,-8.9256,49.2,20675.0,-66.2,-88.2,-83.4,4,7,0.0,110,21.5,-20.203391346897032,7.353433081501877,66160
2026-04-01 13:17:44,13.0195,-8.9254,49.1,20685.0,-66.1,-88.3,-83.5,3,7,0.0,110,21.7,-20.39132987105421,7.421837110167011,66160
2026-04-01 13:17:46,13.0191,-8.9253,49.1,20693.0,-66.0,-88.3,-83.5,3,6,0.0,110,21.8,-20.485299133132806,7.456039124499578,66160
2026-04-01 13:17:48,13.0188,-8.9251,49.0,20704.0,-66.0,-88.4,-83.7,3,6,0.0,110,21.9,-20.579268395211393,7.490241138832144,66160
2026-04-01 13:17:50,13.0184,-8.925,48.9,20713.0,-65.9,-88.5,-83.8,3,6,0.0,110,22.0,-20.673237657289985,7.524443153164712,66160
2026-04-01 13:17:52,13.018,-8.9249,48.8,20722.0,-65.7,-88.5,-83.8,3,6,0.0,110,22.1,-20.76720691936858,7.558645167497279,66160
2026-04-01 13:17:54,13.0176,-8.9248,48.8,20730.0,-65.6,-88.6,-83.8,3,6,0.0,110,22.1,-20.76720691936858,7.558645167497279,66160
2026-04-01 13:17:56,13.0172,-8.9246,48.7,20739.0,-65.4,-88.6,-83.8,3,6,0.0,110,22.1,-20.76720691936858,7.558645167497279,66160
2026-04-01 13:17:58,13.0169,-8.9244,48.6,20747.0,-65.2,-88.5,-83.7,3,6,0.0,110,22.1,-20.76720691936858,7.558645167497279,66160
2026-04-01 13:18:00,13.0165,-8.9243,48.6,20754.0,-65.2,-88.6,-83.8,3,5,0.0,110,22.1,-20.76720691936858,7.558645167497279,66160
2026-04-01 13:18:02,13.0161,-8.9242,48.5,20763.0,-65.1,-88.6,-83.8,3,5,0.0,110,22.2,-20.861176181447167,7.592847181829845,66160
2026-04-01 13:18:04,13.0156,-8.924,48.4,20772.0,-65.1,-88.7,-83.9,3,5,0.0,110,22.2,-20.861176181447167,7.592847181829845,66160
2026-04-01 13:18:06,13.0152,-8.9239,48.4,20780.0,-65.1,-88.8,-84.1,3,5,0.0,110,22.3,-20.95514544352576,7.627049196162413,66160
2026-04-01 13:18:08,13.0149,-8.9237,48.3,20789.0,-64.9,-88.8,-84.0,3,5,0.0,110,22.5,-21.14308396768294,7.6954532248275465,66160
2026-04-01 13:18:10,13.0145,-8.9235,48.2,20797.0,-64.7,-88.8,-84.1,3,5,0.0,110,22.6,-21.237053229761532,7.729655239160113,66160
2026-04-01 13:18:12,13.0141,-8.9234,48.2,20806.0,-64.7,-89.0,-84.2,3,5,0.0,110,22.7,-21.33102249184012,7.76385725349268,66160
2026-04-01 13:18:14,13.0137,-8.9233,48.1,20815.0,-64.6,-89.1,-84.4,2,5,0.0,110,22.8,-21.424991753918714,7.798059267825247,66160
2026-04-01 13:18:16,13.0133,-8.9232,48.0,20822.0,-64.6,-89.2,-84.5,2,4,0.0,110,22.8,-21.424991753918714,7.798059267825247,66160
2026-04-01 13:18:18,13.013,-8.9231,48.0,20831.0,-64.7,-89.5,-84.8,2,4,0.0,110,22.9,-21.518961015997302,7.8322612821578135,66160
2026-04-01 13:18:20,13.0126,-8.923,47.9,20838.0,-64.6,-89.5,-84.8,2,4,0.0,110,22.8,-21.424991753918714,7.798059267825247,66160
2026-04-01 13:18:22,13.0123,-8.9228,47.8,20846.0,-64.6,-89.7,-85.0,2,4,0.0,110,22.8,-21.424991753918714,7.798059267825247,66160
2026-04-01 13:18:24,13.0119,-8.9226,47.8,20855.0,-64.7,-90.2,-85.4,2,4,0.0,110,22.8,-21.424991753918714,7.798059267825247,66160
2026-04-01 13:18:26,13.0115,-8.9224,47.7,20861.0,-64.7,-90.3,-85.6,2,4,0.0,109,22.8,-21.557823523664425,7.422953921623172,66160
2026-04-01 13:18:28,13.0111,-8.9223,47.7,20869.0,-64.6,-90.4,-85.7,2,4,0.0,109,22.7,-21.463271666104493,7.390397106177455,66160
2026-04-01 13:18:30,13.0107,-8.9222,47.6,20877.0,-64.4,-90.4,-85.6,2,4,0.0,109,22.6,-21.36871980854456,7.35784029073174,66160
2026-04-01 13:18:32,13.0103,-8.9221,47.5,20886.0,-64.2,-90.4,-85.6,2,3,0.0,108,22.6,-21.493877268270474,6.98378407287381,66160
2026-04-01 13:18:34,13.0099,-8.9219,47.5,20894.0,-64.1,-90.3,-85.5,2,3,0.0,108,22.5,-21.398771616640957,6.952882373436315,66160
2026-04-01 13:18:36,13.0095,-8.9217,47.4,20902.0,-64.0,-90.5,-85.8,2,3,0.0,108,22.4,-21.30366596501144,6.92198067399882,66160
2026-04-01 13:18:38,13.0091,-8.9215,47.3,20911.0,-64.0,-90.6,-85.9,2,3,0.0,107,22.3,-21.325596057975694,6.519889015317028,66160
2026-04-01 13:18:40,13.0087,-8.9215,47.3,20920.0,-63.9,-90.6,-85.9,2,3,0.0,107,22.2,-21.22996558237939,6.490651844844754,66160
2026-04-01 13:18:42,13.0083,-8.9214,47.2,20927.0,-63.9,-90.8,-86.1,2,3,0.0,106,22.1,-21.24388348023685,6.09158556355568,66160
2026-04-01 13:18:44,13.0079,-8.9213,47.1,20936.0,-64.0,-91.2,-86.4,2,3,0.0,106,22.1,-21.24388348023685,6.09158556355568,66160
2026-04-01 13:18:46,13.0075,-8.9212,47.1,20947.0,-63.9,-91.3,-86.6,2,3,0.0,105,22.0,-21.2503681783595,5.694018992255459,66160
2026-04-01 13:18:48,13.0071,-8.921,47.0,20956.0,-63.7,-91.2,-86.4,2,3,0.0,104,21.9,-21.249476405444323,5.298089513632724,66160
2026-04-01 13:18:50,13.0067,-8.9209,46.9,20966.0,-63.7,-91.3,-86.6,1,3,0.0,103,21.7,-21.143830405839605,4.881437879261871,66160
2026-04-01 13:18:52,13.0063,-8.9209,46.8,20976.0,-63.6,-91.4,-86.6,1,3,0.0,102,21.6,-21.127988175850206,4.490892521663602,66160
2026-04-01 13:18:54,13.006,-8.9208,46.8,20985.0,-63.6,-91.4,-86.7,1,3,0.0,101,21.5,-21.104984444124774,4.102393400595713,66160
2026-04-01 13:18:56,13.0056,-8.9208,46.7,20995.0,-63.6,-91.5,-86.8,1,3,0.0,100,21.4,-21.07488591446125,3.7160710020723084,66160
2026-04-01 13:18:58,13.0053,-8.9207,46.6,21004.0,-63.5,-91.6,-86.8,1,3,0.0,99,21.2,-20.93899282061692,3.316410658852893,66160
2026-04-01 13:19:00,13.0049,-8.9207,46.6,21014.0,-63.4,-91.6,-86.9,1,2,0.0,98,21.1,-20.894656250447134,2.9365524302573793,66160
2026-04-01 13:19:02,13.0045,-8.9207,46.5,21023.0,-63.3,-91.7,-87.0,1,2,0.0,97,21.1,-20.9427237996319,2.5714431458486096,66160
2026-04-01 13:19:04,13.0041,-8.9207,46.4,21032.0,-63.3,-91.8,-87.0,1,2,0.0,96,21.0,-20.88495980273374,2.1950977286207247,66160
2026-04-01 13:19:06,13.0038,-8.9206,46.4,21040.0,-63.4,-91.8,-87.1,1,2,0.0,96,20.9,-20.78550761319691,2.1846448822939593,66160
2026-04-01 13:19:08,13.0034,-8.9206,46.3,21049.0,-63.3,-91.8,-87.0,1,2,0.0,95,20.9,-20.820469190117482,1.821555023426057,66160
2026-04-01 13:19:10,13.003,-8.9206,46.2,21060.0,-63.4,-91.8,-87.1,1,2,0.0,95,20.9,-20.820469190117482,1.821555023426057,66160
2026-04-01 13:19:12,13.0027,-8.9206,46.1,21068.0,-63.3,-91.7,-87.0,1,2,0.0,94,20.8,-20.749332245404343,1.450934653877807,66160
2026-04-01 13:19:14,13.0023,-8.9206,46.1,21078.0,-63.2,-91.7,-87.0,1,2,0.0,93,20.9,-20.871357276370592,1.0938214854775261,66160
2026-04-01 13:19:16,13.0019,-8.9206,46.0,21086.0,-63.0,-91.6,-86.8,1,2,0.0,93,20.9,-20.871357276370592,1.0938214854775261,66160
2026-04-01 13:19:18,13.0015,-8.9206,45.9,21096.0,-62.9,-91.5,-86.7,1,2,0.0,93,21.0,-20.97122022984605,1.0990550811018207,66160
2026-04-01 13:19:20,13.0012,-8.9206,45.9,21106.0,-62.8,-91.4,-86.6,1,2,0.0,92,21.1,-21.08714645010292,0.7363793804227702,66160
2026-04-01 13:19:22,13.0008,-8.9205,45.8,21115.0,-62.8,-91.4,-86.6,1,2,0.0,92,21.2,-21.18708553280483,0.7398693300930202,66160
2026-04-01 13:19:24,13.0004,-8.9205,45.7,21124.0,-62.7,-91.3,-86.6,1,2,0.0,92,21.3,-21.28702461550674,0.7433592797632703,66160
2026-04-01 13:19:26,13.0,-8.9206,45.7,21133.0,-62.4,-91.1,-86.4,1,2,0.0,92,21.4,-21.386963698208646,0.7468492294335204,66160
2026-04-01 13:19:28,12.9996,-8.9205,45.6,21144.0,-62.3,-91.0,-86.3,1,2,0.0,91,21.6,-21.596710215378053,0.37697197904532315,66160
2026-04-01 13:19:30,12.9992,-8.9205,45.5,21154.0,-62.2,-91.0,-86.2,1,2,0.0,91,21.7,-21.69669498489369,0.3787172196890514,66160
2026-04-01 13:19:32,12.9988,-8.9205,45.4,21163.0,-62.2,-91.0,-86.2,1,2,0.0,91,21.9,-21.89666452392497,0.38220770097650814,66160
2026-04-01 13:19:34,12.9984,-8.9205,45.4,21167.0,-62.1,-90.9,-86.2,1,2,0.0,91,22.1,-22.096634062956248,0.38569818226396485,66160
2026-04-01 13:19:36,12.998,-8.9205,45.3,21182.0,-62.2,-91.0,-86.3,1,2,0.0,91,22.2,-22.196618832471884,0.3874434229076932,66160
2026-04-01 13:19:38,12.9976,-8.9205,45.2,21192.0,-62.2,-91.0,-86.2,1,2,0.0,91,22.4,-22.396588371503164,0.39093390419514984,66160
2026-04-01 13:19:40,12.9972,-8.9205,45.2,21201.0,-62.2,-91.0,-86.2,1,2,0.0,91,22.5,-22.496573141018803,0.3926791448388782,66160
2026-04-01 13:19:42,12.9968,-8.9205,45.1,21211.0,-62.1,-90.9,-86.2,1,2,0.0,91,22.6,-22.596557910534443,0.3944243854826066,66160
2026-04-01 13:19:44,12.9964,-8.9205,45.0,21220.0,-62.1,-90.9,-86.2,1,2,0.0,90,22.8,-22.8,-1.3960973510279826e-15,66160
2026-04-01 13:19:46,12.996,-8.9205,45.0,21229.0,-62.1,-90.9,-86.2,1,2,0.0,90,23.0,-23.0,-1.4083438190194562e-15,66160
2026-04-01 13:19:48,12.9955,-8.9205,44.9,21240.0,-62.1,-90.9,-86.1,1,2,0.0,90,23.1,-23.1,-1.414467053015193e-15,66160
2026-04-01 13:19:50,12.9951,-8.9205,44.8,21249.0,-62.1,-90.9,-86.2,1,2,0.0,90,23.2,-23.2,-1.4205902870109297e-15,66160
2026-04-01 13:19:52,12.9946,-8.9205,44.7,21259.0,-62.2,-91.0,-86.2,1,2,0.0,89,23.3,-23.296451297143918,-0.40664106998870786,66160
2026-04-01 13:19:54,12.9942,-8.9205,44.7,21269.0,-62.3,-91.0,-86.3,1,2,0.0,89,23.3,-23.296451297143918,-0.40664106998870786,66160
2026-04-01 13:19:56,12.9938,-8.9205,44.6,21280.0,-62.2,-91.0,-86.2,1,2,0.0,88,23.4,-23.38574535224684,-0.8166482228385252,66160
2026-04-01 13:19:58,12.9934,-8.9205,44.5,21290.0,-62.2,-91.0,-86.2,1,2,0.0,88,23.5,-23.48568443494875,-0.8201381725087754,66160
2026-04-01 13:20:00,12.9929,-8.9205,44.4,21301.0,-62.3,-91.0,-86.3,1,2,0.0,87,23.6,-23.567657020207943,-1.2351285673334778,66160
2026-04-01 13:20:02,12.9925,-8.9205,44.4,21312.0,-62.4,-91.1,-86.4,1,2,0.0,87,23.7,-23.667519973683397,-1.240362162957772,66160
2026-04-01 13:20:04,12.992,-8.9205,44.3,21323.0,-62.4,-91.1,-86.4,1,2,0.0,86,23.8,-23.742024396183815,-1.6602040751101805,66160
2026-04-01 13:20:06,12.9916,-8.9206,44.2,21333.0,-62.4,-91.1,-86.4,1,2,0.0,86,23.8,-23.742024396183815,-1.6602040751101805,66160
2026-04-01 13:20:08,12.9912,-8.9206,44.1,21343.0,-62.4,-91.1,-86.4,1,2,0.0,85,23.8,-23.709433814583544,-2.0743066773942638,66160
2026-04-01 13:20:10,12.9908,-8.9207,44.1,21352.0,-62.4,-91.1,-86.4,1,2,0.0,84,23.8,-23.669621109764904,-2.4877774257701524,66160
2026-04-01 13:20:12,12.9904,-8.9207,44.0,21361.0,-62.3,-91.1,-86.3,1,2,0.0,84,23.8,-23.669621109764904,-2.4877774257701524,66160
2026-04-01 13:20:14,12.9899,-8.9207,43.9,21370.0,-62.2,-91.0,-86.2,1,2,0.0,83,23.8,-23.622598409063464,-2.9004903730425102,66160
2026-04-01 13:20:16,12.9895,-8.9208,43.9,21380.0,-62.1,-90.9,-86.1,1,2,0.0,82,23.8,-23.568380036049376,-3.312319802849558,66160
2026-04-01 13:20:18,12.9891,-8.9208,43.8,21389.0,-62.1,-90.9,-86.1,1,2,0.0,82,23.8,-23.568380036049376,-3.312319802849558,66160
2026-04-01 13:20:20,12.9886,-8.9209,43.7,21399.0,-62.2,-91.0,-86.2,1,2,0.0,81,23.8,-23.50698250616428,-3.723140267957496,66160
2026-04-01 13:20:22,12.9882,-8.921,43.7,21408.0,-62.2,-91.0,-86.3,1,2,0.0,80,23.8,-23.438424521690553,-4.132826628472944,66160
2026-04-01 13:20:24,12.9878,-8.9211,43.6,21418.0,-62.1,-91.0,-86.2,1,2,0.0,80,23.8,-23.438424521690553,-4.132826628472944,66160
2026-04-01 13:20:26,12.9874,-8.9212,43.5,21427.0,-62.1,-91.0,-86.2,1,2,0.0,79,23.8,-23.362726966054403,-4.541254089961769,66160
2026-04-01 13:20:28,12.9869,-8.9213,43.5,21437.0,-62.0,-90.9,-86.1,1,2,0.0,79,23.9,-23.460889684399167,-4.560334989499423,66160
2026-04-01 13:20:30,12.9865,-8.9213,43.4,21447.0,-61.8,-90.7,-86.0,1,2,0.0,78,23.9,-23.377727657537953,-4.96908941054445,66160
2026-04-01 13:20:32,12.9861,-8.9214,43.3,21457.0,-61.7,-90.6,-85.9,1,2,0.0,78,24.0,-23.475542417611333,-4.989880579626227,66160
2026-04-01 13:20:34,12.9857,-8.9216,43.3,21466.0,-61.6,-90.6,-85.8,1,2,0.0,78,24.1,-23.573357177684716,-5.0106717487080035,66160
2026-04-01 13:20:36,12.9853,-8.9217,43.2,21476.0,-61.6,-90.6,-85.8,1,2,0.0,77,24.3,-23.677192574281218,-5.466310620555918,66160
2026-04-01 13:20:38,12.9848,-8.9218,43.1,21485.0,-61.6,-90.6,-85.8,1,2,0.0,77,24.4,-23.77462958075974,-5.488805725990304,66160
2026-04-01 13:20:40,12.9844,-8.922,43.1,21493.0,-61.7,-90.7,-85.9,1,2,0.0,77,24.4,-23.77462958075974,-5.488805725990304,66160
2026-04-01 13:20:42,12.984,-8.9221,43.0,21503.0,-61.7,-90.7,-85.9,1,2,0.0,77,24.5,-23.872066587238262,-5.51130083142469,66160
2026-04-01 13:20:44,12.9836,-8.9222,42.9,21512.0,-61.7,-90.6,-85.9,1,2,0.0,77,24.6,-23.969503593716787,-5.533795936859077,66160
2026-04-01 13:20:46,12.9831,-8.9223,42.9,21523.0,-61.8,-90.7,-86.0,1,2,0.0,77,24.6,-23.969503593716787,-5.533795936859077,66160
2026-04-01 13:20:48,12.9827,-8.9224,42.8,21532.0,-61.9,-90.8,-86.0,1,2,0.0,77,24.6,-23.969503593716787,-5.533795936859077,66160
2026-04-01 13:20:50,12.9823,-8.9225,42.7,21541.0,-61.8,-90.7,-86.0,1,2,0.0,77,24.7,-24.06694060019531,-5.556291042293464,66160
2026-04-01 13:20:52,12.9818,-8.9226,42.7,21551.0,-61.7,-90.6,-85.9,1,2,0.0,77,24.8,-24.164377606673835,-5.57878614772785,66160
2026-04-01 13:20:54,12.9814,-8.9227,42.6,21562.0,-61.7,-90.6,-85.9,1,2,0.0,77,24.8,-24.164377606673835,-5.57878614772785,66160
2026-04-01 13:20:56,12.9809,-8.9228,42.5,21571.0,-61.6,-90.5,-85.8,1,2,0.0,77,24.9,-24.261814613152357,-5.601281253162236,66160
2026-04-01 13:20:58,12.9805,-8.9228,42.5,21581.0,-61.6,-90.6,-85.8,1,2,0.0,78,24.9,-24.35587525827176,-5.17700110136221,66160
2026-04-01 13:21:00,12.98,-8.9229,42.4,21590.0,-61.6,-90.6,-85.8,1,2,0.0,78,24.9,-24.35587525827176,-5.17700110136221,66160
2026-04-01 13:21:02,12.9795,-8.923,42.3,21600.0,-61.6,-90.5,-85.8,1,2,0.0,78,25.0,-24.45369001834514,-5.197792270443986,66160
2026-04-01 13:21:04,12.9791,-8.9231,42.3,21609.0,-61.5,-90.5,-85.7,1,2,0.0,78,24.9,-24.35587525827176,-5.17700110136221,66160
2026-04-01 13:21:06,12.9787,-8.9232,42.2,21618.0,-61.3,-90.4,-85.6,1,2,0.0,78,24.9,-24.35587525827176,-5.17700110136221,66160
2026-04-01 13:21:08,12.9782,-8.9232,42.1,21628.0,-61.1,-90.2,-85.5,1,2,0.0,78,24.9,-24.35587525827176,-5.17700110136221,66160
2026-04-01 13:21:10,12.9778,-8.9233,42.1,21638.0,-61.1,-90.2,-85.5,1,2,0.0,78,24.8,-24.25806049819838,-5.156209932280435,66160
2026-04-01 13:21:12,12.9773,-8.9234,42.0,21648.0,-61.0,-90.2,-85.4,1,2,0.0,77,24.7,-24.06694060019531,-5.556291042293464,66160
2026-04-01 13:21:14,12.9768,-8.9235,42.0,21656.0,-60.8,-90.0,-85.3,1,2,0.0,77,24.6,-23.969503593716787,-5.533795936859077,66160
2026-04-01 13:21:16,12.9764,-8.9236,41.9,21667.0,-60.8,-90.0,-85.2,1,2,0.0,77,24.5,-23.872066587238262,-5.51130083142469,66160
2026-04-01 13:21:18,12.976,-8.9237,41.8,21677.0,-60.6,-89.9,-85.1,1,2,0.0,76,24.3,-23.578186148506713,-5.878702063071924,66160
2026-04-01 13:21:20,12.9756,-8.9238,41.7,21687.0,-60.7,-89.9,-85.2,1,2,0.0,75,24.1,-23.27881241356655,-6.23753898697075,66160
2026-04-01 13:21:22,12.9751,-8.9239,41.7,21696.0,-60.8,-90.0,-85.3,1,2,0.0,75,24.0,-23.18221983093764,-6.211657082460498,66160
2026-04-01 13:21:24,12.9747,-8.9241,41.6,21706.0,-60.7,-90.0,-85.2,1,2,0.0,74,23.9,-22.97415453292582,-6.587732804026279,66160
2026-04-01 13:21:26,12.9743,-8.9242,41.6,21715.0,-60.7,-89.9,-85.2,1,2,0.0,74,23.8,-22.87802836333199,-6.56016906844458,66160
2026-04-01 13:21:28,12.9739,-8.9243,41.5,21724.0,-60.7,-89.9,-85.2,1,2,0.0,73,23.7,-22.66442271632394,-6.929209401928861,66160
2026-04-01 13:21:30,12.9735,-8.9244,41.4,21733.0,-60.8,-90.0,-85.3,1,2,0.0,72,23.6,-22.444933784565624,-7.29280106724876,66160
2026-04-01 13:21:32,12.9731,-8.9246,41.4,21743.0,-60.9,-90.1,-85.3,1,2,0.0,71,23.4,-22.12513466902401,-7.618294814297467,66160
2026-04-01 13:21:34,12.9727,-8.9247,41.3,21753.0,-60.9,-90.0,-85.3,1,2,0.0,71,23.3,-22.03058281146408,-7.585737998851752,66160
2026-04-01 13:21:36,12.9723,-8.9248,41.2,21762.0,-60.9,-90.1,-85.3,1,2,0.0,70,23.1,-21.706899540154485,-7.9006653108229505,66160
2026-04-01 13:21:38,12.972,-8.925,41.2,21771.0,-60.9,-90.1,-85.3,1,2,0.0,70,23.0,-21.61293027807589,-7.866463296490383,66160
2026-04-01 13:21:40,12.9716,-8.9252,41.1,21780.0,-61.2,-90.3,-85.5,1,2,0.0,70,22.9,-21.5189610159973,-7.832261282157815,66160
2026-04-01 13:21:42,12.9712,-8.9253,41.1,21790.0,-61.4,-90.4,-85.7,1,2,0.0,69,22.8,-21.2856337241362,-8.170789249632849,66160
2026-04-01 13:21:44,12.9708,-8.9254,41.0,21794.0,-61.3,-90.4,-85.6,1,2,0.0,69,22.7,-21.19227568148648,-8.134952454678318,66160
2026-04-01 13:21:46,12.9704,-8.9256,40.9,21809.0,-61.3,-90.4,-85.6,1,2,0.0,69,22.7,-21.19227568148648,-8.134952454678318,66160
2026-04-01 13:21:48,12.9701,-8.9258,40.9,21819.0,-61.3,-90.4,-85.6,1,2,0.0,69,22.7,-21.19227568148648,-8.134952454678318,66160
2026-04-01 13:21:50,12.9697,-8.926,40.8,21827.0,-61.5,-90.5,-85.7,1,2,0.0,69,22.7,-21.19227568148648,-8.134952454678318,66160
2026-04-01 13:21:52,12.9694,-8.9262,40.8,21836.0,-61.6,-90.6,-85.8,1,2,0.0,70,22.6,-21.23705322976153,-7.729655239160116,66160
2026-04-01 13:21:54,12.969,-8.9263,40.7,21846.0,-61.7,-90.7,-85.9,1,2,0.0,70,22.6,-21.23705322976153,-7.729655239160116,66160
2026-04-01 13:21:56,12.9686,-8.9265,40.6,21854.0,-61.7,-90.7,-85.9,1,2,0.0,71,22.6,-21.368719808544558,-7.357840290731743,66160
2026-04-01 13:21:58,12.9682,-8.9266,40.6,21864.0,-61.9,-90.7,-86.0,1,2,0.0,71,22.7,-21.46327166610449,-7.390397106177458,66160
2026-04-01 13:22:00,12.9679,-8.9268,40.5,21873.0,-61.7,-90.7,-85.9,1,2,0.0,72,22.7,-21.588982919899983,-7.0146857723113065,66160
2026-04-01 13:22:02,12.9675,-8.9269,40.5,21883.0,-61.7,-90.6,-85.9,1,2,0.0,73,22.8,-21.803748435957207,-6.6660748676783985,66160
2026-04-01 13:22:04,12.9671,-8.927,40.4,21893.0,-61.8,-90.7,-85.9,1,2,0.0,74,22.9,-22.0128928369875,-6.312095448209281,66160
2026-04-01 13:22:06,12.9667,-8.9271,40.3,21904.0,-61.8,-90.7,-85.9,1,2,0.0,74,23.0,-22.109019006581335,-6.339659183790981,66160
2026-04-01 13:22:08,12.9662,-8.9272,40.2,21914.0,-61.7,-90.6,-85.9,1,2,0.0,76,23.2,-22.510860849603116,-5.61258797791229,66160
2026-04-01 13:22:10,12.9658,-8.9273,40.2,21924.0,-61.7,-90.7,-85.9,1,2,0.0,77,23.3,-22.70282250949598,-5.2413595662120525,66160
2026-04-01 13:22:12,12.9654,-8.9274,40.1,21933.0,-61.6,-90.6,-85.8,1,2,0.0,78,23.5,-22.98646861724443,-4.8859247342173475,66160
2026-04-01 13:22:14,12.965,-8.9275,40.1,21942.0,-61.5,-90.5,-85.7,1,2,0.0,79,23.8,-23.362726966054403,-4.541254089961769,66160
2026-04-01 13:22:16,12.9646,-8.9275,40.0,21953.0,-61.3,-90.4,-85.6,1,2,0.0,80,24.0,-23.63538607229299,-4.16755626400633,66160
2026-04-01 13:22:18,12.9641,-8.9275,39.9,21962.0,-61.3,-90.4,-85.6,1,2,0.0,82,24.3,-24.06351407042016,-3.3819063533295908,66160
2026-04-01 13:22:20,12.9637,-8.9276,39.9,21972.0,-61.2,-90.3,-85.6,1,2,0.0,82,24.6,-24.360594491042633,-3.423658283617611,66160
2026-04-01 13:22:22,12.9632,-8.9277,39.8,21981.0,-61.0,-90.2,-85.4,1,2,0.0,83,24.9,-24.714399175868916,-3.0345466507881724,66160
2026-04-01 13:22:24,12.9628,-8.9277,39.7,21992.0,-60.9,-90.1,-85.4,1,2,0.0,84,25.1,-24.96249957374366,-2.623664428018102,66160
2026-04-01 13:22:26,12.9623,-8.9277,39.7,22002.0,-60.9,-90.1,-85.3,1,2,0.0,85,25.4,-25.303345331530334,-2.2137558657905165,66160
2026-04-01 13:22:28,12.9618,-8.9277,39.6,22012.0,-60.9,-90.1,-85.4,1,2,0.0,86,25.6,-25.537639686651502,-1.785765727849606,66160
2026-04-01 13:22:30,12.9613,-8.9277,39.5,22023.0,-61.0,-90.1,-85.4,1,2,0.0,86,25.8,-25.737152496703466,-1.7997170225984311,66160
2026-04-01 13:22:32,12.9609,-8.9278,39.5,22032.0,-61.0,-90.1,-85.4,1,2,0.0,87,26.0,-25.96436790361892,-1.3607348623165432,66160
2026-04-01 13:22:34,12.9604,-8.9278,39.4,22042.0,-60.8,-90.0,-85.3,1,2,0.0,88,26.3,-26.28397875060222,-0.9178567632757785,66160
2026-04-01 13:22:36,12.9599,-8.9278,39.4,22052.0,-60.6,-89.9,-85.2,1,2,0.0,88,26.5,-26.483856916006037,-0.9248366626162786,66160
2026-04-01 13:22:38,12.9594,-8.9278,39.3,22060.0,-60.7,-90.0,-85.2,1,2,0.0,88,26.7,-26.683735081409857,-0.9318165619567789,66160
2026-04-01 13:22:40,12.9589,-8.9278,39.2,22072.0,-60.7,-90.0,-85.2,1,2,0.0,89,26.9,-26.895902999706923,-0.4694697331629288,66160
2026-04-01 13:22:42,12.9584,-8.9278,39.2,22080.0,-60.7,-90.0,-85.2,1,2,0.0,89,27.1,-27.095872538738206,-0.47296021445038555,66160
2026-04-01 13:22:44,12.9579,-8.9278,39.1,22091.0,-60.7,-90.0,-85.2,1,2,0.0,89,27.3,-27.295842077769482,-0.47645069573784227,66160
2026-04-01 13:22:46,12.9574,-8.9278,39.1,22101.0,-60.7,-90.0,-85.2,1,2,0.0,90,27.4,-27.4,-1.6777661148318738e-15,66160
2026-04-01 13:22:48,12.9569,-8.9278,39.0,22111.0,-60.8,-90.0,-85.3,1,2,0.0,90,27.5,-27.5,-1.6838893488276107e-15,66160
2026-04-01 13:22:50,12.9564,-8.9278,38.9,22121.0,-60.9,-90.1,-85.3,1,2,0.0,90,27.6,-27.6,-1.6900125828233475e-15,66160
2026-04-01 13:22:52,12.9559,-8.9278,38.9,22130.0,-60.9,-90.1,-85.3,1,2,0.0,90,27.7,-27.7,-1.6961358168190842e-15,66160
2026-04-01 13:22:54,12.9554,-8.9278,38.8,22139.0,-60.9,-90.1,-85.3,1,2,0.0,90,27.7,-27.7,-1.6961358168190842e-15,66160
2026-04-01 13:22:56,12.9549,-8.9278,38.8,22149.0,-60.7,-90.0,-85.2,1,2,0.0,90,27.8,-27.8,-1.702259050814821e-15,66160
2026-04-01 13:22:58,12.9544,-8.9278,38.7,22158.0,-60.7,-90.0,-85.2,1,2,0.0,90,27.8,-27.8,-1.702259050814821e-15,66160
2026-04-01 13:23:00,12.9539,-8.9278,38.6,22168.0,-60.9,-90.0,-85.3,1,2,0.0,91,27.9,-27.895750694863317,0.48692213960020897,66160
2026-04-01 13:23:02,12.9533,-8.9277,38.6,22177.0,-60.9,-90.1,-85.4,1,2,0.0,91,27.9,-27.895750694863317,0.48692213960020897,66160
2026-04-01 13:23:04,12.9528,-8.9277,38.5,22186.0,-61.0,-90.1,-85.4,1,2,0.0,91,27.9,-27.895750694863317,0.48692213960020897,66160
2026-04-01 13:23:06,12.9523,-8.9277,38.5,22195.0,-60.9,-90.1,-85.3,1,2,0.0,91,27.9,-27.895750694863317,0.48692213960020897,66160
2026-04-01 13:23:08,12.9518,-8.9277,38.4,22200.0,-61.0,-90.1,-85.4,1,2,0.0,91,27.9,-27.895750694863317,0.48692213960020897,66160
2026-04-01 13:23:10,12.9513,-8.9277,38.4,22213.0,-61.1,-90.2,-85.5,1,2,0.0,91,28.0,-27.995735464378956,0.48866738024393735,66160
2026-04-01 13:23:12,12.9509,-8.9277,38.3,22222.0,-61.1,-90.2,-85.4,1,2,0.0,91,28.0,-27.995735464378956,0.48866738024393735,66160
2026-04-01 13:23:14,12.9503,-8.9277,38.2,22232.0,-61.2,-90.3,-85.6,1,2,0.0,91,28.0,-27.995735464378956,0.48866738024393735,66160
2026-04-01 13:23:16,12.9498,-8.9277,38.2,22241.0,-61.3,-90.4,-85.6,1,2,0.0,91,28.0,-27.995735464378956,0.48866738024393735,66160
2026-04-01 13:23:18,12.9493,-8.9277,38.1,22250.0,-61.3,-90.4,-85.6,1,2,0.0,91,28.0,-27.995735464378956,0.48866738024393735,66160
2026-04-01 13:23:20,12.9488,-8.9277,38.1,22259.0,-61.4,-90.4,-85.7,1,2,0.0,90,28.0,-28.0,-1.7145055188062944e-15,66160
2026-04-01 13:23:22,12.9483,-8.9276,38.0,22268.0,-61.5,-90.5,-85.7,1,2,0.0,90,28.0,-28.0,-1.7145055188062944e-15,66160
2026-04-01 13:23:24,12.9478,-8.9276,38.0,22277.0,-61.5,-90.5,-85.7,1,2,0.0,90,28.0,-28.0,-1.7145055188062944e-15,66160
2026-04-01 13:23:26,12.9473,-8.9276,37.9,22286.0,-61.6,-90.6,-85.8,1,2,0.0,90,28.0,-28.0,-1.7145055188062944e-15,66160
2026-04-01 13:23:28,12.9467,-8.9277,37.8,22296.0,-61.7,-90.7,-85.9,1,2,0.0,89,27.9,-27.895750694863317,-0.48692213960021236,66160
2026-04-01 13:23:30,12.9462,-8.9277,37.8,22304.0,-61.9,-90.8,-86.0,1,2,0.0,89,27.9,-27.895750694863317,-0.48692213960021236,66160
2026-04-01 13:23:32,12.9457,-8.9276,37.7,22314.0,-61.9,-90.8,-86.0,1,2,0.0,88,27.9,-27.88300407383277,-0.97369595799978,66160
2026-04-01 13:23:34,12.9452,-8.9276,37.7,22324.0,-61.8,-90.7,-86.0,1,2,0.0,88,27.9,-27.88300407383277,-0.97369595799978,66160
2026-04-01 13:23:36,12.9447,-8.9276,37.6,22334.0,-61.8,-90.7,-86.0,1,2,0.0,88,27.9,-27.88300407383277,-0.97369595799978,66160
2026-04-01 13:23:38,12.9442,-8.9277,37.6,22343.0,-61.8,-90.7,-86.0,1,2,0.0,87,27.9,-27.861764019652608,-1.4601731791781365,66160
2026-04-01 13:23:40,12.9437,-8.9277,37.5,22352.0,-62.0,-90.8,-86.1,1,2,0.0,87,27.8,-27.761901066177153,-1.4549395835538423,66160
2026-04-01 13:23:42,12.9432,-8.9278,37.4,22362.0,-62.1,-90.9,-86.2,1,2,0.0,87,27.8,-27.761901066177153,-1.4549395835538423,66160
2026-04-01 13:23:44,12.9427,-8.9278,37.4,22371.0,-62.1,-90.9,-86.2,1,2,0.0,86,27.8,-27.732280597223113,-1.9392299700866815,66160
2026-04-01 13:23:46,12.9422,-8.9278,37.3,22379.0,-62.0,-90.9,-86.1,1,2,0.0,86,27.8,-27.732280597223113,-1.9392299700866815,66160
2026-04-01 13:23:48,12.9417,-8.9279,37.3,22389.0,-62.2,-91.0,-86.3,1,2,0.0,86,27.8,-27.732280597223113,-1.9392299700866815,66160
2026-04-01 13:23:50,12.9412,-8.928,37.2,22397.0,-62.2,-91.0,-86.2,1,2,0.0,85,27.8,-27.694212606950526,-2.4229296483848963,66160
2026-04-01 13:23:52,12.9407,-8.9281,37.2,22406.0,-62.2,-91.0,-86.3,1,2,0.0,85,27.8,-27.694212606950526,-2.4229296483848963,66160
2026-04-01 13:23:54,12.9402,-8.9281,37.1,22414.0,-62.4,-91.1,-86.3,1,2,0.0,85,27.8,-27.694212606950526,-2.4229296483848963,66160
2026-04-01 13:23:56,12.9397,-8.9282,37.1,22422.0,-62.2,-91.0,-86.2,1,2,0.0,84,27.8,-27.647708691237998,-2.905891278840766,66160
2026-04-01 13:23:58,12.9392,-8.9282,37.0,22431.0,-62.1,-90.9,-86.1,1,2,0.0,84,27.8,-27.647708691237998,-2.905891278840766,66160
2026-04-01 13:24:00,12.9387,-8.9283,37.0,22440.0,-62.1,-90.9,-86.2,1,2,0.0,84,27.8,-27.647708691237998,-2.905891278840766,66160
2026-04-01 13:24:02,12.9382,-8.9284,36.9,22448.0,-62.1,-90.9,-86.2,1,2,0.0,84,27.8,-27.647708691237998,-2.905891278840766,66160
2026-04-01 13:24:04,12.9377,-8.9284,36.9,22457.0,-62.2,-91.0,-86.2,1,2,0.0,84,27.8,-27.647708691237998,-2.905891278840766,66160
2026-04-01 13:24:06,12.9372,-8.9284,36.8,22466.0,-62.1,-90.9,-86.2,1,2,0.0,84,27.8,-27.647708691237998,-2.905891278840766,66160
2026-04-01 13:24:08,12.9367,-8.9285,36.8,22476.0,-62.2,-91.0,-86.2,1,2,0.0,84,27.8,-27.647708691237998,-2.905891278840766,66160
2026-04-01 13:24:10,12.9362,-8.9285,36.7,22486.0,-62.3,-91.0,-86.3,1,2,0.0,84,27.8,-27.647708691237998,-2.905891278840766,66160
2026-04-01 13:24:12,12.9357,-8.9286,36.6,22495.0,-62.3,-91.0,-86.3,1,2,0.0,84,27.9,-27.747160880774825,-2.9163441251675315,66160
2026-04-01 13:24:14,12.9352,-8.9287,36.6,22505.0,-62.3,-91.1,-86.3,1,2,0.0,84,27.9,-27.747160880774825,-2.9163441251675315,66160
2026-04-01 13:24:16,12.9347,-8.9287,36.5,22514.0,-62.3,-91.1,-86.3,1,2,0.0,84,28.0,-27.84661307031165,-2.926796971494297,66160
2026-04-01 13:24:18,12.9342,-8.9287,36.5,22524.0,-62.3,-91.0,-86.3,1,2,0.0,84,28.0,-27.84661307031165,-2.926796971494297,66160
2026-04-01 13:24:20,12.9337,-8.9288,36.4,22534.0,-62.4,-91.1,-86.4,1,2,0.0,84,28.0,-27.84661307031165,-2.926796971494297,66160
2026-04-01 13:24:22,12.9332,-8.9288,36.4,22543.0,-62.5,-91.2,-86.4,1,2,0.0,84,28.0,-27.84661307031165,-2.926796971494297,66160
2026-04-01 13:24:24,12.9327,-8.9289,36.3,22553.0,-62.4,-91.1,-86.4,1,2,0.0,84,28.1,-27.94606525984848,-2.9372498178210624,66160
2026-04-01 13:24:26,12.9322,-8.9289,36.2,22562.0,-62.4,-91.1,-86.4,1,2,0.0,84,28.1,-27.94606525984848,-2.9372498178210624,66160
2026-04-01 13:24:28,12.9316,-8.9289,36.2,22571.0,-62.5,-91.2,-86.4,1,2,0.0,84,28.1,-27.94606525984848,-2.9372498178210624,66160
2026-04-01 13:24:30,12.9311,-8.929,36.1,22582.0,-62.4,-91.1,-86.4,1,2,0.0,83,28.1,-27.89054686112115,-3.4245285496846445,66160
2026-04-01 13:24:32,12.9306,-8.929,36.1,22590.0,-62.3,-91.0,-86.3,1,2,0.0,83,28.1,-27.89054686112115,-3.4245285496846445,66160
2026-04-01 13:24:34,12.9301,-8.9291,36.0,22600.0,-62.3,-91.0,-86.3,1,2,0.0,83,28.1,-27.89054686112115,-3.4245285496846445,66160
2026-04-01 13:24:36,12.9296,-8.9291,36.0,22610.0,-62.2,-91.0,-86.2,1,2,0.0,83,28.0,-27.791292245957017,-3.41234161534413,66160
2026-04-01 13:24:38,12.9291,-8.9292,35.9,22619.0,-62.1,-91.0,-86.2,1,2,0.0,82,28.0,-27.72750592476397,-3.8968468268818333,66160
2026-04-01 13:24:40,12.9286,-8.9293,35.9,22630.0,-62.2,-91.0,-86.2,1,2,0.0,82,28.0,-27.72750592476397,-3.8968468268818333,66160
2026-04-01 13:24:42,12.9281,-8.9294,35.8,22639.0,-62.1,-90.9,-86.2,1,2,0.0,82,28.0,-27.72750592476397,-3.8968468268818333,66160
2026-04-01 13:24:44,12.9276,-8.9295,35.7,22650.0,-62.0,-90.9,-86.1,1,2,0.0,81,28.1,-27.754042370723372,-4.39580846763049,66160
2026-04-01 13:24:46,12.927,-8.9296,35.7,22661.0,-62.0,-90.8,-86.1,1,2,0.0,81,28.1,-27.754042370723372,-4.39580846763049,66160
2026-04-01 13:24:48,12.9266,-8.9297,35.6,22671.0,-61.9,-90.8,-86.1,1,2,0.0,81,28.0,-27.655273536663856,-4.380165021126466,66160
2026-04-01 13:24:50,12.9261,-8.9298,35.6,22681.0,-62.0,-90.9,-86.1,1,2,0.0,80,27.9,-27.4761363090406,-4.844784156907358,66160
2026-04-01 13:24:52,12.9256,-8.9298,35.5,22691.0,-62.1,-90.9,-86.2,1,2,0.0,80,27.9,-27.4761363090406,-4.844784156907358,66160
2026-04-01 13:24:54,12.9251,-8.9299,35.4,22700.0,-62.2,-91.0,-86.2,1,2,0.0,80,27.8,-27.377655533739382,-4.827419339140666,66160
2026-04-01 13:24:56,12.9247,-8.93,35.4,22709.0,-62.2,-91.0,-86.2,1,2,0.0,79,27.8,-27.289235699845058,-5.304490071467948,66160
2026-04-01 13:24:58,12.9241,-8.9301,35.3,22719.0,-62.3,-91.0,-86.3,1,2,0.0,79,27.7,-27.19107298150029,-5.285409171930294,66160
2026-04-01 13:25:00,12.9236,-8.9302,35.3,22729.0,-62.4,-91.1,-86.4,1,2,0.0,79,27.6,-27.092910263155527,-5.26632827239264,66160
2026-04-01 13:25:02,12.9231,-8.9303,35.2,22740.0,-62.6,-91.3,-86.5,1,2,0.0,79,27.6,-27.092910263155527,-5.26632827239264,66160
2026-04-01 13:25:04,12.9226,-8.9304,35.2,22750.0,-62.4,-91.2,-86.4,1,2,0.0,78,27.4,-26.801244260106273,-5.696780328406609,66160
2026-04-01 13:25:06,12.9221,-8.9305,35.1,22761.0,-62.2,-91.0,-86.3,1,2,0.0,78,27.3,-26.703429500032893,-5.675989159324833,66160
2026-04-01 13:25:08,12.9217,-8.9306,35.0,22771.0,-62.2,-91.0,-86.3,1,2,0.0,78,27.3,-26.703429500032893,-5.675989159324833,66160
2026-04-01 13:25:10,12.9212,-8.9307,35.0,22780.0,-62.2,-91.0,-86.2,1,2,0.0,78,27.2,-26.60561473995951,-5.655197990243057,66160
2026-04-01 13:25:12,12.9207,-8.9309,34.9,22790.0,-62.2,-91.0,-86.3,1,2,0.0,78,27.2,-26.60561473995951,-5.655197990243057,66160
2026-04-01 13:25:14,12.9202,-8.931,34.9,22800.0,-62.3,-91.1,-86.3,1,2,0.0,77,27.1,-26.405428755679875,-6.096173572718739,66160
2026-04-01 13:25:16,12.9197,-8.9311,34.8,22811.0,-62.5,-91.2,-86.4,1,2,0.0,77,27.0,-26.307991749201353,-6.073678467284353,66160
2026-04-01 13:25:18,12.9193,-8.9311,34.8,22822.0,-62.5,-91.2,-86.4,1,2,0.0,77,26.9,-26.210554742722827,-6.051183361849966,66160
2026-04-01 13:25:20,12.9188,-8.9313,34.7,22832.0,-62.4,-91.1,-86.4,1,2,0.0,77,26.8,-26.113117736244305,-6.02868825641558,66160
2026-04-01 13:25:22,12.9183,-8.9314,34.7,22840.0,-62.7,-91.3,-86.6,1,2,0.0,76,26.7,-25.906895891569103,-6.459314612511127,66160
2026-04-01 13:25:24,12.9178,-8.9315,34.6,22850.0,-62.6,-91.3,-86.6,1,2,0.0,76,26.6,-25.80986631894151,-6.43512242295116,66160
2026-04-01 13:25:26,12.9174,-8.9316,34.5,22860.0,-62.6,-91.3,-86.5,1,2,0.0,76,26.5,-25.712836746313908,-6.410930233391193,66160
2026-04-01 13:25:28,12.9169,-8.9317,34.5,22870.0,-62.7,-91.3,-86.6,1,2,0.0,76,26.5,-25.712836746313908,-6.410930233391193,66160
2026-04-01 13:25:30,12.9165,-8.9318,34.4,22881.0,-62.8,-91.4,-86.7,1,2,0.0,76,26.4,-25.615807173686306,-6.386738043831226,66160
2026-04-01 13:25:32,12.916,-8.9319,34.4,22892.0,-62.9,-91.5,-86.7,1,2,0.0,75,26.3,-25.403849231402496,-6.806940886196296,66160
2026-04-01 13:25:34,12.9155,-8.9321,34.3,22903.0,-63.0,-91.5,-86.8,1,2,0.0,75,26.3,-25.403849231402496,-6.806940886196296,66160
2026-04-01 13:25:36,12.9151,-8.9322,34.3,22912.0,-63.0,-91.6,-86.8,1,2,0.0,75,26.2,-25.30725664877359,-6.781058981686043,66160
2026-04-01 13:25:38,12.9146,-8.9323,34.2,22922.0,-63.1,-91.6,-86.9,1,2,0.0,74,26.2,-25.185056433583956,-7.221698722405378,66160
2026-04-01 13:25:40,12.9142,-8.9324,34.1,22933.0,-63.1,-91.6,-86.9,1,2,0.0,74,26.2,-25.185056433583956,-7.221698722405378,66160
2026-04-01 13:25:42,12.9137,-8.9326,34.1,22943.0,-63.2,-91.7,-87.0,1,2,0.0,74,26.2,-25.185056433583956,-7.221698722405378,66160
2026-04-01 13:25:44,12.9133,-8.9327,34.0,22952.0,-63.3,-91.8,-87.0,1,2,0.0,74,26.1,-25.088930263990125,-7.194134986823679,66160
2026-04-01 13:25:46,12.9128,-8.9329,34.0,22962.0,-63.4,-91.8,-87.1,1,2,0.0,74,26.1,-25.088930263990125,-7.194134986823679,66160
2026-04-01 13:25:48,12.9123,-8.933,33.9,22972.0,-63.5,-91.9,-87.1,1,2,0.0,73,26.1,-24.959554130635226,-7.63090149326343,66160
2026-04-01 13:25:50,12.9119,-8.9331,33.9,22982.0,-63.5,-91.9,-87.2,1,2,0.0,73,26.1,-24.959554130635226,-7.63090149326343,66160
2026-04-01 13:25:52,12.9115,-8.9332,33.8,22991.0,-63.5,-91.9,-87.2,1,2,0.0,73,26.1,-24.959554130635226,-7.63090149326343,66160
2026-04-01 13:25:54,12.911,-8.9334,33.8,23001.0,-63.6,-92.0,-87.2,1,2,0.0,73,26.1,-24.959554130635226,-7.63090149326343,66160
2026-04-01 13:25:56,12.9106,-8.9336,33.7,23011.0,-63.7,-92.1,-87.3,1,2,0.0,73,26.1,-24.959554130635226,-7.63090149326343,66160
2026-04-01 13:25:58,12.9101,-8.9338,33.6,23021.0,-63.8,-92.1,-87.4,1,2,0.0,73,26.2,-25.055184606231528,-7.660138663735703,66160
2026-04-01 13:26:00,12.9097,-8.9339,33.6,23031.0,-63.9,-92.2,-87.5,1,2,0.0,73,26.2,-25.055184606231528,-7.660138663735703,66160
2026-04-01 13:26:02,12.9092,-8.934,33.5,23040.0,-63.7,-92.1,-87.3,1,2,0.0,73,26.2,-25.055184606231528,-7.660138663735703,66160
2026-04-01 13:26:04,12.9088,-8.9341,33.5,23050.0,-63.7,-92.1,-87.3,1,2,0.0,73,26.3,-25.150815081827833,-7.689375834207977,66160
2026-04-01 13:26:06,12.9083,-8.9343,33.4,23061.0,-63.7,-92.0,-87.3,1,2,0.0,73,26.3,-25.150815081827833,-7.689375834207977,66160
2026-04-01 13:26:08,12.9079,-8.9344,33.4,23071.0,-63.5,-91.9,-87.2,1,2,0.0,73,26.3,-25.150815081827833,-7.689375834207977,66160
2026-04-01 13:26:10,12.9074,-8.9345,33.3,23082.0,-63.7,-92.0,-87.3,1,2,0.0,74,26.3,-25.281182603177786,-7.249262457987078,66160
2026-04-01 13:26:12,12.907,-8.9347,33.3,23091.0,-63.8,-92.1,-87.4,1,2,0.0,74,26.3,-25.281182603177786,-7.249262457987078,66160
2026-04-01 13:26:14,12.9065,-8.9348,33.2,23100.0,-63.9,-92.1,-87.4,1,2,0.0,74,26.4,-25.377308772771617,-7.276826193568778,66160
2026-04-01 13:26:16,12.9061,-8.9349,33.2,23110.0,-64.1,-92.3,-87.5,1,2,0.0,74,26.4,-25.377308772771617,-7.276826193568778,66160
2026-04-01 13:26:18,12.9056,-8.935,33.1,23119.0,-64.1,-92.3,-87.5,1,2,0.0,74,26.6,-25.569561111959285,-7.331953664732178,66160
2026-04-01 13:26:20,12.9051,-8.9352,33.1,23128.0,-64.1,-92.3,-87.6,1,2,0.0,74,26.7,-25.665687281553115,-7.3595174003138775,66160
2026-04-01 13:26:22,12.9046,-8.9354,33.0,23138.0,-64.1,-92.3,-87.6,1,2,0.0,75,26.8,-25.886812144547033,-6.936350408747556,66160
2026-04-01 13:26:24,12.9042,-8.9354,33.0,23149.0,-64.2,-92.4,-87.7,1,2,0.0,75,27.0,-26.079997309804845,-6.98811421776806,66160
2026-04-01 13:26:26,12.9037,-8.9355,32.9,23158.0,-64.1,-92.3,-87.6,1,2,0.0,75,27.1,-26.176589892433753,-7.0139961222783125,66160
2026-04-01 13:26:28,12.9032,-8.9357,32.8,23168.0,-64.2,-92.4,-87.7,1,2,0.0,75,27.3,-26.369775057691566,-7.065759931298817,66160
2026-04-01 13:26:30,12.9027,-8.9358,32.8,23179.0,-64.3,-92.4,-87.7,1,2,0.0,75,27.5,-26.56296022294938,-7.117523740319321,66160
2026-04-01 13:26:32,12.9023,-8.936,32.7,23188.0,-64.3,-92.4,-87.7,1,2,0.0,75,27.7,-26.75614538820719,-7.169287549339824,66160
2026-04-01 13:26:34,12.9018,-8.9361,32.7,23198.0,-64.3,-92.5,-87.7,1,2,0.0,75,27.9,-26.949330553465003,-7.221051358360328,66160
2026-04-01 13:26:36,12.9014,-8.9361,32.6,23208.0,-64.3,-92.4,-87.7,1,2,0.0,75,28.1,-27.14251571872282,-7.272815167380833,66160
2026-04-01 13:26:38,12.9008,-8.9362,32.6,23218.0,-64.4,-92.5,-87.8,1,2,0.0,75,28.3,-27.335700883980635,-7.324578976401337,66160
2026-04-01 13:26:40,12.9003,-8.9364,32.5,23228.0,-64.5,-92.6,-87.9,1,2,0.0,75,28.5,-27.528886049238448,-7.376342785421841,66160
2026-04-01 13:26:42,12.8998,-8.9366,32.5,23236.0,-64.4,-92.6,-87.8,1,2,0.0,75,28.7,-27.72207121449626,-7.428106594442345,66160
2026-04-01 13:26:44,12.8993,-8.9367,32.4,23245.0,-64.5,-92.6,-87.9,1,2,0.0,75,28.8,-27.81866379712517,-7.453988498952597,66160
2026-04-01 13:26:46,12.8988,-8.9368,32.4,23254.0,-64.4,-92.5,-87.8,1,2,0.0,75,29.0,-28.01184896238298,-7.5057523079731014,66160
2026-04-01 13:26:48,12.8983,-8.9369,32.3,23263.0,-64.3,-92.4,-87.7,1,2,0.0,75,29.2,-28.205034127640793,-7.557516116993606,66160
2026-04-01 13:26:50,12.8977,-8.9371,32.3,23273.0,-64.2,-92.4,-87.6,1,2,0.0,75,29.3,-28.3016267102697,-7.583398021503858,66160
2026-04-01 13:26:52,12.8972,-8.9373,32.2,23282.0,-64.2,-92.4,-87.7,1,2,0.0,75,29.5,-28.494811875527514,-7.635161830524362,66160
2026-04-01 13:26:54,12.8966,-8.9374,32.2,23292.0,-64.2,-92.4,-87.7,1,2,0.0,75,29.7,-28.687997040785326,-7.6869256395448655,66160
2026-04-01 13:26:56,12.8961,-8.9376,32.1,23302.0,-64.1,-92.3,-87.6,1,2,0.0,75,29.8,-28.784589623414238,-7.712807544055118,66160
2026-04-01 13:26:58,12.8956,-8.9377,32.1,23311.0,-64.1,-92.3,-87.6,1,2,0.0,75,29.9,-28.881182206043142,-7.73868944856537,66160
2026-04-01 13:27:00,12.8951,-8.9378,32.0,23322.0,-64.1,-92.3,-87.6,1,2,0.0,74,30.0,-28.837850878149567,-8.269120674509974,66160
2026-04-01 13:27:02,12.8945,-8.938,32.0,23332.0,-63.9,-92.2,-87.4,1,2,0.0,74,30.1,-28.9339770477434,-8.296684410091675,66160
2026-04-01 13:27:04,12.8939,-8.9381,31.9,23342.0,-64.0,-92.2,-87.5,1,2,0.0,74,30.2,-29.03010321733723,-8.324248145673375,66160
2026-04-01 13:27:06,12.8934,-8.9383,31.9,23352.0,-64.1,-92.3,-87.6,1,2,0.0,74,30.2,-29.03010321733723,-8.324248145673375,66160
2026-04-01 13:27:08,12.8929,-8.9384,31.8,23362.0,-64.1,-92.3,-87.6,1,2,0.0,74,30.2,-29.03010321733723,-8.324248145673375,66160
2026-04-01 13:27:10,12.8924,-8.9385,31.8,23372.0,-64.3,-92.4,-87.7,1,2,0.0,73,30.2,-28.88040363008367,-8.82962548262665,66160
2026-04-01 13:27:12,12.8919,-8.9387,31.7,23381.0,-64.3,-92.5,-87.7,1,2,0.0,73,30.2,-28.88040363008367,-8.82962548262665,66160
2026-04-01 13:27:14,12.8913,-8.9389,31.7,23390.0,-64.1,-92.3,-87.6,1,2,0.0,73,30.2,-28.88040363008367,-8.82962548262665,66160
2026-04-01 13:27:16,12.8908,-8.9391,31.6,23397.0,-64.2,-92.4,-87.7,1,2,0.0,73,30.2,-28.88040363008367,-8.82962548262665,66160
2026-04-01 13:27:18,12.8902,-8.9392,31.6,23407.0,-64.4,-92.5,-87.8,1,2,0.0,73,30.1,-28.784773154487368,-8.800388312154377,66160
2026-04-01 13:27:20,12.8898,-8.9393,31.5,23415.0,-64.2,-92.4,-87.7,1,2,0.0,73,30.1,-28.784773154487368,-8.800388312154377,66160
2026-04-01 13:27:22,12.8893,-8.9395,31.5,23424.0,-64.0,-92.2,-87.5,1,2,0.0,73,30.1,-28.784773154487368,-8.800388312154377,66160
2026-04-01 13:27:24,12.8888,-8.9397,31.5,23433.0,-64.2,-92.4,-87.7,1,2,0.0,73,30.1,-28.784773154487368,-8.800388312154377,66160
2026-04-01 13:27:26,12.8882,-8.9399,31.4,23441.0,-64.0,-92.2,-87.5,1,2,0.0,72,30.1,-28.626801140484122,-9.301411530685918,66160
2026-04-01 13:27:28,12.8877,-8.9401,31.4,23451.0,-63.9,-92.2,-87.5,1,2,0.0,72,30.1,-28.626801140484122,-9.301411530685918,66160
2026-04-01 13:27:30,12.8872,-8.9402,31.3,23460.0,-63.9,-92.1,-87.4,1,2,0.0,72,30.2,-28.721906792113636,-9.332313230123413,66160
2026-04-01 13:27:32,12.8867,-8.9404,31.3,23469.0,-63.7,-92.0,-87.3,1,2,0.0,72,30.2,-28.721906792113636,-9.332313230123413,66160
2026-04-01 13:27:34,12.8862,-8.9405,31.2,23478.0,-63.6,-92.0,-87.3,1,2,0.0,72,30.2,-28.721906792113636,-9.332313230123413,66160
2026-04-01 13:27:36,12.8857,-8.9407,31.2,23487.0,-63.7,-92.0,-87.3,1,2,0.0,72,30.2,-28.721906792113636,-9.332313230123413,66160
2026-04-01 13:27:38,12.8852,-8.9409,31.1,23496.0,-63.7,-92.1,-87.3,1,2,0.0,72,30.2,-28.721906792113636,-9.332313230123413,66160
2026-04-01 13:27:40,12.8846,-8.9411,31.1,23505.0,-63.7,-92.1,-87.3,1,2,0.0,72,30.2,-28.721906792113636,-9.332313230123413,66160
2026-04-01 13:27:42,12.8841,-8.9412,31.0,23516.0,-63.6,-92.0,-87.3,1,2,0.0,72,30.3,-28.817012443743153,-9.363214929560908,66160
2026-04-01 13:27:44,12.8836,-8.9414,31.0,23526.0,-63.7,-92.0,-87.3,1,2,0.0,72,30.3,-28.817012443743153,-9.363214929560908,66160
2026-04-01 13:27:46,12.8831,-8.9416,30.9,23535.0,-63.6,-92.0,-87.2,1,2,0.0,72,30.3,-28.817012443743153,-9.363214929560908,66160
2026-04-01 13:27:48,12.8825,-8.9417,30.9,23545.0,-63.5,-91.9,-87.1,1,2,0.0,72,30.4,-28.912118095372666,-9.394116628998402,66160
2026-04-01 13:27:50,12.882,-8.9419,30.8,23554.0,-63.6,-91.9,-87.2,1,2,0.0,72,30.4,-28.912118095372666,-9.394116628998402,66160
2026-04-01 13:27:52,12.8814,-8.9421,30.8,23563.0,-63.6,-92.0,-87.2,1,2,0.0,72,30.4,-28.912118095372666,-9.394116628998402,66160
2026-04-01 13:27:54,12.8809,-8.9422,30.7,23572.0,-63.5,-91.9,-87.1,1,2,0.0,72,30.5,-29.007223747002183,-9.425018328435897,66160
2026-04-01 13:27:56,12.8804,-8.9424,30.7,23582.0,-63.4,-91.9,-87.1,1,2,0.0,72,30.6,-29.1023293986317,-9.455920027873393,66160
2026-04-01 13:27:58,12.8799,-8.9426,30.7,23592.0,-63.3,-91.8,-87.0,1,2,0.0,72,30.7,-29.197435050261213,-9.486821727310886,66160
2026-04-01 13:28:00,12.8794,-8.9428,30.6,23601.0,-63.2,-91.7,-86.9,1,2,0.0,72,30.8,-29.29254070189073,-9.517723426748383,66160
2026-04-01 13:28:02,12.8788,-8.9429,30.6,23611.0,-63.0,-91.6,-86.8,1,2,0.0,72,30.9,-29.387646353520243,-9.548625126185875,66160
2026-04-01 13:28:04,12.8783,-8.943,30.5,23620.0,-63.0,-91.5,-86.8,1,2,0.0,73,31.0,-29.6454474348541,-9.06352284640484,66160
2026-04-01 13:28:06,12.8777,-8.9432,30.5,23629.0,-62.9,-91.5,-86.7,1,2,0.0,73,31.1,-29.741077910450404,-9.092760016877113,66160
2026-04-01 13:28:08,12.8773,-8.9434,30.4,23639.0,-62.7,-91.4,-86.6,1,2,0.0,73,31.2,-29.836708386046705,-9.121997187349386,66160
2026-04-01 13:28:10,12.8767,-8.9436,30.4,23648.0,-62.4,-91.1,-86.4,1,2,0.0,73,31.3,-29.93233886164301,-9.15123435782166,66160
2026-04-01 13:28:12,12.8762,-8.9438,30.3,23658.0,-62.3,-91.1,-86.3,1,2,0.0,73,31.4,-30.027969337239313,-9.180471528293934,66160
2026-04-01 13:28:14,12.8756,-8.9439,30.3,23667.0,-62.1,-90.9,-86.1,1,2,0.0,73,31.6,-30.21923028843192,-9.238945869238483,66160
2026-04-01 13:28:16,12.8751,-8.9441,30.2,23675.0,-61.6,-90.6,-85.8,1,2,0.0,73,31.7,-30.31486076402822,-9.268183039710756,66160
2026-04-01 13:28:18,12.8746,-8.9443,30.2,23684.0,-61.4,-90.5,-85.7,1,2,0.0,73,31.8,-30.410491239624527,-9.297420210183029,66160
2026-04-01 13:28:20,12.874,-8.9444,30.2,23691.0,-61.2,-90.3,-85.5,1,2,0.0,73,32.0,-30.601752190817134,-9.355894551127577,66160
2026-04-01 13:28:22,12.8734,-8.9446,30.1,23701.0,-61.1,-90.2,-85.4,1,2,0.0,73,32.1,-30.69738266641344,-9.385131721599851,66160
2026-04-01 13:28:24,12.8729,-8.9448,30.1,23712.0,-60.9,-90.1,-85.3,1,2,0.0,73,32.2,-30.793013142009745,-9.414368892072124,66160
2026-04-01 13:28:26,12.8723,-8.9449,30.0,23724.0,-60.6,-89.8,-85.1,1,2,0.0,73,32.4,-30.984274093202348,-9.47284323301667,66160
2026-04-01 13:28:28,12.8717,-8.9451,30.0,23731.0,-60.2,-89.6,-84.9,1,2,0.0,73,32.5,-31.07990456879865,-9.502080403488945,66160
2026-04-01 13:28:30,12.8711,-8.9452,29.9,23740.0,-60.0,-89.4,-84.7,1,2,0.01,73,32.6,-31.175535044394955,-9.53131757396122,66160
2026-04-01 13:28:32,12.8705,-8.9455,29.9,23749.0,-59.9,-89.4,-84.6,1,2,0.01,74,32.7,-31.433257457183032,-9.013341535215874,66160
2026-04-01 13:28:34,12.8699,-8.9456,29.8,23758.0,-60.0,-89.5,-84.7,1,2,0.01,74,32.8,-31.529383626776855,-9.040905270797571,66160
2026-04-01 13:28:36,12.8694,-8.9458,29.8,23768.0,-60.0,-89.4,-84.7,1,2,0.01,74,32.9,-31.62550979637069,-9.068469006379273,66160
2026-04-01 13:28:38,12.8688,-8.9459,29.8,23776.0,-59.8,-89.3,-84.6,1,2,0.01,74,33.0,-31.721635965964524,-9.096032741960972,66160
2026-04-01 13:28:40,12.8682,-8.9461,29.7,23785.0,-59.7,-89.3,-84.5,1,2,0.01,74,33.1,-31.817762135558358,-9.123596477542673,66160
2026-04-01 13:28:42,12.8677,-8.9463,29.7,23795.0,-59.7,-89.2,-84.5,1,2,0.01,74,33.1,-31.817762135558358,-9.123596477542673,66160
2026-04-01 13:28:44,12.867,-8.9465,29.6,23804.0,-59.6,-89.2,-84.4,1,2,0.01,74,33.2,-31.91388830515219,-9.151160213124372,66160
2026-04-01 13:28:46,12.8665,-8.9467,29.6,23814.0,-59.6,-89.2,-84.4,1,2,0.01,74,33.2,-31.91388830515219,-9.151160213124372,66160
2026-04-01 13:28:48,12.8659,-8.9468,29.5,23824.0,-59.4,-89.1,-84.3,1,2,0.01,74,33.2,-31.91388830515219,-9.151160213124372,66160
2026-04-01 13:28:50,12.8653,-8.9469,29.5,23828.0,-59.2,-88.9,-84.1,1,2,0.01,74,33.2,-31.91388830515219,-9.151160213124372,66160
2026-04-01 13:28:52,12.8647,-8.9471,29.4,23843.0,-59.0,-88.8,-84.0,1,2,0.01,74,33.2,-31.91388830515219,-9.151160213124372,66160
2026-04-01 13:28:54,12.8642,-8.9472,29.4,23851.0,-58.7,-88.6,-83.8,1,2,0.01,74,33.1,-31.817762135558358,-9.123596477542673,66160
2026-04-01 13:28:56,12.8636,-8.9474,29.4,23860.0,-58.6,-88.5,-83.7,1,2,0.01,74,33.0,-31.721635965964524,-9.096032741960972,66160
2026-04-01 13:28:58,12.863,-8.9475,29.3,23869.0,-58.5,-88.4,-83.7,1,2,0.01,74,32.9,-31.62550979637069,-9.068469006379273,66160
2026-04-01 13:29:00,12.8624,-8.9477,29.3,23878.0,-58.5,-88.4,-83.7,1,2,0.01,74,32.8,-31.529383626776855,-9.040905270797571,66160
2026-04-01 13:29:02,12.8619,-8.9479,29.2,23887.0,-58.4,-88.4,-83.6,1,2,0.01,74,32.7,-31.433257457183032,-9.013341535215874,66160
2026-04-01 13:29:04,12.8613,-8.948,29.2,23897.0,-58.4,-88.3,-83.6,1,2,0.01,74,32.7,-31.433257457183032,-9.013341535215874,66160
2026-04-01 13:29:06,12.8607,-8.9482,29.1,23907.0,-58.2,-88.2,-83.4,1,2,0.01,74,32.6,-31.337131287589198,-8.985777799634173,66160
2026-04-01 13:29:08,12.8601,-8.9484,29.1,23916.0,-57.9,-88.0,-83.3,1,2,0.01,74,32.4,-31.14487894840153,-8.930650328470772,66160
2026-04-01 13:29:10,12.8596,-8.9486,29.1,23925.0,-57.7,-87.9,-83.1,1,2,0.01,74,32.3,-31.048752778807696,-8.903086592889073,66160
2026-04-01 13:29:12,12.859,-8.9488,29.0,23934.0,-57.6,-87.8,-83.0,1,2,0.01,74,32.1,-30.85650043962004,-8.847959121725674,66160
2026-04-01 13:29:14,12.8584,-8.9489,29.0,23944.0,-57.5,-87.7,-83.0,1,2,0.01,74,31.9,-30.66424810043237,-8.792831650562272,66160
2026-04-01 13:29:16,12.8579,-8.9491,28.9,23955.0,-57.4,-87.7,-82.9,1,2,0.01,74,31.6,-30.37586959165088,-8.710140443817174,66160
2026-04-01 13:29:18,12.8574,-8.9493,28.9,23964.0,-57.3,-87.6,-82.8,1,2,0.01,74,31.4,-30.18361725246321,-8.655012972653774,66160
2026-04-01 13:29:20,12.8569,-8.9494,28.8,23975.0,-57.4,-87.6,-82.9,1,2,0.01,73,31.1,-29.741077910450404,-9.092760016877113,66160
2026-04-01 13:29:22,12.8563,-8.9496,28.8,23984.0,-57.2,-87.5,-82.7,1,2,0.01,73,30.8,-29.45418648366149,-9.005048505460293,66160
2026-04-01 13:29:24,12.8558,-8.9498,28.7,23993.0,-57.2,-87.5,-82.7,1,2,0.01,73,30.5,-29.167295056872582,-8.917336994043472,66160
2026-04-01 13:29:26,12.8552,-8.9499,28.7,24002.0,-56.9,-87.3,-82.5,1,2,0.01,73,30.2,-28.88040363008367,-8.82962548262665,66160
2026-04-01 13:29:28,12.8546,-8.95,28.7,24012.0,-56.7,-87.1,-82.4,1,2,0.01,73,29.8,-28.497881727698456,-8.712676800737556,66160
2026-04-01 13:29:30,12.8541,-8.9502,28.6,24023.0,-56.3,-86.9,-82.1,1,2,0.01,73,29.4,-28.11535982531324,-8.595728118848461,66160
2026-04-01 13:29:32,12.8536,-8.9503,28.6,24031.0,-55.8,-86.5,-81.8,1,2,0.01,74,29.0,-27.876589182211248,-7.9934833186929755,66160
2026-04-01 13:29:34,12.8531,-8.9505,28.5,24040.0,-55.7,-86.5,-81.7,1,2,0.01,74,28.5,-27.39595833424209,-7.855664640784476,66160
2026-04-01 13:29:36,12.8526,-8.9506,28.5,24048.0,-55.5,-86.3,-81.6,1,2,0.01,74,28.1,-27.011453655866763,-7.745409698457677,66160
2026-04-01 13:29:38,12.8522,-8.9507,28.5,24058.0,-55.3,-86.2,-81.4,1,2,0.01,74,27.6,-26.530822807897604,-7.607591020549178,66160
2026-04-01 13:29:40,12.8517,-8.9509,28.4,24068.0,-55.3,-86.2,-81.4,1,2,0.01,74,27.1,-26.050191959928444,-7.4697723426406775,66160
2026-04-01 13:29:42,12.8512,-8.9511,28.4,24078.0,-54.7,-85.8,-81.0,1,2,0.01,75,26.6,-25.693626979289217,-6.884586599727052,66160
2026-04-01 13:29:44,12.8508,-8.9512,28.3,24088.0,-54.2,-85.4,-80.7,1,2,0.01,75,26.0,-25.114071483515776,-6.729295172665539,66160
2026-04-01 13:29:46,12.8503,-8.9514,28.3,24097.0,-53.8,-85.2,-80.4,1,2,0.01,75,25.4,-24.534515987742335,-6.574003745604027,66160
2026-04-01 13:29:48,12.8499,-8.9515,28.2,24107.0,-53.8,-85.2,-80.4,1,2,0.01,75,24.9,-24.0515530745978,-6.444594223052766,66160
2026-04-01 13:29:50,12.8495,-8.9515,28.2,24117.0,-53.6,-85.1,-80.3,1,2,0.01,76,24.3,-23.578186148506713,-5.878702063071924,66160
2026-04-01 13:29:52,12.8491,-8.9516,28.2,24126.0,-53.7,-85.1,-80.3,1,2,0.01,76,23.7,-22.996008712741116,-5.733548925712124,66160
2026-04-01 13:29:54,12.8487,-8.9517,28.1,24136.0,-53.6,-85.0,-80.3,1,2,0.01,76,23.2,-22.510860849603116,-5.61258797791229,66160
2026-04-01 13:29:56,12.8483,-8.9519,28.1,24145.0,-53.0,-84.6,-79.9,1,2,0.01,77,22.7,-22.11820047062484,-5.106388933605733,66160
2026-04-01 13:29:58,12.8479,-8.952,28.0,24155.0,-52.5,-84.3,-79.5,1,2,0.01,77,22.2,-21.63101543823222,-4.993913406433801,66160
2026-04-01 13:30:00,12.8476,-8.952,28.0,24163.0,-52.1,-84.0,-79.3,1,2,0.01,77,21.7,-21.143830405839605,-4.881437879261869,66160
2026-04-01 13:30:02,12.8472,-8.952,27.9,24173.0,-52.1,-84.0,-79.2,1,2,0.01,78,21.3,-20.83454389563006,-4.428519014418277,66160
2026-04-01 13:30:04,12.8468,-8.9521,27.9,24181.0,-51.8,-83.8,-79.0,1,2,0.01,78,20.9,-20.443284855336536,-4.345354338091172,66160
2026-04-01 13:30:06,12.8465,-8.9522,27.9,24190.0,-51.4,-83.5,-78.8,1,2,0.01,79,20.4,-20.025194542332343,-3.892503505681516,66160
2026-04-01 13:30:08,12.8461,-8.9523,27.8,24200.0,-51.3,-83.5,-78.7,1,2,0.02,79,20.0,-19.63254366895328,-3.8161799075308984,66160
2026-04-01 13:30:10,12.8457,-8.9523,27.8,24209.0,-51.3,-83.5,-78.7,1,2,0.01,80,19.6,-19.30223195903928,-3.4035042822718364,66160
2026-04-01 13:30:12,12.8454,-8.9523,27.8,24219.0,-51.3,-83.4,-78.7,1,2,0.02,81,19.1,-18.86484730536713,-2.987898282268411,66160
2026-04-01 13:30:14,12.8451,-8.9523,27.7,24229.0,-51.2,-83.4,-78.6,1,2,0.02,81,18.7,-18.469771969129077,-2.925324496252318,66160
2026-04-01 13:30:16,12.8448,-8.9524,27.7,24239.0,-51.2,-83.4,-78.6,1,2,0.02,82,18.4,-18.220932464844893,-2.5607850576652043,66160
2026-04-01 13:30:18,12.8445,-8.9524,27.6,24248.0,-51.0,-83.2,-78.5,1,2,0.02,82,18.1,-17.923852044222425,-2.519033127377185,66160
2026-04-01 13:30:20,12.8442,-8.9525,27.6,24258.0,-50.5,-82.9,-78.2,1,2,0.02,82,17.7,-17.527744816725793,-2.4633638869931587,66160
2026-04-01 13:30:22,12.8438,-8.9526,27.5,24267.0,-50.3,-82.7,-78.0,1,2,0.02,83,17.4,-17.270303038559,-2.120526575249566,66160
2026-04-01 13:30:24,12.8435,-8.9526,27.5,24277.0,-50.1,-82.6,-77.9,1,2,0.02,83,17.2,-17.071793808230737,-2.0961527065685366,66160
2026-04-01 13:30:26,12.8432,-8.9526,27.5,24286.0,-49.7,-82.3,-77.6,1,2,0.02,83,16.9,-16.77402996273834,-2.0595919035469925,66160
2026-04-01 13:30:28,12.8429,-8.9526,27.4,24296.0,-49.4,-82.2,-77.4,1,2,0.02,83,16.6,-16.476266117245945,-2.0230311005254484,66160
2026-04-01 13:30:30,12.8427,-8.9527,27.4,24306.0,-49.3,-82.1,-77.3,1,2,0.02,83,16.4,-16.27775688691768,-1.9986572318444187,66160
2026-04-01 13:30:32,12.8424,-8.9527,27.3,24316.0,-49.0,-81.9,-77.2,1,2,0.02,83,16.1,-15.979993041425285,-1.9620964288228748,66160
2026-04-01 13:30:34,12.8421,-8.9527,27.3,24326.0,-48.6,-81.6,-76.9,1,2,0.02,83,15.9,-15.78148381109702,-1.937722560141845,66160
2026-04-01 13:30:36,12.8418,-8.9527,27.3,24336.0,-48.4,-81.5,-76.7,1,2,0.02,83,15.7,-15.582974580768754,-1.9133486914608155,66160
2026-04-01 13:30:38,12.8415,-8.9527,27.2,24345.0,-48.2,-81.3,-76.6,1,2,0.02,83,15.5,-15.384465350440491,-1.888974822779786,66160
2026-04-01 13:30:40,12.8413,-8.9527,27.2,24355.0,-48.2,-81.3,-76.6,1,2,0.02,83,15.3,-15.185956120112227,-1.8646009540987567,66160
2026-04-01 13:30:42,12.841,-8.9528,27.1,24366.0,-48.1,-81.3,-76.5,1,2,0.02,83,15.0,-14.88819227461983,-1.8280401510772124,66160
2026-04-01 13:30:44,12.8408,-8.9528,27.1,24375.0,-47.9,-81.2,-76.4,1,2,0.02,83,14.7,-14.590428429127433,-1.791479348055668,66160
2026-04-01 13:30:46,12.8405,-8.9529,27.0,24386.0,-48.0,-81.2,-76.5,1,2,0.02,82,14.5,-14.358886996752771,-2.0180099639209494,66160
2026-04-01 13:30:48,12.8402,-8.9529,27.0,24396.0,-47.9,-81.1,-76.4,1,2,0.02,82,14.3,-14.160833383004457,-1.9901753437289362,66160
2026-04-01 13:30:50,12.84,-8.953,27.0,24404.0,-47.7,-81.0,-76.3,1,2,0.02,82,14.0,-13.863752962381986,-1.9484234134409166,66160
2026-04-01 13:30:52,12.8397,-8.953,26.9,24414.0,-47.7,-81.0,-76.3,1,2,0.02,81,13.8,-13.630099100212902,-2.158795617555187,66160
2026-04-01 13:30:54,12.8394,-8.9531,26.9,24424.0,-47.7,-81.0,-76.3,1,2,0.02,81,13.5,-13.33379259803436,-2.1118652780431173,66160
2026-04-01 13:30:56,12.8392,-8.9531,26.8,24436.0,-47.5,-80.8,-76.1,1,2,0.02,80,13.2,-12.999462339761145,-2.2921559452034814,66160
2026-04-01 13:30:58,12.839,-8.9531,26.8,24445.0,-47.3,-80.8,-76.0,1,2,0.02,79,12.9,-12.662990666474865,-2.4614360403574294,66160
2026-04-01 13:31:00,12.8387,-8.9531,26.8,24455.0,-47.3,-80.7,-76.0,1,2,0.02,79,12.5,-12.2703397930958,-2.3851124422068115,66160
2026-04-01 13:31:02,12.8385,-8.9532,26.7,24466.0,-47.0,-80.5,-75.8,1,2,0.03,78,12.2,-11.933400728952428,-2.536522627976665,66160
2026-04-01 13:31:04,12.8383,-8.9533,26.7,24477.0,-46.8,-80.4,-75.6,1,2,0.03,77,11.8,-11.497566764465777,-2.6544224412576063,66160
2026-04-01 13:31:06,12.8381,-8.9534,26.6,24487.0,-46.6,-80.2,-75.5,1,2,0.03,77,11.4,-11.107818738551682,-2.5644420195200603,66160
2026-04-01 13:31:08,12.8379,-8.9534,26.6,24497.0,-46.6,-80.2,-75.5,1,2,0.03,76,11.1,-10.77028256166356,-2.685333041156311,66160
2026-04-01 13:31:10,12.8378,-8.9534,26.6,24507.0,-46.4,-80.1,-75.3,1,2,0.03,75,10.6,-10.238813758664124,-2.74348187808672,66160
2026-04-01 13:31:12,12.8376,-8.9535,26.5,24518.0,-46.3,-80.1,-75.3,1,2,0.03,74,10.1,-9.708743128977021,-2.7839372937516913,66160
2026-04-01 13:31:14,12.8374,-8.9535,26.5,24529.0,-46.4,-80.1,-75.4,1,2,0.03,73,9.7,-9.276156132841443,-2.8360055358105463,66160
2026-04-01 13:31:16,12.8372,-8.9536,26.4,24538.0,-46.1,-79.9,-75.2,1,2,0.03,72,9.3,-8.844825601544928,-2.8738580476870115,66160
2026-04-01 13:31:18,12.8371,-8.9536,26.4,24548.0,-46.0,-79.8,-75.1,1,2,0.03,71,8.8,-8.320563465273988,-2.8649997592229797,66160
2026-04-01 13:31:20,12.837,-8.9537,26.4,24559.0,-45.9,-79.8,-75.1,1,2,0.03,69,8.4,-7.842075582576495,-3.0102907761805233,66160
2026-04-01 13:31:22,12.8369,-8.9537,26.3,24569.0,-45.9,-79.8,-75.0,1,2,0.03,68,8.0,-7.417470836534299,-2.9968527473272957,66160
2026-04-01 13:31:24,12.8368,-8.9538,26.3,24580.0,-45.8,-79.7,-75.0,1,2,0.03,67,7.5,-6.903786400893303,-2.9304834636695527,66160
2026-04-01 13:31:26,12.8366,-8.9539,26.2,24591.0,-45.9,-79.8,-75.1,1,2,0.03,65,7.0,-6.3441545092565494,-2.9583278321848963,66160
2026-04-01 13:31:28,12.8364,-8.9539,26.2,24601.0,-45.9,-79.8,-75.0,1,2,0.03,64,6.5,-5.842161300944585,-2.8494124541290033,66160
2026-04-01 13:31:30,12.8364,-8.954,26.1,24613.0,-45.8,-79.7,-75.0,1,2,0.03,62,5.9,-5.209390797867669,-2.7698822204367564,66160
2026-04-01 13:31:32,12.8364,-8.954,26.1,24624.0,-45.7,-79.7,-74.9,1,2,0.03,59,5.4,-4.628703423791407,-2.7812056045142928,66160
2026-04-01 13:31:34,12.8363,-8.9541,26.1,24631.0,-45.7,-79.6,-74.9,1,2,0.03,56,5.0,-4.145187862775209,-2.7959645173537337,66160
2026-04-01 13:31:36,12.8361,-8.9541,26.0,24641.0,-45.7,-79.6,-74.9,1,2,0.03,53,4.6,-3.673723346217547,-2.768349106499422,66160
2026-04-01 13:31:38,12.836,-8.9542,26.0,24651.0,-45.5,-79.5,-74.8,1,2,0.03,50,4.2,-3.2173866610997077,-2.6997079606834653,66160
2026-04-01 13:31:40,12.836,-8.9543,25.9,24662.0,-45.4,-79.5,-74.7,1,2,0.03,46,3.8,-2.733491241286874,-2.6397018077441894,66160
2026-04-01 13:31:42,12.836,-8.9543,25.9,24670.0,-45.3,-79.4,-74.6,1,2,0.03,42,3.5,-2.341957122256004,-2.60100688917088,66160
2026-04-01 13:31:44,12.836,-8.9543,25.9,24681.0,-45.5,-79.5,-74.8,1,2,0.03,37,3.2,-1.9258080740865546,-2.5556336321513373,66160
2026-04-01 13:31:46,12.836,-8.9543,25.8,24690.0,-45.4,-79.4,-74.7,1,2,0.03,31,2.9,-1.493610417239157,-2.4857851720361257,66160
2026-04-01 13:31:48,12.836,-8.9544,25.8,24700.0,-45.2,-79.3,-74.6,1,2,0.03,24,2.7,-1.0981889363046606,-2.4665727356350224,66160
2026-04-01 13:31:50,12.836,-8.9545,25.8,24709.0,-45.0,-79.2,-74.4,1,2,0.03,16,2.5,-0.6890933895424979,-2.4031542398457972,66160
2026-04-01 13:31:52,12.8359,-8.9545,25.7,24718.0,-45.0,-79.2,-74.4,1,2,0.03,7,2.3,-0.28029948983183917,-2.2828561487750405,66160
2026-04-01 13:31:54,12.836,-8.9545,25.7,24722.0,-44.8,-79.0,-74.3,1,2,0.03,357,2.3,0.12037269935877204,-2.29684792993552,66160
2026-04-01 13:31:56,12.8361,-8.9545,25.7,24731.0,-44.8,-79.0,-74.3,1,2,0.03,347,2.3,0.5173874249908902,-2.2410511490060405,66160
2026-04-01 13:31:58,12.8361,-8.9546,25.6,24745.0,-44.9,-79.1,-74.4,1,2,0.03,338,2.4,0.8990558241981896,-2.2252412509602895,66160
2026-04-01 13:32:00,12.8361,-8.9546,25.6,24755.0,-44.8,-79.1,-74.3,1,2,0.03,330,2.4,1.200000000000001,-2.078460969082652,66160
2026-04-01 13:32:02,12.8361,-8.9547,25.6,24764.0,-44.7,-79.0,-74.2,1,2,0.03,322,2.6,1.6007198358467114,-2.0488279593774776,66160
2026-04-01 13:32:04,12.8362,-8.9547,25.5,24775.0,-44.7,-79.0,-74.2,1,2,0.03,316,2.7,1.8755776002392937,-1.9422174609143574,66160
2026-04-01 13:32:06,12.8362,-8.9547,25.5,24784.0,-44.8,-79.0,-74.3,1,2,0.03,311,2.8,2.113186824623762,-1.8369652811734196,66160
2026-04-01 13:32:08,12.8363,-8.9547,25.4,24794.0,-44.8,-79.0,-74.3,1,2,0.03,308,2.9,2.285231185459493,-1.7854182784444097,66160
2026-04-01 13:32:10,12.8364,-8.9548,25.4,24806.0,-44.8,-79.0,-74.3,1,2,0.03,304,3.1,2.570016474920629,-1.7334980007593157,66160
2026-04-01 13:32:12,12.8364,-8.9549,25.4,24815.0,-44.8,-79.0,-74.3,1,2,0.03,302,3.2,2.713753907700564,-1.695741645546255,66160
2026-04-01 13:32:14,12.8365,-8.9549,25.3,24825.0,-44.8,-79.1,-74.3,1,2,0.03,299,3.3,2.8862450335600056,-1.5998717468129129,66160
2026-04-01 13:32:16,12.8365,-8.9549,25.3,24834.0,-44.8,-79.0,-74.3,1,2,0.03,297,3.3,2.940321529821614,-1.4981686491405037,66160
2026-04-01 13:32:18,12.8366,-8.9549,25.3,24844.0,-44.7,-78.9,-74.2,1,2,0.03,295,3.4,3.081446475924609,-1.4369020899183786,66160
2026-04-01 13:32:20,12.8367,-8.9549,25.2,24853.0,-44.7,-78.9,-74.2,1,2,0.03,293,3.4,3.1297165017382977,-1.32848583686353,66160
2026-04-01 13:32:22,12.8368,-8.955,25.2,24862.0,-44.8,-79.0,-74.3,1,2,0.03,291,3.3,3.0808154074407654,-1.1826142334994911,66160
2026-04-01 13:32:24,12.8368,-8.955,25.1,24871.0,-44.8,-79.0,-74.3,1,2,0.03,290,3.4,3.194954910672088,-1.1628684873072745,66160
2026-04-01 13:32:26,12.8369,-8.955,25.1,24880.0,-44.8,-79.0,-74.3,1,2,0.03,289,3.3,3.120211299477746,-1.0743749097086157,66160
2026-04-01 13:32:28,12.8369,-8.955,25.1,24890.0,-44.8,-79.0,-74.3,1,2,0.03,288,3.3,3.138486503774007,-1.0197560814373259,66160
2026-04-01 13:32:30,12.837,-8.955,25.0,24898.0,-44.9,-79.1,-74.4,1,2,0.03,287,3.1,2.9645447434854098,-0.9063522846404838,66160
2026-04-01 13:32:32,12.8371,-8.9551,25.0,24908.0,-44.9,-79.1,-74.3,1,2,0.03,286,3.0,2.8837850878149562,-0.8269120674509982,66160
2026-04-01 13:32:34,12.8372,-8.9551,25.0,24916.0,-44.9,-79.1,-74.3,1,2,0.03,284,2.9,2.81385760620039,-0.7015734972390356,66160
2026-04-01 13:32:36,12.8372,-8.9551,24.9,24927.0,-45.1,-79.2,-74.5,1,2,0.03,281,2.8,2.748556113653459,-0.5342651870543262,66160
2026-04-01 13:32:38,12.8372,-8.9551,24.9,24935.0,-45.1,-79.2,-74.5,1,2,0.03,278,2.6,2.574696978728083,-0.36185006249617024,66160
2026-04-01 13:32:40,12.8373,-8.9551,24.9,24946.0,-45.1,-79.3,-74.5,1,2,0.03,275,2.5,2.4904867452293638,-0.21788935686914473,66160
2026-04-01 13:32:42,12.8373,-8.9551,24.8,24954.0,-45.1,-79.2,-74.5,1,2,0.03,273,2.4,2.396710883410977,-0.12560629498306547,66160
2026-04-01 13:32:44,12.8374,-8.955,24.8,24963.0,-45.2,-79.3,-74.5,1,2,0.03,269,2.2,2.199664929344061,0.038395294162023696,66160
2026-04-01 13:32:46,12.8374,-8.955,24.8,24971.0,-45.3,-79.4,-74.6,1,2,0.03,264,2.1,2.088495980273374,0.21950977286207207,66160
2026-04-01 13:32:48,12.8374,-8.9551,24.7,24981.0,-45.4,-79.4,-74.7,1,2,0.03,259,2.0,1.963254366895328,0.3816179907530892,66160
2026-04-01 13:32:50,12.8374,-8.9551,24.7,24989.0,-45.4,-79.4,-74.7,1,2,0.03,252,1.9,1.8070073809607916,0.5871322893124004,66160
2026-04-01 13:32:52,12.8374,-8.9551,24.7,24999.0,-45.6,-79.6,-74.9,1,2,0.03,245,1.9,1.721984795369635,0.8029746973073284,66160
2026-04-01 13:32:54,12.8375,-8.9551,24.6,25009.0,-45.7,-79.6,-74.9,1,2,0.03,236,1.8,1.4922676305990754,1.0065472262473438,66160
2026-04-01 13:32:56,12.8376,-8.955,24.6,25019.0,-45.7,-79.6,-74.9,1,2,0.03,226,1.8,1.2948116406095722,1.250385066826195,66160
2026-04-01 13:32:58,12.8376,-8.955,24.6,25030.0,-45.8,-79.7,-75.0,1,2,0.03,216,1.9,1.1167919793556986,1.5371322893124,66160
2026-04-01 13:33:00,12.8376,-8.955,24.5,25039.0,-46.0,-79.8,-75.1,1,2,0.03,208,2.0,0.9389431255717817,1.7658951857178538,66160
2026-04-01 13:33:02,12.8376,-8.955,24.5,25048.0,-46.0,-79.8,-75.1,1,2,0.03,201,2.3,0.824246283954191,2.147234980943564,66160
2026-04-01 13:33:04,12.8375,-8.9549,24.5,25058.0,-46.1,-79.9,-75.2,1,2,0.03,196,2.5,0.6890933895424975,2.4031542398457972,66160
2026-04-01 13:33:06,12.8376,-8.9548,24.4,25067.0,-46.1,-79.9,-75.2,1,2,0.03,192,2.7,0.5613615652079507,2.6409985219812753,66160
2026-04-01 13:33:08,12.8376,-8.9548,24.4,25076.0,-46.1,-79.9,-75.2,1,2,0.03,188,3.0,0.41751930288019656,2.970804206224711,66160
2026-04-01 13:33:10,12.8377,-8.9547,24.4,25086.0,-46.2,-80.0,-75.3,1,2,0.03,185,3.3,0.2876139510672712,3.28744250370276,66160
2026-04-01 13:33:12,12.8376,-8.9547,24.3,25095.0,-46.2,-80.0,-75.3,1,2,0.03,182,3.6,0.12563818812900324,3.597806977268745,66160
2026-04-01 13:33:14,12.8376,-8.9547,24.3,25103.0,-46.1,-79.9,-75.2,1,2,0.03,181,3.8,0.06631914446167782,3.7994212415942865,66160
2026-04-01 13:33:16,12.8376,-8.9546,24.2,25114.0,-46.1,-79.9,-75.2,1,2,0.03,179,4.1,-0.0715548663928621,4.099375550141204,66160
2026-04-01 13:33:18,12.8376,-8.9544,24.2,25124.0,-46.0,-79.8,-75.1,1,2,0.03,177,4.3,-0.22504461184465835,4.294106999444668,66160
2026-04-01 13:33:20,12.8376,-8.9543,24.2,25132.0,-46.2,-80.0,-75.2,1,2,0.03,176,4.6,-0.3208797792229774,4.588794631195191,66160
2026-04-01 13:33:22,12.8376,-8.9542,24.1,25141.0,-46.2,-80.0,-75.2,1,2,0.03,174,4.9,-0.5121894700115034,4.873157287304539,66160
2026-04-01 13:33:24,12.8376,-8.9541,24.1,25149.0,-45.9,-79.8,-75.0,1,2,0.03,173,5.1,-0.6215336513662525,5.061985373370741,66160
2026-04-01 13:33:26,12.8375,-8.954,24.1,25159.0,-45.8,-79.7,-75.0,1,2,0.03,172,5.3,-0.7376174350883462,5.248420764330323,66160
2026-04-01 13:33:28,12.8375,-8.9539,24.0,25169.0,-45.6,-79.6,-74.9,1,2,0.03,171,5.5,-0.8603895577212703,5.4322858732732575,66160
2026-04-01 13:33:30,12.8375,-8.9538,24.0,25178.0,-45.6,-79.6,-74.8,1,2,0.03,170,5.7,-0.9897946127015026,5.613404192169586,66160
2026-04-01 13:33:32,12.8375,-8.9536,24.0,25188.0,-45.5,-79.5,-74.8,1,2,0.03,169,5.8,-1.1066921731839607,5.69343766399645,66160
2026-04-01 13:33:34,12.8374,-8.9535,23.9,25197.0,-45.6,-79.6,-74.8,1,2,0.03,168,5.9,-1.22667897582478,5.771070844329454,66160
2026-04-01 13:33:36,12.8374,-8.9535,23.9,25205.0,-45.5,-79.5,-74.8,1,2,0.03,167,6.0,-1.3497063260631912,5.84622038871141,66160
2026-04-01 13:33:38,12.8374,-8.9534,23.9,25215.0,-45.6,-79.6,-74.9,1,2,0.03,166,6.1,-1.475723563157973,5.918803930283578,66160
2026-04-01 13:33:40,12.8374,-8.9532,23.8,25226.0,-45.8,-79.7,-75.0,1,2,0.03,166,6.1,-1.475723563157973,5.918803930283578,66160
2026-04-01 13:33:42,12.8374,-8.953,23.8,25233.0,-45.9,-79.8,-75.1,1,2,0.03,165,6.1,-1.578796175125378,5.8921475403633154,66160
2026-04-01 13:33:44,12.8373,-8.9529,23.8,25243.0,-46.1,-79.9,-75.1,1,2,0.03,164,6.0,-1.6538241349019953,5.767570175629913,66160
2026-04-01 13:33:46,12.8373,-8.9528,23.8,25252.0,-46.0,-79.9,-75.1,1,2,0.03,163,6.0,-1.7542302283364197,5.737828535778213,66160
2026-04-01 13:33:48,12.8372,-8.9527,23.7,25261.0,-46.1,-79.9,-75.2,1,2,0.03,162,5.9,-1.8232002668121905,5.611233446141406,66160
2026-04-01 13:33:50,12.8372,-8.9527,23.7,25271.0,-46.1,-79.9,-75.2,1,2,0.03,161,5.9,-1.9208521112972239,5.578559596035969,66160
2026-04-01 13:33:52,12.8372,-8.9525,23.7,25280.0,-46.1,-79.9,-75.2,1,2,0.03,161,5.8,-1.8882952958515082,5.484007738476038,66160
2026-04-01 13:33:54,12.8371,-8.9524,23.6,25290.0,-46.1,-79.9,-75.2,1,2,0.03,160,5.7,-1.9495148169563126,5.356247938479678,66160
2026-04-01 13:33:56,12.837,-8.9523,23.6,25299.0,-46.2,-80.0,-75.2,1,2,0.03,159,5.6,-2.006860517453681,5.22805038838433,66160
2026-04-01 13:33:58,12.837,-8.9523,23.6,25308.0,-46.2,-80.0,-75.2,1,2,0.03,158,5.5,-2.060336263787517,5.09951120011733,66160
2026-04-01 13:34:00,12.8369,-8.9522,23.5,25316.0,-46.3,-80.0,-75.3,1,2,0.03,157,5.4,-2.1099480938420787,4.970726208643178,66160
2026-04-01 13:34:02,12.8369,-8.9521,23.5,25324.0,-46.2,-80.0,-75.2,1,2,0.03,155,5.3,-2.239876787225707,4.803431271294245,66160
2026-04-01 13:34:04,12.8369,-8.952,23.5,25332.0,-46.1,-79.9,-75.2,1,2,0.03,153,5.2,-2.3607505986456436,4.633233925779512,66160
2026-04-01 13:34:06,12.8369,-8.9519,23.4,25341.0,-46.1,-79.9,-75.2,1,2,0.03,151,5.1,-2.4725290632563195,4.460560506410918,66160
2026-04-01 13:34:08,12.8368,-8.9519,23.4,25349.0,-46.0,-79.8,-75.1,1,2,0.03,149,5.0,-2.5751903745502718,4.285836503510561,66160
2026-04-01 13:34:10,12.8367,-8.9518,23.4,25358.0,-45.9,-79.8,-75.1,1,2,0.03,147,4.9,-2.668731271573634,4.109485782932578,66160
2026-04-01 13:34:12,12.8367,-8.9517,23.3,25367.0,-45.9,-79.8,-75.1,1,2,0.03,146,4.8,-2.684125936659585,3.9793803482641996,66160
2026-04-01 13:34:14,12.8367,-8.9516,23.3,25376.0,-45.7,-79.7,-74.9,1,2,0.03,144,4.8,-2.8213692110038715,3.883281572999747,66160
2026-04-01 13:34:16,12.8367,-8.9515,23.3,25382.0,-45.9,-79.7,-75.0,1,2,0.03,143,4.7,-2.8285306088146265,3.753586897222277,66160
2026-04-01 13:34:18,12.8366,-8.9514,23.3,25391.0,-46.0,-79.9,-75.1,1,2,0.03,142,4.7,-2.8936089340305946,3.703650541951593,66160
2026-04-01 13:34:20,12.8366,-8.9514,23.2,25399.0,-45.9,-79.8,-75.1,1,2,0.03,141,4.7,-2.957805837934236,3.6525860188477632,66160
2026-04-01 13:34:22,12.8365,-8.9514,23.2,25407.0,-46.0,-79.8,-75.1,1,2,0.03,140,4.7,-3.0211017655267356,3.6004088826591962,66160
2026-04-01 13:34:24,12.8364,-8.9514,23.2,25417.0,-46.1,-79.9,-75.2,1,2,0.03,139,4.7,-3.0834774362553845,3.5471350270470285,66160
2026-04-01 13:34:26,12.8363,-8.9513,23.1,25426.0,-46.0,-79.8,-75.1,1,2,0.03,138,4.8,-3.2118269105225203,3.567095162291491,66160
2026-04-01 13:34:28,12.8363,-8.9512,23.1,25435.0,-45.8,-79.7,-75.0,1,2,0.03,137,4.9,-3.3417919643062435,3.5836331379339357,66160
2026-04-01 13:34:30,12.8362,-8.9512,23.1,25443.0,-45.8,-79.7,-75.0,1,2,0.03,136,5.0,-3.473291852294986,3.5966990016932563,66160
2026-04-01 13:34:32,12.8361,-8.9512,23.1,25451.0,-45.9,-79.7,-75.0,1,2,0.03,136,5.1,-3.542757689340885,3.6686329817271215,66160
2026-04-01 13:34:34,12.836,-8.9512,23.0,25458.0,-45.9,-79.8,-75.0,1,2,0.03,136,5.2,-3.6122235263867855,3.7405669617609867,66160
2026-04-01 13:34:36,12.836,-8.9511,23.0,25467.0,-46.0,-79.8,-75.1,1,2,0.03,134,5.4,-3.884434921828716,3.751155200478586,66160
2026-04-01 13:34:38,12.8359,-8.951,23.0,25476.0,-46.0,-79.9,-75.1,1,2,0.03,133,5.5,-4.022445358905438,3.750990980343741,66160
2026-04-01 13:34:40,12.8358,-8.9509,22.9,25485.0,-46.1,-79.9,-75.2,1,2,0.03,132,5.7,-4.2359255052211475,3.814044456245492,66160
2026-04-01 13:34:42,12.8358,-8.9508,22.9,25494.0,-46.3,-80.1,-75.3,1,2,0.03,132,5.9,-4.384554470316626,3.947870577517264,66160
2026-04-01 13:34:44,12.8358,-8.9508,22.9,25503.0,-46.3,-80.1,-75.3,1,2,0.03,132,6.2,-4.6074979179598445,4.148609759424922,66160
2026-04-01 13:34:46,12.8356,-8.9508,22.8,25512.0,-46.5,-80.2,-75.4,1,2,0.03,133,6.4,-4.6806636903626915,4.364789504399989,66160
2026-04-01 13:34:48,12.8354,-8.9507,22.8,25524.0,-46.6,-80.3,-75.5,1,2,0.03,134,6.6,-4.747642682235097,4.584745245029382,66160
2026-04-01 13:34:50,12.8354,-8.9505,22.8,25533.0,-46.7,-80.3,-75.5,1,2,0.03,136,6.9,-4.7931427561670805,4.963444622336694,66160
2026-04-01 13:34:52,12.8354,-8.9503,22.7,25542.0,-46.7,-80.3,-75.6,1,2,0.03,137,7.1,-4.84218835644374,5.19261128149611,66160
2026-04-01 13:34:54,12.8353,-8.9503,22.7,25553.0,-46.9,-80.4,-75.7,1,2,0.03,138,7.3,-4.884653426419667,5.4249572259849765,66160
2026-04-01 13:34:56,12.8351,-8.9503,22.7,25562.0,-46.8,-80.4,-75.6,1,2,0.03,139,7.6,-4.986048620327855,5.735792809693067,66160
2026-04-01 13:34:58,12.835,-8.9501,22.6,25574.0,-46.9,-80.4,-75.7,1,2,0.03,140,7.8,-5.0137433555550075,5.975146656328027,66160
2026-04-01 13:35:00,12.8349,-8.95,22.6,25586.0,-47.0,-80.5,-75.7,1,2,0.03,141,8.1,-5.097495167503682,6.294882287801464,66160
2026-04-01 13:35:02,12.8348,-8.9498,22.6,25596.0,-46.9,-80.5,-75.7,1,2,0.03,142,8.5,-5.233122540268097,6.698091405657136,66160
2026-04-01 13:35:04,12.8347,-8.9497,22.5,25607.0,-46.9,-80.5,-75.7,1,2,0.03,144,8.8,-5.172510220173765,7.119349550499537,66160
2026-04-01 13:35:06,12.8346,-8.9495,22.5,25617.0,-46.9,-80.5,-75.7,1,2,0.03,144,9.2,-5.407624321090753,7.442956348249515,66160
2026-04-01 13:35:08,12.8345,-8.9494,22.4,25630.0,-47.1,-80.6,-75.9,1,2,0.03,145,9.5,-5.448976145334936,7.781944420745424,66160
2026-04-01 13:35:10,12.8345,-8.9493,22.4,25642.0,-47.2,-80.7,-75.9,1,2,0.03,146,10.0,-5.591929034707469,8.290375725550415,66160
2026-04-01 13:35:12,12.8343,-8.9492,22.4,25655.0,-47.2,-80.6,-75.9,1,2,0.03,147,10.3,-5.609782060654782,8.638306849837868,66160
2026-04-01 13:35:14,12.8342,-8.949,22.3,25669.0,-47.2,-80.7,-75.9,1,2,0.03,148,10.6,-5.617144200871973,8.989309819258114,66160
2026-04-01 13:35:16,12.8342,-8.9488,22.3,25684.0,-47.3,-80.7,-75.9,1,2,0.03,149,10.9,-5.613915016519593,9.343123577653024,66160
2026-04-01 13:35:18,12.8341,-8.9486,22.2,25695.0,-47.4,-80.8,-76.0,1,2,0.03,150,11.3,-5.6499999999999995,9.786087062764159,66160
2026-04-01 13:35:20,12.834,-8.9484,22.2,25708.0,-47.5,-80.9,-76.1,1,2,0.03,150,11.6,-5.799999999999999,10.045894683899489,66160
2026-04-01 13:35:22,12.8338,-8.9482,22.1,25719.0,-47.6,-81.0,-76.2,1,2,0.03,151,11.8,-5.720753518906779,10.32051254424487,66160
2026-04-01 13:35:24,12.8337,-8.9481,22.1,25729.0,-47.8,-81.1,-76.3,1,2,0.03,151,12.1,-5.86619640498068,10.582898456386689,66160
2026-04-01 13:35:26,12.8336,-8.9478,22.1,25741.0,-47.6,-81.0,-76.2,1,2,0.03,152,12.4,-5.821447378545045,10.948550151450695,66160
2026-04-01 13:35:28,12.8335,-8.9476,22.0,25751.0,-47.7,-81.0,-76.3,1,2,0.03,152,12.7,-5.962288847380812,11.213434429308371,66160
2026-04-01 13:35:30,12.8334,-8.9473,22.0,25760.0,-48.1,-81.3,-76.5,1,2,0.03,152,13.0,-6.103130316216579,11.47831870716605,66160
2026-04-01 13:35:32,12.8332,-8.9472,22.0,25770.0,-48.1,-81.3,-76.5,1,2,0.03,152,13.3,-6.243971785052347,11.74320298502373,66160
2026-04-01 13:35:34,12.8331,-8.947,21.9,25780.0,-48.0,-81.2,-76.5,1,2,0.03,152,13.5,-6.337866097609524,11.919792503595515,66160
2026-04-01 13:35:36,12.833,-8.9468,21.9,25790.0,-48.1,-81.3,-76.5,1,2,0.03,152,13.7,-6.431760410166702,12.0963820221673,66160
2026-04-01 13:35:38,12.8329,-8.9465,21.9,25801.0,-48.2,-81.4,-76.6,1,2,0.03,153,13.9,-6.310467946379702,12.384990686218313,66160
2026-04-01 13:35:40,12.8328,-8.9463,21.8,25813.0,-48.4,-81.4,-76.7,1,2,0.03,153,14.2,-6.446665096301565,12.652292643474821,66160
2026-04-01 13:35:42,12.8327,-8.9461,21.8,25825.0,-48.4,-81.5,-76.7,1,2,0.03,153,14.4,-6.537463196249475,12.830493948312496,66160
2026-04-01 13:35:44,12.8326,-8.9458,21.7,25835.0,-48.2,-81.4,-76.6,1,2,0.03,153,14.6,-6.628261296197384,13.008695253150169,66160
2026-04-01 13:35:46,12.8324,-8.9456,21.7,25846.0,-48.2,-81.3,-76.6,1,2,0.03,153,14.8,-6.719059396145294,13.186896557987843,66160
2026-04-01 13:35:48,12.8323,-8.9453,21.7,25858.0,-48.2,-81.3,-76.6,1,2,0.03,153,15.0,-6.809857496093203,13.365097862825516,66160
2026-04-01 13:35:50,12.8322,-8.9451,21.6,25868.0,-48.2,-81.4,-76.6,1,2,0.03,152,15.3,-7.182914910624128,13.509098170741584,66160
2026-04-01 13:35:52,12.8321,-8.9448,21.6,25879.0,-48.2,-81.3,-76.6,1,2,0.03,152,15.5,-7.2768092231813055,13.685687689313369,66160
2026-04-01 13:35:54,12.8319,-8.9446,21.6,25889.0,-48.2,-81.4,-76.6,1,2,0.03,152,15.7,-7.370703535738484,13.862277207885153,66160
2026-04-01 13:35:56,12.8318,-8.9443,21.5,25900.0,-48.2,-81.4,-76.6,1,2,0.03,152,15.9,-7.4645978482956625,14.03886672645694,66160
2026-04-01 13:35:58,12.8317,-8.944,21.5,25910.0,-48.2,-81.3,-76.6,1,2,0.03,151,16.2,-7.8539158479906614,14.168839255658211,66160
2026-04-01 13:36:00,12.8315,-8.9438,21.5,25922.0,-48.4,-81.5,-76.7,1,2,0.03,151,16.3,-7.902396810015296,14.256301226372152,66160
2026-04-01 13:36:02,12.8313,-8.9435,21.4,25933.0,-48.6,-81.6,-76.8,1,2,0.03,151,16.4,-7.950877772039929,14.343763197086089,66160
2026-04-01 13:36:04,12.8312,-8.9433,21.4,25944.0,-48.7,-81.7,-76.9,1,2,0.03,150,16.6,-8.299999999999999,14.376021702821683,66160
2026-04-01 13:36:06,12.8311,-8.943,21.4,25954.0,-48.5,-81.6,-76.8,1,2,0.03,150,16.8,-8.399999999999999,14.54922678357857,66160
2026-04-01 13:36:08,12.8309,-8.9427,21.3,25967.0,-48.6,-81.6,-76.9,1,2,0.03,150,17.0,-8.499999999999998,14.722431864335459,66160
2026-04-01 13:36:10,12.8307,-8.9424,21.3,25976.0,-48.6,-81.6,-76.9,1,2,0.03,149,17.3,-8.910158695943942,14.828994302146542,66160
2026-04-01 13:36:12,12.8306,-8.9422,21.3,25986.0,-48.6,-81.6,-76.8,1,2,0.03,149,17.5,-9.013166310925952,15.000427762286964,66160
2026-04-01 13:36:14,12.8304,-8.9419,21.2,25997.0,-48.5,-81.5,-76.8,1,2,0.03,149,17.8,-9.167677733398968,15.257577952497599,66160
2026-04-01 13:36:16,12.8302,-8.9417,21.2,26009.0,-48.4,-81.5,-76.8,1,2,0.03,148,18.0,-9.53854675619769,15.264865730815668,66160
2026-04-01 13:36:18,12.83,-8.9414,21.1,26020.0,-48.4,-81.5,-76.7,1,2,0.03,148,18.2,-9.644530609044331,15.434475350046952,66160
2026-04-01 13:36:20,12.8299,-8.9411,21.1,26029.0,-48.2,-81.3,-76.6,1,2,0.03,148,18.3,-9.697522535467652,15.519280159662596,66160
2026-04-01 13:36:22,12.8297,-8.9409,21.1,26039.0,-48.2,-81.4,-76.6,1,2,0.03,148,18.5,-9.803506388314293,15.68888977889388,66160
2026-04-01 13:36:24,12.8295,-8.9406,21.0,26051.0,-48.3,-81.4,-76.7,1,2,0.03,147,18.6,-10.130286051279509,15.599272563784886,66160
2026-04-01 13:36:26,12.8293,-8.9403,21.0,26060.0,-48.4,-81.5,-76.7,1,2,0.03,147,18.6,-10.130286051279509,15.599272563784886,66160
2026-04-01 13:36:28,12.8291,-8.94,21.0,26072.0,-48.4,-81.5,-76.8,1,2,0.03,147,18.7,-10.18474995478101,15.683139620579427,66160
2026-04-01 13:36:30,12.829,-8.9396,21.0,26076.0,-48.3,-81.4,-76.6,1,2,0.03,146,18.7,-10.456907294902967,15.503002606779278,66160
2026-04-01 13:36:32,12.8288,-8.9393,20.9,26095.0,-48.4,-81.5,-76.7,1,2,0.03,146,18.6,-10.400988004555893,15.420098849523775,66160
2026-04-01 13:36:34,12.8285,-8.939,20.9,26104.0,-48.4,-81.5,-76.7,1,2,0.03,145,18.5,-10.61116407249435,15.15431281934635,66160
2026-04-01 13:36:36,12.8283,-8.9387,20.8,26116.0,-48.4,-81.5,-76.7,1,2,0.03,145,18.5,-10.61116407249435,15.15431281934635,66160
2026-04-01 13:36:38,12.8281,-8.9384,20.8,26127.0,-48.3,-81.4,-76.6,1,2,0.03,144,18.4,-10.815248642181507,14.88591269649903,66160
2026-04-01 13:36:40,12.8279,-8.9382,20.8,26138.0,-48.3,-81.4,-76.6,1,2,0.03,144,18.3,-10.756470116952261,14.805010997061537,66160
2026-04-01 13:36:42,12.8278,-8.9379,20.7,26148.0,-48.2,-81.3,-76.6,1,2,0.03,144,18.1,-10.638913066493767,14.643207598186548,66160
2026-04-01 13:36:44,12.8276,-8.9377,20.7,26158.0,-48.3,-81.4,-76.7,1,2,0.03,143,17.9,-10.772488914421661,14.295575629846542,66160
2026-04-01 13:36:46,12.8274,-8.9374,20.7,26170.0,-48.4,-81.5,-76.7,1,2,0.03,142,17.6,-10.835641965731588,13.868989263478307,66160
2026-04-01 13:36:48,12.8271,-8.9371,20.6,26179.0,-48.2,-81.3,-76.6,1,2,0.03,142,17.3,-10.650943523133892,13.632586037396289,66160
2026-04-01 13:36:50,12.8269,-8.9369,20.6,26190.0,-48.1,-81.2,-76.5,1,2,0.03,141,17.0,-10.698446647847236,13.211481344768504,66160
2026-04-01 13:36:52,12.8267,-8.9367,20.6,26199.0,-47.7,-81.0,-76.2,1,2,0.03,141,16.7,-10.509650530532284,12.978337556331413,66160
2026-04-01 13:36:54,12.8266,-8.9365,20.5,26210.0,-47.5,-80.9,-76.1,1,2,0.03,140,16.4,-10.541716798859246,12.563128867151237,66160
2026-04-01 13:36:56,12.8264,-8.9363,20.5,26220.0,-47.4,-80.8,-76.0,1,2,0.03,139,16.1,-10.562550366747168,12.15082424158663,66160
2026-04-01 13:36:58,12.8261,-8.936,20.5,26229.0,-47.2,-80.6,-75.9,1,2,0.03,139,15.7,-10.300126755150965,11.84894040949752,66160
2026-04-01 13:37:00,12.8259,-8.9359,20.5,26240.0,-46.9,-80.5,-75.7,1,2,0.03,138,15.4,-10.30461133792642,11.444430312351868,66160
2026-04-01 13:37:02,12.8257,-8.9357,20.4,26250.0,-46.9,-80.4,-75.7,1,2,0.03,138,15.2,-10.170785216654648,11.295801347256388,66160
2026-04-01 13:37:04,12.8256,-8.9356,20.4,26259.0,-46.8,-80.4,-75.6,1,2,0.03,137,14.9,-10.16177556493123,10.89717015412564,66160
2026-04-01 13:37:06,12.8255,-8.9353,20.4,26269.0,-46.9,-80.4,-75.7,1,2,0.03,137,14.6,-9.957176056912479,10.677764043639888,66160
2026-04-01 13:37:08,12.8252,-8.9351,20.3,26279.0,-46.9,-80.5,-75.7,1,2,0.03,136,14.3,-9.933614697563659,10.286559144842714,66160
2026-04-01 13:37:10,12.825,-8.935,20.3,26290.0,-46.9,-80.5,-75.7,1,2,0.03,136,14.0,-9.72521718642596,10.070757204741119,66160
2026-04-01 13:37:12,12.8248,-8.9348,20.3,26300.0,-46.9,-80.5,-75.7,1,2,0.03,136,13.7,-9.51681967528826,9.854955264639523,66160
2026-04-01 13:37:14,12.8247,-8.9346,20.2,26309.0,-46.8,-80.4,-75.7,1,2,0.03,135,13.4,-9.475230867899738,9.475230867899736,66160
2026-04-01 13:37:16,12.8246,-8.9345,20.2,26318.0,-46.9,-80.5,-75.7,1,2,0.03,135,13.1,-9.263098833543774,9.263098833543772,66160
2026-04-01 13:37:18,12.8244,-8.9343,20.2,26330.0,-47.1,-80.6,-75.8,1,2,0.03,135,12.8,-9.05096679918781,9.050966799187808,66160
2026-04-01 13:37:20,12.8242,-8.9341,20.1,26339.0,-47.1,-80.6,-75.9,1,2,0.03,134,12.5,-8.991747504233139,8.683229630737467,66160
2026-04-01 13:37:22,12.824,-8.934,20.1,26348.0,-47.0,-80.5,-75.8,1,2,0.03,134,12.2,-8.775945564131543,8.474832119599768,66160
2026-04-01 13:37:24,12.8239,-8.9338,20.1,26359.0,-47.0,-80.5,-75.8,1,2,0.03,134,12.0,-8.632077604063813,8.335900445507969,66160
2026-04-01 13:37:26,12.8237,-8.9337,20.1,26368.0,-47.0,-80.5,-75.8,1,2,0.03,133,11.7,-8.556838308944295,7.979380812731231,66160
2026-04-01 13:37:28,12.8236,-8.9335,20.0,26377.0,-47.1,-80.6,-75.8,1,2,0.03,133,11.4,-8.337432198458545,7.774781304712482,66160
2026-04-01 13:37:30,12.8234,-8.9334,20.0,26388.0,-47.2,-80.7,-75.9,1,2,0.03,133,11.1,-8.118026087972794,7.570181796693731,66160
2026-04-01 13:37:32,12.8233,-8.9333,20.0,26396.0,-47.1,-80.6,-75.9,1,2,0.03,132,10.8,-8.025964115155858,7.226610548675669,66160
2026-04-01 13:37:34,12.8231,-8.9331,19.9,26406.0,-47.1,-80.6,-75.9,1,2,0.03,132,10.5,-7.80302066751264,7.025871366768012,66160
2026-04-01 13:37:36,12.823,-8.933,19.9,26417.0,-47.0,-80.6,-75.8,1,2,0.03,131,10.2,-7.698037718272275,6.6918020957031725,66160
2026-04-01 13:37:38,12.8229,-8.933,19.9,26427.0,-47.1,-80.6,-75.8,1,2,0.03,131,9.9,-7.4716248442054445,6.4949843870060215,66160
2026-04-01 13:37:40,12.8228,-8.9329,19.9,26437.0,-47.3,-80.8,-76.0,1,2,0.03,129,9.6,-7.4606012299869215,6.041475754078438,66160
2026-04-01 13:37:42,12.8226,-8.9328,19.8,26448.0,-47.5,-80.9,-76.1,1,2,0.03,129,9.4,-7.305172037695527,5.915611675868471,66160
2026-04-01 13:37:44,12.8225,-8.9326,19.8,26458.0,-47.4,-80.8,-76.0,1,2,0.03,128,9.1,-7.17089785782117,5.60251942546349,66160
2026-04-01 13:37:46,12.8224,-8.9325,19.8,26469.0,-47.4,-80.8,-76.1,1,2,0.03,126,8.8,-7.119349550499538,5.172510220173763,66160
2026-04-01 13:37:48,12.8223,-8.9324,19.7,26478.0,-47.3,-80.7,-76.0,1,2,0.03,125,8.6,-7.044707580885328,4.932757352618997,66160
2026-04-01 13:37:50,12.8222,-8.9324,19.7,26487.0,-47.4,-80.8,-76.0,1,2,0.03,124,8.4,-6.963915609462351,4.697220389154272,66160
2026-04-01 13:37:52,12.8221,-8.9323,19.7,26497.0,-47.6,-80.9,-76.2,1,2,0.03,122,8.2,-6.953994388482693,4.345337966712279,66160
2026-04-01 13:37:54,12.8219,-8.9323,19.6,26507.0,-47.6,-80.9,-76.2,1,2,0.03,120,8.0,-6.92820323027551,3.9999999999999987,66160
2026-04-01 13:37:56,12.8218,-8.9322,19.6,26516.0,-47.7,-81.0,-76.3,1,2,0.03,119,7.8,-6.8220337156872874,3.7815150379214284,66160
2026-04-01 13:37:58,12.8217,-8.932,19.6,26527.0,-47.7,-81.0,-76.2,1,2,0.03,117,7.7,-6.860750236250433,3.49572684799451,66160
2026-04-01 13:38:00,12.8216,-8.932,19.6,26538.0,-47.6,-80.9,-76.2,1,2,0.03,116,7.5,-6.740955347243752,3.287783600918081,66160
2026-04-01 13:38:02,12.8215,-8.932,19.5,26548.0,-47.7,-81.0,-76.3,1,2,0.03,114,7.3,-6.668881840790986,2.969177494453342,66160
2026-04-01 13:38:04,12.8213,-8.932,19.5,26556.0,-47.7,-81.0,-76.3,1,2,0.03,112,7.2,-6.675723752880869,2.697167472594567,66160
2026-04-01 13:38:06,12.8212,-8.9319,19.5,26567.0,-47.8,-81.0,-76.3,1,2,0.03,110,7.0,-6.5778483455013586,2.394141003279681,66160
2026-04-01 13:38:08,12.821,-8.9318,19.4,26577.0,-47.7,-81.0,-76.2,1,2,0.03,109,6.9,-6.524078171635287,2.246420265754381,66160
2026-04-01 13:38:10,12.8209,-8.9318,19.4,26587.0,-47.6,-80.9,-76.2,1,2,0.03,107,6.9,-6.598502816144945,2.017364762586883,66160
2026-04-01 13:38:12,12.8208,-8.9318,19.4,26597.0,-47.5,-80.9,-76.1,1,2,0.03,106,6.8,-6.536579532380569,1.8743340195555935,66160
2026-04-01 13:38:14,12.8207,-8.9318,19.4,26606.0,-47.5,-80.9,-76.1,1,2,0.03,105,6.8,-6.5682956187656645,1.7599695066971417,66160
2026-04-01 13:38:16,12.8205,-8.9318,19.3,26616.0,-47.5,-80.9,-76.1,1,2,0.03,104,6.8,-6.598010938676776,1.6450688900777408,66160
2026-04-01 13:38:18,12.8204,-8.9318,19.3,26626.0,-47.5,-80.9,-76.1,1,2,0.03,103,6.7,-6.528279434061076,1.5071720641038957,66160
2026-04-01 13:38:20,12.8203,-8.9318,19.3,26638.0,-47.5,-80.8,-76.1,1,2,0.03,103,6.7,-6.528279434061076,1.5071720641038957,66160
2026-04-01 13:38:22,12.8202,-8.9317,19.2,26646.0,-47.3,-80.7,-76.0,1,2,0.03,104,6.6,-6.403951793421577,1.5966845109578074,66160
2026-04-01 13:38:24,12.8202,-8.9318,19.2,26656.0,-47.3,-80.7,-76.0,1,2,0.03,104,6.6,-6.403951793421577,1.5966845109578074,66160
2026-04-01 13:38:26,12.82,-8.9318,19.2,26664.0,-47.2,-80.6,-75.9,1,2,0.03,105,6.5,-6.278517870878944,1.6823237931663855,66160
2026-04-01 13:38:28,12.8199,-8.9318,19.2,26674.0,-47.2,-80.7,-75.9,1,2,0.03,106,6.4,-6.1520748540052415,1.764079077228794,66160
2026-04-01 13:38:30,12.8198,-8.9317,19.1,26682.0,-47.0,-80.5,-75.8,1,2,0.03,107,6.3,-6.024719962567124,1.841941739753241,66160
2026-04-01 13:38:32,12.8196,-8.9317,19.1,26692.0,-46.8,-80.4,-75.6,1,2,0.04,108,6.3,-5.991656052659468,1.9468070645621682,66160
2026-04-01 13:38:34,12.8195,-8.9316,19.1,26702.0,-46.5,-80.2,-75.4,1,2,0.04,109,6.3,-5.9567670262756955,2.051079373080087,66160
2026-04-01 13:38:36,12.8195,-8.9316,19.0,26712.0,-46.2,-80.0,-75.2,1,2,0.04,111,6.3,-5.881556686932371,2.2577180821353915,66160
2026-04-01 13:38:38,12.8193,-8.9316,19.0,26722.0,-46.1,-79.9,-75.1,1,2,0.04,114,6.3,-5.755336383148386,2.5624408513775414,66160
2026-04-01 13:38:40,12.8192,-8.9316,19.0,26731.0,-46.0,-79.8,-75.1,1,2,0.04,116,6.4,-5.752281896314669,2.805575339450096,66160
2026-04-01 13:38:42,12.8191,-8.9315,19.0,26742.0,-45.9,-79.8,-75.0,1,2,0.04,118,6.5,-5.739159353583025,3.051565158108291,66160
2026-04-01 13:38:44,12.819,-8.9313,18.9,26753.0,-45.9,-79.8,-75.0,1,2,0.04,120,6.7,-5.802370205355739,3.3499999999999988,66160
2026-04-01 13:38:46,12.819,-8.9312,18.9,26761.0,-46.1,-79.9,-75.1,1,2,0.04,121,6.9,-5.914454374844575,3.553762716879375,66160
2026-04-01 13:38:48,12.8189,-8.9312,18.9,26771.0,-46.1,-79.9,-75.2,1,2,0.04,122,7.0,-5.936336673094982,3.7094348496324336,66160
2026-04-01 13:38:50,12.8188,-8.9312,18.9,26779.0,-45.9,-79.8,-75.0,1,2,0.04,123,7.2,-6.038428089207053,3.921401052108196,66160
2026-04-01 13:38:52,12.8186,-8.9311,18.8,26792.0,-46.0,-79.8,-75.1,1,2,0.04,124,7.3,-6.051974279651804,4.082108195336451,66160
2026-04-01 13:38:54,12.8185,-8.931,18.8,26800.0,-45.8,-79.7,-75.0,1,2,0.04,125,7.4,-6.061725127738539,4.244465628997742,66160
2026-04-01 13:38:56,12.8185,-8.9309,18.8,26811.0,-45.8,-79.7,-75.0,1,2,0.04,125,7.5,-6.143640332167438,4.301823272632846,66160
2026-04-01 13:38:58,12.8184,-8.9307,18.7,26821.0,-45.8,-79.7,-74.9,1,2,0.04,125,7.7,-6.307470741025236,4.4165385599030555,66160
2026-04-01 13:39:00,12.8183,-8.9306,18.7,26832.0,-45.7,-79.6,-74.9,1,2,0.04,125,7.9,-6.471301149883034,4.531253847173265,66160
2026-04-01 13:39:02,12.8182,-8.9306,18.7,26844.0,-45.8,-79.7,-75.0,1,2,0.04,124,8.1,-6.7152043376958375,4.529462518113048,66160
2026-04-01 13:39:04,12.818,-8.9305,18.6,26854.0,-45.7,-79.6,-74.9,1,2,0.04,123,8.3,-6.9609657139470205,4.520503990624726,66160
2026-04-01 13:39:06,12.8178,-8.9304,18.6,26863.0,-45.6,-79.6,-74.8,1,2,0.04,122,8.5,-7.208408817329621,4.504313745982241,66160
2026-04-01 13:39:08,12.8177,-8.9303,18.6,26874.0,-45.3,-79.4,-74.7,1,2,0.04,122,8.7,-7.3780184365609065,4.610297598828882,66160
2026-04-01 13:39:10,12.8176,-8.9302,18.6,26884.0,-45.2,-79.3,-74.5,1,2,0.04,121,8.9,-7.6287889762488,4.583838866699483,66160
2026-04-01 13:39:12,12.8175,-8.9302,18.5,26895.0,-45.2,-79.3,-74.6,1,2,0.04,120,9.2,-7.967433714816836,4.599999999999998,66160
2026-04-01 13:39:14,12.8173,-8.9301,18.5,26905.0,-45.2,-79.3,-74.6,1,2,0.04,119,9.5,-8.30888721782426,4.605691392340201,66160
2026-04-01 13:39:16,12.8171,-8.93,18.5,26917.0,-45.2,-79.3,-74.5,1,2,0.04,118,9.8,-8.652886410017484,4.600821315301731,66160
2026-04-01 13:39:18,12.817,-8.9299,18.4,26927.0,-45.1,-79.3,-74.5,1,2,0.04,116,10.1,-9.077819867621585,4.427548582569683,66160
2026-04-01 13:39:20,12.8168,-8.9299,18.4,26938.0,-45.3,-79.3,-74.6,1,2,0.04,115,10.4,-9.42560098518116,4.395229922103273,66160
2026-04-01 13:39:22,12.8166,-8.9298,18.4,26948.0,-45.3,-79.3,-74.6,1,2,0.04,114,10.7,-9.774936396775828,4.352082080911063,66160
2026-04-01 13:39:24,12.8165,-8.9297,18.4,26957.0,-45.3,-79.3,-74.6,1,2,0.04,113,11.0,-10.125553387976844,4.298042413382012,66160
2026-04-01 13:39:26,12.8163,-8.9297,18.3,26968.0,-45.4,-79.5,-74.7,1,2,0.04,112,11.3,-10.4771775566047,4.233054505599807,66160
2026-04-01 13:39:28,12.8161,-8.9296,18.3,26978.0,-45.4,-79.5,-74.7,1,2,0.04,111,11.6,-10.82953294736754,4.157068214725483,66160
2026-04-01 13:39:30,12.8159,-8.9295,18.3,26989.0,-45.6,-79.6,-74.8,1,2,0.04,111,12.0,-11.202965117966421,4.300415394543603,66160
2026-04-01 13:39:32,12.8157,-8.9294,18.2,26999.0,-45.6,-79.6,-74.9,1,2,0.04,110,12.3,-11.558219235666675,4.206847762905725,66160
2026-04-01 13:39:34,12.8154,-8.9293,18.2,27010.0,-45.9,-79.8,-75.0,1,2,0.04,110,12.7,-11.934096283981036,4.343655820235992,66160
2026-04-01 13:39:36,12.8152,-8.9293,18.2,27019.0,-45.8,-79.7,-75.0,1,2,0.04,109,13.1,-12.38629334035105,4.264942823388752,66160
2026-04-01 13:39:38,12.815,-8.9291,18.2,27031.0,-45.8,-79.7,-75.0,1,2,0.04,109,13.4,-12.669948913030845,4.362613269725899,66160
2026-04-01 13:39:40,12.8147,-8.929,18.1,27042.0,-45.9,-79.8,-75.0,1,2,0.04,108,13.8,-13.124579924873121,4.264434522374273,66160
2026-04-01 13:39:42,12.8144,-8.929,18.1,27053.0,-45.8,-79.7,-75.0,1,2,0.04,108,14.2,-13.505002531391181,4.388041320124252,66160
2026-04-01 13:39:44,12.8142,-8.929,18.1,27063.0,-45.9,-79.8,-75.0,1,2,0.04,108,14.6,-13.885425137909243,4.511648117874231,66160
2026-04-01 13:39:46,12.8139,-8.9289,18.0,27074.0,-46.0,-79.8,-75.1,1,2,0.04,107,15.0,-14.344571339445533,4.38557557084105,66160
2026-04-01 13:39:48,12.8137,-8.9287,18.0,27085.0,-45.9,-79.8,-75.1,1,2,0.04,107,15.4,-14.727093241830747,4.502524252730145,66160
2026-04-01 13:39:50,12.8134,-8.9287,18.0,27095.0,-46.0,-79.8,-75.1,1,2,0.04,107,15.8,-15.109615144215962,4.61947293461924,66160
2026-04-01 13:39:52,12.8131,-8.9286,17.9,27106.0,-46.0,-79.8,-75.1,1,2,0.04,106,16.2,-15.572439474200765,4.465325164235384,66160
2026-04-01 13:39:54,12.8128,-8.9286,17.9,27116.0,-46.1,-79.9,-75.1,1,2,0.04,106,16.5,-15.860817982982262,4.548016370980484,66160
2026-04-01 13:39:56,12.8125,-8.9284,17.9,27128.0,-46.2,-80.0,-75.3,1,2,0.04,106,16.9,-16.245322661357587,4.658271313307283,66160
2026-04-01 13:39:58,12.8122,-8.9283,17.9,27137.0,-46.2,-80.0,-75.2,1,2,0.04,106,17.2,-16.533701170139086,4.740962520052384,66160
2026-04-01 13:40:00,12.812,-8.9283,17.8,27149.0,-46.2,-80.0,-75.2,1,2,0.04,106,17.6,-16.918205848514415,4.851217462379184,66160
2026-04-01 13:40:02,12.8117,-8.9282,17.8,27160.0,-46.1,-79.9,-75.2,1,2,0.04,106,17.9,-17.206584357295906,4.933908669124283,66160
2026-04-01 13:40:04,12.8113,-8.9281,17.8,27172.0,-46.2,-80.0,-75.2,1,2,0.04,105,18.2,-17.579850038461043,4.710506620865879,66160
2026-04-01 13:40:06,12.8109,-8.928,17.7,27182.0,-46.3,-80.1,-75.3,1,2,0.04,105,18.5,-17.869627786347763,4.788152334396636,66160
2026-04-01 13:40:08,12.8106,-8.928,17.7,27193.0,-46.4,-80.1,-75.4,1,2,0.04,105,18.8,-18.159405534234484,4.865798047927393,66160
2026-04-01 13:40:10,12.8103,-8.9278,17.7,27204.0,-46.4,-80.1,-75.4,1,2,0.04,105,19.0,-18.352590699492296,4.917561856947896,66160
2026-04-01 13:40:12,12.81,-8.9277,17.7,27212.0,-46.4,-80.1,-75.3,1,2,0.04,105,19.1,-18.449183282121208,4.943443761458148,66160
2026-04-01 13:40:14,12.8096,-8.9276,17.6,27220.0,-46.4,-80.1,-75.4,1,2,0.04,104,19.2,-18.629677944499132,4.644900395513622,66160
2026-04-01 13:40:16,12.8092,-8.9275,17.6,27231.0,-46.5,-80.2,-75.4,1,2,0.04,104,19.2,-18.629677944499132,4.644900395513622,66160
2026-04-01 13:40:18,12.8088,-8.9275,17.6,27241.0,-46.5,-80.2,-75.4,1,2,0.04,104,19.3,-18.726707517126734,4.669092585073589,66160
2026-04-01 13:40:20,12.8085,-8.9273,17.6,27253.0,-46.7,-80.3,-75.6,1,2,0.04,103,19.3,-18.80534225035504,4.341555348836596,66160
2026-04-01 13:40:22,12.8081,-8.9272,17.5,27258.0,-46.6,-80.3,-75.5,1,2,0.04,102,19.2,-18.780433934089068,3.9919044637009793,66160
2026-04-01 13:40:24,12.8077,-8.9271,17.5,27276.0,-46.5,-80.2,-75.4,1,2,0.04,102,19.1,-18.68261917401569,3.9711132946192036,66160
2026-04-01 13:40:26,12.8073,-8.9271,17.5,27285.0,-46.4,-80.1,-75.4,1,2,0.04,102,18.9,-18.486989653868925,3.9295309564556513,66160
2026-04-01 13:40:28,12.807,-8.927,17.4,27297.0,-46.3,-80.0,-75.3,1,2,0.04,101,18.7,-18.356428330471317,3.568128213541388,66160
2026-04-01 13:40:30,12.8067,-8.9269,17.4,27308.0,-46.3,-80.0,-75.3,1,2,0.04,101,18.4,-18.061940175437016,3.510885514928424,66160
2026-04-01 13:40:32,12.8064,-8.9269,17.4,27319.0,-46.0,-79.9,-75.1,1,2,0.04,100,18.1,-17.825020329520967,3.1430320157714386,66160
2026-04-01 13:40:34,12.8061,-8.9268,17.4,27329.0,-46.0,-79.8,-75.1,1,2,0.04,99,17.8,-17.58085246259345,2.7845334777161086,66160
2026-04-01 13:40:36,12.8058,-8.9268,17.3,27341.0,-45.8,-79.7,-75.0,1,2,0.04,98,17.4,-17.23066439610332,2.421611956705137,66160
2026-04-01 13:40:38,12.8054,-8.9267,17.3,27351.0,-45.8,-79.7,-74.9,1,2,0.04,97,17.0,-16.873284577902474,2.0717788378875053,66160
2026-04-01 13:40:40,12.8051,-8.9268,17.3,27363.0,-45.5,-79.5,-74.8,1,2,0.05,96,16.6,-16.50906346311334,1.7351724902430492,66160
2026-04-01 13:40:42,12.8049,-8.9268,17.2,27373.0,-45.6,-79.5,-74.8,1,2,0.05,95,16.1,-16.038734639277106,1.4032074582372978,66160
2026-04-01 13:40:44,12.8046,-8.9267,17.2,27384.0,-45.6,-79.5,-74.8,1,2,0.05,94,15.6,-15.561999184053256,1.0882009904083552,66160
2026-04-01 13:40:46,12.8044,-8.9266,17.2,27394.0,-45.5,-79.5,-74.8,1,2,0.05,92,15.2,-15.190740570690254,0.5304723498780145,66160
2026-04-01 13:40:48,12.8041,-8.9266,17.2,27407.0,-45.5,-79.5,-74.8,1,2,0.05,90,14.8,-14.8,-9.062386313690414e-16,66160
2026-04-01 13:40:50,12.8039,-8.9267,17.1,27416.0,-45.4,-79.4,-74.7,1,2,0.05,89,14.5,-14.497791579767673,-0.2530598933406122,66160
2026-04-01 13:40:52,12.8036,-8.9267,17.1,27426.0,-45.3,-79.4,-74.7,1,2,0.05,87,14.2,-14.180539393514948,-0.7431705786498043,66160
2026-04-01 13:40:54,12.8033,-8.9267,17.1,27437.0,-45.3,-79.4,-74.7,1,2,0.05,86,14.0,-13.965896703637538,-0.9765906324177532,66160
2026-04-01 13:40:56,12.8031,-8.9267,17.0,27449.0,-45.1,-79.2,-74.5,1,2,0.05,84,13.8,-13.724402156082173,-1.4424927930936178,66160
2026-04-01 13:40:58,12.8029,-8.9267,17.0,27459.0,-44.9,-79.1,-74.4,1,2,0.05,82,13.5,-13.3686189280112,-1.8788368629608838,66160
2026-04-01 13:41:00,12.8027,-8.9268,17.0,27472.0,-44.8,-79.0,-74.3,1,2,0.05,80,13.3,-13.097943115062368,-2.3095207629701746,66160
2026-04-01 13:41:02,12.8025,-8.9269,17.0,27483.0,-44.9,-79.1,-74.3,1,2,0.05,78,13.1,-12.813733569612852,-2.723643149712649,66160
2026-04-01 13:41:04,12.8023,-8.927,16.9,27495.0,-44.8,-79.1,-74.3,1,2,0.05,76,13.0,-12.613844441587954,-3.14498464279568,66160
2026-04-01 13:41:06,12.802,-8.9271,16.9,27506.0,-44.9,-79.1,-74.4,1,2,0.05,74,12.9,-12.400275877604313,-3.5557218900392895,66160
2026-04-01 13:41:08,12.8017,-8.9271,16.9,27518.0,-44.8,-79.0,-74.3,1,2,0.05,72,12.8,-12.173523408577966,-3.9554175279993276,66160
2026-04-01 13:41:10,12.8015,-8.9271,16.8,27528.0,-44.1,-78.6,-73.8,1,2,0.05,70,12.7,-11.934096283981035,-4.343655820235994,66160
2026-04-01 13:41:12,12.8014,-8.9273,16.8,27540.0,-43.9,-78.4,-73.7,1,2,0.06,68,12.6,-11.682516567541521,-4.720043077040491,66160
2026-04-01 13:41:14,12.8012,-8.9274,16.8,27550.0,-43.5,-78.2,-73.5,1,2,0.06,66,12.5,-11.41931822053251,-5.084208038447502,66160
2026-04-01 13:41:16,12.8009,-8.9276,16.8,27561.0,-43.7,-78.3,-73.6,1,2,0.06,64,12.5,-11.234925578739587,-5.479639334863468,66160
2026-04-01 13:41:18,12.8007,-8.9276,16.7,27572.0,-43.6,-78.2,-73.5,1,2,0.06,62,12.4,-10.948550151450693,-5.821447378545047,66160
2026-04-01 13:41:20,12.8005,-8.9277,16.7,27584.0,-43.5,-78.2,-73.5,1,2,0.06,61,12.4,-10.845284368528507,-6.01163929105458,66160
2026-04-01 13:41:22,12.8004,-8.9278,16.7,27595.0,-43.4,-78.1,-73.4,1,2,0.06,60,12.3,-10.652112466548596,-6.150000000000002,66160
2026-04-01 13:41:24,12.8002,-8.928,16.7,27604.0,-43.4,-78.1,-73.4,1,2,0.06,58,12.2,-10.346186773108396,-6.465015023645099,66160
2026-04-01 13:41:26,12.8,-8.9281,16.6,27616.0,-43.5,-78.1,-73.4,1,2,0.06,56,12.1,-10.031354627916004,-6.766234131996036,66160
2026-04-01 13:41:28,12.7998,-8.9282,16.6,27626.0,-43.4,-78.1,-73.4,1,2,0.06,55,12.0,-9.829824531467901,-6.882917236212553,66160
2026-04-01 13:41:30,12.7996,-8.9284,16.6,27637.0,-43.5,-78.1,-73.4,1,2,0.06,53,11.9,-9.503762569562785,-7.161598775509375,66160
2026-04-01 13:41:32,12.7995,-8.9285,16.5,27649.0,-43.5,-78.2,-73.4,1,2,0.06,52,11.9,-9.377327967919992,-7.326371556375334,66160
2026-04-01 13:41:34,12.7994,-8.9286,16.5,27660.0,-43.6,-78.2,-73.5,1,2,0.06,50,11.9,-9.11592887311584,-7.649172555269819,66160
2026-04-01 13:41:36,12.7992,-8.9288,16.5,27671.0,-43.7,-78.3,-73.6,1,2,0.06,49,11.9,-8.981044004650988,-7.807102444987037,66160
2026-04-01 13:41:38,12.799,-8.929,16.5,27681.0,-43.7,-78.3,-73.5,1,2,0.06,47,11.9,-8.703109049268129,-8.115780484743732,66160
2026-04-01 13:41:40,12.7988,-8.9291,16.4,27693.0,-43.8,-78.4,-73.6,1,2,0.06,46,12.0,-8.632077604063813,-8.335900445507967,66160
2026-04-01 13:41:42,12.7987,-8.9292,16.4,27703.0,-43.8,-78.4,-73.7,1,2,0.06,44,12.0,-8.335900445507967,-8.632077604063815,66160
2026-04-01 13:41:44,12.7986,-8.9294,16.4,27716.0,-43.7,-78.3,-73.5,1,2,0.06,43,12.0,-8.183980320749981,-8.776244419430046,66160
2026-04-01 13:41:46,12.7985,-8.9296,16.4,27726.0,-43.8,-78.4,-73.6,1,2,0.06,42,12.0,-8.029567276306299,-8.917737905728732,66160
2026-04-01 13:41:48,12.7984,-8.9297,16.3,27737.0,-44.0,-78.5,-73.8,1,2,0.06,41,12.0,-7.872708347886087,-9.056514962673264,66160
2026-04-01 13:41:50,12.7982,-8.9298,16.3,27748.0,-44.1,-78.6,-73.8,1,2,0.06,40,12.1,-7.777730077207124,-9.269137761739634,66160
2026-04-01 13:41:52,12.798,-8.9301,16.3,27758.0,-44.1,-78.6,-73.8,1,2,0.06,40,12.2,-7.842008838175778,-9.345742206051531,66160
2026-04-01 13:41:54,12.7979,-8.9303,16.3,27768.0,-44.1,-78.6,-73.8,1,2,0.06,39,12.3,-7.740640809913001,-9.558895325920743,66160
2026-04-01 13:41:56,12.7978,-8.9305,16.2,27778.0,-44.3,-78.7,-74.0,1,2,0.05,39,12.4,-7.803572849017984,-9.63660992206644,66160
2026-04-01 13:41:58,12.7977,-8.9306,16.2,27788.0,-44.4,-78.8,-74.0,1,2,0.05,38,12.5,-7.695768441570729,-9.850134420084023,66160
2026-04-01 13:42:00,12.7975,-8.9308,16.2,27799.0,-44.4,-78.8,-74.1,1,2,0.05,38,12.5,-7.695768441570729,-9.850134420084023,66160
2026-04-01 13:42:02,12.7974,-8.931,16.2,27808.0,-44.4,-78.8,-74.1,1,2,0.05,38,12.6,-7.757334589103294,-9.928935495444696,66160
2026-04-01 13:42:04,12.7972,-8.9312,16.1,27818.0,-44.4,-78.8,-74.0,1,2,0.05,38,12.7,-7.81890073663586,-10.007736570805367,66160
2026-04-01 13:42:06,12.7971,-8.9314,16.1,27828.0,-44.5,-78.8,-74.1,1,2,0.05,38,12.8,-7.880466884168427,-10.086537646166041,66160
2026-04-01 13:42:08,12.797,-8.9316,16.1,27840.0,-44.5,-78.8,-74.1,1,2,0.05,38,12.8,-7.880466884168427,-10.086537646166041,66160
2026-04-01 13:42:10,12.7969,-8.9317,16.1,27849.0,-44.7,-78.9,-74.2,1,2,0.05,38,12.9,-7.942033031700992,-10.165338721526712,66160
2026-04-01 13:42:12,12.7967,-8.9319,16.0,27860.0,-44.7,-79.0,-74.2,1,2,0.05,38,12.8,-7.880466884168427,-10.086537646166041,66160
2026-04-01 13:42:14,12.7965,-8.9321,16.0,27870.0,-44.8,-79.1,-74.3,1,2,0.05,37,12.8,-7.7032322963462185,-10.22253452860535,66160
2026-04-01 13:42:16,12.7963,-8.9323,16.0,27880.0,-45.0,-79.2,-74.4,1,2,0.05,37,12.8,-7.7032322963462185,-10.22253452860535,66160
2026-04-01 13:42:18,12.7962,-8.9325,16.0,27890.0,-45.1,-79.2,-74.5,1,2,0.05,37,12.7,-7.643050794031012,-10.142670977600618,66160
2026-04-01 13:42:20,12.7961,-8.9327,15.9,27899.0,-45.1,-79.2,-74.5,1,2,0.05,37,12.7,-7.643050794031012,-10.142670977600618,66160
2026-04-01 13:42:22,12.796,-8.9328,15.9,27909.0,-45.3,-79.4,-74.6,1,2,0.05,37,12.7,-7.643050794031012,-10.142670977600618,66160
2026-04-01 13:42:24,12.7958,-8.933,15.9,27920.0,-45.3,-79.4,-74.7,1,2,0.05,36,12.6,-7.406094178885161,-10.193614129124338,66160
2026-04-01 13:42:26,12.7956,-8.9332,15.9,27928.0,-45.3,-79.4,-74.6,1,2,0.05,36,12.4,-7.288537128426667,-10.031810730249349,66160
2026-04-01 13:42:28,12.7955,-8.9334,15.8,27939.0,-45.4,-79.4,-74.7,1,2,0.05,36,12.3,-7.22975860319742,-9.950909030811854,66160
2026-04-01 13:42:30,12.7954,-8.9336,15.8,27949.0,-45.4,-79.4,-74.7,1,2,0.05,35,12.1,-6.940274879847657,-9.9117397358968,66160
2026-04-01 13:42:32,12.7952,-8.9337,15.8,27960.0,-45.5,-79.5,-74.8,1,2,0.05,34,11.9,-6.654395551301889,-9.865547113404997,66160
2026-04-01 13:42:34,12.7951,-8.9339,15.8,27969.0,-45.6,-79.5,-74.8,1,2,0.05,33,11.7,-6.372276709675816,-9.81244564496146,66160
2026-04-01 13:42:36,12.795,-8.9341,15.7,27979.0,-45.7,-79.6,-74.9,1,2,0.05,31,11.4,-5.8714340539746175,-9.77170722800408,66160
2026-04-01 13:42:38,12.7949,-8.9343,15.7,27989.0,-45.8,-79.7,-75.0,1,2,0.05,30,11.1,-5.549999999999999,-9.61288198200727,66160
2026-04-01 13:42:40,12.7948,-8.9346,15.7,27999.0,-46.0,-79.8,-75.1,1,2,0.05,28,10.8,-5.070292878087621,-9.535834002876411,66160
2026-04-01 13:42:42,12.7947,-8.9347,15.7,28011.0,-46.3,-80.1,-75.3,1,2,0.05,27,10.5,-4.766900247265242,-9.355568503977864,66160
2026-04-01 13:42:44,12.7946,-8.9348,15.6,28021.0,-46.3,-80.0,-75.3,1,2,0.05,26,10.3,-4.515222811927498,-9.25757867688142,66160
2026-04-01 13:42:46,12.7946,-8.9349,15.6,28029.0,-46.4,-80.1,-75.4,1,2,0.05,24,10.0,-4.067366430758002,-9.135454576426008,66160
2026-04-01 13:42:48,12.7945,-8.9351,15.6,28041.0,-46.4,-80.1,-75.4,1,2,0.05,23,9.7,-3.7900919463459553,-8.92889707848867,66160
2026-04-01 13:42:50,12.7944,-8.9354,15.6,28051.0,-46.2,-80.0,-75.2,1,2,0.05,21,9.4,-3.3686587257258225,-8.775656009073696,66160
2026-04-01 13:42:52,12.7944,-8.9356,15.6,28061.0,-46.2,-80.0,-75.2,1,2,0.05,19,9.1,-2.962670205560126,-8.604219037953783,66160
2026-04-01 13:42:54,12.7944,-8.9357,15.5,28071.0,-46.1,-79.9,-75.2,1,2,0.05,18,8.8,-2.7193495504995373,-8.369297343397351,66160
2026-04-01 13:42:56,12.7944,-8.9358,15.5,28077.0,-45.9,-79.8,-75.0,1,2,0.05,17,8.5,-2.4851594901432623,-8.1285904256858,66160
2026-04-01 13:42:58,12.7944,-8.9359,15.5,28088.0,-45.8,-79.7,-75.0,1,2,0.05,15,8.1,-2.096434265330418,-7.823999192941453,66160
2026-04-01 13:43:00,12.7944,-8.9361,15.5,28097.0,-45.7,-79.6,-74.9,1,2,0.05,13,7.8,-1.754618223882147,-7.6000865053248345,66160
2026-04-01 13:43:02,12.7943,-8.9362,15.4,28107.0,-45.6,-79.6,-74.8,1,2,0.05,11,7.4,-1.4119865657864317,-7.264041157512714,66160
2026-04-01 13:43:04,12.7943,-8.9364,15.4,28118.0,-45.4,-79.5,-74.7,1,2,0.05,9,7.2,-1.1263281482896623,-7.111356052284992,66160
2026-04-01 13:43:06,12.7943,-8.9365,15.4,28128.0,-45.4,-79.4,-74.7,1,2,0.05,8,6.9,-0.9602943966244516,-6.832849674316836,66160
2026-04-01 13:43:08,12.7943,-8.9366,15.4,28138.0,-45.4,-79.4,-74.7,1,2,0.05,6,6.7,-0.7003407038932783,-6.663296698967431,66160
2026-04-01 13:43:10,12.7943,-8.9366,15.4,28146.0,-45.5,-79.5,-74.7,1,2,0.05,5,6.5,-0.5665123278597781,-6.475265537596346,66160
2026-04-01 13:43:12,12.7943,-8.9368,15.3,28156.0,-45.5,-79.5,-74.8,1,2,0.05,4,6.2,-0.4324901372135769,-6.18489711161091,66160
2026-04-01 13:43:14,12.7943,-8.9369,15.3,28165.0,-45.3,-79.4,-74.7,1,2,0.05,4,6.0,-0.4185388424647518,-5.985384301558945,66160
2026-04-01 13:43:16,12.7943,-8.937,15.3,28176.0,-45.3,-79.4,-74.6,1,2,0.05,3,5.7,-0.29831495058477986,-5.692188348101071,66160
2026-04-01 13:43:18,12.7943,-8.937,15.3,28185.0,-45.3,-79.4,-74.6,1,2,0.05,3,5.6,-0.29308135496048543,-5.592325394625613,66160
2026-04-01 13:43:20,12.7943,-8.9371,15.2,28195.0,-45.4,-79.4,-74.7,1,2,0.05,3,5.4,-0.28261416371189674,-5.392599487674699,66160
2026-04-01 13:43:22,12.7943,-8.9372,15.2,28204.0,-45.3,-79.4,-74.6,1,2,0.05,3,5.2,-0.27214697246330793,-5.192873580723784,66160
2026-04-01 13:43:24,12.7943,-8.9373,15.2,28210.0,-45.1,-79.2,-74.5,1,2,0.05,3,5.0,-0.2616797812147192,-4.993147673772869,66160
2026-04-01 13:43:26,12.7943,-8.9374,15.2,28220.0,-45.0,-79.2,-74.5,1,2,0.05,3,4.8,-0.2512125899661304,-4.793421766821954,66160
2026-04-01 13:43:28,12.7943,-8.9375,15.2,28231.0,-45.0,-79.2,-74.4,1,2,0.05,3,4.6,-0.2407453987175416,-4.59369585987104,66160
2026-04-01 13:43:30,12.7943,-8.9376,15.1,28240.0,-45.1,-79.2,-74.5,1,2,0.05,4,4.3,-0.2999528370997388,-4.289525416117244,66160
2026-04-01 13:43:32,12.7943,-8.9376,15.1,28250.0,-45.0,-79.2,-74.4,1,2,0.05,4,4.1,-0.28600154235091374,-4.090012606065279,66160
2026-04-01 13:43:34,12.7943,-8.9377,15.1,28260.0,-45.2,-79.3,-74.6,1,2,0.05,4,4.0,-0.2790258949765012,-3.990256201039297,66160
2026-04-01 13:43:36,12.7943,-8.9378,15.1,28271.0,-45.3,-79.3,-74.6,1,2,0.05,4,3.8,-0.26507460022767615,-3.790743390987332,66160
2026-04-01 13:43:38,12.7943,-8.9379,15.1,28281.0,-45.2,-79.3,-74.6,1,2,0.05,4,3.6,-0.2511233054788511,-3.5912305809353673,66160
2026-04-01 13:43:40,12.7943,-8.938,15.0,28293.0,-45.4,-79.5,-74.7,1,2,0.05,5,3.4,-0.29632952534203777,-3.3870619735119347,66160
2026-04-01 13:43:42,12.7942,-8.938,15.0,28305.0,-45.5,-79.5,-74.7,1,2,0.05,5,3.3,-0.28761395106727194,-3.28744250370276,66160
2026-04-01 13:43:44,12.7942,-8.938,15.0,28315.0,-45.4,-79.5,-74.7,1,2,0.05,4,3.0,-0.2092694212323759,-2.9926921507794724,66160
2026-04-01 13:43:46,12.7942,-8.9381,15.0,28325.0,-45.3,-79.4,-74.7,1,2,0.05,3,2.7,-0.14130708185594837,-2.6962997438373497,66160
2026-04-01 13:43:48,12.7942,-8.9381,14.9,28335.0,-45.2,-79.3,-74.6,1,2,0.05,1,2.5,-0.04363101609320878,-2.499619237890978,66160
2026-04-01 13:43:50,12.7942,-8.9381,14.9,28346.0,-45.2,-79.3,-74.6,1,2,0.05,357,2.3,0.12037269935877204,-2.29684792993552,66160
2026-04-01 13:43:52,12.7942,-8.9382,14.9,28355.0,-45.3,-79.4,-74.6,1,2,0.05,353,2.0,0.24373868681029445,-1.9850923032826442,66160
2026-04-01 13:43:54,12.7942,-8.9383,14.9,28365.0,-45.2,-79.3,-74.6,1,2,0.05,348,1.8,0.3742410434719678,-1.76066568132085,66160
2026-04-01 13:43:56,12.7942,-8.9383,14.8,28376.0,-45.1,-79.3,-74.5,1,2,0.05,342,1.5,0.4635254915624215,-1.4265847744427302,66160
2026-04-01 13:43:58,12.7942,-8.9383,14.8,28387.0,-45.3,-79.4,-74.6,1,2,0.05,337,1.4,0.5470235798849834,-1.2887067948334163,66160
2026-04-01 13:44:00,12.7942,-8.9383,14.8,28396.0,-45.2,-79.3,-74.6,1,2,0.05,328,1.2,0.635903117079846,-1.0176577153877109,66160
2026-04-01 13:44:02,12.7942,-8.9383,14.8,28406.0,-45.4,-79.5,-74.7,1,2,0.05,316,1.1,0.7641242075048974,-0.7912737803725161,66160
2026-04-01 13:44:04,12.7943,-8.9384,14.8,28416.0,-45.3,-79.4,-74.7,1,2,0.05,302,1.0,0.8480480961564262,-0.5299192642332047,66160
2026-04-01 13:44:06,12.7943,-8.9384,14.7,28425.0,-45.2,-79.3,-74.6,1,2,0.05,290,1.0,0.9396926207859083,-0.342020143325669,66160
2026-04-01 13:44:08,12.7944,-8.9383,14.7,28435.0,-45.3,-79.4,-74.6,1,2,0.05,281,1.1,1.0797899017924304,-0.20988989491419963,66160
2026-04-01 13:44:10,12.7944,-8.9383,14.7,28444.0,-45.3,-79.4,-74.6,1,2,0.05,271,1.1,1.0998324646720306,-0.019197647081011446,66160
2026-04-01 13:44:12,12.7945,-8.9383,14.7,28454.0,-45.4,-79.4,-74.7,1,2,0.05,261,1.2,1.185226008714165,0.18772135804827725,66160
2026-04-01 13:44:14,12.7945,-8.9383,14.6,28464.0,-45.1,-79.3,-74.5,1,2,0.06,254,1.2,1.1535140351259827,0.33076482698039866,66160
2026-04-01 13:44:16,12.7945,-8.9383,14.6,28474.0,-45.2,-79.3,-74.5,1,2,0.06,250,1.2,1.12763114494309,0.4104241719908022,66160
2026-04-01 13:44:18,12.7945,-8.9383,14.6,28484.0,-45.2,-79.3,-74.6,1,2,0.06,244,1.3,1.168432260188917,0.5698824908258011,66160
2026-04-01 13:44:20,12.7945,-8.9383,14.6,28497.0,-45.3,-79.4,-74.6,1,2,0.05,237,1.3,1.0902717383290514,0.708030745519535,66160
2026-04-01 13:44:22,12.7946,-8.9382,14.5,28508.0,-45.2,-79.3,-74.6,1,2,0.06,231,1.3,1.0102897498940617,0.8181165083647892,66160
2026-04-01 13:44:24,12.7946,-8.9381,14.5,28519.0,-45.2,-79.3,-74.6,1,2,0.06,231,1.2,0.9325751537483646,0.7551844692598054,66160
2026-04-01 13:44:26,12.7946,-8.9381,14.5,28528.0,-45.5,-79.5,-74.7,1,2,0.05,231,1.0,0.7771459614569706,0.6293203910498378,66160
2026-04-01 13:44:28,12.7946,-8.9381,14.5,28538.0,-45.5,-79.5,-74.8,1,2,0.05,228,0.8,0.5945158603819155,0.5353044850870865,66160
2026-04-01 13:44:30,12.7946,-8.9382,14.5,28547.0,-45.4,-79.5,-74.7,1,2,0.05,225,0.6,0.42426406871192845,0.4242640687119286,66160
2026-04-01 13:44:32,12.7946,-8.9381,14.4,28557.0,-45.6,-79.5,-74.8,1,2,0.05,228,0.4,0.29725793019095775,0.26765224254354325,66160
2026-04-01 13:44:34,12.7946,-8.938,14.4,28566.0,-45.5,-79.5,-74.7,1,2,0.05,241,0.3,0.2623859121418188,0.14544288607390105,66160
2026-04-01 13:44:36,12.7946,-8.938,14.4,28575.0,-45.5,-79.5,-74.7,1,2,0.05,272,0.2,0.19987816540381917,-0.006979899340500257,66160
2026-04-01 13:44:38,12.7945,-8.9381,14.4,28584.0,-45.2,-79.3,-74.6,1,2,0.06,306,0.3,0.24270509831248427,-0.17633557568774186,66160
2026-04-01 13:44:40,12.7946,-8.9381,14.4,28592.0,-45.0,-79.2,-74.5,1,2,0.06,330,0.4,0.20000000000000018,-0.34641016151377535,66160
2026-04-01 13:44:42,12.7946,-8.938,14.3,28602.0,-45.0,-79.2,-74.4,1,2,0.06,347,0.6,0.1349706326063192,-0.5846220388711411,66160
2026-04-01 13:44:44,12.7946,-8.938,14.3,28613.0,-44.9,-79.1,-74.3,1,2,0.06,355,0.8,0.06972459419812665,-0.7969557584733965,66160
2026-04-01 13:44:46,12.7946,-8.9381,14.3,28624.0,-45.0,-79.2,-74.4,1,2,0.06,358,1.1,0.03838944637275091,-1.0993299097210054,66160
2026-04-01 13:44:48,12.7945,-8.9382,14.3,28633.0,-44.9,-79.1,-74.3,1,2,0.06,2,1.3,-0.04536934571325126,-1.2992080751248245,66160
2026-04-01 13:44:50,12.7945,-8.9383,14.3,28643.0,-44.9,-79.1,-74.4,1,2,0.06,6,1.6,-0.16724554122824556,-1.5912350325892373,66160
2026-04-01 13:44:52,12.7945,-8.9382,14.2,28655.0,-45.0,-79.2,-74.4,1,2,0.06,9,1.9,-0.29722548357643863,-1.8766078471307617,66160
2026-04-01 13:44:54,12.7946,-8.9382,14.2,28664.0,-44.7,-78.9,-74.2,1,2,0.06,10,2.3,-0.3993908086339397,-2.265057831928078,66160
2026-04-01 13:44:56,12.7946,-8.9383,14.2,28674.0,-44.7,-78.9,-74.2,1,2,0.06,12,2.6,-0.5405703961261743,-2.543183761907895,66160
2026-04-01 13:44:58,12.7946,-8.9385,14.2,28684.0,-44.6,-78.9,-74.1,1,2,0.06,14,2.9,-0.7015734972390364,-2.8138576062003895,66160
2026-04-01 13:45:00,12.7945,-8.9385,14.1,28695.0,-44.7,-79.0,-74.2,1,2,0.06,16,3.3,-0.9096032741960972,-3.172163596596452,66160
2026-04-01 13:45:02,12.7945,-8.9385,14.1,28705.0,-44.7,-78.9,-74.2,1,2,0.06,17,3.6,-1.0525381370018525,-3.4426971214669275,66160
2026-04-01 13:45:04,12.7946,-8.9386,14.1,28717.0,-44.6,-78.9,-74.2,1,2,0.06,18,3.8,-1.1742645786248,-3.614014761921583,66160
2026-04-01 13:45:06,12.7946,-8.9387,14.1,28728.0,-44.5,-78.9,-74.1,1,2,0.06,20,4.0,-1.3680805733026749,-3.7587704831436337,66160
2026-04-01 13:45:08,12.7945,-8.9387,14.1,28738.0,-44.5,-78.8,-74.1,1,2,0.06,20,4.3,-1.4706866163003753,-4.040678269379406,66160
2026-04-01 13:45:10,12.7945,-8.9388,14.0,28750.0,-44.7,-78.9,-74.2,1,2,0.06,19,4.6,-1.4976135105029207,-4.349385447756857,66160
2026-04-01 13:45:12,12.7944,-8.9389,14.0,28759.0,-44.7,-79.0,-74.2,1,2,0.06,19,4.7,-1.5301703259486366,-4.44393730531679,66160
2026-04-01 13:45:14,12.7944,-8.9391,14.0,28769.0,-44.7,-79.0,-74.2,1,2,0.06,19,4.9,-1.5952839568400679,-4.633041020436653,66160
2026-04-01 13:45:16,12.7943,-8.9391,14.0,28779.0,-44.9,-79.1,-74.3,1,2,0.06,19,5.0,-1.6278407722857835,-4.727592877996584,66160
2026-04-01 13:45:18,12.7942,-8.9392,13.9,28790.0,-44.9,-79.1,-74.4,1,2,0.06,18,5.3,-1.6377900701872212,-5.040599536364313,66160
2026-04-01 13:45:20,12.7942,-8.9392,13.9,28800.0,-44.9,-79.1,-74.4,1,2,0.06,17,5.4,-1.5788072055027786,-5.164045682200392,66160
2026-04-01 13:45:22,12.7941,-8.9394,13.9,28811.0,-44.9,-79.1,-74.4,1,2,0.06,16,5.6,-1.5435691925751953,-5.383065497254585,66160
2026-04-01 13:45:24,12.794,-8.9395,13.9,28821.0,-44.9,-79.1,-74.4,1,2,0.06,14,5.8,-1.4031469944780728,-5.627715212400779,66160
2026-04-01 13:45:26,12.794,-8.9396,13.9,28831.0,-45.0,-79.1,-74.4,1,2,0.06,12,6.0,-1.247470144906556,-5.868885604402834,66160
2026-04-01 13:45:28,12.794,-8.9397,13.8,28842.0,-44.8,-79.0,-74.3,1,2,0.06,9,6.3,-0.9855371297534544,-6.2224365457493676,66160
2026-04-01 13:45:30,12.794,-8.9398,13.8,28854.0,-44.5,-78.8,-74.1,1,2,0.06,6,6.5,-0.6794350112397476,-6.4643923198937765,66160
2026-04-01 13:45:32,12.794,-8.94,13.8,28865.0,-44.2,-78.6,-73.9,1,2,0.07,4,6.8,-0.47434402146005206,-6.783435541766805,66160
2026-04-01 13:45:34,12.794,-8.9401,13.8,28874.0,-44.1,-78.6,-73.8,1,2,0.07,1,7.0,-0.12216684506098457,-6.998933866094739,66160
2026-04-01 13:45:36,12.794,-8.9402,13.7,28885.0,-43.8,-78.4,-73.6,1,2,0.07,357,7.4,0.3872860761977884,-7.389858557183847,66160
2026-04-01 13:45:38,12.794,-8.9403,13.7,28898.0,-43.6,-78.2,-73.5,1,2,0.07,354,7.7,0.8048691671609313,-7.657818594335705,66160
2026-04-01 13:45:40,12.7941,-8.9404,13.7,28911.0,-43.4,-78.1,-73.4,1,2,0.07,352,8.1,1.1273021177765337,-8.021171356806718,66160
2026-04-01 13:45:42,12.7941,-8.9406,13.7,28921.0,-43.3,-78.0,-73.3,1,2,0.07,350,8.4,1.4586446924022154,-8.272385125302547,66160
2026-04-01 13:45:44,12.7942,-8.9407,13.7,28931.0,-43.3,-78.1,-73.3,1,2,0.07,347,8.8,1.979569278226015,-8.574456570110069,66160
2026-04-01 13:45:46,12.7942,-8.9409,13.6,28941.0,-43.0,-77.8,-73.1,1,2,0.07,346,9.2,2.2256814395169444,-8.926720681739166,66160
2026-04-01 13:45:48,12.7943,-8.9412,13.6,28951.0,-42.8,-77.7,-72.9,1,2,0.08,344,9.5,2.61855488026149,-9.13198611141403,66160
2026-04-01 13:45:50,12.7944,-8.9413,13.6,28963.0,-42.9,-77.7,-73.0,1,2,0.08,343,9.8,2.8652427062828245,-9.371786608437747,66160
2026-04-01 13:45:52,12.7944,-8.9415,13.6,28974.0,-42.8,-77.7,-72.9,1,2,0.08,342,10.2,3.151973342624466,-9.700776466210565,66160
2026-04-01 13:45:54,12.7944,-8.9416,13.5,28984.0,-42.6,-77.6,-72.8,1,2,0.08,341,10.5,3.4184656218001455,-9.927945043792826,66160
2026-04-01 13:45:56,12.7946,-8.9418,13.5,28995.0,-42.5,-77.5,-72.8,1,2,0.08,340,10.8,3.693817547917221,-10.148680304487812,66160
2026-04-01 13:45:58,12.7947,-8.9421,13.5,29004.0,-42.5,-77.5,-72.8,1,2,0.08,340,11.0,3.7622215765823546,-10.336618828644992,66160
2026-04-01 13:46:00,12.7947,-8.9423,13.5,29015.0,-42.9,-77.8,-73.0,1,2,0.08,339,11.3,4.049557829861899,-10.549458819418378,66160
2026-04-01 13:46:02,12.7947,-8.9425,13.5,29027.0,-42.9,-77.7,-73.0,1,2,0.08,338,11.5,4.307975824282992,-10.662614327518055,66160
2026-04-01 13:46:04,12.7948,-8.9426,13.4,29036.0,-42.8,-77.7,-73.0,1,2,0.08,337,11.7,4.571554203324504,-10.76990678539355,66160
2026-04-01 13:46:06,12.7949,-8.9428,13.4,29047.0,-42.7,-77.6,-72.9,1,2,0.08,336,11.8,4.799492388294442,-10.77983640018269,66160
2026-04-01 13:46:08,12.7951,-8.9431,13.4,29055.0,-42.8,-77.7,-72.9,1,2,0.08,335,11.9,5.029157314714321,-10.785062665736136,66160
2026-04-01 13:46:10,12.7952,-8.9433,13.4,29066.0,-43.2,-77.9,-73.2,1,2,0.07,333,12.1,5.493285046848518,-10.781178942679249,66160
2026-04-01 13:46:12,12.7952,-8.9435,13.4,29077.0,-43.0,-77.8,-73.1,1,2,0.08,332,12.3,5.774500222266457,-10.860255392164802,66160
2026-04-01 13:46:14,12.7953,-8.9437,13.3,29087.0,-43.0,-77.8,-73.1,1,2,0.08,331,12.4,6.0116392910545775,-10.845284368528509,66160
2026-04-01 13:46:16,12.7954,-8.9439,13.3,29099.0,-42.8,-77.7,-73.0,1,2,0.08,330,12.5,6.250000000000005,-10.82531754730548,66160
2026-04-01 13:46:18,12.7956,-8.9441,13.3,29109.0,-42.8,-77.7,-73.0,1,2,0.08,328,12.6,6.676982729338383,-10.685406011570965,66160
2026-04-01 13:46:20,12.7957,-8.9443,13.3,29120.0,-42.9,-77.7,-73.0,1,2,0.08,326,12.7,7.1017498740784815,-10.52877717144903,66160
2026-04-01 13:46:22,12.7959,-8.9445,13.3,29130.0,-42.9,-77.7,-73.0,1,2,0.08,325,12.7,7.28442074165829,-10.403230962470193,66160
2026-04-01 13:46:24,12.796,-8.9447,13.2,29142.0,-42.8,-77.7,-73.0,1,2,0.08,323,12.7,7.643050794031012,-10.142670977600618,66160
2026-04-01 13:46:26,12.7962,-8.9448,13.2,29152.0,-42.7,-77.6,-72.9,1,2,0.08,321,12.7,7.99236896633294,-9.869753710503526,66160
2026-04-01 13:46:28,12.7963,-8.945,13.2,29163.0,-42.8,-77.7,-72.9,1,2,0.08,319,12.8,8.397555571078495,-9.660282626851481,66160
2026-04-01 13:46:30,12.7965,-8.9452,13.2,29174.0,-42.8,-77.7,-73.0,1,2,0.08,318,12.8,8.564871761393384,-9.512253766110648,66160
2026-04-01 13:46:32,12.7967,-8.9454,13.2,29185.0,-42.6,-77.5,-72.8,1,2,0.08,316,12.7,8.822161304829269,-9.135615464300866,66160
2026-04-01 13:46:34,12.7969,-8.9456,13.1,29196.0,-42.8,-77.7,-72.9,1,2,0.08,315,12.6,8.9095454429505,-8.909545442950497,66160
2026-04-01 13:46:36,12.7971,-8.9457,13.1,29208.0,-42.7,-77.6,-72.9,1,2,0.08,313,12.6,9.215056640401546,-8.593179336787484,66160
2026-04-01 13:46:38,12.7972,-8.9458,13.1,29217.0,-42.5,-77.5,-72.7,1,2,0.08,312,12.5,9.289310318467432,-8.364132579485723,66160
2026-04-01 13:46:40,12.7974,-8.9459,13.1,29227.0,-42.3,-77.3,-72.6,1,2,0.08,311,12.3,9.282927836740098,-8.069526056583237,66160
2026-04-01 13:46:42,12.7976,-8.9461,13.0,29237.0,-42.0,-77.2,-72.4,1,2,0.09,310,12.1,9.269137761739636,-7.777730077207124,66160
2026-04-01 13:46:44,12.7978,-8.9462,13.0,29248.0,-41.8,-77.0,-72.3,1,2,0.09,308,12.0,9.456129043280662,-7.387937703907902,66160
2026-04-01 13:46:46,12.798,-8.9464,13.0,29259.0,-41.6,-76.9,-72.2,1,2,0.09,307,11.9,9.503762569562788,-7.161598775509371,66160
2026-04-01 13:46:48,12.7982,-8.9465,13.0,29270.0,-41.5,-76.8,-72.1,1,2,0.09,306,11.6,9.384597134749392,-6.818308926592685,66160
2026-04-01 13:46:50,12.7983,-8.9466,13.0,29281.0,-41.6,-76.9,-72.1,1,2,0.09,305,11.4,9.338333304894507,-6.538771374401925,66160
2026-04-01 13:46:52,12.7984,-8.9466,12.9,29292.0,-41.6,-76.9,-72.2,1,2,0.09,304,11.2,9.285220812616465,-6.262960518872366,66160
2026-04-01 13:46:54,12.7986,-8.9467,12.9,29303.0,-41.7,-76.9,-72.2,1,2,0.09,303,10.9,9.141509190605126,-5.9365654816637905,66160
2026-04-01 13:46:56,12.7989,-8.9469,12.9,29313.0,-41.6,-76.9,-72.1,1,2,0.09,302,10.7,9.07411462887376,-5.670136127295289,66160
2026-04-01 13:46:58,12.799,-8.9471,12.9,29323.0,-41.6,-76.9,-72.2,1,2,0.09,301,10.4,8.914539927301968,-5.356395979064564,66160
2026-04-01 13:47:00,12.7991,-8.9471,12.9,29334.0,-41.8,-77.0,-72.3,1,2,0.09,301,10.3,8.828823197231758,-5.304892171573558,66160
2026-04-01 13:47:02,12.7993,-8.9471,12.8,29343.0,-41.8,-77.0,-72.3,1,2,0.09,301,10.1,8.657389737091334,-5.201884556591547,66160
2026-04-01 13:47:04,12.7995,-8.9472,12.8,29353.0,-41.9,-77.1,-72.4,1,2,0.09,300,9.8,8.487048957087499,-4.900000000000001,66160
2026-04-01 13:47:06,12.7997,-8.9473,12.8,29364.0,-41.6,-76.9,-72.2,1,2,0.09,300,9.5,8.227241335952167,-4.750000000000001,66160
2026-04-01 13:47:08,12.7998,-8.9475,12.8,29374.0,-41.8,-77.0,-72.3,1,2,0.09,300,9.3,8.05403625519528,-4.650000000000001,66160
2026-04-01 13:47:10,12.7999,-8.9475,12.8,29387.0,-41.8,-77.0,-72.3,1,2,0.09,300,9.1,7.8808311744383905,-4.550000000000001,66160
2026-04-01 13:47:12,12.8,-8.9475,12.7,29396.0,-41.7,-76.9,-72.2,1,2,0.09,300,8.9,7.707626093681504,-4.450000000000001,66160
2026-04-01 13:47:14,12.8002,-8.9475,12.7,29407.0,-41.7,-76.9,-72.2,1,2,0.09,300,8.7,7.534421012924615,-4.3500000000000005,66160
2026-04-01 13:47:16,12.8004,-8.9477,12.7,29417.0,-41.3,-76.7,-72.0,1,2,0.09,300,8.5,7.361215932167728,-4.250000000000001,66160
2026-04-01 13:47:18,12.8005,-8.9478,12.7,29428.0,-41.5,-76.8,-72.1,1,2,0.09,301,8.3,7.114488595827533,-4.27481602175345,66160
2026-04-01 13:47:20,12.8006,-8.9478,12.7,29439.0,-41.5,-76.8,-72.1,1,2,0.09,302,8.2,6.953994388482694,-4.345337966712278,66160
2026-04-01 13:47:22,12.8007,-8.9479,12.6,29449.0,-41.4,-76.7,-72.0,1,2,0.09,302,8.0,6.784384769251409,-4.239354113865637,66160
2026-04-01 13:47:24,12.8008,-8.948,12.6,29460.0,-41.3,-76.7,-72.0,1,2,0.1,303,7.8,6.541630429974309,-4.248184473117208,66160
2026-04-01 13:47:26,12.8009,-8.948,12.6,29468.0,-41.2,-76.6,-71.9,1,2,0.1,304,7.6,6.300685551418316,-4.2498660663776775,66160
2026-04-01 13:47:28,12.801,-8.9481,12.6,29480.0,-41.3,-76.7,-71.9,1,2,0.1,306,7.5,6.067627457812106,-4.408389392193547,66160
2026-04-01 13:47:30,12.8011,-8.9482,12.6,29491.0,-41.3,-76.7,-72.0,1,2,0.1,307,7.5,5.989766325354699,-4.51361267364036,66160
2026-04-01 13:47:32,12.8012,-8.9483,12.5,29503.0,-41.2,-76.6,-71.9,1,2,0.1,309,7.3,5.673165518635886,-4.594038854663814,66160
2026-04-01 13:47:34,12.8014,-8.9484,12.5,29513.0,-41.1,-76.5,-71.8,1,2,0.1,310,7.2,5.515519990456642,-4.628070789743083,66160
2026-04-01 13:47:36,12.8014,-8.9485,12.5,29524.0,-41.1,-76.5,-71.8,1,2,0.1,312,7.1,5.2763282608895015,-4.75082730514789,66160
2026-04-01 13:47:38,12.8015,-8.9485,12.5,29535.0,-40.9,-76.4,-71.7,1,2,0.1,314,7.0,5.0353786023705585,-4.862608593212981,66160
2026-04-01 13:47:40,12.8016,-8.9486,12.5,29547.0,-40.8,-76.3,-71.6,1,2,0.1,315,6.9,4.879036790187179,-4.879036790187177,66160
2026-04-01 13:47:42,12.8017,-8.9487,12.4,29556.0,-40.5,-76.2,-71.4,1,2,0.11,316,6.8,4.723676919121184,-4.891510642302825,66160
2026-04-01 13:47:44,12.8018,-8.9488,12.4,29567.0,-40.6,-76.2,-71.5,1,2,0.1,317,6.8,4.637588848424989,-4.973205171010361,66160
2026-04-01 13:47:46,12.8018,-8.9489,12.4,29578.0,-40.7,-76.2,-71.5,1,2,0.1,318,6.8,4.5500881232402355,-5.053384813246281,66160
2026-04-01 13:47:48,12.8019,-8.949,12.4,29588.0,-40.7,-76.2,-71.5,1,2,0.1,318,6.9,4.617001183876122,-5.127699295794021,66160
2026-04-01 13:47:50,12.8021,-8.9491,12.4,29599.0,-40.6,-76.2,-71.5,1,2,0.1,319,6.8,4.46120139713545,-5.132025145514849,66160
2026-04-01 13:47:52,12.8021,-8.9493,12.4,29611.0,-40.8,-76.4,-71.6,1,2,0.1,319,6.8,4.46120139713545,-5.132025145514849,66160
2026-04-01 13:47:54,12.8021,-8.9493,12.3,29622.0,-41.0,-76.5,-71.8,1,2,0.1,318,6.9,4.617001183876122,-5.127699295794021,66160
2026-04-01 13:47:56,12.8021,-8.9494,12.3,29632.0,-41.1,-76.5,-71.8,1,2,0.1,317,6.9,4.705788684431239,-5.046340541172278,66160
2026-04-01 13:47:58,12.8023,-8.9495,12.3,29643.0,-41.1,-76.5,-71.8,1,2,0.1,316,6.9,4.793142756167083,-4.9634446223366915,66160
2026-04-01 13:48:00,12.8024,-8.9496,12.3,29652.0,-40.9,-76.4,-71.7,1,2,0.1,315,6.9,4.879036790187179,-4.879036790187177,66160
2026-04-01 13:48:02,12.8024,-8.9497,12.3,29663.0,-41.0,-76.5,-71.7,1,2,0.1,314,6.9,4.963444622336693,-4.793142756167081,66160
2026-04-01 13:48:04,12.8024,-8.9498,12.2,29673.0,-41.0,-76.4,-71.7,1,2,0.1,312,6.9,5.127699295794023,-4.617001183876119,66160
2026-04-01 13:48:06,12.8025,-8.9499,12.2,29685.0,-40.9,-76.4,-71.7,1,2,0.1,311,6.8,5.132025145514851,-4.461201397135448,66160
2026-04-01 13:48:08,12.8027,-8.95,12.2,29695.0,-40.7,-76.3,-71.6,1,2,0.11,309,6.7,5.206877941761705,-4.216446620033912,66160
2026-04-01 13:48:10,12.8028,-8.9501,12.2,29704.0,-40.8,-76.3,-71.6,1,2,0.1,308,6.7,5.279672049165036,-4.124931884681912,66160
2026-04-01 13:48:12,12.8029,-8.9501,12.2,29715.0,-40.8,-76.3,-71.6,1,2,0.1,306,6.8,5.501315561749643,-3.9969397155888156,66160
2026-04-01 13:48:14,12.803,-8.9502,12.1,29726.0,-40.6,-76.2,-71.5,1,2,0.11,304,6.8,5.637455493374283,-3.80251174360108,66160
2026-04-01 13:48:16,12.8032,-8.9503,12.1,29739.0,-40.5,-76.1,-71.4,1,2,0.11,301,6.8,5.828737644774364,-3.502258909388368,66160
2026-04-01 13:48:18,12.8033,-8.9503,12.1,29748.0,-40.4,-76.1,-71.4,1,2,0.11,299,6.7,5.859952037833951,-3.24822445565046,66160
2026-04-01 13:48:20,12.8034,-8.9503,12.1,29760.0,-40.4,-76.1,-71.4,1,2,0.11,297,6.8,6.058844364480901,-3.087135398228917,66160
2026-04-01 13:48:22,12.8035,-8.9503,12.1,29770.0,-40.4,-76.1,-71.4,1,2,0.11,294,6.8,6.212109111969688,-2.7658091729154384,66160
2026-04-01 13:48:24,12.8036,-8.9504,12.0,29781.0,-40.3,-76.0,-71.3,1,2,0.11,292,6.7,6.212131825597476,-2.50986417588661,66160
2026-04-01 13:48:26,12.8038,-8.9505,12.0,29792.0,-39.8,-75.7,-71.0,1,2,0.12,290,6.5,6.108002035108404,-2.2231309316168484,66160
2026-04-01 13:48:28,12.8039,-8.9505,12.0,29802.0,-39.9,-75.7,-71.0,1,2,0.12,288,6.4,6.086761704288984,-1.9777087639996624,66160
2026-04-01 13:48:30,12.804,-8.9506,12.0,29814.0,-39.9,-75.8,-71.1,1,2,0.12,287,6.3,6.024719962567123,-1.8419417397532412,66160
2026-04-01 13:48:32,12.8041,-8.9506,12.0,29823.0,-39.8,-75.7,-71.0,1,2,0.12,285,6.1,5.892147540363317,-1.5787961751253736,66160
2026-04-01 13:48:34,12.8042,-8.9506,12.0,29834.0,-39.8,-75.6,-70.9,1,2,0.12,284,5.8,5.62771521240078,-1.4031469944780712,66160
2026-04-01 13:48:36,12.8044,-8.9506,11.9,29844.0,-39.7,-75.6,-70.9,1,2,0.12,283,5.6,5.456472362797317,-1.2597259043256435,66160
2026-04-01 13:48:38,12.8044,-8.9506,11.9,29856.0,-39.7,-75.6,-70.9,1,2,0.12,283,5.5,5.359035356318794,-1.237230798891257,66160
2026-04-01 13:48:40,12.8045,-8.9506,11.9,29865.0,-39.6,-75.5,-70.8,1,2,0.12,283,5.3,5.164161343361747,-1.192240588022484,66160
2026-04-01 13:48:42,12.8046,-8.9506,11.9,29876.0,-39.6,-75.5,-70.8,1,2,0.12,282,5.1,4.988552763742408,-1.0603496231705731,66160
2026-04-01 13:48:44,12.8047,-8.9506,11.9,29887.0,-39.5,-75.5,-70.8,1,2,0.12,281,4.9,4.8099731988935535,-0.9349640773450711,66160
2026-04-01 13:48:46,12.8048,-8.9506,11.8,29898.0,-39.5,-75.5,-70.8,1,2,0.12,279,4.7,4.6421352007971475,-0.7352419856890842,66160
2026-04-01 13:48:48,12.8048,-8.9506,11.8,29908.0,-39.5,-75.4,-70.7,1,2,0.12,277,4.6,4.565712297550081,-0.5605989796636793,66160
2026-04-01 13:48:50,12.8049,-8.9507,11.8,29918.0,-39.3,-75.4,-70.7,1,2,0.12,275,4.4,4.3832566716036805,-0.38348526808969474,66160
2026-04-01 13:48:52,12.805,-8.9507,11.8,29930.0,-39.3,-75.3,-70.6,1,2,0.13,273,4.2,4.19424404596921,-0.21981101622036459,66160
2026-04-01 13:48:54,12.8051,-8.9507,11.8,29941.0,-39.3,-75.4,-70.7,1,2,0.12,271,4.0,3.999390780625565,-0.06980962574913252,66160
2026-04-01 13:48:56,12.805,-8.9507,11.7,29952.0,-39.4,-75.4,-70.7,1,2,0.13,269,3.9,3.899406011109926,0.06806438510540563,66160
2026-04-01 13:48:58,12.8051,-8.9507,11.7,29963.0,-39.5,-75.5,-70.7,1,2,0.12,267,3.7,3.6949292785919234,0.19364303809889394,66160
2026-04-01 13:49:00,12.8052,-8.9508,11.7,29974.0,-39.4,-75.4,-70.7,1,2,0.13,264,3.5,3.480826633788957,0.3658496214367868,66160
2026-04-01 13:49:02,12.8053,-8.9508,11.7,29983.0,-39.4,-75.4,-70.7,1,2,0.12,261,3.4,3.358140358023468,0.5318771811367855,66160
2026-04-01 13:49:04,12.8054,-8.9507,11.7,29995.0,-39.6,-75.5,-70.8,1,2,0.12,259,3.3,3.2393697053772907,0.6296696847425972,66160
2026-04-01 13:49:06,12.8054,-8.9507,11.7,30005.0,-39.6,-75.5,-70.8,1,2,0.12,257,3.3,3.215421213791276,0.7423384793347553,66160
2026-04-01 13:49:08,12.8055,-8.9506,11.6,30016.0,-39.6,-75.5,-70.8,1,2,0.12,253,3.2,3.0601752190817133,0.9355894551127588,66160
2026-04-01 13:49:10,12.8056,-8.9506,11.6,30027.0,-39.5,-75.5,-70.7,1,2,0.13,251,3.1,2.9311075843578824,1.0092612788171855,66160
2026-04-01 13:49:12,12.8056,-8.9506,11.6,30037.0,-39.5,-75.4,-70.7,1,2,0.13,249,3.2,2.987457364791045,1.1467774385449623,66160
2026-04-01 13:49:14,12.8056,-8.9506,11.6,30047.0,-39.4,-75.4,-70.7,1,2,0.13,248,3.3,3.059706720070398,1.2362017582725104,66160
2026-04-01 13:49:16,12.8056,-8.9505,11.6,30058.0,-39.3,-75.3,-70.6,1,2,0.13,246,3.3,3.014700010220583,1.3422309221501403,66160
2026-04-01 13:49:18,12.8057,-8.9505,11.5,30068.0,-39.2,-75.2,-70.5,1,2,0.13,244,3.3,2.9660203527872504,1.4466247844039564,66160
2026-04-01 13:49:20,12.8058,-8.9504,11.5,30078.0,-39.2,-75.3,-70.6,1,2,0.13,243,3.3,2.9403215298216137,1.4981686491405048,66160
2026-04-01 13:49:22,12.8058,-8.9504,11.5,30089.0,-39.3,-75.3,-70.6,1,2,0.13,242,3.4,3.0020218157203518,1.5962033134720286,66160
2026-04-01 13:49:24,12.8058,-8.9504,11.5,30099.0,-39.3,-75.3,-70.6,1,2,0.13,241,3.4,2.973707004273946,1.6483527088375451,66160
2026-04-01 13:49:26,12.8059,-8.9504,11.5,30110.0,-39.2,-75.3,-70.6,1,2,0.13,240,3.4,2.9444863728670905,1.7000000000000015,66160
2026-04-01 13:49:28,12.806,-8.9503,11.5,30120.0,-39.3,-75.3,-70.6,1,2,0.13,240,3.4,2.9444863728670905,1.7000000000000015,66160
2026-04-01 13:49:30,12.806,-8.9503,11.4,30131.0,-39.4,-75.4,-70.7,1,2,0.13,240,3.4,2.9444863728670905,1.7000000000000015,66160
2026-04-01 13:49:32,12.806,-8.9502,11.4,30141.0,-39.4,-75.4,-70.7,1,2,0.13,240,3.6,3.117691453623978,1.8000000000000016,66160
2026-04-01 13:49:34,12.8061,-8.9502,11.4,30151.0,-39.4,-75.4,-70.7,1,2,0.13,240,3.6,3.117691453623978,1.8000000000000016,66160
2026-04-01 13:49:36,12.8062,-8.9503,11.4,30162.0,-39.5,-75.5,-70.8,1,2,0.13,240,3.7,3.204293994002422,1.8500000000000016,66160
2026-04-01 13:49:38,12.8063,-8.9502,11.4,30173.0,-39.8,-75.7,-71.0,1,2,0.12,240,3.8,3.290896534380866,1.9000000000000017,66160
2026-04-01 13:49:40,12.8063,-8.9501,11.4,30183.0,-39.9,-75.7,-71.0,1,2,0.12,241,3.9,3.411016857843644,1.8907575189607135,66160
2026-04-01 13:49:42,12.8063,-8.9501,11.3,30194.0,-40.0,-75.8,-71.1,1,2,0.12,242,3.9,3.4434956121498153,1.830939094864974,66160
2026-04-01 13:49:44,12.8064,-8.9501,11.3,30206.0,-39.9,-75.7,-71.0,1,2,0.12,242,3.9,3.4434956121498153,1.830939094864974,66160
2026-04-01 13:49:46,12.8065,-8.9501,11.3,30215.0,-39.8,-75.7,-71.0,1,2,0.12,242,4.0,3.531790371435708,1.877886251143563,66160
2026-04-01 13:49:48,12.8066,-8.9501,11.3,30227.0,-40.0,-75.8,-71.1,1,2,0.12,242,4.0,3.531790371435708,1.877886251143563,66160
2026-04-01 13:49:50,12.8066,-8.95,11.3,30237.0,-40.1,-75.8,-71.1,1,2,0.12,241,4.1,3.585940799271523,1.987719443009981,66160
2026-04-01 13:49:52,12.8067,-8.9499,11.3,30247.0,-40.0,-75.8,-71.1,1,2,0.12,240,4.2,3.637306695894641,2.100000000000002,66160
2026-04-01 13:49:54,12.8068,-8.9498,11.2,30257.0,-40.1,-75.9,-71.2,1,2,0.12,238,4.3,3.6466068134726313,2.2786528362027814,66160
2026-04-01 13:49:56,12.8069,-8.9498,11.2,30267.0,-40.3,-76.0,-71.3,1,2,0.12,236,4.3,3.56486156198668,2.4045294849242103,66160
2026-04-01 13:49:58,12.8069,-8.9498,11.2,30278.0,-40.3,-76.0,-71.3,1,2,0.12,235,4.3,3.5223537904426636,2.4663786763094993,66160
2026-04-01 13:50:00,12.8069,-8.9498,11.2,30288.0,-40.3,-76.0,-71.3,1,2,0.12,233,4.3,3.434132693203359,2.5878045995538073,66160
2026-04-01 13:50:02,12.807,-8.9497,11.2,30299.0,-40.2,-76.0,-71.3,1,2,0.12,231,4.3,3.341727634264973,2.7060776815143024,66160
2026-04-01 13:50:04,12.8071,-8.9497,11.2,30309.0,-40.2,-75.9,-71.2,1,2,0.12,230,4.2,3.2173866610997073,2.6997079606834657,66160
2026-04-01 13:50:06,12.8072,-8.9496,11.1,30320.0,-40.3,-76.0,-71.3,1,2,0.12,228,4.1,3.0468937844573167,2.743435486071318,66160
2026-04-01 13:50:08,12.8072,-8.9496,11.1,30330.0,-40.5,-76.1,-71.4,1,2,0.12,227,4.1,2.9985501766385982,2.796193276256244,66160
2026-04-01 13:50:10,12.8073,-8.9495,11.1,30341.0,-40.4,-76.1,-71.4,1,2,0.12,225,3.9,2.7577164466275352,2.757716446627536,66160
2026-04-01 13:50:12,12.8074,-8.9494,11.1,30353.0,-40.4,-76.1,-71.3,1,2,0.12,222,3.8,2.542696304163661,2.823950336814098,66160
2026-04-01 13:50:14,12.8075,-8.9493,11.1,30363.0,-40.7,-76.3,-71.6,1,2,0.12,220,3.7,2.3783141558401955,2.8343644395402188,66160
2026-04-01 13:50:16,12.8074,-8.9492,11.0,30375.0,-40.9,-76.4,-71.7,1,2,0.11,217,3.6,2.1665340833473743,2.875087836170254,66160
2026-04-01 13:50:18,12.8074,-8.9492,11.0,30385.0,-40.9,-76.4,-71.7,1,2,0.11,214,3.5,1.9571751621476134,2.9016315039426464,66160
2026-04-01 13:50:20,12.8074,-8.9492,11.0,30397.0,-40.9,-76.4,-71.7,1,2,0.11,210,3.4,1.7000000000000004,2.9444863728670914,66160
2026-04-01 13:50:22,12.8075,-8.9492,11.0,30407.0,-40.8,-76.3,-71.6,1,2,0.12,206,3.4,1.4904618990828633,3.0558997574171674,66160
2026-04-01 13:50:24,12.8076,-8.9491,11.0,30418.0,-40.8,-76.3,-71.6,1,2,0.12,202,3.3,1.2362017582725096,3.0597067200703982,66160
2026-04-01 13:50:26,12.8075,-8.949,11.0,30429.0,-40.7,-76.3,-71.6,1,2,0.12,198,3.2,0.9888543819998313,3.043380852144492,66160
2026-04-01 13:50:28,12.8075,-8.9489,10.9,30439.0,-40.7,-76.3,-71.6,1,2,0.12,193,3.1,0.6973482684659814,3.0205472008342293,66160
2026-04-01 13:50:30,12.8076,-8.9489,10.9,30450.0,-40.5,-76.1,-71.4,1,2,0.12,187,3.0,0.3656080302154419,2.9776384549239663,66160
2026-04-01 13:50:32,12.8076,-8.9489,10.9,30461.0,-40.5,-76.2,-71.5,1,2,0.12,182,2.8,0.09771859076700251,2.798294315653468,66160
2026-04-01 13:50:34,12.8075,-8.9489,10.9,30473.0,-40.6,-76.2,-71.5,1,2,0.12,176,2.7,-0.18834247910913893,2.6934229357015256,66160
2026-04-01 13:50:36,12.8075,-8.9488,10.9,30483.0,-40.5,-76.1,-71.4,1,2,0.12,170,2.6,-0.4514852619340187,2.560500157831741,66160
2026-04-01 13:50:38,12.8076,-8.9487,10.8,30495.0,-40.5,-76.1,-71.4,1,2,0.12,162,2.7,-0.8343458848123583,2.5678525939969146,66160
2026-04-01 13:50:40,12.8075,-8.9486,10.8,30506.0,-40.5,-76.1,-71.4,1,2,0.12,156,2.7,-1.0981889363046613,2.466572735635022,66160
2026-04-01 13:50:42,12.8075,-8.9486,10.8,30517.0,-40.6,-76.2,-71.5,1,2,0.12,151,2.6,-1.2605050126404767,2.274011238562429,66160
2026-04-01 13:50:44,12.8074,-8.9486,10.8,30527.0,-40.6,-76.2,-71.5,1,2,0.12,146,2.6,-1.453901549023942,2.1554976886431083,66160
2026-04-01 13:50:46,12.8074,-8.9486,10.8,30538.0,-40.6,-76.2,-71.5,1,2,0.12,142,2.6,-1.6007198358467118,2.048827959377477,66160
2026-04-01 13:50:48,12.8074,-8.9485,10.8,30549.0,-40.6,-76.2,-71.5,1,2,0.12,139,2.6,-1.705753475375319,1.9622449085792073,66160
2026-04-01 13:50:50,12.8073,-8.9484,10.7,30561.0,-40.8,-76.3,-71.6,1,2,0.12,137,2.4,-1.6367960641499966,1.755248883886009,66160
2026-04-01 13:50:52,12.8072,-8.9484,10.7,30571.0,-40.8,-76.4,-71.6,1,2,0.12,136,2.2,-1.528248415009794,1.582547560745033,66160
2026-04-01 13:50:54,12.8072,-8.9484,10.7,30582.0,-40.8,-76.4,-71.6,1,2,0.12,133,2.0,-1.4627074032383411,1.3639967201249967,66160
2026-04-01 13:50:56,12.8072,-8.9484,10.7,30593.0,-40.8,-76.3,-71.6,1,2,0.12,130,1.7,-1.3022755533022625,1.092738936467117,66160
2026-04-01 13:50:58,12.8071,-8.9484,10.7,30603.0,-40.9,-76.4,-71.7,1,2,0.12,126,1.4,-1.1326237921249263,0.8228993532094622,66160
2026-04-01 13:51:00,12.807,-8.9483,10.7,30614.0,-40.9,-76.4,-71.7,1,2,0.12,119,1.1,-0.9620816778533355,0.5332905822709707,66160
2026-04-01 13:51:02,12.807,-8.9484,10.6,30625.0,-40.9,-76.4,-71.7,1,2,0.12,110,0.8,-0.7517540966287268,0.273616114660535,66160
2026-04-01 13:51:04,12.807,-8.9484,10.6,30636.0,-40.4,-76.1,-71.4,1,2,0.12,99,0.5,-0.4938441702975689,0.0782172325201154,66160
2026-04-01 13:51:06,12.807,-8.9484,10.6,30645.0,-40.4,-76.0,-71.3,1,2,0.13,56,0.2,-0.16580751451100836,-0.11183858069414937,66160
2026-04-01 13:51:08,12.807,-8.9483,10.6,30657.0,-40.2,-75.9,-71.2,1,2,0.13,324,0.4,0.23511410091698937,-0.32360679774997897,66160
2026-04-01 13:51:10,12.807,-8.9483,10.6,30666.0,-40.0,-75.8,-71.1,1,2,0.13,309,0.9,0.6994313653112737,-0.5663883519448538,66160
2026-04-01 13:51:12,12.8071,-8.9484,10.6,30677.0,-39.7,-75.6,-70.9,1,2,0.13,305,1.4,1.1468128620045885,-0.8030070108914644,66160
2026-04-01 13:51:14,12.8072,-8.9486,10.5,30688.0,-39.8,-75.7,-71.0,1,2,0.13,303,1.9,1.593474079096306,-1.0348141665285506,66160
2026-04-01 13:51:16,12.8072,-8.9486,10.5,30699.0,-40.0,-75.8,-71.1,1,2,0.13,301,2.4,2.0572015216850694,-1.23609137978413,66160
2026-04-01 13:51:18,12.8072,-8.9485,10.5,30711.0,-39.9,-75.7,-71.0,1,2,0.13,300,2.9,2.5114736709748717,-1.4500000000000002,66160
2026-04-01 13:51:20,12.8072,-8.9485,10.5,30720.0,-40.0,-75.8,-71.1,1,2,0.13,299,3.3,2.8862450335600056,-1.5998717468129129,66160
2026-04-01 13:51:22,12.8073,-8.9486,10.5,30732.0,-39.9,-75.7,-71.0,1,2,0.13,299,3.8,3.323554887129703,-1.8422765569360815,66160
2026-04-01 13:51:24,12.8074,-8.9487,10.5,30741.0,-39.9,-75.7,-71.0,1,2,0.13,298,4.1,3.6200851307216007,-1.9248334074221505,66160
2026-04-01 13:51:26,12.8076,-8.9487,10.5,30750.0,-40.1,-75.9,-71.2,1,2,0.13,298,4.5,3.973264167865172,-2.112622032536507,66160
2026-04-01 13:51:28,12.8076,-8.9487,10.4,30761.0,-40.1,-75.8,-71.1,1,2,0.13,298,4.8,4.2381484457228495,-2.253463501372274,66160
2026-04-01 13:51:30,12.8077,-8.9487,10.4,30769.0,-39.9,-75.7,-71.0,1,2,0.13,298,5.1,4.503032723580528,-2.394304970208041,66160
2026-04-01 13:51:32,12.8078,-8.9487,10.4,30782.0,-39.5,-75.5,-70.8,1,2,0.14,297,5.4,4.811435230617187,-2.451548698593552,66160
2026-04-01 13:51:34,12.8079,-8.9489,10.4,30791.0,-39.3,-75.4,-70.7,1,2,0.14,297,5.8,5.167837840292534,-2.6331448984893706,66160
2026-04-01 13:51:36,12.808,-8.9489,10.4,30802.0,-39.3,-75.3,-70.6,1,2,0.14,297,6.1,5.435139797549044,-2.7693420484112345,66160
2026-04-01 13:51:38,12.808,-8.9489,10.4,30813.0,-39.1,-75.2,-70.5,1,2,0.14,297,6.5,5.791542407224392,-2.950938248307053,66160
2026-04-01 13:51:40,12.8082,-8.949,10.3,30824.0,-38.9,-75.1,-70.4,1,2,0.15,296,6.8,6.111799514834336,-2.980923798165726,66160
2026-04-01 13:51:42,12.8083,-8.9491,10.3,30835.0,-38.8,-75.0,-70.3,1,2,0.15,296,7.2,6.4713171333540025,-3.1562722568813575,66160
2026-04-01 13:51:44,12.8085,-8.9491,10.3,30845.0,-38.9,-75.1,-70.4,1,2,0.15,296,7.5,6.7409553472437524,-3.2877836009180808,66160
2026-04-01 13:51:46,12.8086,-8.9492,10.3,30857.0,-38.9,-75.0,-70.3,1,2,0.15,296,7.9,7.10047296576342,-3.4631320596337116,66160
2026-04-01 13:51:48,12.8087,-8.9492,10.3,30868.0,-38.7,-74.9,-70.2,1,2,0.15,296,8.2,7.370111179653169,-3.5946434036704344,66160
2026-04-01 13:51:50,12.8089,-8.9493,10.3,30879.0,-38.6,-74.8,-70.1,1,2,0.15,296,8.5,7.63974939354292,-3.7261547477071577,66160
2026-04-01 13:51:52,12.809,-8.9494,10.2,30889.0,-38.6,-74.9,-70.2,1,2,0.16,295,8.8,7.975508525922519,-3.7190407033181567,66160
2026-04-01 13:51:54,12.8091,-8.9495,10.2,30900.0,-38.7,-74.9,-70.2,1,2,0.15,295,9.2,8.338031640737178,-3.888088008014436,66160
2026-04-01 13:51:56,12.8093,-8.9495,10.2,30910.0,-38.6,-74.9,-70.2,1,2,0.16,295,9.5,8.609923976848174,-4.014873486536646,66160
2026-04-01 13:51:58,12.8094,-8.9496,10.2,30921.0,-38.5,-74.8,-70.1,1,2,0.16,294,9.8,8.952745484897491,-3.986019102142838,66160
2026-04-01 13:52:00,12.8097,-8.9497,10.2,30932.0,-38.5,-74.8,-70.1,1,2,0.16,294,10.1,9.226809122190271,-4.1080400950655775,66160
2026-04-01 13:52:02,12.8098,-8.9498,10.2,30942.0,-38.7,-74.9,-70.2,1,2,0.15,294,10.4,9.500872759483052,-4.230061087988318,66160
2026-04-01 13:52:04,12.81,-8.9498,10.1,30953.0,-38.7,-74.9,-70.2,1,2,0.16,294,10.6,9.68358185101157,-4.311408416603477,66160
2026-04-01 13:52:06,12.8102,-8.9499,10.1,30963.0,-38.8,-75.0,-70.3,1,2,0.15,294,10.8,9.866290942540092,-4.392755745218638,66160
2026-04-01 13:52:08,12.8104,-8.95,10.1,30974.0,-38.7,-74.9,-70.2,1,2,0.16,294,10.9,9.957645488304353,-4.433429409526218,66160
2026-04-01 13:52:10,12.8106,-8.9502,10.1,30984.0,-38.8,-75.0,-70.3,1,2,0.15,294,11.1,10.140354579832872,-4.514776738141377,66160
2026-04-01 13:52:12,12.8108,-8.9502,10.1,30997.0,-39.0,-75.1,-70.4,1,2,0.15,294,11.3,10.323063671361393,-4.596124066756538,66160
2026-04-01 13:52:14,12.811,-8.9502,10.1,31007.0,-38.9,-75.1,-70.4,1,2,0.15,294,11.4,10.414418217125652,-4.636797731064117,66160
2026-04-01 13:52:16,12.8112,-8.9503,10.1,31017.0,-39.0,-75.1,-70.4,1,2,0.15,294,11.5,10.505772762889913,-4.677471395371697,66160
2026-04-01 13:52:18,12.8114,-8.9504,10.0,31026.0,-38.8,-75.0,-70.3,1,2,0.15,294,11.6,10.597127308654173,-4.718145059679277,66160
2026-04-01 13:52:20,12.8117,-8.9506,10.0,31035.0,-38.9,-75.1,-70.4,1,2,0.15,294,11.7,10.688481854418432,-4.758818723986857,66160
2026-04-01 13:52:22,12.8118,-8.9506,10.0,31048.0,-39.0,-75.1,-70.4,1,2,0.15,294,11.7,10.688481854418432,-4.758818723986857,66160
2026-04-01 13:52:24,12.812,-8.9507,10.0,31057.0,-38.9,-75.1,-70.4,1,2,0.15,294,11.8,10.779836400182694,-4.799492388294437,66160
2026-04-01 13:52:26,12.8122,-8.9508,10.0,31068.0,-38.9,-75.1,-70.4,1,2,0.15,293,11.8,10.861957270738799,-4.610627316173428,66160
2026-04-01 13:52:28,12.8124,-8.9509,10.0,31077.0,-38.7,-74.9,-70.2,1,2,0.16,293,11.8,10.861957270738799,-4.610627316173428,66160
2026-04-01 13:52:30,12.8126,-8.951,9.9,31089.0,-38.7,-74.9,-70.2,1,2,0.16,293,11.9,10.954007756084042,-4.649700429022355,66160
2026-04-01 13:52:32,12.8128,-8.9511,9.9,31099.0,-38.6,-74.9,-70.2,1,2,0.16,293,12.0,11.046058241429286,-4.6887735418712815,66160
2026-04-01 13:52:34,12.813,-8.9512,9.9,31110.0,-38.5,-74.8,-70.1,1,2,0.16,293,12.0,11.046058241429286,-4.6887735418712815,66160
2026-04-01 13:52:36,12.8132,-8.9513,9.9,31121.0,-38.4,-74.8,-70.1,1,2,0.16,292,11.9,11.033487869344771,-4.457818461649352,66160
2026-04-01 13:52:38,12.8134,-8.9513,9.9,31131.0,-38.4,-74.7,-70.0,1,2,0.16,292,11.9,11.033487869344771,-4.457818461649352,66160
2026-04-01 13:52:40,12.8135,-8.9514,9.9,31142.0,-38.5,-74.8,-70.1,1,2,0.16,292,11.9,11.033487869344771,-4.457818461649352,66160
2026-04-01 13:52:42,12.8138,-8.9514,9.9,31154.0,-38.6,-74.9,-70.2,1,2,0.16,291,11.9,11.1096070753167,-4.264578599589075,66160
2026-04-01 13:52:44,12.814,-8.9515,9.8,31165.0,-38.6,-74.9,-70.2,1,2,0.16,290,11.9,11.18234218735231,-4.070039705575461,66160
2026-04-01 13:52:46,12.8143,-8.9516,9.8,31173.0,-38.7,-74.9,-70.2,1,2,0.16,290,11.9,11.18234218735231,-4.070039705575461,66160
2026-04-01 13:52:48,12.8144,-8.9516,9.8,31185.0,-38.8,-75.0,-70.3,1,2,0.16,289,12.0,11.346222907191803,-3.906817853485876,66160
2026-04-01 13:52:50,12.8146,-8.9517,9.8,31195.0,-38.8,-75.0,-70.3,1,2,0.16,289,12.1,11.440774764751735,-3.9393746689315914,66160
2026-04-01 13:52:52,12.8148,-8.9518,9.8,31205.0,-38.8,-75.0,-70.3,1,2,0.16,288,12.1,11.507783847171359,-3.7391056319368614,66160
2026-04-01 13:52:54,12.8151,-8.952,9.8,31215.0,-38.7,-75.0,-70.3,1,2,0.16,287,12.1,11.571287547152728,-3.537697627145114,66160
2026-04-01 13:52:56,12.8153,-8.952,9.7,31227.0,-38.9,-75.0,-70.3,1,2,0.16,286,12.2,11.727392690447488,-3.3627757409673924,66160
2026-04-01 13:52:58,12.8155,-8.952,9.7,31238.0,-38.8,-75.0,-70.3,1,2,0.16,286,12.3,11.823518860041322,-3.3903394765490926,66160
2026-04-01 13:53:00,12.8156,-8.952,9.7,31246.0,-38.8,-75.0,-70.3,1,2,0.16,285,12.4,11.977480245984449,-3.209356159271252,66160
2026-04-01 13:53:02,12.8159,-8.9522,9.7,31256.0,-38.6,-74.9,-70.2,1,2,0.16,284,12.5,12.128696578449958,-3.0240236949958432,66160
2026-04-01 13:53:04,12.8161,-8.9522,9.7,31266.0,-38.4,-74.7,-70.0,1,2,0.17,284,12.5,12.128696578449958,-3.0240236949958432,66160
2026-04-01 13:53:06,12.8163,-8.9523,9.7,31277.0,-38.3,-74.7,-70.0,1,2,0.17,283,12.6,12.277062816293963,-2.8343832847326977,66160
2026-04-01 13:53:08,12.8166,-8.9523,9.7,31286.0,-38.2,-74.6,-69.9,1,2,0.17,282,12.7,12.42247452931933,-2.640478473385545,66160
2026-04-01 13:53:10,12.8168,-8.9523,9.6,31297.0,-38.1,-74.5,-69.8,1,2,0.17,281,12.8,12.564827948130098,-2.4423551408197777,66160
2026-04-01 13:53:12,12.817,-8.9524,9.6,31307.0,-37.9,-74.4,-69.7,1,2,0.18,280,12.9,12.704020013857486,-2.2400614919033965,66160
2026-04-01 13:53:14,12.8172,-8.9524,9.6,31318.0,-37.8,-74.3,-69.7,1,2,0.18,280,13.0,12.802500789158707,-2.2574263096700897,66160
2026-04-01 13:53:16,12.8175,-8.9524,9.6,31328.0,-37.7,-74.3,-69.6,1,2,0.18,279,13.2,13.037486095855819,-2.064934938531045,66160
2026-04-01 13:53:18,12.8177,-8.9525,9.6,31339.0,-37.7,-74.3,-69.6,1,2,0.18,278,13.4,13.269592121137043,-1.8649195528648772,66160
2026-04-01 13:53:20,12.818,-8.9525,9.6,31350.0,-37.8,-74.3,-69.6,1,2,0.18,277,13.5,13.399373047157846,-1.6452361359694938,66160
2026-04-01 13:53:22,12.8182,-8.9525,9.6,31360.0,-37.8,-74.4,-69.7,1,2,0.18,276,13.6,13.525497777008518,-1.4215871004400806,66160
2026-04-01 13:53:24,12.8185,-8.9525,9.5,31371.0,-37.8,-74.3,-69.6,1,2,0.18,276,13.7,13.624949966545344,-1.4320399467668459,66160
2026-04-01 13:53:26,12.8187,-8.9525,9.5,31380.0,-37.8,-74.3,-69.7,1,2,0.18,276,13.8,13.724402156082174,-1.4424927930936113,66160
2026-04-01 13:53:28,12.819,-8.9526,9.5,31391.0,-37.7,-74.3,-69.6,1,2,0.18,275,13.9,13.847106303475263,-1.2114648241924446,66160
2026-04-01 13:53:30,12.8193,-8.9527,9.5,31400.0,-37.8,-74.4,-69.7,1,2,0.18,274,13.9,13.866140298611558,-0.9696149850433405,66160
2026-04-01 13:53:32,12.8195,-8.9526,9.5,31411.0,-37.9,-74.4,-69.7,1,2,0.18,274,14.0,13.96589670363754,-0.9765906324177531,66160
2026-04-01 13:53:34,12.8198,-8.9526,9.5,31420.0,-38.0,-74.4,-69.8,1,2,0.18,273,14.0,13.980813486564033,-0.7327033874012152,66160
2026-04-01 13:53:36,12.82,-8.9526,9.5,31431.0,-37.9,-74.4,-69.7,1,2,0.18,273,14.1,14.080676440039491,-0.7379369830255096,66160
2026-04-01 13:53:38,12.8203,-8.9527,9.4,31441.0,-37.8,-74.3,-69.6,1,2,0.18,272,14.0,13.99147157826734,-0.48859295383501794,66160
2026-04-01 13:53:40,12.8206,-8.9527,9.4,31450.0,-38.0,-74.4,-69.8,1,2,0.18,272,13.9,13.891532495565432,-0.4851030041647678,66160
2026-04-01 13:53:42,12.8209,-8.9527,9.4,31462.0,-38.1,-74.5,-69.8,1,2,0.18,271,13.9,13.897882962673838,-0.24258844947823552,66160
2026-04-01 13:53:44,12.8211,-8.9526,9.4,31470.0,-38.1,-74.6,-69.9,1,2,0.18,271,13.8,13.7978981931582,-0.24084320883450722,66160
2026-04-01 13:53:46,12.8213,-8.9527,9.4,31481.0,-38.1,-74.6,-69.9,1,2,0.18,270,13.7,13.7,2.5166491722478104e-15,66160
2026-04-01 13:53:48,12.8216,-8.9527,9.4,31491.0,-37.9,-74.4,-69.7,1,2,0.18,269,13.6,13.597928654126921,0.23735272754705555,66160
2026-04-01 13:53:50,12.8219,-8.9527,9.4,31500.0,-38.1,-74.5,-69.8,1,2,0.18,269,13.5,13.497943884611281,0.23560748690332722,66160
2026-04-01 13:53:52,12.8221,-8.9526,9.4,31511.0,-38.1,-74.5,-69.8,1,2,0.18,269,13.3,13.297974345580005,0.23211700561587054,66160
2026-04-01 13:53:54,12.8223,-8.9526,9.3,31518.0,-38.2,-74.6,-69.9,1,2,0.18,268,13.2,13.191958916652064,0.46067335647301,66160
2026-04-01 13:53:56,12.8226,-8.9527,9.3,31528.0,-38.1,-74.5,-69.8,1,2,0.18,267,13.0,12.98218395180946,0.680367431158276,66160
2026-04-01 13:53:58,12.8228,-8.9527,9.3,31537.0,-38.1,-74.5,-69.8,1,2,0.18,267,12.8,12.782458044858545,0.6699002399096872,66160
2026-04-01 13:54:00,12.823,-8.9527,9.3,31548.0,-38.2,-74.6,-69.9,1,2,0.18,266,12.7,12.669063438299766,0.8859072165503948,66160
2026-04-01 13:54:02,12.8232,-8.9526,9.3,31558.0,-38.2,-74.6,-69.9,1,2,0.18,266,12.5,12.469550628247802,0.8719559218015698,66160
2026-04-01 13:54:04,12.8235,-8.9525,9.3,31568.0,-38.3,-74.7,-70.0,1,2,0.18,265,12.3,12.253194786528471,1.0720156357961965,66160
2026-04-01 13:54:06,12.8237,-8.9526,9.3,31579.0,-38.1,-74.6,-69.9,1,2,0.18,264,12.1,12.033714933956107,1.2647944055386056,66160
2026-04-01 13:54:08,12.8239,-8.9526,9.3,31587.0,-38.2,-74.6,-69.9,1,2,0.18,264,11.8,11.735358365345627,1.2334358665583096,66160
2026-04-01 13:54:10,12.8241,-8.9525,9.2,31599.0,-38.3,-74.6,-69.9,1,2,0.18,264,11.6,11.53645398627197,1.212530173904779,66160
2026-04-01 13:54:12,12.8243,-8.9525,9.2,31608.0,-38.2,-74.6,-69.9,1,2,0.18,263,11.4,11.315026128711072,1.3893105148186777,66160
2026-04-01 13:54:14,12.8245,-8.9524,9.2,31618.0,-38.2,-74.6,-69.9,1,2,0.18,262,11.2,11.091002369905587,1.5587387307527372,66160
2026-04-01 13:54:16,12.8247,-8.9524,9.2,31628.0,-38.0,-74.4,-69.7,1,2,0.18,261,11.1,10.963340580606028,1.7364225619465645,66160
2026-04-01 13:54:18,12.8249,-8.9524,9.2,31638.0,-38.0,-74.5,-69.8,1,2,0.18,261,10.9,10.765802912487,1.7051356689385184,66160
2026-04-01 13:54:20,12.8251,-8.9523,9.2,31648.0,-38.1,-74.5,-69.8,1,2,0.18,260,10.8,10.635923732531847,1.8754003188028476,66160
2026-04-01 13:54:22,12.8253,-8.9523,9.2,31658.0,-38.0,-74.5,-69.8,1,2,0.18,259,10.7,10.503410862890004,2.041656250529027,66160
2026-04-01 13:54:24,12.8254,-8.9523,9.1,31668.0,-38.0,-74.5,-69.8,1,2,0.18,258,10.6,10.36836456777834,2.2038639226682535,66160
2026-04-01 13:54:26,12.8256,-8.9523,9.1,31678.0,-38.0,-74.5,-69.8,1,2,0.18,258,10.5,10.270549807704958,2.183072753586478,66160
2026-04-01 13:54:28,12.8258,-8.9522,9.1,31689.0,-38.0,-74.5,-69.8,1,2,0.18,257,10.5,10.230885680244969,2.3619860706105853,66160
2026-04-01 13:54:30,12.8259,-8.9521,9.1,31699.0,-38.1,-74.5,-69.8,1,2,0.18,257,10.5,10.230885680244969,2.3619860706105853,66160
2026-04-01 13:54:32,12.8261,-8.9521,9.1,31708.0,-37.9,-74.4,-69.7,1,2,0.19,257,10.5,10.230885680244969,2.3619860706105853,66160
2026-04-01 13:54:34,12.8263,-8.9522,9.1,31717.0,-37.8,-74.4,-69.7,1,2,0.19,256,10.6,10.285134698525562,2.5643720933564786,66160
2026-04-01 13:54:36,12.8265,-8.9521,9.1,31728.0,-38.0,-74.5,-69.8,1,2,0.18,256,10.7,10.382164271153162,2.5885642829164452,66160
2026-04-01 13:54:38,12.8266,-8.9519,9.0,31739.0,-38.0,-74.5,-69.8,1,2,0.19,257,10.8,10.52319669968054,2.429471386913745,66160
2026-04-01 13:54:40,12.8268,-8.9518,9.0,31747.0,-38.2,-74.6,-69.9,1,2,0.18,257,11.0,10.718070712637587,2.474461597782518,66160
2026-04-01 13:54:42,12.827,-8.9518,9.0,31760.0,-38.1,-74.5,-69.8,1,2,0.19,257,11.2,10.912944725594633,2.5194518086512905,66160
2026-04-01 13:54:44,12.8272,-8.9518,9.0,31772.0,-37.8,-74.3,-69.6,1,2,0.19,258,11.4,11.150882648365384,2.3701932753224617,66160
2026-04-01 13:54:46,12.8274,-8.9518,9.0,31781.0,-38.0,-74.5,-69.8,1,2,0.19,258,11.6,11.346512168512144,2.4117756134860135,66160
2026-04-01 13:54:48,12.8276,-8.9517,9.0,31791.0,-37.8,-74.3,-69.7,1,2,0.19,258,11.8,11.542141688658907,2.453357951649566,66160
2026-04-01 13:54:50,12.8278,-8.9516,9.0,31800.0,-37.7,-74.2,-69.6,1,2,0.19,259,12.1,11.877688919716734,2.3087888440561897,66160
2026-04-01 13:54:52,12.8281,-8.9516,9.0,31812.0,-37.5,-74.2,-69.5,1,2,0.2,259,12.3,12.074014356406268,2.346950643131499,66160
2026-04-01 13:54:54,12.8283,-8.9516,8.9,31820.0,-37.5,-74.1,-69.5,1,2,0.2,260,12.5,12.3100969126526,2.170602220836629,66160
2026-04-01 13:54:56,12.8285,-8.9516,8.9,31831.0,-37.6,-74.2,-69.5,1,2,0.2,261,12.8,12.642410759617762,2.002361152514957,66160
2026-04-01 13:54:58,12.8288,-8.9515,8.9,31841.0,-37.3,-74.0,-69.3,1,2,0.2,262,13.1,12.97251170051457,1.8231676225768623,66160
2026-04-01 13:55:00,12.8291,-8.9515,8.9,31851.0,-37.1,-73.9,-69.2,1,2,0.21,263,13.4,13.300118431993717,1.6330492016289722,66160
2026-04-01 13:55:02,12.8293,-8.9515,8.9,31861.0,-37.1,-73.9,-69.2,1,2,0.21,263,13.6,13.49862766232198,1.6574230703100015,66160
2026-04-01 13:55:04,12.8296,-8.9515,8.9,31872.0,-37.3,-74.0,-69.3,1,2,0.2,264,13.8,13.724402156082174,1.4424927930936164,66160
2026-04-01 13:55:06,12.8298,-8.9514,8.9,31882.0,-37.3,-74.0,-69.3,1,2,0.2,265,14.0,13.946725773284438,1.2201803984672155,66160
2026-04-01 13:55:08,12.83,-8.9513,8.9,31891.0,-37.5,-74.1,-69.4,1,2,0.2,265,14.2,14.145964712902787,1.237611547016747,66160
2026-04-01 13:55:10,12.8303,-8.9513,8.8,31904.0,-37.6,-74.2,-69.5,1,2,0.2,266,14.3,14.265165918715487,0.9975175745409959,66160
2026-04-01 13:55:12,12.8306,-8.9514,8.8,31914.0,-37.5,-74.1,-69.5,1,2,0.2,266,14.5,14.464678728767451,1.0114688692898208,66160
2026-04-01 13:55:14,12.8309,-8.9515,8.8,31922.0,-37.9,-74.4,-69.7,1,2,0.19,267,14.6,14.579991207416777,0.7641049611469869,66160
2026-04-01 13:55:16,12.8312,-8.9514,8.8,31934.0,-38.0,-74.5,-69.8,1,2,0.19,267,14.7,14.679854160892235,0.7693385567712813,66160
2026-04-01 13:55:18,12.8314,-8.9512,8.8,31943.0,-37.9,-74.4,-69.7,1,2,0.19,267,14.7,14.679854160892235,0.7693385567712813,66160
2026-04-01 13:55:20,12.8317,-8.9512,8.8,31953.0,-38.1,-74.5,-69.8,1,2,0.19,267,14.6,14.579991207416777,0.7641049611469869,66160
2026-04-01 13:55:22,12.832,-8.9513,8.8,31964.0,-37.9,-74.4,-69.7,1,2,0.19,267,14.6,14.579991207416777,0.7641049611469869,66160
2026-04-01 13:55:24,12.8323,-8.9514,8.8,31971.0,-38.1,-74.5,-69.8,1,2,0.19,267,14.6,14.579991207416777,0.7641049611469869,66160
2026-04-01 13:55:26,12.8325,-8.9514,8.7,31983.0,-38.2,-74.6,-69.9,1,2,0.19,267,14.6,14.579991207416777,0.7641049611469869,66160
2026-04-01 13:55:28,12.8327,-8.9513,8.7,31993.0,-38.0,-74.5,-69.8,1,2,0.19,267,14.5,14.48012825394132,0.7588713655226924,66160
2026-04-01 13:55:30,12.833,-8.9512,8.7,32003.0,-38.0,-74.5,-69.8,1,2,0.19,267,14.4,14.380265300465863,0.753637769898398,66160
2026-04-01 13:55:32,12.8334,-8.9513,8.7,32014.0,-37.8,-74.3,-69.7,1,2,0.2,267,14.3,14.280402346990407,0.7484041742741037,66160
2026-04-01 13:55:34,12.8337,-8.9513,8.7,32024.0,-37.9,-74.4,-69.7,1,2,0.19,267,14.2,14.180539393514948,0.7431705786498091,66160
2026-04-01 13:55:36,12.8339,-8.9513,8.7,32037.0,-38.1,-74.5,-69.8,1,2,0.19,267,14.1,14.080676440039491,0.7379369830255147,66160
2026-04-01 13:55:38,12.8341,-8.9512,8.7,32046.0,-38.1,-74.5,-69.9,1,2,0.19,266,13.9,13.866140298611557,0.9696149850433455,66160
2026-04-01 13:55:40,12.8343,-8.9511,8.6,32056.0,-38.2,-74.6,-69.9,1,2,0.19,266,13.8,13.766383893585575,0.9626393376689331,66160
2026-04-01 13:55:42,12.8346,-8.9512,8.6,32068.0,-37.9,-74.4,-69.7,1,2,0.2,266,13.7,13.666627488559591,0.9556636902945204,66160
2026-04-01 13:55:44,12.8349,-8.9513,8.6,32076.0,-38.0,-74.4,-69.8,1,2,0.2,265,13.6,13.548247894047739,1.1853181013681522,66160
2026-04-01 13:55:46,12.8351,-8.9512,8.6,32088.0,-38.2,-74.6,-69.9,1,2,0.19,264,13.5,13.426045587471691,1.4111342541133203,66160
2026-04-01 13:55:48,12.8353,-8.9511,8.6,32098.0,-38.2,-74.6,-69.9,1,2,0.19,264,13.3,13.227141208398036,1.3902285614597898,66160
2026-04-01 13:55:50,12.8355,-8.951,8.6,32107.0,-38.5,-74.8,-70.1,1,2,0.19,263,13.1,13.002354586501319,1.5964883986074279,66160
2026-04-01 13:55:52,12.8357,-8.9511,8.6,32120.0,-38.4,-74.7,-70.0,1,2,0.19,263,12.9,12.803845356173055,1.5721145299263986,66160
2026-04-01 13:55:54,12.836,-8.9511,8.5,32130.0,-38.3,-74.7,-70.0,1,2,0.19,263,12.7,12.60533612584479,1.547740661245369,66160
2026-04-01 13:55:56,12.8363,-8.9511,8.5,32141.0,-38.5,-74.8,-70.1,1,2,0.19,262,12.5,12.378350859269629,1.7396637620008228,66160
2026-04-01 13:55:58,12.8365,-8.9509,8.5,32153.0,-38.6,-74.9,-70.2,1,2,0.19,262,12.3,12.180297245521315,1.7118291418088099,66160
2026-04-01 13:56:00,12.8366,-8.9508,8.5,32163.0,-38.8,-75.0,-70.3,1,2,0.18,261,12.1,11.951028921201166,1.8928570269867955,66160
2026-04-01 13:56:02,12.8369,-8.9509,8.5,32177.0,-38.7,-74.9,-70.2,1,2,0.18,261,11.9,11.753491253082139,1.8615701339787494,66160
2026-04-01 13:56:04,12.8371,-8.9509,8.5,32187.0,-38.7,-74.9,-70.2,1,2,0.19,260,11.7,11.522250710242833,2.031683678703085,66160
2026-04-01 13:56:06,12.8373,-8.9508,8.5,32200.0,-38.8,-75.0,-70.3,1,2,0.18,260,11.4,11.226808384339172,1.9795892254030059,66160
2026-04-01 13:56:08,12.8375,-8.9507,8.4,32211.0,-38.8,-75.0,-70.3,1,2,0.18,259,11.2,10.994224454613835,2.1370607482172996,66160
2026-04-01 13:56:10,12.8377,-8.9507,8.4,32221.0,-38.9,-75.1,-70.4,1,2,0.18,258,11.1,10.857438368145242,2.3078197680771337,66160
2026-04-01 13:56:12,12.8379,-8.9507,8.4,32232.0,-38.8,-75.0,-70.3,1,2,0.18,258,11.0,10.75962360807186,2.2870285989953576,66160
2026-04-01 13:56:14,12.8381,-8.9507,8.4,32244.0,-39.0,-75.1,-70.4,1,2,0.18,258,10.9,10.661808847998481,2.266237429913582,66160
2026-04-01 13:56:16,12.8383,-8.9506,8.4,32257.0,-39.1,-75.2,-70.5,1,2,0.18,257,10.9,10.620633706159063,2.4519664923481312,66160
2026-04-01 13:56:18,12.8384,-8.9505,8.4,32268.0,-39.1,-75.2,-70.5,1,2,0.18,257,10.8,10.52319669968054,2.429471386913745,66160
2026-04-01 13:56:20,12.8386,-8.9505,8.4,32280.0,-39.1,-75.2,-70.5,1,2,0.18,257,10.9,10.620633706159063,2.4519664923481312,66160
2026-04-01 13:56:22,12.8387,-8.9505,8.4,32291.0,-39.1,-75.2,-70.5,1,2,0.18,257,10.9,10.620633706159063,2.4519664923481312,66160
2026-04-01 13:56:24,12.8389,-8.9505,8.3,32302.0,-39.2,-75.3,-70.6,1,2,0.18,258,10.9,10.661808847998481,2.266237429913582,66160
2026-04-01 13:56:26,12.839,-8.9503,8.3,32314.0,-39.1,-75.2,-70.5,1,2,0.18,257,11.0,10.718070712637587,2.474461597782518,66160
2026-04-01 13:56:28,12.8392,-8.9502,8.3,32325.0,-39.2,-75.3,-70.6,1,2,0.18,258,11.1,10.857438368145242,2.3078197680771337,66160
2026-04-01 13:56:30,12.8395,-8.9502,8.3,32338.0,-39.3,-75.4,-70.7,1,2,0.18,258,11.2,10.955253128218622,2.3286109371589094,66160
2026-04-01 13:56:32,12.8397,-8.9503,8.3,32349.0,-39.3,-75.3,-70.6,1,2,0.18,260,11.4,11.226808384339172,1.9795892254030059,66160
2026-04-01 13:56:34,12.8399,-8.9503,8.3,32360.0,-39.5,-75.5,-70.8,1,2,0.17,260,11.5,11.325289159640393,1.9969540431696988,66160
2026-04-01 13:56:36,12.8401,-8.9502,8.3,32374.0,-39.4,-75.4,-70.7,1,2,0.18,261,11.8,11.654722419022626,1.8459266874747264,66160
2026-04-01 13:56:38,12.8403,-8.95,8.2,32383.0,-39.4,-75.4,-70.7,1,2,0.18,262,12.0,11.883216824898843,1.6700772115207898,66160
2026-04-01 13:56:40,12.8406,-8.9499,8.2,32396.0,-39.5,-75.4,-70.7,1,2,0.18,263,12.2,12.10906305002413,1.4868059895427954,66160
2026-04-01 13:56:42,12.8409,-8.9501,8.2,32408.0,-39.3,-75.3,-70.6,1,2,0.18,264,12.4,12.33207150256659,1.2961529445189017,66160
2026-04-01 13:56:44,12.8411,-8.9502,8.2,32415.0,-39.5,-75.5,-70.8,1,2,0.18,265,12.6,12.552053195955994,1.0981623586204938,66160
2026-04-01 13:56:46,12.8413,-8.9501,8.2,32427.0,-39.6,-75.6,-70.9,1,2,0.17,265,12.8,12.751292135574344,1.1155935071700256,66160
2026-04-01 13:56:48,12.8416,-8.9499,8.2,32438.0,-39.4,-75.4,-70.7,1,2,0.18,266,12.9,12.868576248351733,0.89985851129922,66160
2026-04-01 13:56:50,12.8418,-8.9498,8.2,32445.0,-39.6,-75.5,-70.8,1,2,0.17,266,13.0,12.968332653377715,0.9068341586736326,66160
2026-04-01 13:56:52,12.842,-8.9499,8.1,32461.0,-39.5,-75.5,-70.8,1,2,0.18,266,13.1,13.068089058403697,0.9138098060480451,66160
2026-04-01 13:56:54,12.8422,-8.9501,8.1,32469.0,-39.5,-75.5,-70.8,1,2,0.18,267,13.2,13.181909858760374,0.6908346224068648,66160
2026-04-01 13:56:56,12.8425,-8.9501,8.1,32478.0,-39.8,-75.7,-71.0,1,2,0.17,267,13.3,13.281772812235833,0.6960682180311593,66160
2026-04-01 13:56:58,12.8428,-8.95,8.1,32490.0,-39.6,-75.5,-70.8,1,2,0.18,267,13.3,13.281772812235833,0.6960682180311593,66160
2026-04-01 13:57:00,12.843,-8.9499,8.1,32497.0,-39.6,-75.5,-70.8,1,2,0.18,267,13.3,13.281772812235833,0.6960682180311593,66160
2026-04-01 13:57:02,12.8432,-8.9499,8.1,32509.0,-39.8,-75.6,-70.9,1,2,0.17,267,13.3,13.281772812235833,0.6960682180311593,66160
2026-04-01 13:57:04,12.8434,-8.95,8.1,32515.0,-39.6,-75.5,-70.8,1,2,0.18,267,13.3,13.281772812235833,0.6960682180311593,66160
2026-04-01 13:57:06,12.8437,-8.9501,8.1,32529.0,-39.7,-75.6,-70.9,1,2,0.17,267,13.1,13.082046905284917,0.6856010267825704,66160
2026-04-01 13:57:08,12.844,-8.95,8.1,32541.0,-39.6,-75.6,-70.9,1,2,0.18,267,13.0,12.98218395180946,0.680367431158276,66160
2026-04-01 13:57:10,12.8443,-8.9499,8.0,32550.0,-39.7,-75.6,-70.9,1,2,0.18,267,12.9,12.882320998334002,0.6751338355339815,66160
2026-04-01 13:57:12,12.8445,-8.9498,8.0,32561.0,-40.0,-75.8,-71.1,1,2,0.17,267,12.8,12.782458044858545,0.6699002399096872,66160
2026-04-01 13:57:14,12.8447,-8.9499,8.0,32572.0,-39.7,-75.6,-70.9,1,2,0.18,267,12.6,12.58273213790763,0.6594330486610982,66160
2026-04-01 13:57:16,12.8449,-8.95,8.0,32579.0,-39.7,-75.6,-70.9,1,2,0.18,266,12.4,12.36979422322182,0.8649802744271572,66160
2026-04-01 13:57:18,12.8452,-8.9499,8.0,32592.0,-39.7,-75.6,-70.9,1,2,0.18,265,12.2,12.153575316719294,1.0633000615214305,66160
2026-04-01 13:57:20,12.8455,-8.9498,8.0,32601.0,-39.6,-75.6,-70.9,1,2,0.18,265,11.9,11.854716907291772,1.0371533386971332,66160
2026-04-01 13:57:22,12.8457,-8.9497,8.0,32611.0,-39.8,-75.7,-71.0,1,2,0.18,265,11.6,11.555858497864248,1.0110066158728357,66160
2026-04-01 13:57:24,12.8458,-8.9498,8.0,32623.0,-39.7,-75.6,-70.9,1,2,0.18,264,11.3,11.238097417661491,1.181171634924483,66160
2026-04-01 13:57:26,12.846,-8.9498,7.9,32631.0,-39.8,-75.7,-70.9,1,2,0.18,263,11.0,10.918007668054543,1.340562777456619,66160
2026-04-01 13:57:28,12.8462,-8.9498,7.9,32642.0,-39.7,-75.6,-70.9,1,2,0.18,263,10.7,10.620243822562145,1.3040019744350746,66160
2026-04-01 13:57:30,12.8464,-8.9497,7.9,32650.0,-39.5,-75.5,-70.8,1,2,0.18,262,10.3,10.199761108038174,1.4334829398886781,66160
2026-04-01 13:57:32,12.8466,-8.9497,7.9,32661.0,-39.6,-75.5,-70.8,1,2,0.18,261,10.0,9.876883405951377,1.5643446504023104,66160
2026-04-01 13:57:34,12.8468,-8.9497,7.9,32672.0,-39.5,-75.5,-70.8,1,2,0.18,260,9.6,9.454154428917196,1.6670225056025312,66160
2026-04-01 13:57:36,12.8469,-8.9497,7.9,32680.0,-39.7,-75.6,-70.9,1,2,0.18,259,9.3,9.129132806063275,1.774523657001865,66160
2026-04-01 13:57:38,12.847,-8.9496,7.9,32691.0,-39.8,-75.6,-70.9,1,2,0.18,258,9.0,8.80332840660425,1.8712052173598381,66160
2026-04-01 13:57:40,12.8472,-8.9495,7.9,32700.0,-39.8,-75.7,-70.9,1,2,0.18,257,8.6,8.379582557153022,1.9345790673572412,66160
2026-04-01 13:57:42,12.8474,-8.9495,7.9,32710.0,-39.6,-75.5,-70.8,1,2,0.18,256,8.3,8.053454528090771,2.0079517334772428,66160
2026-04-01 13:57:44,12.8475,-8.9496,7.8,32720.0,-39.5,-75.5,-70.8,1,2,0.19,255,8.1,7.823999192941453,2.096434265330417,66160
2026-04-01 13:57:46,12.8476,-8.9496,7.8,32729.0,-39.6,-75.5,-70.8,1,2,0.18,254,7.9,7.593967397912721,2.1775351109542913,66160
2026-04-01 13:57:48,12.8477,-8.9495,7.8,32740.0,-39.5,-75.5,-70.8,1,2,0.19,253,7.7,7.363546620915372,2.251262126365076,66160
2026-04-01 13:57:50,12.8478,-8.9493,7.8,32748.0,-39.4,-75.4,-70.7,1,2,0.19,253,7.5,7.172285669722765,2.192787785420528,66160
2026-04-01 13:57:52,12.8479,-8.9492,7.8,32759.0,-39.4,-75.4,-70.7,1,2,0.19,252,7.4,7.037818220584136,2.286725758374612,66160
2026-04-01 13:57:54,12.848,-8.9493,7.8,32770.0,-39.1,-75.2,-70.5,1,2,0.19,251,7.2,6.807733744315081,2.344090712091528,66160
2026-04-01 13:57:56,12.8481,-8.9493,7.8,32775.0,-39.1,-75.2,-70.5,1,2,0.19,251,7.1,6.713181886755149,2.311533896645812,66160
2026-04-01 13:57:58,12.8482,-8.9492,7.8,32784.0,-39.1,-75.2,-70.5,1,2,0.19,251,7.0,6.618630029195218,2.2789770812000967,66160
2026-04-01 13:58:00,12.8483,-8.949,7.8,32793.0,-39.0,-75.1,-70.4,1,2,0.2,251,6.9,6.524078171635287,2.246420265754381,66160
2026-04-01 13:58:02,12.8484,-8.9489,7.8,32802.0,-39.0,-75.1,-70.4,1,2,0.19,251,6.9,6.524078171635287,2.246420265754381,66160
2026-04-01 13:58:04,12.8485,-8.949,7.7,32812.0,-38.8,-75.0,-70.3,1,2,0.2,251,6.8,6.429526314075354,2.213863450308665,66160
2026-04-01 13:58:06,12.8487,-8.949,7.7,32819.0,-38.7,-74.9,-70.2,1,2,0.2,252,6.8,6.467184310807044,2.1013155617496433,66160
2026-04-01 13:58:08,12.8488,-8.9489,7.7,32829.0,-38.6,-74.9,-70.2,1,2,0.21,253,6.7,6.407241864952337,1.9588904216423386,66160
2026-04-01 13:58:10,12.8489,-8.9488,7.7,32838.0,-38.2,-74.6,-69.9,1,2,0.21,255,6.7,6.471703036136758,1.7340876021868883,66160
2026-04-01 13:58:12,12.849,-8.9487,7.7,32847.0,-38.2,-74.6,-69.9,1,2,0.21,256,6.7,6.500981366049176,1.6208767005177742,66160
2026-04-01 13:58:14,12.8491,-8.9488,7.7,32858.0,-37.9,-74.4,-69.7,1,2,0.22,258,6.8,6.651403684989877,1.4137994975607666,66160
2026-04-01 13:58:16,12.8492,-8.9488,7.7,32865.0,-37.8,-74.3,-69.6,1,2,0.22,259,6.8,6.675064847444115,1.2975011685605033,66160
2026-04-01 13:58:18,12.8494,-8.9488,7.7,32875.0,-37.8,-74.3,-69.6,1,2,0.22,262,6.8,6.733822867442678,0.9463770865284475,66160
2026-04-01 13:58:20,12.8495,-8.9487,7.7,32883.0,-37.5,-74.1,-69.4,1,2,0.23,264,6.8,6.762748888504259,0.7107935502200429,66160
2026-04-01 13:58:22,12.8496,-8.9487,7.6,32894.0,-37.6,-74.2,-69.5,1,2,0.23,266,6.9,6.883191946792787,0.48131966883446653,66160
2026-04-01 13:58:24,12.8497,-8.9487,7.6,32903.0,-37.4,-74.1,-69.4,1,2,0.23,268,7.0,6.99573578913367,0.24429647691750533,66160
2026-04-01 13:58:26,12.8498,-8.9488,7.6,32911.0,-37.4,-74.1,-69.4,1,2,0.23,270,7.1,7.1,1.304248841091931e-15,66160
2026-04-01 13:58:28,12.85,-8.9487,7.6,32921.0,-37.3,-74.0,-69.3,1,2,0.24,273,7.2,7.190132650232932,-0.3768188849491964,66160
2026-04-01 13:58:30,12.8502,-8.9487,7.6,32929.0,-37.1,-73.9,-69.2,1,2,0.24,275,7.3,7.272221296069742,-0.6362369220579026,66160
2026-04-01 13:58:32,12.8503,-8.9488,7.6,32938.0,-37.1,-73.9,-69.2,1,2,0.24,277,7.4,7.344841522145783,-0.9018331411980929,66160
2026-04-01 13:58:34,12.8504,-8.9489,7.6,32947.0,-37.1,-73.8,-69.2,1,2,0.24,278,7.4,7.327983708687621,-1.0298809471044845,66160
2026-04-01 13:58:36,12.8505,-8.9489,7.6,32956.0,-37.1,-73.9,-69.2,1,2,0.24,280,7.5,7.3860581475915605,-1.3023613325019747,66160
2026-04-01 13:58:38,12.8507,-8.9488,7.6,32966.0,-37.0,-73.8,-69.1,1,2,0.24,282,7.5,7.336107005503542,-1.5593376811331958,66160
2026-04-01 13:58:40,12.8509,-8.9488,7.6,32973.0,-36.9,-73.7,-69.1,1,2,0.25,284,7.6,7.374247519697573,-1.8386064065574725,66160
2026-04-01 13:58:42,12.851,-8.9489,7.5,32984.0,-36.9,-73.7,-69.1,1,2,0.25,286,7.6,7.305588889131222,-2.094843904209195,66160
2026-04-01 13:58:44,12.8511,-8.9491,7.5,32992.0,-36.9,-73.7,-69.0,1,2,0.25,287,7.7,7.363546620915373,-2.2512621263650727,66160
2026-04-01 13:58:46,12.8512,-8.9492,7.5,33000.0,-37.0,-73.8,-69.1,1,2,0.25,289,7.7,7.280493032114741,-2.5068747893201038,66160
2026-04-01 13:58:48,12.8514,-8.9491,7.5,33010.0,-36.8,-73.7,-69.0,1,2,0.25,291,7.7,7.188569284028453,-2.759433211498813,66160
2026-04-01 13:58:50,12.8516,-8.9491,7.5,33017.0,-36.8,-73.7,-69.0,1,2,0.25,292,7.7,7.139315680164263,-2.884470769302522,66160
2026-04-01 13:58:52,12.8517,-8.9491,7.5,33027.0,-36.9,-73.7,-69.0,1,2,0.25,294,7.6,6.942945478083768,-3.091198487376078,66160
2026-04-01 13:58:54,12.8518,-8.9493,7.5,33037.0,-36.7,-73.6,-68.9,1,2,0.25,296,7.6,6.830834751873669,-3.331620715596988,66160
2026-04-01 13:58:56,12.8519,-8.9494,7.5,33039.0,-36.8,-73.7,-69.0,1,2,0.25,298,7.6,6.710401705727846,-3.567983877172767,66160
2026-04-01 13:58:58,12.8521,-8.9494,7.5,33050.0,-36.6,-73.5,-68.9,1,2,0.26,300,7.5,6.495190528383289,-3.750000000000001,66160
2026-04-01 13:59:00,12.8522,-8.9494,7.5,33058.0,-36.3,-73.4,-68.7,1,2,0.26,301,7.5,6.428754755265842,-3.8627855618254063,66160
2026-04-01 13:59:02,12.8524,-8.9494,7.5,33067.0,-36.5,-73.5,-68.8,1,2,0.26,304,7.5,6.217781794162812,-4.193946776030603,66160
2026-04-01 13:59:04,12.8524,-8.9496,7.4,33080.0,-36.4,-73.4,-68.7,1,2,0.27,306,7.5,6.067627457812106,-4.408389392193547,66160
2026-04-01 13:59:06,12.8525,-8.9498,7.4,33086.0,-36.4,-73.4,-68.7,1,2,0.27,308,7.4,5.831279576689742,-4.555894917409873,66160
2026-04-01 13:59:08,12.8526,-8.9498,7.4,33095.0,-36.4,-73.4,-68.7,1,2,0.26,310,7.4,5.668728879080438,-4.756628311680391,66160
2026-04-01 13:59:10,12.8527,-8.9498,7.4,33105.0,-36.2,-73.3,-68.6,1,2,0.27,312,7.3,5.42495722598498,-4.8846534264196615,66160
2026-04-01 13:59:12,12.8528,-8.9499,7.4,33114.0,-36.3,-73.3,-68.7,1,2,0.27,314,7.3,5.251180542472153,-5.07100610435068,66160
2026-04-01 13:59:14,12.8528,-8.9501,7.4,33125.0,-36.3,-73.3,-68.7,1,2,0.27,315,7.2,5.091168824543144,-5.091168824543141,66160
2026-04-01 13:59:16,12.8529,-8.9503,7.4,33134.0,-36.3,-73.4,-68.7,1,2,0.27,316,7.2,5.001540267304783,-5.179246562438286,66160
2026-04-01 13:59:18,12.853,-8.9504,7.4,33144.0,-36.5,-73.5,-68.8,1,2,0.26,317,7.2,4.910388192449989,-5.265746651658029,66160
2026-04-01 13:59:20,12.8531,-8.9504,7.4,33154.0,-36.3,-73.3,-68.7,1,2,0.27,318,7.2,4.817740365783779,-5.3506427434372394,66160
2026-04-01 13:59:22,12.8532,-8.9504,7.4,33162.0,-36.5,-73.5,-68.8,1,2,0.26,318,7.1,4.750827305147893,-5.2763282608895,66160
2026-04-01 13:59:24,12.8532,-8.9506,7.3,33175.0,-36.4,-73.4,-68.8,1,2,0.27,318,7.1,4.750827305147893,-5.2763282608895,66160
2026-04-01 13:59:26,12.8532,-8.9509,7.3,33182.0,-36.3,-73.4,-68.7,1,2,0.27,319,7.1,4.658019105832603,-5.35843801958168,66160
2026-04-01 13:59:28,12.8532,-8.951,7.3,33190.0,-36.5,-73.5,-68.8,1,2,0.27,319,7.0,4.592413202933551,-5.282967061559403,66160
2026-04-01 13:59:30,12.8533,-8.951,7.3,33205.0,-36.3,-73.3,-68.6,1,2,0.27,318,7.0,4.683914244512007,-5.202013778341761,66160
2026-04-01 13:59:32,12.8535,-8.951,7.3,33212.0,-36.2,-73.3,-68.6,1,2,0.27,317,6.9,4.705788684431239,-5.046340541172278,66160
2026-04-01 13:59:34,12.8536,-8.9511,7.3,33217.0,-36.4,-73.4,-68.7,1,2,0.27,315,6.8,4.808326112068524,-4.808326112068522,66160
2026-04-01 13:59:36,12.8536,-8.9513,7.3,33226.0,-36.0,-73.1,-68.4,1,2,0.28,313,6.7,4.900069800848441,-4.569389012418742,66160
2026-04-01 13:59:38,12.8537,-8.9515,7.3,33233.0,-35.8,-73.0,-68.3,1,2,0.29,311,6.6,4.981083229470297,-4.3299895913373465,66160
2026-04-01 13:59:40,12.8538,-8.9515,7.3,33246.0,-35.6,-72.9,-68.2,1,2,0.29,309,6.5,5.05144874947031,-4.090582541823943,66160
2026-04-01 13:59:42,12.8539,-8.9515,7.3,33255.0,-35.5,-72.8,-68.1,1,2,0.29,307,6.4,5.111267264302676,-3.851616148173107,66160
2026-04-01 13:59:44,12.8541,-8.9515,7.3,33263.0,-35.5,-72.8,-68.1,1,2,0.29,303,6.3,5.283624578056172,-3.4312259205946676,66160
2026-04-01 13:59:46,12.8542,-8.9517,7.2,33275.0,-35.3,-72.7,-68.0,1,2,0.3,299,6.2,5.422642184264253,-3.0058196455272914,66160
2026-04-01 13:59:48,12.8543,-8.9518,7.2,33285.0,-35.3,-72.7,-68.0,1,2,0.3,295,6.1,5.528477500923564,-2.5779713966182674,66160
2026-04-01 13:59:50,12.8544,-8.9518,7.2,33299.0,-35.3,-72.7,-68.0,1,2,0.3,291,6.1,5.69484060163293,-2.186044492226332,66160
2026-04-01 13:59:52,12.8545,-8.9517,7.2,33311.0,-35.3,-72.6,-68.0,1,2,0.3,285,6.0,5.79555495773441,-1.5529142706151218,66160
2026-04-01 13:59:54,12.8546,-8.9516,7.2,33319.0,-35.4,-72.7,-68.1,1,2,0.3,280,6.0,5.908846518073249,-1.0418890660015798,66160
2026-04-01 13:59:56,12.8548,-8.9517,7.2,33330.0,-35.1,-72.5,-67.9,1,2,0.31,277,5.9,5.8560222946838,-0.7190291260903714,66160
2026-04-01 13:59:58,12.8548,-8.9519,7.2,33340.0,-35.1,-72.5,-67.8,1,2,0.31,274,5.8,5.785871491506981,-0.40458754771592625,66160
2026-04-01 14:00:00,12.8549,-8.9518,7.2,33352.0,-35.2,-72.6,-67.9,1,2,0.31,270,5.7,5.7,1.047073013270987e-15,66160
2026-04-01 14:00:02,12.855,-8.9517,7.1,33365.0,-34.9,-72.4,-67.7,1,2,0.32,266,5.6,5.586358681455015,0.39063625296710325,66160
2026-04-01 14:00:04,12.8552,-8.9516,7.1,33374.0,-35.1,-72.5,-67.8,1,2,0.31,262,5.5,5.446474378078636,0.7654520552803621,66160
2026-04-01 14:00:06,12.8553,-8.9516,7.1,33387.0,-35.0,-72.4,-67.8,1,2,0.32,260,5.4,5.317961866265923,0.9377001594014238,66160
2026-04-01 14:00:08,12.8554,-8.9517,7.1,33395.0,-34.7,-72.3,-67.6,1,2,0.32,257,5.4,5.26159834984027,1.2147356934568725,66160
2026-04-01 14:00:10,12.8554,-8.9517,7.1,33404.0,-35.0,-72.5,-67.8,1,2,0.32,255,5.3,5.119406879332062,1.3717409390433593,66160
2026-04-01 14:00:12,12.8555,-8.9516,7.1,33417.0,-34.9,-72.4,-67.7,1,2,0.32,253,5.1,4.8771542554114795,1.4910956940859592,66160
2026-04-01 14:00:14,12.8556,-8.9514,7.1,33424.0,-34.9,-72.4,-67.7,1,2,0.32,251,5.0,4.727592877996584,1.6278407722857833,66160
2026-04-01 14:00:16,12.8557,-8.9514,7.1,33435.0,-35.0,-72.5,-67.8,1,2,0.32,248,4.9,4.5432008873772585,1.8355723077379704,66160
2026-04-01 14:00:18,12.8558,-8.9515,7.1,33445.0,-34.8,-72.4,-67.7,1,2,0.32,245,4.8,4.35027737777592,2.028567656355356,66160
2026-04-01 14:00:20,12.8559,-8.9515,7.1,33453.0,-35.0,-72.5,-67.8,1,2,0.31,242,4.7,4.149853686436957,2.2065163450936867,66160
2026-04-01 14:00:22,12.8559,-8.9514,7.0,33466.0,-35.1,-72.5,-67.9,1,2,0.32,239,4.6,3.9429695832297154,2.36917514458625,66160
2026-04-01 14:00:24,12.856,-8.9512,7.0,33476.0,-35.0,-72.5,-67.8,1,2,0.32,238,4.5,3.816216432703917,2.3846366890494224,66160
2026-04-01 14:00:26,12.8561,-8.9512,7.0,33486.0,-35.0,-72.5,-67.8,1,2,0.32,237,4.3,3.606283442165324,2.341947850564616,66160
2026-04-01 14:00:28,12.8561,-8.9513,7.0,33499.0,-34.8,-72.4,-67.7,1,2,0.33,237,4.0,3.3546822717816966,2.178556140060108,66160
2026-04-01 14:00:30,12.8562,-8.9513,7.0,33507.0,-34.9,-72.4,-67.8,1,2,0.32,236,3.8,3.150342775709159,2.124933033188837,66160
2026-04-01 14:00:32,12.8562,-8.9513,7.0,33521.0,-35.1,-72.6,-67.9,1,2,0.32,235,3.6,2.94894735944037,2.064875170863767,66160
2026-04-01 14:00:34,12.8562,-8.9511,7.0,33533.0,-35.0,-72.4,-67.8,1,2,0.32,234,3.4,2.7506577808748207,1.9984698577944089,66160
2026-04-01 14:00:36,12.8563,-8.9509,7.0,33540.0,-35.0,-72.5,-67.8,1,2,0.32,233,3.2,2.5556336321513373,1.9258080740865546,66160
2026-04-01 14:00:38,12.8563,-8.951,7.0,33549.0,-34.9,-72.4,-67.7,1,2,0.32,233,3.1,2.475770081146608,1.8656265717713496,66160
2026-04-01 14:00:40,12.8564,-8.9511,7.0,33557.0,-34.8,-72.3,-67.7,1,2,0.33,233,2.9,2.316042979137149,1.74526356714094,66160
2026-04-01 14:00:42,12.8564,-8.9511,6.9,33566.0,-35.0,-72.4,-67.8,1,2,0.33,233,2.8,2.2361794281324197,1.685082064825735,66160
2026-04-01 14:00:44,12.8564,-8.951,6.9,33578.0,-34.7,-72.3,-67.6,1,2,0.33,235,2.6,2.129795315151378,1.4912987345127207,66160
2026-04-01 14:00:46,12.8565,-8.9508,6.9,33588.0,-34.6,-72.2,-67.5,1,2,0.34,236,2.4,1.9896901741321003,1.3420629683297918,66160
2026-04-01 14:00:48,12.8565,-8.9509,6.9,33600.0,-34.6,-72.2,-67.6,1,2,0.34,239,2.1,1.8000513314744355,1.0815799573111142,66160
2026-04-01 14:00:50,12.8565,-8.951,6.9,33611.0,-34.4,-72.1,-67.4,1,2,0.34,243,1.9,1.6929123959578987,0.8625819495051392,66160
2026-04-01 14:00:52,12.8565,-8.9511,6.9,33621.0,-34.6,-72.2,-67.6,1,2,0.34,248,1.6,1.4834941673068598,0.5993705494654596,66160
2026-04-01 14:00:54,12.8566,-8.951,6.9,33634.0,-34.5,-72.2,-67.5,1,2,0.34,254,1.4,1.3457663743136465,0.38589229814379844,66160
2026-04-01 14:00:56,12.8566,-8.9509,6.9,33642.0,-34.5,-72.1,-67.5,1,2,0.34,263,1.2,1.1910553819695864,0.1462432120861766,66160
2026-04-01 14:00:58,12.8566,-8.9509,6.9,33655.0,-34.7,-72.3,-67.6,1,2,0.34,275,1.1,1.0958141679009201,-0.09587131702242369,66160
2026-04-01 14:01:00,12.8566,-8.951,6.8,33662.0,-34.4,-72.1,-67.4,1,2,0.35,291,1.1,1.026938469146922,-0.39420474449983045,66160
2026-04-01 14:01:02,12.8567,-8.9511,6.8,33672.0,-34.6,-72.2,-67.5,1,2,0.34,306,1.2,0.9708203932499371,-0.7053423027509674,66160
2026-04-01 14:01:04,12.8567,-8.9511,6.8,33684.0,-34.5,-72.1,-67.5,1,2,0.35,315,1.3,0.919238815542512,-0.9192388155425116,66160
2026-04-01 14:01:06,12.8567,-8.951,6.8,33694.0,-34.4,-72.1,-67.4,1,2,0.35,320,1.4,0.8999026535611554,-1.0724622203665688,66160
2026-04-01 14:01:08,12.8567,-8.951,6.8,33704.0,-34.5,-72.2,-67.5,1,2,0.35,325,1.6,0.9177222981616744,-1.3106432708623865,66160
2026-04-01 14:01:10,12.8567,-8.9511,6.8,33717.0,-34.3,-72.0,-67.3,1,2,0.35,331,1.8,0.8726573164434064,-1.5743154728509126,66160
2026-04-01 14:01:12,12.8566,-8.9513,6.8,33726.0,-34.4,-72.1,-67.4,1,2,0.35,335,2.0,0.8452365234813984,-1.8126155740733,66160
2026-04-01 14:01:14,12.8566,-8.9513,6.8,33739.0,-34.5,-72.1,-67.5,1,2,0.35,336,2.2,0.8948206147667604,-2.0098000068137223,66160
2026-04-01 14:01:16,12.8566,-8.9512,6.8,33753.0,-34.3,-72.0,-67.3,1,2,0.35,338,2.3,0.8615951648565984,-2.132522865503611,66160
2026-04-01 14:01:18,12.8567,-8.9511,6.7,33762.0,-34.4,-72.1,-67.4,1,2,0.35,339,2.4,0.8600830789087218,-2.2405930235932834,66160
2026-04-01 14:01:20,12.8567,-8.9512,6.7,33776.0,-34.4,-72.1,-67.4,1,2,0.36,341,2.6,0.8464772015886074,-2.4583482965582237,66160
2026-04-01 14:01:22,12.8567,-8.9514,6.7,33784.0,-34.2,-71.9,-67.3,1,2,0.36,342,2.7,0.8343458848123587,-2.5678525939969146,66160
2026-04-01 14:01:24,12.8567,-8.9516,6.7,33793.0,-34.5,-72.1,-67.5,1,2,0.35,344,2.8,0.771784596287597,-2.6915327486272926,66160
2026-04-01 14:01:26,12.8568,-8.9515,6.7,33807.0,-34.4,-72.1,-67.4,1,2,0.35,344,2.9,0.7993483318692969,-2.787658918221125,66160
2026-04-01 14:01:28,12.8568,-8.9514,6.7,33814.0,-34.4,-72.1,-67.4,1,2,0.36,345,2.9,0.7505752307973099,-2.801184896238298,66160
2026-04-01 14:01:30,12.8568,-8.9515,6.7,33824.0,-34.5,-72.1,-67.5,1,2,0.35,345,3.0,0.776457135307562,-2.897777478867205,66160
2026-04-01 14:01:32,12.8568,-8.9517,6.7,33835.0,-34.2,-71.9,-67.3,1,2,0.36,346,3.0,0.7257656867990037,-2.9108871788279895,66160
2026-04-01 14:01:34,12.8568,-8.9519,6.7,33843.0,-34.4,-72.1,-67.4,1,2,0.36,346,3.1,0.7499578763589704,-3.007916751455589,66160
2026-04-01 14:01:36,12.8569,-8.9519,6.7,33857.0,-34.4,-72.1,-67.4,1,2,0.36,346,3.0,0.7257656867990037,-2.9108871788279895,66160
2026-04-01 14:01:38,12.857,-8.9518,6.6,33872.0,-34.3,-72.0,-67.3,1,2,0.36,347,3.0,0.674853163031596,-2.923110194355705,66160
2026-04-01 14:01:40,12.8569,-8.9518,6.6,33881.0,-34.5,-72.1,-67.5,1,2,0.36,348,2.9,0.6029439033715036,-2.836628042128036,66160
2026-04-01 14:01:42,12.8569,-8.9519,6.6,33895.0,-34.4,-72.0,-67.4,1,2,0.36,351,3.1,0.48494684162471646,-3.061833855844927,66160
2026-04-01 14:01:44,12.8569,-8.9521,6.6,33901.0,-34.2,-72.0,-67.3,1,2,0.37,352,3.0,0.4175193028801977,-2.970804206224711,66160
2026-04-01 14:01:46,12.8569,-8.9522,6.6,33912.0,-34.4,-72.0,-67.4,1,2,0.36,353,3.0,0.3656080302154417,-2.9776384549239663,66160
2026-04-01 14:01:48,12.857,-8.9521,6.6,33923.0,-34.1,-71.9,-67.2,1,2,0.37,354,3.0,0.31358538980296025,-2.9835656861048196,66160
2026-04-01 14:01:50,12.8569,-8.952,6.6,33930.0,-34.3,-72.0,-67.3,1,2,0.36,356,3.1,0.21624506860678946,-3.092448555805455,66160
2026-04-01 14:01:52,12.8569,-8.9521,6.6,33942.0,-34.3,-72.0,-67.4,1,2,0.36,357,3.1,0.16224146435312756,-3.0957515577391788,66160
2026-04-01 14:01:54,12.8569,-8.9523,6.6,33951.0,-34.0,-71.8,-67.2,1,2,0.37,358,3.1,0.10818843977775255,-3.098111563759197,66160
2026-04-01 14:01:56,12.8569,-8.9525,6.6,33960.0,-34.2,-71.9,-67.3,1,2,0.37,360,3.2,7.837739514543061e-16,-3.2,66160
2026-04-01 14:01:58,12.8569,-8.9524,6.5,33974.0,-34.1,-71.9,-67.2,1,2,0.38,1,3.3,-0.057592941243035586,-3.299497394016091,66160
2026-04-01 14:02:00,12.8569,-8.9523,6.5,33981.0,-34.1,-71.9,-67.2,1,2,0.38,2,3.5,-0.12214823845875339,-3.497867894566835,66160
2026-04-01 14:02:02,12.8569,-8.9523,6.5,33991.0,-34.2,-71.9,-67.3,1,2,0.37,2,3.5,-0.12214823845875339,-3.497867894566835,66160
2026-04-01 14:02:04,12.8569,-8.9525,6.5,34004.0,-33.9,-71.7,-67.1,1,2,0.38,3,3.6,-0.18840944247459782,-3.595066325116466,66160
2026-04-01 14:02:06,12.8569,-8.9527,6.5,34009.0,-34.0,-71.8,-67.1,1,2,0.38,3,3.7,-0.1936430380988922,-3.6949292785919234,66160
2026-04-01 14:02:08,12.8569,-8.9527,6.5,34019.0,-34.0,-71.8,-67.2,1,2,0.38,3,3.8,-0.19887663372318656,-3.7947922320673806,66160
2026-04-01 14:02:10,12.8569,-8.9527,6.5,34029.0,-33.8,-71.7,-67.0,1,2,0.39,4,4.0,-0.2790258949765012,-3.990256201039297,66160
2026-04-01 14:02:12,12.8569,-8.9527,6.5,34038.0,-33.9,-71.7,-67.1,1,2,0.38,4,4.2,-0.29297718972532627,-4.189769011091262,66160
2026-04-01 14:02:14,12.8569,-8.9529,6.5,34052.0,-33.8,-71.7,-67.0,1,2,0.39,5,4.3,-0.3747696938149301,-4.283637201794505,66160
2026-04-01 14:02:16,12.8569,-8.9531,6.5,34059.0,-33.6,-71.5,-66.9,1,2,0.4,6,4.5,-0.47037808470444065,-4.4753485291572295,66160
2026-04-01 14:02:18,12.8569,-8.9533,6.5,34067.0,-33.8,-71.7,-67.1,1,2,0.39,6,4.7,-0.49128377735797135,-4.674252908230884,66160
2026-04-01 14:02:20,12.8569,-8.9532,6.4,34080.0,-33.5,-71.5,-66.9,1,2,0.4,7,4.9,-0.5971597826852226,-4.863476143042478,66160
2026-04-01 14:02:22,12.8569,-8.9532,6.4,34088.0,-33.6,-71.5,-66.9,1,2,0.4,8,5.1,-0.7097828148963337,-5.050367150582009,66160
2026-04-01 14:02:24,12.8569,-8.9533,6.4,34100.0,-33.5,-71.5,-66.9,1,2,0.4,8,5.5,-0.7654520552803599,-5.446474378078637,66160
2026-04-01 14:02:26,12.8569,-8.9535,6.4,34112.0,-33.1,-71.2,-66.6,1,2,0.42,7,5.9,-0.7190291260903702,-5.8560222946838,66160
2026-04-01 14:02:28,12.8569,-8.9538,6.4,34119.0,-33.3,-71.3,-66.7,1,2,0.41,8,6.1,-0.8489559158563991,-6.040635219323579,66160
2026-04-01 14:02:30,12.8568,-8.9539,6.4,34133.0,-33.4,-71.4,-66.8,1,2,0.41,7,6.2,-0.7555899291119144,-6.153786140176196,66160
2026-04-01 14:02:32,12.8568,-8.9538,6.4,34144.0,-33.1,-71.2,-66.6,1,2,0.42,6,6.5,-0.6794350112397476,-6.4643923198937765,66160
2026-04-01 14:02:34,12.8567,-8.9539,6.4,34151.0,-33.2,-71.3,-66.6,1,2,0.42,6,6.8,-0.7107935502200435,-6.762748888504258,66160
2026-04-01 14:02:36,12.8567,-8.9541,6.4,34165.0,-33.0,-71.1,-66.5,1,2,0.42,5,6.9,-0.6013746249588414,-6.873743416833045,66160
2026-04-01 14:02:38,12.8567,-8.9544,6.4,34177.0,-32.8,-71.0,-66.4,1,2,0.43,4,7.0,-0.4882953162088771,-6.982948351818769,66160
2026-04-01 14:02:40,12.8567,-8.9546,6.4,34186.0,-33.2,-71.2,-66.6,1,2,0.42,4,7.2,-0.5022466109577022,-7.182461161870735,66160
2026-04-01 14:02:42,12.8566,-8.9546,6.3,34197.0,-33.0,-71.1,-66.5,1,2,0.43,3,7.4,-0.3872860761977844,-7.389858557183847,66160
2026-04-01 14:02:44,12.8566,-8.9546,6.3,34200.0,-33.0,-71.2,-66.5,1,2,0.43,2,7.6,-0.26523617493900736,-7.595370285345127,66160
2026-04-01 14:02:46,12.8566,-8.9547,6.3,34207.0,-33.1,-71.2,-66.5,1,2,0.43,1,7.8,-0.13612877021081138,-7.798812022219852,66160
2026-04-01 14:02:48,12.8567,-8.955,6.3,34217.0,-32.8,-71.0,-66.4,1,2,0.44,0,7.8,-0.0,-7.8,66160
2026-04-01 14:02:50,12.8567,-8.9553,6.3,34221.0,-33.0,-71.1,-66.5,1,2,0.43,360,7.9,1.934941942652818e-15,-7.9,66160
2026-04-01 14:02:52,12.8567,-8.9554,6.3,34231.0,-33.1,-71.2,-66.6,1,2,0.43,359,7.9,0.13787401085454012,-7.898796791735491,66160
2026-04-01 14:02:54,12.8567,-8.9554,6.3,34238.0,-32.8,-71.0,-66.4,1,2,0.44,358,7.9,0.2757060239497565,-7.895187533450857,66160
2026-04-01 14:02:56,12.8567,-8.9555,6.3,34243.0,-33.0,-71.2,-66.5,1,2,0.43,357,8.0,0.41868764994355495,-7.989036278036591,66160
2026-04-01 14:02:58,12.8567,-8.9557,6.3,34254.0,-32.8,-71.0,-66.4,1,2,0.44,357,8.2,0.4291548411921438,-8.188762184987505,66160
2026-04-01 14:03:00,12.8568,-8.9561,6.3,34258.0,-32.8,-71.0,-66.4,1,2,0.44,356,8.4,0.5859543794506553,-8.379538022182524,66160
2026-04-01 14:03:02,12.8568,-8.9563,6.3,34268.0,-33.0,-71.1,-66.5,1,2,0.43,355,8.5,0.7408238133550957,-8.467654933779837,66160
2026-04-01 14:03:04,12.8568,-8.9563,6.3,34281.0,-32.8,-71.0,-66.4,1,2,0.44,354,8.7,0.9093976304285847,-8.652340489703978,66160
2026-04-01 14:03:06,12.8568,-8.9563,6.3,34286.0,-32.7,-70.9,-66.3,1,2,0.44,353,8.9,1.0846371563058104,-8.833660749607766,66160
2026-04-01 14:03:08,12.8569,-8.9565,6.3,34298.0,-32.8,-71.0,-66.4,1,2,0.44,353,9.0,1.0968240906463251,-8.9329153647719,66160
2026-04-01 14:03:10,12.8569,-8.9568,6.2,34306.0,-32.6,-70.9,-66.2,1,2,0.46,352,9.0,1.252557908640593,-8.912412618674132,66160
2026-04-01 14:03:12,12.857,-8.9571,6.2,34312.0,-32.9,-71.1,-66.4,1,2,0.44,351,9.0,1.4079101853620801,-8.889195065356239,66160
2026-04-01 14:03:14,12.857,-8.9571,6.2,34325.0,-32.8,-71.0,-66.4,1,2,0.45,351,9.2,1.4391970783701262,-9.086732733475266,66160
2026-04-01 14:03:16,12.857,-8.9571,6.2,34332.0,-32.7,-70.9,-66.3,1,2,0.45,350,9.4,1.6322928700691457,-9.257192878314756,66160
2026-04-01 14:03:18,12.8571,-8.9573,6.2,34342.0,-32.8,-71.0,-66.4,1,2,0.45,350,9.4,1.6322928700691457,-9.257192878314756,66160
2026-04-01 14:03:20,12.8571,-8.9576,6.2,34352.0,-32.6,-70.9,-66.2,1,2,0.46,350,9.4,1.6322928700691457,-9.257192878314756,66160
2026-04-01 14:03:22,12.8571,-8.9579,6.2,34356.0,-32.6,-70.9,-66.3,1,2,0.45,347,9.1,2.0470545945291745,-8.86676758954564,66160
2026-04-01 14:03:24,12.8572,-8.958,6.2,34366.0,-32.8,-71.0,-66.4,1,2,0.45,341,8.5,2.767329312885832,-8.036907892594193,66160
